sample_id,CGIAR_PET,CHELSA_BIO_Annual_Mean_Temperature,CHELSA_BIO_Annual_Precipitation,CHELSA_BIO_Max_Temperature_of_Warmest_Month,CHELSA_BIO_Precipitation_Seasonality,ConsensusLandCover_Human_Development_Percentage,EarthEnvTexture_CoOfVar_EVI,EarthEnvTexture_Correlation_EVI,EarthEnvTexture_Homogeneity_EVI,EarthEnvTopoMed_AspectCosine,EarthEnvTopoMed_AspectSine,EarthEnvTopoMed_Elevation,EarthEnvTopoMed_Slope,EarthEnvTopoMed_TopoPositionIndex,EsaCci_BurntAreasProbability,GHS_Population_Density,GlobBiomass_AboveGroundBiomass,MODIS_NPP,SG_Depth_to_bedrock,SG_Sand_Content_005cm,SG_SOC_Content_005cm,SG_Soil_pH_H2O_005cm,plant_diversity,climate_stability_index,sequencing_platform454Roche,sequencing_platformIllumina,sample_typerhizosphere_soil,sample_typesoil,sample_typetopsoil,primersAML1_AML2_then_AMV4_5NF_AMDGR,primersAML1_AML2_then_NS31_AM1,primersAML1_AML2_then_nu_SSU_0595_5__nu_SSU_0948_3_,primersAMV4_5F_AMDGR,primersAMV4_5NF_AMDGR,primersGeoA2_AML2_then_NS31_AMDGR,primersGeoA2_NS4_then_NS31_AML2,primersGlomerWT0_Glomer1536_then_NS31_AM1A_and_GlomerWT0_Glomer1536_then_NS31_AM1B,primersGlomerWT0_Glomer1536_then_NS31_AM1A__GlomerWT0_Glomer1536_then_NS31_AM1B,primersNS1_NS4_then_AML1_AML2,primersNS1_NS4_then_AMV4_5NF_AMDGR,primersNS1_NS4_then_NS31_AM1,primersNS1_NS41_then_AML1_AML2,primersNS31_AM1,primersNS31_AML2,primersWANDA_AML2,area_sampled,extraction_dna_mass,Resolve_Biome,arbuscular_mycorrhizal_richness,CV_Fold_Random,geometry,knndmw_CV_folds,Pixel_Long,Pixel_Lat
S5669,950,30.466553,532.05023,217.4497,48.999996,,646,1154,3665,-0.986119,-0.013771035,807.5,3.7609158,-4.5,0,0,52.426132,4766.8,200,45.815044,186.80515,53.958958,707,0.7212237,0,1,0,1,0,0,0,0,0,0,0,0,0,0,0,0,0,0,0,0,1,1,0.25,6,1.575467381,1,-119.6958313|54.8125,6,-119.6958313,54.8125
S1697,921,66.5,1030.0669,257.4834,14.9,76,384,-542,2795,-0.31622744,0.7071071,17.5,0.13480535,-0.0625,0,0.6216277,0.86844444,4559.8,200,37.614765,99.281906,62.548576,1233,0.7181875,1,0,1,0,0,0,0,0,0,0,0,0,0,0,0,0,0,1,0,0,0,100,0.5,4,2.890316231,1,-73.37083435|45.72083282,10,-73.37083435,45.72083282
S1051,1602,216.36597,1908.5986,285.34937,83.90167,,508,601,4172,-0.5644238,-0.5903893,1055.5,6.403176,-6.125,0,0,19.56871,6091.6,196.6669,54.027817,31.74528,52.594383,1651,0.35398746,0,1,0,1,0,0,0,0,0,0,0,0,0,0,0,0,0,0,0,0,1,100,5,7,3.737669618,1,-47.47916794|-13.5625,8,-47.47916794,-13.5625
S2094,1021.99994,-1.3825684,1379.0079,187.63428,22.596657,,1769,1322,2437,0.53414994,0.7705729,2094.5,18.36282,-15.4375,0,0,1.0808889,1251.4,61.5736,43.513676,120.381424,57.67844,1018,0.48781145,1,0,0,1,0,0,0,0,0,0,0,0,0,0,0,0,0,0,1,0,0,1,0.25,5,2.302585093,1,-113.3458328|48.46250153,2,-113.3458328,48.46250153
S3339,958,28.500244,663.0674,208.5332,62.79833,,360,909,4753,0.8497753,0.5271443,940,0.9274568,0.0625,0,0,141.32605,5795.8,196.95668,35.36112,214.89134,49.861366,729,0.75116986,0,1,0,1,0,0,0,0,0,0,0,0,0,0,0,0,0,0,0,0,1,1,0.25,5,2.197224577,2,-117.9708328|54.58750153,8,-117.9708328,54.58750153
S3650,1214,169.46729,1571.1934,307.45093,56.201653,41,765,475,2557,0.12217592,0.3102813,198,3.6310296,-4.8125,0,13.268652,22.345955,6789,200,36.171932,22.22334,61.78308,2146,0.3659008,1,0,0,1,0,0,1,0,0,0,0,0,0,0,0,0,0,0,0,0,0,1,0.5,1,3.700709249,1,111.0374985|29.65416718,3,111.0374985,29.65416718
S5427,942,10.533447,562.73254,193.56665,56.010002,,753,2920,3863,0.96480006,0.09124126,1323.5,2.2123065,2.25,0,0,101.49511,4379,194.05327,37.209507,182.86855,53.889946,855,0.7052143,0,1,0,1,0,0,0,0,0,0,0,0,0,0,0,0,0,0,0,0,1,1,0.25,5,0.6931471806,3,-118.6041641|53.87916565,8,-118.6041641,53.87916565
S2064,1374,74.416504,417.1671,262.44946,89.49667,89,1003,2580,2101,-0.6796748,-0.22632773,1293.5,2.247028,-3,0,2.2993238,0.07964444,2929.8,200,44.85779,15.262389,78.76913,1202,0.39002377,1,0,0,1,0,0,1,0,0,0,0,0,0,0,0,0,0,0,0,0,0,100,0.5,4,3.36729583,2,111.7125015|38.39583206,4,111.7125015,38.39583206
S1286,1642.0001,174.53271,467.03473,227.53369,67.9,34,408,3318,3902,-0.75359535,-0.6294365,679.5,12.901178,22.375,0,0.59393764,16.382933,21980.2,191.33606,39.16434,52.549675,64.353584,2040,0.14584456,0,1,0,1,0,0,0,0,0,0,0,0,0,0,0,0,0,0,0,0,1,100,5,12,3.33220451,1,-16.32083321|28.52916718,5,-16.32083321,28.52916718
S3731,1628,202.49976,1341.9155,320.49976,40.89997,,204,2931,5772,0.70683587,0.28482434,31,1.3847717,-1.75,0,0,139.7721,13793,200,65.87431,50.158737,51.124813,1426,0.25427598,0,1,0,1,0,0,0,0,0,0,0,0,0,0,0,0,0,0,0,0,1,100,2,8,3.481178524,1,-82.4375|29.73749924,2,-82.4375,29.73749924
S5053,713,-8.449951,673.783,204.5503,47.901672,,395,-1055,4200,-0.61341244,-0.08873998,661,4.256917,0.5,0,0,143.24124,4757,199.80121,41.730556,209.43257,50.2079,821,0.33299607,0,1,0,1,0,0,0,0,0,0,0,0,0,0,0,0,0,0,0,0,1,100,2,6,2.708050201,2,92.74583435|55.91249847,3,92.74583435,55.91249847
S5833,788,75.55005,923.1687,208.5498,21.495003,23,337,2957,4168,0.2377738,0.7446875,719.5,2.840636,4.875,0,0,94.26364,6773.6,200,25.25613,52.291485,56.456364,1291,0.49599174,1,0,0,1,0,0,0,0,0,0,0,0,0,1,0,0,0,0,0,0,0,1,0.6,4,3.615367483,3,9.462499619|48.46250153,7,9.462499619,48.46250153
S2409,1285,211.50122,2388.2417,296.5349,64.09496,4,392,2911,4764,-0.51543915,0.3193583,370,9.578581,-10,0,0,98.89956,3024.6,198.96468,48.84922,40.156616,53.114693,2067,0.26495403,0,1,0,1,0,0,0,0,0,0,0,0,0,0,0,1,0,0,0,0,0,100,0.5,1,3.911963037,2,112.5291672|23.17083359,8,112.5291672,23.17083359
S5795,950,30.466553,532.05023,217.4497,48.999996,,646,1154,3665,-0.986119,-0.013771035,807.5,3.7609158,-4.5,0,0,52.426132,4766.8,200,45.815044,186.80515,53.958958,707,0.7212237,0,1,0,1,0,0,0,0,0,0,0,0,0,0,0,0,0,0,0,0,1,1,0.25,6,0.6931471806,3,-119.6958313|54.8125,6,-119.6958313,54.8125
S3473,1588,237.5166,1957.2351,319.4834,70.60167,59,365,-443,3647,0.7517489,-0.59853035,183,1.259913,0.4375,0,2.2867556,50.944534,7720.8,200,54.1918,18.703066,52.591488,3112,0.21040747,0,1,1,0,0,0,0,0,0,1,0,0,0,0,0,0,0,0,0,0,0,100,0.25,1,3.205385272,3,109.5791702|19.42916679,2,109.5791702,19.42916679
S7245,934,16.516846,602.066,206.51685,65.298355,,986,3801,2360,0.939626,-0.3421963,1161.5,2.0621483,-0.875,0,0,82.95734,5789,200,36.06001,164.98785,54.173958,854,0.76550436,0,1,0,1,0,0,0,0,0,0,0,0,0,0,0,0,0,0,0,0,1,1,0.25,5,1.386294361,4,-117.3291702|53.80416489,8,-117.3291702,53.80416489
S1195,1720,251.5,1575.0498,299.50024,79,78,885,975,2714,0.44294342,-0.34443456,13,0.48325986,0.0625,0,194.89029,1.4492445,,200,53.746155,13.276047,59.783676,3430,0.1735379,0,1,1,0,0,0,0,0,0,1,0,0,0,0,0,0,0,0,0,0,0,100,0.25,1,4.29044575,4,109.4958344|18.28750038,8,109.4958344,18.28750038
S2024,1480,169.40039,702.2664,239.45044,20.598324,,467,3139,3635,-0.68421644,-0.6905885,141,7.64194,-17.75,0,0.35032997,128.4631,17290.4,129.27734,61.9776,42.034447,55.685394,2015,0.108573556,0,1,0,1,0,0,0,0,0,0,0,0,0,0,0,0,0,0,0,0,1,100,2,1,4.121732731,5,22.61249924|-33.97916794,3,22.61249924,-33.97916794
S2100,1021.99994,-1.3825684,1379.0079,187.63428,22.596657,,1769,1322,2437,0.53414994,0.7705729,2094.5,18.36282,-15.4375,0,0,1.0808889,1251.4,61.5736,43.513676,120.381424,57.67844,1018,0.48781145,1,0,0,1,0,0,0,0,0,0,0,0,0,0,0,0,0,0,1,0,0,1,0.25,5,2.397895273,5,-113.3458328|48.46250153,2,-113.3458328,48.46250153
S2781,1353,154.5,940.00006,311.5,81.5017,100,529,2035,3628,-0.131318,0.098058015,54,0.14805226,-0.0625,0,1.8385532,0,4807.8,200,24.184381,16.647762,79.89921,1329,0.40441802,0,1,1,0,0,0,0,0,0,1,0,0,0,0,0,0,0,0,0,0,0,10000,0.5,4,3.872907902,4,114.2708359|33.42916489,3,114.2708359,33.42916489
S1951,1416,146.5,549.9832,319.49976,103.701645,100,922,620,1697,-0.3817209,0.31822816,51,0.32860252,0,7.692308,8.195582,0.42097777,3081.2,200,25.673851,9.897209,82.28916,1038,0.43007913,0,1,0,1,0,0,0,0,0,1,0,0,0,0,0,0,0,0,0,0,0,10000,0.5,4,4.048858945,5,115.0041656|36.25416565,4,115.0041656,36.25416565
S6718,1021.99994,-1.3825684,1379.0079,187.63428,22.596657,,1769,1322,2437,0.53414994,0.7705729,2094.5,18.36282,-15.4375,0,0,1.0808889,1251.4,61.5736,43.513676,120.381424,57.67844,1018,0.48781145,1,0,0,1,0,0,0,0,0,0,0,0,0,0,0,0,0,0,1,0,0,1,0.25,5,1.386294361,6,-113.3458328|48.46250153,2,-113.3458328,48.46250153
S4937,909,26.466797,621.1509,213.46655,66.99833,,1019,2372,2803,-0.96363586,-0.081362695,911,2.931128,2.5625,0,0,93.60818,5528.8,200,34.626884,222.31874,53.22273,680,0.77110505,0,1,0,1,0,0,0,0,0,0,0,0,0,0,0,0,0,0,0,0,1,1,0.25,5,2.772526195,7,-116.5958328|54.20416641,9,-116.5958328,54.20416641
S5802,931,17.5,447.79868,220.51685,45.40332,,520,1847,2230,0.8691163,-0.48879364,688,0.56365883,-0.1875,0,0.2083459,93.97315,6244.2,200,41.30245,163.83438,58.138805,659,0.707645,0,1,0,1,0,0,0,0,0,0,0,0,0,0,0,0,0,0,0,0,1,1,0.25,6,2.564487746,4,-119.0958328|56.24583435,7,-119.0958328,56.24583435
S7384,909,26.466797,621.1509,213.46655,66.99833,,1019,2372,2803,-0.96363586,-0.081362695,911,2.931128,2.5625,0,0,93.60818,5528.8,200,34.626884,222.31874,53.22273,680,0.77110505,0,1,0,1,0,0,0,0,0,0,0,0,0,0,0,0,0,0,0,0,1,1,0.25,5,2.071283347,8,-116.5958328|54.20416641,9,-116.5958328,54.20416641
S5558,965,8.549561,692.0508,192.5332,63.603344,,1038,-295,2246,0.32847303,-0.4056939,1318.5,3.926982,4.625,0,0,130.72337,5084,200,35.498493,184.18054,51.360176,855,0.71377885,0,1,0,1,0,0,0,0,0,0,0,0,0,0,0,0,0,0,0,0,1,1,0.25,5,1.386294361,9,-118.4875031|54.16249847,8,-118.4875031,54.16249847
S3893,788,75.55005,923.1687,208.5498,21.495003,23,337,2957,4168,0.2377738,0.7446875,719.5,2.840636,4.875,0,0,94.26364,6773.6,200,25.25613,52.291485,56.456364,1291,0.49599174,1,0,0,1,0,0,0,0,0,0,0,0,0,1,0,0,0,0,0,0,0,1,0.6,4,2.995732274,6,9.462499619|48.46250153,7,9.462499619,48.46250153
S1101,1217,170.3186,1484.144,308.28564,56.301678,51,420,2605,3683,-0.76546705,0.5538962,156.5,11.692974,-8.125,0,1.7802253,23.257778,7355,200,37.906075,22.567251,61.0164,2146,0.3654785,1,0,0,1,0,0,1,0,0,0,0,0,0,0,0,0,0,0,0,0,0,1,0.5,1,3.583463412,6,111.0541687|29.67083359,3,111.0541687,29.67083359
S6999,921,66.5,1030.0669,257.4834,14.9,76,384,-542,2795,-0.31622744,0.7071071,17.5,0.13480535,-0.0625,0,0.6216277,0.86844444,4559.8,200,37.614765,99.281906,62.548576,1233,0.7181875,1,0,0,1,0,0,0,0,0,0,0,0,0,0,0,0,0,1,0,0,0,100,0.5,4,2.420368129,7,-73.37083435|45.72083282,10,-73.37083435,45.72083282
S3769,1688,257.5166,2959.9495,293.53345,56.304985,,142,65,5961,-0.41344553,0.7215339,88,4.020423,1.4375,0,0,156.95395,9391,200,37.658844,74.15421,52.18274,1881,0.33074528,1,0,0,1,0,0,0,0,0,0,0,0,0,0,0,0,0,0,1,0,0,400,0.025,1,2.484406561,7,-79.84583282|9.112500191,4,-79.84583282,9.112500191
S5313,788,75.55005,923.1687,208.5498,21.495003,23,337,2957,4168,0.2377738,0.7446875,719.5,2.840636,4.875,0,0,94.26364,6773.6,200,25.25613,52.291485,56.456364,1291,0.49599174,1,0,0,1,0,0,0,0,0,0,0,0,0,1,0,0,0,0,0,0,0,1,0.6,4,3.218835846,8,9.462499619|48.46250153,7,9.462499619,48.46250153
S5564,1764,247.5,1120.9666,331.5,86.6,18,357,1970,3870,0.31622726,0.35355365,28,0.18031488,0.25,40.384613,0,42.555023,8064.2,200,66.57472,12.886098,60.340347,1091,0.23175979,1,0,0,1,0,0,0,0,0,0,0,0,0,0,0,0,0,0,0,1,0,1,0.25,7,1.098612289,2,34.45416641|-18.9375,4,34.45416641,-18.9375
S7077,909,26.466797,621.1509,213.46655,66.99833,,1019,2372,2803,-0.96363586,-0.081362695,911,2.931128,2.5625,0,0,93.60818,5528.8,200,34.626884,222.31874,53.22273,680,0.77110505,0,1,0,1,0,0,0,0,0,0,0,0,0,0,0,0,0,0,0,0,1,1,0.25,5,1.098612289,10,-116.5958328|54.20416641,9,-116.5958328,54.20416641
S1991,1425,177.41724,779.73157,286.417,48.401672,58,783,278,2545,-0.7760674,0.6298202,76,2.8819964,-4.5,0,0.34398142,19.1616,8441,200,36.834293,20.159712,74.93907,1965,0.18426913,0,1,0,1,0,0,0,0,0,0,0,0,0,0,0,0,0,0,0,1,0,1,0.25,12,3.970273056,2,3.020833254|39.83750153,4,3.020833254,39.83750153
S5398,1266,136.55005,3570.5193,186.5498,23.998333,,266,3682,5493,0.36486655,0.9310581,1662.5,5.110835,-2.75,0,0,58.27413,11484.8,200,59.214035,235.09749,47.766872,2003,0.2097156,0,1,0,1,0,0,0,0,0,0,0,0,0,0,0,0,0,0,0,0,1,1,0.25,1,2.813370738,8,-155.3041687|19.82916641,1,-155.3041687,19.82916641
S1663,1844,159.5166,740.16724,248.5166,80.50167,73,2365,4380,1673,0.49023277,0.73735833,1586.5,1.00878,1.0625,25,0,16.385067,3637.4,199.92664,62.511913,18.272524,59.61592,963,0.21783036,0,1,0,1,0,1,0,0,0,0,0,0,0,0,0,0,0,0,0,0,0,1600,0.5,10,3.839452313,1,29.19583321|-26.00416756,9,29.19583321,-26.00416756
S6421,932,18.6167,422.59857,223.71631,45.70502,,834,3918,2295,0.9264581,0.112966165,644.5,4.045503,4.5625,0,0.002423702,116.87911,6537.4,199.87587,33.51485,212.29474,59.648636,659,0.7286248,0,1,0,1,0,0,0,0,0,0,0,0,0,0,0,0,0,0,0,0,1,1,0.25,6,2.397895273,5,-119.0958328|56.26250076,7,-119.0958328,56.26250076
S3069,1646,248.49976,1364.5867,320.4668,75.7,62,370,2003,4690,-0.44990206,-0.76313484,41,1.0156376,-1.4375,0,0.42761698,5.5584,6528.8,200,53.383972,17.87561,60.721954,2082,0.20859201,0,1,1,0,0,0,0,0,0,1,0,0,0,0,0,0,0,0,0,0,0,100,0.25,1,3.871096817,9,109.0708313|19.47916603,2,109.0708313,19.47916603
S3053,1261,130.56738,3436.2678,183.53369,24.196665,,296,-647,4310,0.58436203,0.811493,1773.5,4.9342194,-0.5,0,0,66.01315,5316.4,200,53.722668,205.09613,49.632347,2003,0.20980686,0,1,0,1,0,0,0,0,0,0,0,0,0,0,0,0,0,0,0,0,1,1,0.25,1,2.708050201,10,-155.3125|19.82083321,1,-155.3125,19.82083321
S7027,1261,130.56738,3436.2678,183.53369,24.196665,,296,-647,4310,0.58436203,0.811493,1773.5,4.9342194,-0.5,0,0,66.01315,5316.4,200,53.722668,205.09613,49.632347,2003,0.20980686,0,1,0,1,0,0,0,0,0,0,0,0,0,0,0,0,0,0,0,0,1,1,0.25,1,2.079441542,1,-155.3125|19.82083321,1,-155.3125,19.82083321
S5631,1267,131.61621,3437.4023,183.5664,24.196665,,261,3851,6205,0.39932412,0.9167687,1745,5.119382,0.375,0,0,18.65031,6519.2,200,53.640045,224.0743,50.686573,2003,0.2097156,0,1,0,1,0,0,0,0,0,0,0,0,0,0,0,0,0,0,0,0,1,1,0.25,1,2.772338709,2,-155.3125|19.82916641,1,-155.3125,19.82916641
S6775,1260,126.59985,3311.0686,180.5664,24.298332,,266,-809,5397,0.1786791,0.98317844,1849,5.4882984,-1.25,0,0,12.071645,11000.8,200,47.679646,182.91426,52.51077,2003,0.20980686,0,1,0,1,0,0,0,0,0,0,0,0,0,0,0,0,0,0,0,0,1,1,0.25,2,2.196780013,1,-155.3208313|19.82083321,1,-155.3208313,19.82083321
S2035,1439,101.49951,505.26834,286.51636,91.00164,64,342,-89,5310,-0.7055861,-0.62319577,1107,8.894705,-2.4375,0,0,0,2774,200,42.17648,18.97152,78.200775,974,0.36817577,1,0,0,1,0,0,1,0,0,0,0,0,0,0,0,0,0,0,0,0,0,100,0.5,10,3.36729583,2,109.8958359|36.74583435,9,109.8958359,36.74583435
S4388,1260,126.59985,3311.0686,180.5664,24.298332,,266,-809,5397,0.1786791,0.98317844,1849,5.4882984,-1.25,0,0,12.071645,11000.8,200,47.679646,182.91426,52.51077,2003,0.20980686,0,1,0,1,0,0,0,0,0,0,0,0,0,0,0,0,0,0,0,0,1,1,0.25,2,3.135276837,2,-155.3208313|19.82083321,1,-155.3208313,19.82083321
S5361,788,75.55005,923.1687,208.5498,21.495003,23,337,2957,4168,0.2377738,0.7446875,719.5,2.840636,4.875,0,0,94.26364,6773.6,200,25.25613,52.291485,56.456364,1291,0.49599174,1,0,0,1,0,0,0,0,0,0,0,0,0,1,0,0,0,0,0,0,0,1,0.6,4,3.449892295,9,9.462499619|48.46250153,7,9.462499619,48.46250153
S6085,921,66.5,1030.0669,257.4834,14.9,76,384,-542,2795,-0.31622744,0.7071071,17.5,0.13480535,-0.0625,0,0.6216277,0.86844444,4559.8,200,37.614765,99.281906,62.548576,1233,0.7181875,1,0,1,0,0,0,0,0,0,0,0,0,0,0,0,0,0,1,0,0,0,100,0.5,4,2.063693185,10,-73.37083435|45.72083282,10,-73.37083435,45.72083282
S2005,1837,158.5332,735.184,247.5332,80.50003,54,1652,3359,2629,0.20956373,0.7538591,1592,0.6104131,0.5,23.076923,0,32.954666,4813.6,200,62.098392,17.773172,58.467587,963,0.21783036,0,1,0,1,0,1,0,0,0,0,0,0,0,0,0,0,0,0,0,0,0,1600,0.5,10,4.034240638,3,29.1875|-26.00416756,9,29.1875,-26.00416756
S4351,1793,247.5166,1121.9666,331.5,86.298355,37,493,4036,3747,0.9023962,-0.2561731,26,0.23116592,0.0625,19.23077,0,31.976534,7664.4,200,64.93718,14.499379,61.733574,1588,0.23161153,1,0,0,1,0,0,0,0,0,0,0,0,0,0,0,0,0,0,0,1,0,1,0.25,7,1.386294361,3,34.37916565|-18.92916679,4,34.37916565,-18.92916679
S6612,1260,126.59985,3311.0686,180.5664,24.298332,,266,-809,5397,0.1786791,0.98317844,1849,5.4882984,-1.25,0,0,12.071645,11000.8,200,47.679646,182.91426,52.51077,2003,0.20980686,0,1,0,1,0,0,0,0,0,0,0,0,0,0,0,0,0,0,0,0,1,1,0.25,2,2.889704917,3,-155.3208313|19.82083321,1,-155.3208313,19.82083321
S3973,1747,255.51636,1336.0334,299.51636,48.698357,,210,1214,4344,-0.19611683,0.55470014,18,0.15774922,-0.5,0,0,93.89813,10742,115.78659,43.172848,98.31163,71.17757,1542,0.15034056,0,1,0,1,0,0,0,0,0,0,0,0,0,0,0,0,0,0,0,1,0,1,0.25,1,3.787411671,3,-87.35416412|20.44583321,8,-87.35416412,20.44583321
S4140,1260,126.59985,3311.0686,180.5664,24.298332,,266,-809,5397,0.1786791,0.98317844,1849,5.4882984,-1.25,0,0,12.071645,11000.8,200,47.679646,182.91426,52.51077,2003,0.20980686,0,1,0,1,0,0,0,0,0,0,0,0,0,0,0,0,0,0,0,0,1,1,0.25,2,3.050078431,4,-155.3208313|19.82083321,1,-155.3208313,19.82083321
S5175,1747,168.5166,923.96594,284.5166,72.298355,100,1123,2322,1402,-0.40181726,0.90030533,467,0.45562643,0.1875,0,0.88196427,0.33706668,3499.2,200,52.530132,12.861359,64.791435,1101,0.18077233,0,1,0,1,0,0,0,0,0,1,0,0,0,0,0,0,0,0,0,0,0,1,0.5,8,2.944175831,2,-64.1875|-31.5625,9,-64.1875,-31.5625
S4401,1688,257.5166,2959.9495,293.53345,56.304985,,142,65,5961,-0.41344553,0.7215339,88,4.020423,1.4375,0,0,156.95395,9391,200,37.658844,74.15421,52.18274,1881,0.33074528,1,0,0,1,0,0,0,0,0,0,0,0,0,0,0,0,0,0,1,0,0,400,0.025,1,3.384322437,4,-79.84583282|9.112500191,4,-79.84583282,9.112500191
S1220,1170,22.5,416.06552,246.5,116.70332,69,724,78,2606,-0.37372667,0.9259256,614,4.4308023,-2.5,0,6.360967,0,2425.6,200,40.382896,32.980656,68.78672,911,0.3470581,1,0,0,1,0,0,1,0,0,0,0,0,0,0,0,0,0,0,0,0,0,100,0.5,4,3.717588403,1,120.8958359|46.72083282,5,120.8958359,46.72083282
S2149,788,75.55005,923.1687,208.5498,21.495003,23,337,2957,4168,0.2377738,0.7446875,719.5,2.840636,4.875,0,0,94.26364,6773.6,200,25.25613,52.291485,56.456364,1291,0.49599174,1,0,0,1,0,0,0,0,0,0,0,0,0,1,0,0,0,0,0,0,0,1,0.6,4,3.135494216,2,9.462499619|48.46250153,7,9.462499619,48.46250153
S5082,1260,126.59985,3311.0686,180.5664,24.298332,,266,-809,5397,0.1786791,0.98317844,1849,5.4882984,-1.25,0,0,12.071645,11000.8,200,47.679646,182.91426,52.51077,2003,0.20980686,0,1,0,1,0,0,0,0,0,0,0,0,0,0,0,0,0,0,0,0,1,1,0.25,2,2.300182192,5,-155.3208313|19.82083321,1,-155.3208313,19.82083321
S3372,1749,256.48364,1340.0331,299.48364,48.601646,,182,415,5377,0.5547004,0.5144957,18,0.1383553,0.0625,0,0,90.40711,10552.2,115.72513,42.2999,94.40621,71.63743,1542,0.15034056,0,1,0,1,0,0,0,0,0,0,0,0,0,0,0,0,0,0,0,1,0,1,0.25,1,2.397622485,5,-87.34583282|20.44583321,8,-87.34583282,20.44583321
S7120,1100,39.549805,394.96646,251.5498,62.90165,85,1388,2058,1353,0.9864293,0.16007537,807,0.74635416,1.25,0,0.017561192,0,4538,200,41.777393,24.815668,68.62485,603,0.624223,1,0,1,0,0,0,0,0,0,0,0,0,0,0,0,1,0,0,0,0,0,100,1,8,2.222567379,3,-107.6875|50.29583359,4,-107.6875,50.29583359
S7586,1447.9999,100.66748,543.4977,273.68433,41.39668,,492,1602,5658,0.6802275,-0.7045553,1652,15.049555,5.9375,0,0,70.813515,5953.8,190.95566,45.089645,39.135887,64.03502,2083,0.28689593,1,0,0,1,0,0,0,0,0,0,0,0,0,0,0,0,0,0,0,1,0,1,0.5,12,2.296365766,3,-2.837500095|37.40416718,10,-2.837500095,37.40416718
S4834,1795,247.5,1123.9833,330.5166,86.3,6,533,2793,3781,-0.5359539,0.16876933,31.5,0.23693585,-0.25,28.846153,0,50.7776,8135.8,200,64.31024,15.506631,60.37478,1099.3003,0.23135284,1,0,0,1,0,0,0,0,0,0,0,0,0,0,0,0,0,0,0,1,0,1,0.25,7,2.197224577,4,34.37083435|-18.94583321,4,34.37083435,-18.94583321
S3824,752,42.46631,1831.5563,218.46631,29.998356,,363,434,5313,0.90758884,-0.4186826,630,3.5453444,2.3125,0,0,139.82062,7341.8,161.22093,49.014793,182.31529,46.558468,1429,0.33915943,0,1,0,1,0,0,0,0,0,0,0,0,0,0,0,0,0,0,0,0,1,100,2,5,2.302585093,1,142.6041718|43.28749847,9,142.6041718,43.28749847
S1065,1425,177.41724,779.73157,286.417,48.401672,58,783,278,2545,-0.7760674,0.6298202,76,2.8819964,-4.5,0,0.34398142,19.1616,8441,200,36.834293,20.159712,74.93907,1965,0.18426913,0,1,0,1,0,0,0,0,0,0,0,0,0,0,0,0,0,0,0,1,0,1,0.25,12,3.597312261,4,3.020833254|39.83750153,4,3.020833254,39.83750153
S4346,943,18.5,600.9491,201.4834,44.805016,,642,-900,3294,0.884689,0.39487228,1066,2.6907244,-2.0625,0,0,122.768715,5186.4,200,39.759064,187.37015,54.21263,707,0.6929289,0,1,0,1,0,0,0,0,0,0,0,0,0,0,0,0,0,0,0,0,1,1,0.25,5,1.791759469,2,-119.9958344|54.67083359,6,-119.9958344,54.67083359
S6478,934,16.516846,602.066,206.51685,65.298355,,986,3801,2360,0.939626,-0.3421963,1161.5,2.0621483,-0.875,0,0,82.95734,5789,200,36.06001,164.98785,54.173958,854,0.76550436,0,1,0,1,0,0,0,0,0,0,0,0,0,0,0,0,0,0,0,0,1,1,0.25,5,0.6931471806,3,-117.3291702|53.80416489,8,-117.3291702,53.80416489
S4649,1198,121.75049,1275.697,196.75049,71.70668,8,429,450,3598,0.0824458,0.4628281,2452.5,5.280452,12.125,0,0.01579286,162.92125,9157,199.17961,35.96091,66.501305,56.066124,2032,0.31511408,0,1,0,1,0,0,0,0,0,0,0,0,0,0,0,0,0,0,0,0,1,100,2,1,3.599993582,6,99.3041687|25.26250076,7,99.3041687,25.26250076
S947,1730,253.50024,1404.9663,313.5,50.19666,,919,4875,2313,0.08847557,0.99351716,12,0.65471804,0.3125,0,0,110.24427,14348.8,95.24659,43.736202,65.71104,72.457886,1542,0.14450379,0,1,0,1,0,0,0,0,0,0,0,0,0,0,0,0,0,0,0,1,0,1,0.25,1,2.890371758,7,-87.20417023|21.21249962,8,-87.20417023,21.21249962
S7793,1021.99994,-1.3825684,1379.0079,187.63428,22.596657,,1769,1322,2437,0.53414994,0.7705729,2094.5,18.36282,-15.4375,0,0,1.0808889,1251.4,61.5736,43.513676,120.381424,57.67844,1018,0.48781145,1,0,0,1,0,0,0,0,0,0,0,0,0,0,0,0,0,0,1,0,0,1,0.25,5,0.6931471806,4,-113.3458328|48.46250153,2,-113.3458328,48.46250153
S1775,728,58.5,695.05,214.4834,32.603325,92,927,3752,2377,0.3162265,-0.94868374,64,0.42946076,0.125,0,1.0457302,2.204089,4676.2,200,51.40678,31.238935,64.82131,908,0.5246327,0,1,0,1,0,0,0,0,0,0,0,0,0,0,0,0,0,0,0,0,1,100,2,4,3.923951546,3,26.66250038|58.36249924,7,26.66250038,58.36249924
S4146,1254,121.61694,3193.9346,176.5835,24.396688,20,751,4018,3778,0.4215162,0.9067608,1941,5.4097967,2,0,0,8.919644,9833.6,199.96217,45.98457,166.13841,55.210518,2003,0.20980686,0,1,0,1,0,0,0,0,0,0,0,0,0,0,0,0,0,0,0,0,1,1,0.25,2,3.044331957,6,-155.3291626|19.82083321,1,-155.3291626,19.82083321
S1620,1021.99994,-1.3825684,1379.0079,187.63428,22.596657,,1769,1322,2437,0.53414994,0.7705729,2094.5,18.36282,-15.4375,0,0,1.0808889,1251.4,61.5736,43.513676,120.381424,57.67844,1018,0.48781145,1,0,0,1,0,0,0,0,0,0,0,0,0,0,0,0,0,0,1,0,0,1,0.25,5,1.791759469,5,-113.3458328|48.46250153,2,-113.3458328,48.46250153
S5314,788,75.55005,923.1687,208.5498,21.495003,23,337,2957,4168,0.2377738,0.7446875,719.5,2.840636,4.875,0,0,94.26364,6773.6,200,25.25613,52.291485,56.456364,1291,0.49599174,1,0,0,1,0,0,0,0,0,0,0,0,0,1,0,0,0,0,0,0,0,1,0.6,4,3.267589765,4,9.462499619|48.46250153,7,9.462499619,48.46250153
S3519,1266,136.55005,3570.5193,186.5498,23.998333,,266,3682,5493,0.36486655,0.9310581,1662.5,5.110835,-2.75,0,0,58.27413,11484.8,200,59.214035,235.09749,47.766872,2003,0.2097156,0,1,0,1,0,0,0,0,0,0,0,0,0,0,0,0,0,0,0,0,1,1,0.25,1,2.63812836,8,-155.3041687|19.82916641,1,-155.3041687,19.82916641
S4128,1254,121.61694,3193.9346,176.5835,24.396688,20,751,4018,3778,0.4215162,0.9067608,1941,5.4097967,2,0,0,8.919644,9833.6,199.96217,45.98457,166.13841,55.210518,2003,0.20980686,0,1,0,1,0,0,0,0,0,0,0,0,0,0,0,0,0,0,0,0,1,1,0.25,2,3.332097352,7,-155.3291626|19.82083321,1,-155.3291626,19.82083321
S2924,1266,136.55005,3570.5193,186.5498,23.998333,,266,3682,5493,0.36486655,0.9310581,1662.5,5.110835,-2.75,0,0,58.27413,11484.8,200,59.214035,235.09749,47.766872,2003,0.2097156,0,1,0,1,0,0,0,0,0,0,0,0,0,0,0,0,0,0,0,0,1,1,0.25,1,3.041087951,9,-155.3041687|19.82916641,1,-155.3041687,19.82916641
S6896,913,24.516846,614.91595,211.48364,66.39833,,590,1459,3239,0.930042,-0.36734322,937,1.9805799,-1,0,0,83.06382,5517.6,200,36.838867,227.44196,49.637634,680,0.7674839,0,1,0,1,0,0,0,0,0,0,0,0,0,0,0,0,0,0,0,0,1,1,0.25,5,0.6931471806,6,-116.6041641|54.23749924,9,-116.6041641,54.23749924
S4465,1254,121.61694,3193.9346,176.5835,24.396688,20,751,4018,3778,0.4215162,0.9067608,1941,5.4097967,2,0,0,8.919644,9833.6,199.96217,45.98457,166.13841,55.210518,2003,0.20980686,0,1,0,1,0,0,0,0,0,0,0,0,0,0,0,0,0,0,0,0,1,1,0.25,2,2.48490665,8,-155.3291626|19.82083321,1,-155.3291626,19.82083321
S7021,1260,126.59985,3311.0686,180.5664,24.298332,,266,-809,5397,0.1786791,0.98317844,1849,5.4882984,-1.25,0,0,12.071645,11000.8,200,47.679646,182.91426,52.51077,2003,0.20980686,0,1,0,1,0,0,0,0,0,0,0,0,0,0,0,0,0,0,0,0,1,1,0.25,2,1.386294361,9,-155.3208313|19.82083321,1,-155.3208313,19.82083321
S3935,788,75.55005,923.1687,208.5498,21.495003,23,337,2957,4168,0.2377738,0.7446875,719.5,2.840636,4.875,0,0,94.26364,6773.6,200,25.25613,52.291485,56.456364,1291,0.49599174,1,0,0,1,0,0,0,0,0,0,0,0,0,1,0,0,0,0,0,0,0,1,0.6,4,3.384288554,5,9.462499619|48.46250153,7,9.462499619,48.46250153
S5016,1447.9999,100.66748,543.4977,273.68433,41.39668,,492,1602,5658,0.6802275,-0.7045553,1652,15.049555,5.9375,0,0,70.813515,5953.8,190.95566,45.089645,39.135887,64.03502,2083,0.28689593,1,0,0,1,0,0,0,0,0,0,0,0,0,0,0,0,0,0,0,1,0,1,0.5,12,2.397713451,5,-2.837500095|37.40416718,10,-2.837500095,37.40416718
S2240,667.5718,64.5,575.0168,187.51685,28.103323,,,,,,,0,0,0,100,0.3658309,17.775467,4804.6,125.248116,57.884518,117.21346,58.67241,,0.6431824,0,1,0,1,0,0,0,0,0,0,0,0,0,0,0,0,0,0,0,1,0,1,0.265,4,3.512530057,6,19.53750038|60.22083282,9,19.53750038,60.22083282
S6310,961,27.533203,662.06683,208.50024,62.898327,,922,3366,2554,0.93858004,0.34380913,951,0.8845985,-1,0,0,139.66524,5736.4,196.43079,35.776035,226.97191,50.313286,729,0.7495963,0,1,0,1,0,0,0,0,0,0,0,0,0,0,0,0,0,0,0,0,1,1,0.25,5,0.6931471806,7,-117.9708328|54.57916641,8,-117.9708328,54.57916641
S2798,1217,161.5,906.9329,311.5,62.906708,97,327,-1058,4026,-0.8007667,0.57716054,132.5,0.22935012,-0.0625,0,1.5568582,0.3072,4625.6,200,26.514427,11.188347,71.96598,1678,0.36374855,0,1,0,1,0,0,0,0,0,1,0,0,0,0,0,0,0,0,0,0,0,10000,0.5,4,4.233932561,7,111.9124985|32.54583359,6,111.9124985,32.54583359
S5522,1266,136.55005,3570.5193,186.5498,23.998333,,266,3682,5493,0.36486655,0.9310581,1662.5,5.110835,-2.75,0,0,58.27413,11484.8,200,59.214035,235.09749,47.766872,2003,0.2097156,0,1,0,1,0,0,0,0,0,0,0,0,0,0,0,0,0,0,0,0,1,1,0.25,1,2.598607267,10,-155.3041687|19.82916641,1,-155.3041687,19.82916641
S1476,1417,146.5,549.95,318.51685,104.30166,100,300,417,4527,3.14e-07,0.19611676,52,0.13480535,-0.6875,0,0.58913255,2.0826666,3752.2,200,32.964287,10.362067,80.498955,1038,0.43003824,0,1,0,1,0,0,0,0,0,1,0,0,0,0,0,0,0,0,0,0,0,10000,0.5,4,4.164072722,8,114.9791641|36.28749847,4,114.9791641,36.28749847
S3422,1685.9999,259.5005,3055.8452,284.50024,15.186577,10,441,1309,4948,0.9306634,-0.32190892,16.5,3.4920835,-4.0625,0,0,203.50827,15415.8,185.95193,43.36359,103.179115,45.729015,3106,0.23059732,0,1,0,1,0,0,0,0,0,0,0,0,0,0,0,0,0,0,0,0,1,100,2,1,2.564949357,1,147.1208344|-7.304166794,3,147.1208344,-7.304166794
S2260,1462,222.48364,2004.4532,308.5166,64.196655,91,270,161,4772,-0.564999,-0.7321312,147.5,3.1047506,-0.6875,0,0.15548337,30.191822,5528.6,200,42.447414,21.262276,60.51351,2184,0.2580588,0,1,1,0,0,0,0,0,0,1,0,0,0,0,0,0,0,0,0,0,0,100,0.25,1,4.655483035,2,110.3041687|22.63750076,10,110.3041687,22.63750076
S4430,788,75.55005,923.1687,208.5498,21.495003,23,337,2957,4168,0.2377738,0.7446875,719.5,2.840636,4.875,0,0,94.26364,6773.6,200,25.25613,52.291485,56.456364,1291,0.49599174,1,0,0,1,0,0,0,0,0,0,0,0,0,1,0,0,0,0,0,0,0,1,0.6,4,3.637480848,9,9.462499619|48.46250153,7,9.462499619,48.46250153
S1648,1260,37.516846,377.0332,248.5,104.70003,48,746,3307,3786,0.99033046,0.085675746,1343,0.9043521,-0.625,0,0.004994868,0,2068.2,200,49.571487,14.233843,79.75255,888,0.3697996,1,0,0,1,0,0,0,0,0,0,0,0,0,0,0,0,0,0,0,1,0,100,0.5,8,3.871138543,4,116.2791672|42.02916718,9,116.2791672,42.02916718
S7018,1683,88.5,185.96683,307.5,104.40499,36,463,4491,8646,0.9442383,0.14016473,1094,0.6517567,0,0,0,0,,200,53.304558,6,81.27725,604,0.33260658,0,1,1,0,0,0,0,0,0,0,0,0,0,0,0,1,0,0,0,0,0,400,1,10,0.6931471806,4,107.6291656|40.54583359,5,107.6291656,40.54583359
S6016,735,60.5,695.017,212.51685,34.101673,29,739,3439,3038,0.22804508,0.31622797,42.5,1.1673896,-0.375,0,0,114.606575,4635,200,61.07548,137.31459,50.11888,833,0.5210264,1,0,0,1,0,0,0,0,0,0,0,0,0,0,0,0,0,0,0,1,0,1,0.25,4,2.456164168,10,27.26250076|58.29583359,7,27.26250076,58.29583359
S4168,1254,121.61694,3193.9346,176.5835,24.396688,20,751,4018,3778,0.4215162,0.9067608,1941,5.4097967,2,0,0,8.919644,9833.6,199.96217,45.98457,166.13841,55.210518,2003,0.20980686,0,1,0,1,0,0,0,0,0,0,0,0,0,0,0,0,0,0,0,0,1,1,0.25,2,3.295651695,10,-155.3291626|19.82083321,1,-155.3291626,19.82083321
S2122,672,63.5,590.0335,194.5,29.001675,,1275,3328,2435,-0.70336676,-0.3646894,15,1.1449437,1.1875,0,0,82.64089,6353,118.7757,59.116756,98.4681,54.86442,,0.6560382,0,1,0,1,0,0,0,0,0,0,0,0,0,0,0,0,0,0,0,1,0,1,0.265,3,3.433954964,1,19.80416679|60.33750153,9,19.80416679,60.33750153
S3733,716.00024,-20.316406,1867.7429,130.66675,22.013445,50,1167,4418,2196,-0.023888733,0.9179934,2738.5,14.7108755,16.75,0,0,0.0014222222,3377.8,94.294975,47.62874,122.630226,51.17755,1057,0.4406839,0,1,0,1,0,0,0,0,0,0,0,0,0,0,0,0,0,0,0,0,1,100,5,4,2.995732274,1,41.6875|43.4375,10,41.6875,43.4375
S6261,961,27.533203,662.06683,208.50024,62.898327,,922,3366,2554,0.93858004,0.34380913,951,0.8845985,-1,0,0,139.66524,5736.4,196.43079,35.776035,226.97191,50.313286,729,0.7495963,0,1,0,1,0,0,0,0,0,0,0,0,0,0,0,0,0,0,0,0,1,1,0.25,5,1.87149446,8,-117.9708328|54.57916641,8,-117.9708328,54.57916641
S1430,1747,255.51636,1336.0334,299.51636,48.698357,,210,1214,4344,-0.19611683,0.55470014,18,0.15774922,-0.5,0,0,93.89813,10742,115.78659,43.172848,98.31163,71.17757,1542,0.15034056,0,1,0,1,0,0,0,0,0,0,0,0,0,0,0,0,0,0,0,1,0,1,0.25,1,3.401130686,3,-87.35416412|20.44583321,8,-87.35416412,20.44583321
S1126,1565,256.48364,1301.1503,320.5,46.9,80,265,2606,4095,-0.34300113,-0.75622094,155,1.0957148,0.875,0,0.0012648199,38.665245,8108.4,200,63.51679,16.239063,52.111427,1386,0.22197957,0,1,0,1,0,0,1,0,0,0,0,0,0,0,0,0,0,0,0,0,0,113,0.25,1,4.678420634,4,-6.554166794|5.837500095,8,-6.554166794,5.837500095
S4960,1516.0001,217.5166,3062.7302,259.53345,69.48495,17,344,148,4983,-0.007562101,0.2977233,970,5.453558,14.6875,0,0,189.68622,8714.2,180.70956,49.119728,67.86206,48.36645,2117.2964,0.30336463,0,1,0,1,0,0,0,0,0,0,0,0,0,0,0,0,0,0,0,0,1,100,5,1,2.48490665,5,104.0625|10.6291666,10,104.0625,10.6291666
S2670,680,61.5,593.9835,170.48315,31.2,,665,471,3171,0.7441618,0.3550735,12,0.684587,-0.75,0,0.068785675,93.25458,7329,116.70523,61.117477,106.09773,52.756992,,0.62720597,0,1,0,1,0,0,0,0,0,0,0,0,0,0,0,0,0,0,0,1,0,1,0.265,4,3.33811559,2,20.27916718|60.12916565,9,20.27916718,60.12916565
S6428,922,26.516357,592.917,214.5166,61.203316,,884,3874,2619,-0.26371658,0.5859906,1097,1.7206337,2.875,0,0,100.16907,5082.2,200,36.78136,139.2888,59.93956,854,0.74147415,0,1,0,1,0,0,0,0,0,0,0,0,0,0,0,0,0,0,0,0,1,1,0.25,5,1.791759469,9,-116.9208298|53.33750153,9,-116.9208298,53.33750153
S2299,788,75.55005,923.1687,208.5498,21.495003,23,337,2957,4168,0.2377738,0.7446875,719.5,2.840636,4.875,0,0,94.26364,6773.6,200,25.25613,52.291485,56.456364,1291,0.49599174,1,0,0,1,0,0,0,0,0,0,0,0,0,1,0,0,0,0,0,0,0,1,0.6,4,3.044522438,3,9.462499619|48.46250153,7,9.462499619,48.46250153
S1421,1730,253.50024,1404.9663,313.5,50.19666,,919,4875,2313,0.08847557,0.99351716,12,0.65471804,0.3125,0,0,110.24427,14348.8,95.24659,43.736202,65.71104,72.457886,1542,0.14450379,0,1,0,1,0,0,0,0,0,0,0,0,0,0,0,0,0,0,0,1,0,1,0.25,1,3.401130686,6,-87.20417023|21.21249962,8,-87.20417023,21.21249962
S6241,961,27.533203,662.06683,208.50024,62.898327,,922,3366,2554,0.93858004,0.34380913,951,0.8845985,-1,0,0,139.66524,5736.4,196.43079,35.776035,226.97191,50.313286,729,0.7495963,0,1,0,1,0,0,0,0,0,0,0,0,0,0,0,0,0,0,0,0,1,1,0.25,5,1.098612289,10,-117.9708328|54.57916641,8,-117.9708328,54.57916641
S5322,965,8.549561,692.0508,192.5332,63.603344,,1038,-295,2246,0.32847303,-0.4056939,1318.5,3.926982,4.625,0,0,130.72337,5084,200,35.498493,184.18054,51.360176,855,0.71377885,0,1,0,1,0,0,0,0,0,0,0,0,0,0,0,0,0,0,0,0,1,1,0.25,5,1.098612289,1,-118.4875031|54.16249847,8,-118.4875031,54.16249847
S3739,1122.0001,159.55078,2597.859,211.55078,45.701675,43,307,3827,4259,-0.35081026,0.9360193,2142.5,7.4230413,-6.625,0,0.45512503,315.5033,14580,199.876,35.903267,79.77847,51.867832,2026,0.24884966,0,1,0,1,0,0,0,0,0,0,0,0,0,0,0,0,0,0,0,0,1,100,2,1,2.079441542,7,28.75416756|-2.3125,10,28.75416756,-2.3125
S6579,1267,131.61621,3437.4023,183.5664,24.196665,,261,3851,6205,0.39932412,0.9167687,1745,5.119382,0.375,0,0,18.65031,6519.2,200,53.640045,224.0743,50.686573,2003,0.2097156,0,1,0,1,0,0,0,0,0,0,0,0,0,0,0,0,0,0,0,0,1,1,0.25,1,2.861400564,8,-155.3125|19.82916641,1,-155.3125,19.82916641
S3610,788,75.55005,923.1687,208.5498,21.495003,23,337,2957,4168,0.2377738,0.7446875,719.5,2.840636,4.875,0,0,94.26364,6773.6,200,25.25613,52.291485,56.456364,1291,0.49599174,1,0,0,1,0,0,0,0,0,0,0,0,0,1,0,0,0,0,0,0,0,1,0.6,4,3.090997023,4,9.462499619|48.46250153,7,9.462499619,48.46250153
S5912,1260,126.59985,3311.0686,180.5664,24.298332,,266,-809,5397,0.1786791,0.98317844,1849,5.4882984,-1.25,0,0,12.071645,11000.8,200,47.679646,182.91426,52.51077,2003,0.20980686,0,1,0,1,0,0,0,0,0,0,0,0,0,0,0,0,0,0,0,0,1,1,0.25,2,2.079441542,1,-155.3208313|19.82083321,1,-155.3208313,19.82083321
S1184,1460,222.4834,2051.12,310.46655,64.49834,78,520,700,2845,0.26578808,0.57953596,105.5,3.3489714,-10,0,6.9522505,20.990755,5104.2,200,40.438927,21.212065,59.71818,2184,0.25699183,0,1,1,0,0,0,0,0,0,1,0,0,0,0,0,0,0,0,0,0,0,100,0.25,1,4.016347004,9,110.3791656|22.66250038,10,110.3791656,22.66250038
S1217,1369,48.618896,629.1178,228.58594,102.29668,,414,4053,4367,0.863188,0.10711961,1437,12.957809,14.625,0,0,39.671646,1124.8,172.80699,47.044983,74.3517,65.5729,1180,0.38631597,0,1,0,1,0,0,0,0,0,0,0,0,0,0,0,0,0,0,0,0,1,100,2,4,3.695035508,5,115.4208298|39.95416641,10,115.4208298,39.95416641
S5165,788,75.55005,923.1687,208.5498,21.495003,23,337,2957,4168,0.2377738,0.7446875,719.5,2.840636,4.875,0,0,94.26364,6773.6,200,25.25613,52.291485,56.456364,1291,0.49599174,1,0,0,1,0,0,0,0,0,0,0,0,0,1,0,0,0,0,0,0,0,1,0.6,4,3.178012186,6,9.462499619|48.46250153,7,9.462499619,48.46250153
S988,1555,251.5332,1616.933,311.5,52.196686,88,321,2928,4293,0.096841976,0.8473873,119,1.1047732,-0.25,0,0,108.00214,8142,200,67.83327,17.430332,48.721912,1386,0.19722825,0,1,0,1,0,0,1,0,0,0,0,0,0,0,0,0,0,0,0,0,0,113,0.25,1,4.418840608,10,-6.504166603|5.254166603,8,-6.504166603,5.254166603
S1251,1844,159.5166,740.16724,248.5166,80.50167,73,2365,4380,1673,0.49023277,0.73735833,1586.5,1.00878,1.0625,25,0,16.385067,3637.4,199.92664,62.511913,18.272524,59.61592,963,0.21783036,0,1,0,1,0,1,0,0,0,0,0,0,0,0,0,0,0,0,0,0,0,1600,0.5,10,4.008459828,5,29.19583321|-26.00416756,9,29.19583321,-26.00416756
S5730,813,83.499756,628.3523,216.48315,14.298355,72,754,3960,1958,0.9513384,0.054338474,294.5,2.8189611,1.4375,0,0.498069,39.86969,6268,200,27.55997,33.30711,64.04292,1228,0.48777267,1,0,0,1,0,0,0,0,0,0,0,0,1,0,0,0,0,0,0,0,0,1,1,4,3.228746913,7,10.42083359|51.27083206,10,10.42083359,51.27083206
S6254,936,16.499512,600.1175,203.49951,63.1,,620,2226,3413,-0.4808554,-0.48658687,1206,2.3596482,3.625,0,0,40.73831,4967.8,196.8819,37.01246,188.31343,52.224323,855,0.7535415,0,1,0,1,0,0,0,0,0,0,0,0,0,0,0,0,0,0,0,0,1,1,0.25,5,0.6931471806,2,-117.7375031|53.9375,8,-117.7375031,53.9375
S922,1082,61.548584,565.7685,228.56567,84.500015,45,439,2617,4257,-0.7570171,0.5485209,2346,11.449776,0.9375,0,0.035370674,0.059733335,3935.8,200,29.070122,23.953718,73.750114,1448,0.34084702,0,1,0,1,0,0,0,0,0,0,0,0,0,0,0,0,0,0,0,0,1,100,5,10,4.369447852,6,103.3458328|35.47083282,9,103.3458328,35.47083282
S2672,1752,168.48364,931.98315,283.5,72.49833,100,465,-1405,2547,-0.76041985,0.6441728,484,0.45210418,0.375,0,0.020224636,0.10097778,3022.8,200,51.171482,14.561216,65.60146,827,0.1799958,0,1,0,1,0,0,0,0,0,1,0,0,0,0,0,0,0,0,0,0,0,1,0.5,8,3.433890417,5,-64.21250153|-31.57916641,9,-64.21250153,-31.57916641
S5178,1266,136.55005,3570.5193,186.5498,23.998333,,266,3682,5493,0.36486655,0.9310581,1662.5,5.110835,-2.75,0,0,58.27413,11484.8,200,59.214035,235.09749,47.766872,2003,0.2097156,0,1,0,1,0,0,0,0,0,0,0,0,0,0,0,0,0,0,0,0,1,1,0.25,1,2.8619723,1,-155.3041687|19.82916641,1,-155.3041687,19.82916641
S5970,1254,121.61694,3193.9346,176.5835,24.396688,20,751,4018,3778,0.4215162,0.9067608,1941,5.4097967,2,0,0,8.919644,9833.6,199.96217,45.98457,166.13841,55.210518,2003,0.20980686,0,1,0,1,0,0,0,0,0,0,0,0,0,0,0,0,0,0,0,0,1,1,0.25,2,3.38411906,2,-155.3291626|19.82083321,1,-155.3291626,19.82083321
S1311,921,66.5,1030.0669,257.4834,14.9,76,384,-542,2795,-0.31622744,0.7071071,17.5,0.13480535,-0.0625,0,0.6216277,0.86844444,4559.8,200,37.614765,99.281906,62.548576,1233,0.7181875,1,0,1,0,0,0,0,0,0,0,0,0,0,0,0,0,0,1,0,0,0,100,0.5,4,2.995732274,8,-73.37083435|45.72083282,10,-73.37083435,45.72083282
S5392,922,26.516357,592.917,214.5166,61.203316,,884,3874,2619,-0.26371658,0.5859906,1097,1.7206337,2.875,0,0,100.16907,5082.2,200,36.78136,139.2888,59.93956,854,0.74147415,0,1,0,1,0,0,0,0,0,0,0,0,0,0,0,0,0,0,0,0,1,1,0.25,5,2.484823279,3,-116.9208298|53.33750153,9,-116.9208298,53.33750153
S7180,1021.99994,-1.3825684,1379.0079,187.63428,22.596657,,1769,1322,2437,0.53414994,0.7705729,2094.5,18.36282,-15.4375,0,0,1.0808889,1251.4,61.5736,43.513676,120.381424,57.67844,1018,0.48781145,1,0,0,1,0,0,0,0,0,0,0,0,0,0,0,0,0,0,1,0,0,1,0.25,5,1.503632833,4,-113.3458328|48.46250153,2,-113.3458328,48.46250153
S1411,1245,142.48315,577.0167,299.5,76.39997,100,1418,724,981,-0.9970023,6.28e-07,537.5,0.69549346,0,0,34.961853,0,5317.4,200,29.581915,17.220928,77.82496,1373,0.47095197,0,1,0,1,0,0,0,0,0,1,0,0,0,0,0,0,0,0,0,0,0,100,0.25,4,2.862200881,9,108.1624985|34.34583282,6,108.1624985,34.34583282
S2012,1771,242.5,1133.319,324.4834,85.8,,128,-1674,5903,-0.51026034,-0.22177547,120.5,2.755228,-1.125,30.769232,0,56.788445,8348.8,188.10933,64.91112,16.186789,59.68965,1588,0.23701541,1,0,0,1,0,0,0,0,0,0,0,0,0,0,0,0,0,0,0,1,0,1,0.25,7,3.020327281,5,34.1875|-19.02083397,4,34.1875,-19.02083397
S5537,1267,131.61621,3437.4023,183.5664,24.196665,,261,3851,6205,0.39932412,0.9167687,1745,5.119382,0.375,0,0,18.65031,6519.2,200,53.640045,224.0743,50.686573,2003,0.2097156,0,1,0,1,0,0,0,0,0,0,0,0,0,0,0,0,0,0,0,0,1,1,0.25,1,2.708050201,2,-155.3125|19.82916641,1,-155.3125,19.82916641
S1365,1021.99994,-1.3825684,1379.0079,187.63428,22.596657,,1769,1322,2437,0.53414994,0.7705729,2094.5,18.36282,-15.4375,0,0,1.0808889,1251.4,61.5736,43.513676,120.381424,57.67844,1018,0.48781145,1,0,0,1,0,0,0,0,0,0,0,0,0,0,0,0,0,0,1,0,0,1,0.25,5,2.079441542,5,-113.3458328|48.46250153,2,-113.3458328,48.46250153
S6346,943,18.5,600.9491,201.4834,44.805016,,642,-900,3294,0.884689,0.39487228,1066,2.6907244,-2.0625,0,0,122.768715,5186.4,200,39.759064,187.37015,54.21263,707,0.6929289,0,1,0,1,0,0,0,0,0,0,0,0,0,0,0,0,0,0,0,0,1,1,0.25,5,2.602615579,6,-119.9958344|54.67083359,6,-119.9958344,54.67083359
S3488,1747,168.5166,923.96594,284.5166,72.298355,100,1123,2322,1402,-0.40181726,0.90030533,467,0.45562643,0.1875,0,0.88196427,0.33706668,3499.2,200,52.530132,12.861359,64.791435,1101,0.18077233,0,1,0,1,0,0,0,0,0,1,0,0,0,0,0,0,0,0,0,0,0,1,0.5,8,2.505525937,6,-64.1875|-31.5625,9,-64.1875,-31.5625
S6401,943,9.549561,571.8,193.51636,55.60505,,632,1315,3503,-0.08208621,-0.15364179,1332,1.6143508,0.8125,0,0,116.264534,4472.6,198.92548,36.62384,202.54568,54.726555,855,0.69309187,0,1,0,1,0,0,0,0,0,0,0,0,0,0,0,0,0,0,0,0,1,1,0.25,5,0.6931471806,7,-118.6125031|53.87083435,8,-118.6125031,53.87083435
S1636,1747,168.5166,923.96594,284.5166,72.298355,100,1123,2322,1402,-0.40181726,0.90030533,467,0.45562643,0.1875,0,0.88196427,0.33706668,3499.2,200,52.530132,12.861359,64.791435,1101,0.18077233,0,1,0,1,0,0,0,0,0,1,0,0,0,0,0,0,0,0,0,0,0,1,0.5,8,3.688804493,7,-64.1875|-31.5625,9,-64.1875,-31.5625
S2466,921,66.5,1030.0669,257.4834,14.9,76,384,-542,2795,-0.31622744,0.7071071,17.5,0.13480535,-0.0625,0,0.6216277,0.86844444,4559.8,200,37.614765,99.281906,62.548576,1233,0.7181875,1,0,1,0,0,0,0,0,0,0,0,0,0,0,0,0,0,1,0,0,0,100,0.5,4,3.218875825,10,-73.37083435|45.72083282,10,-73.37083435,45.72083282
S5074,788,75.55005,923.1687,208.5498,21.495003,23,337,2957,4168,0.2377738,0.7446875,719.5,2.840636,4.875,0,0,94.26364,6773.6,200,25.25613,52.291485,56.456364,1291,0.49599174,1,0,0,1,0,0,0,0,0,0,0,0,0,1,0,0,0,0,0,0,0,1,0.6,4,3.650424477,1,9.462499619|48.46250153,7,9.462499619,48.46250153
S3986,1266,136.55005,3570.5193,186.5498,23.998333,,266,3682,5493,0.36486655,0.9310581,1662.5,5.110835,-2.75,0,0,58.27413,11484.8,200,59.214035,235.09749,47.766872,2003,0.2097156,0,1,0,1,0,0,0,0,0,0,0,0,0,0,0,0,0,0,0,0,1,1,0.25,1,2.917446327,3,-155.3041687|19.82916641,1,-155.3041687,19.82916641
S5342,788,75.55005,923.1687,208.5498,21.495003,23,337,2957,4168,0.2377738,0.7446875,719.5,2.840636,4.875,0,0,94.26364,6773.6,200,25.25613,52.291485,56.456364,1291,0.49599174,1,0,0,1,0,0,0,0,0,0,0,0,0,1,0,0,0,0,0,0,0,1,0.6,4,2.944386375,2,9.462499619|48.46250153,7,9.462499619,48.46250153
S1551,1285,211.50122,2388.2417,296.5349,64.09496,4,392,2911,4764,-0.51543915,0.3193583,370,9.578581,-10,0,0,98.89956,3024.6,198.96468,48.84922,40.156616,53.114693,2067,0.26495403,0,1,0,1,0,0,0,0,0,0,0,0,0,0,0,1,0,0,0,0,0,100,0.5,1,3.970273056,4,112.5291672|23.17083359,8,112.5291672,23.17083359
S1354,1266,136.55005,3570.5193,186.5498,23.998333,,266,3682,5493,0.36486655,0.9310581,1662.5,5.110835,-2.75,0,0,58.27413,11484.8,200,59.214035,235.09749,47.766872,2003,0.2097156,0,1,0,1,0,0,0,0,0,0,0,0,0,0,0,0,0,0,0,0,1,1,0.25,1,2.014769688,5,-155.3041687|19.82916641,1,-155.3041687,19.82916641
S7728,1447.9999,100.66748,543.4977,273.68433,41.39668,,492,1602,5658,0.6802275,-0.7045553,1652,15.049555,5.9375,0,0,70.813515,5953.8,190.95566,45.089645,39.135887,64.03502,2083,0.28689593,1,0,0,1,0,0,0,0,0,0,0,0,0,0,0,0,0,0,0,1,0,1,0.5,12,0.6931471806,6,-2.837500095|37.40416718,10,-2.837500095,37.40416718
S1475,1353,154.5,940.00006,311.5,81.5017,100,529,2035,3628,-0.131318,0.098058015,54,0.14805226,-0.0625,0,1.8385532,0,4807.8,200,24.184381,16.647762,79.89921,1329,0.40441802,0,1,0,1,0,0,0,0,0,1,0,0,0,0,0,0,0,0,0,0,0,10000,0.5,4,3.966227057,3,114.2708359|33.42916489,3,114.2708359,33.42916489
S1810,733,-38.731934,696.0468,214.18555,93.40168,,899,4430,3127,-0.073907994,-0.83612704,632.5,7.1857266,-1.8125,0,0.0024083247,72.024,4633.8,185.81012,37.14755,146.09892,57.73157,733,0.3156772,0,1,0,1,0,0,0,0,0,0,0,0,0,0,0,0,0,0,0,0,1,100,5,5,3.157000421,8,126.8791656|54.08750153,9,126.8791656,54.08750153
S5316,788,75.55005,923.1687,208.5498,21.495003,23,337,2957,4168,0.2377738,0.7446875,719.5,2.840636,4.875,0,0,94.26364,6773.6,200,25.25613,52.291485,56.456364,1291,0.49599174,1,0,0,1,0,0,0,0,0,0,0,0,0,1,0,0,0,0,0,0,0,1,0.6,4,3.332168815,4,9.462499619|48.46250153,7,9.462499619,48.46250153
S5789,1314,225.45093,2194.9697,314.46753,63.696648,80,1194,1114,1853,-0.8742497,0.32050675,15.5,4.7889504,-2.9375,100,15.645796,34.783287,4414.2,200,42.469406,21.522049,57.10191,2067,0.26481214,0,1,0,1,0,0,0,0,0,1,0,0,0,0,0,0,0,0,0,0,0,400,1.5,1,2.889482432,6,112.5541687|23.16250038,8,112.5541687,23.16250038
S5805,909,26.466797,621.1509,213.46655,66.99833,,1019,2372,2803,-0.96363586,-0.081362695,911,2.931128,2.5625,0,0,93.60818,5528.8,200,34.626884,222.31874,53.22273,680,0.77110505,0,1,0,1,0,0,0,0,0,0,0,0,0,0,0,0,0,0,0,0,1,1,0.25,5,2.397895273,9,-116.5958328|54.20416641,9,-116.5958328,54.20416641
S1738,960,28.58252,571.8347,211.58276,59.99668,,1131,1369,1834,0.9384476,0.32424355,918.5,4.269425,-0.3125,0,0,112.54293,6079.6,200,35.83787,178.93925,53.73654,729,0.7403752,0,1,0,1,0,0,0,0,0,0,0,0,0,0,0,0,0,0,0,0,1,1,0.25,5,2.079066499,10,-118.7624969|54.51250076,8,-118.7624969,54.51250076
S4323,788,75.55005,923.1687,208.5498,21.495003,23,337,2957,4168,0.2377738,0.7446875,719.5,2.840636,4.875,0,0,94.26364,6773.6,200,25.25613,52.291485,56.456364,1291,0.49599174,1,0,0,1,0,0,0,0,0,0,0,0,0,1,0,0,0,0,0,0,0,1,0.6,4,2.890371758,5,9.462499619|48.46250153,7,9.462499619,48.46250153
S1450,1287,215.58496,2334.404,302.60205,63.79665,17,358,388,4061,-0.76637226,0.5785258,267,9.133072,-13.25,0,0.012674771,84.05298,4325.4,198.4668,48.555035,37.67924,54.008427,2067,0.2648564,0,1,0,1,0,0,0,0,0,1,0,0,0,0,0,0,0,0,0,0,0,400,1.5,1,3.184946702,7,112.5374985|23.17916679,8,112.5374985,23.17916679
S989,1500,147.81592,1394.1311,225.84912,59.30839,,1244,5770,2943,0.44259173,0.8967085,2153,11.187897,6.5625,0,0.6767714,94.371025,7751.2,199.99776,40.288837,52.61929,53.6475,1720,0.22344801,0,1,0,1,0,0,0,0,0,0,0,0,0,0,0,0,0,0,0,0,1,100,5,1,3.713572067,8,76.8041687|11.40416622,3,76.8041687,11.40416622
S3405,735,60.5,695.017,212.51685,34.101673,29,739,3439,3038,0.22804508,0.31622797,42.5,1.1673896,-0.375,0,0,114.606575,4635,200,61.07548,137.31459,50.11888,833,0.5210264,1,0,0,1,0,0,0,0,0,0,0,0,0,0,0,0,0,0,0,1,0,1,0.25,4,1.098612289,6,27.26250076|58.29583359,7,27.26250076,58.29583359
S6502,951,1.4501953,678.1486,187.4502,58.403313,,984,4004,3172,0.398789,-0.91698843,1404.5,3.6015131,-0.75,0,0,102.9408,5014.6,199.03268,39.187286,216.91997,51.873882,855,0.693133,0,1,0,1,0,0,0,0,0,0,0,0,0,0,0,0,0,0,0,0,1,1,0.25,5,0.6931471806,1,-118.6624985|53.99583435,8,-118.6624985,53.99583435
S4418,1764,247.5,1120.9666,331.5,86.6,18,357,1970,3870,0.31622726,0.35355365,28,0.18031488,0.25,40.384613,0,42.555023,8064.2,200,66.57472,12.886098,60.340347,1091,0.23175979,1,0,0,1,0,0,0,0,0,0,0,0,0,0,0,0,0,0,0,1,0,1,0.25,7,2.197224577,6,34.45416641|-18.9375,4,34.45416641,-18.9375
S2306,788,75.55005,923.1687,208.5498,21.495003,23,337,2957,4168,0.2377738,0.7446875,719.5,2.840636,4.875,0,0,94.26364,6773.6,200,25.25613,52.291485,56.456364,1291,0.49599174,1,0,0,1,0,0,0,0,0,0,0,0,0,1,0,0,0,0,0,0,0,1,0.6,4,3.020424886,7,9.462499619|48.46250153,7,9.462499619,48.46250153
S5557,1054.9999,50.683105,906.3479,195.6665,17.703377,,932,5272,2453,0.79315865,0.60690486,1631,9.301285,-13,0,0,135.95609,5892.4,186.37366,54.821327,103.84902,54.420803,1778,0.2968941,0,1,0,1,0,0,0,0,0,0,0,0,0,0,0,0,0,0,0,0,1,100,2,4,2.637842292,8,23.52916718|41.76250076,6,23.52916718,41.76250076
S3699,788,75.55005,923.1687,208.5498,21.495003,23,337,2957,4168,0.2377738,0.7446875,719.5,2.840636,4.875,0,0,94.26364,6773.6,200,25.25613,52.291485,56.456364,1291,0.49599174,1,0,0,1,0,0,0,0,0,0,0,0,0,1,0,0,0,0,0,0,0,1,0.6,4,3.091042453,9,9.462499619|48.46250153,7,9.462499619,48.46250153
S3302,1762,247.5,1126.0165,330.5,86.40165,,321,177,3407,0.90308774,-0.378517,36,0.23910196,-0.25,34.615387,0.027353775,28.696356,7758,200,64.23846,15.340126,61.27091,1091,0.23215778,1,0,0,1,0,0,0,0,0,0,0,0,0,0,0,0,0,0,0,1,0,1,0.25,7,3.314113245,7,34.36249924|-18.97083282,4,34.36249924,-18.97083282
S4873,1755,253.5,1352.168,296.5332,83.603325,100,1200,2189,1755,-0.51528215,-0.53459835,11,0.47722763,-0.25,0,2.512591,1.6227555,4037.8,200,60.523582,16.11733,59.769684,3221,0.18406029,0,1,1,0,0,0,0,0,0,1,0,0,0,0,0,0,0,0,0,0,0,100,0.25,1,4.262623568,9,108.7125015|18.62916756,8,108.7125015,18.62916756
S5469,1802,250.51636,833.16705,298.54956,109.79668,49,227,1823,4546,0.4582119,0.1304004,42.5,2.7902448,0.0625,0,0,53.713955,12207.4,86.04542,39.875122,25.262516,64.01238,1830,0.24973074,0,1,0,1,0,0,0,0,0,0,0,0,0,0,0,0,0,0,0,0,1,100,2,2,3.30523696,3,-105.0458298|19.51250076,5,-105.0458298,19.51250076
S7032,1021.99994,-1.3825684,1379.0079,187.63428,22.596657,,1769,1322,2437,0.53414994,0.7705729,2094.5,18.36282,-15.4375,0,0,1.0808889,1251.4,61.5736,43.513676,120.381424,57.67844,1018,0.48781145,1,0,0,1,0,0,0,0,0,0,0,0,0,0,0,0,0,0,1,0,0,1,0.25,5,1.252762968,2,-113.3458328|48.46250153,2,-113.3458328,48.46250153
S4576,958,28.516846,639.08325,209.50024,63.49833,,547,973,2292,0.5409653,-0.6394192,942.5,1.0374277,1,0,0,146.53316,5793.6,194.46332,36.886803,203.28877,50.125595,729,0.7500424,0,1,0,1,0,0,0,0,0,0,0,0,0,0,0,0,0,0,0,0,1,1,0.25,5,1.098612289,3,-118.0458298|54.5625,8,-118.0458298,54.5625
S3503,1266,136.55005,3570.5193,186.5498,23.998333,,266,3682,5493,0.36486655,0.9310581,1662.5,5.110835,-2.75,0,0,58.27413,11484.8,200,59.214035,235.09749,47.766872,2003,0.2097156,0,1,0,1,0,0,0,0,0,0,0,0,0,0,0,0,0,0,0,0,1,1,0.25,1,1.945910149,10,-155.3041687|19.82916641,1,-155.3041687,19.82916641
S2425,804,83.56665,660.8661,216.5669,12.998352,47,880,3692,2171,0.9940065,-0.10653193,299.5,8.257263,-3.5,0,0,82.03502,6324,200,29.824488,38.11028,60.180016,1122,0.4942212,1,0,0,1,0,0,0,0,0,0,0,0,1,0,0,0,0,0,0,0,0,1,1,4,2.833213344,10,10.40416622|50.97083282,10,10.40416622,50.97083282
S6869,1266,136.55005,3570.5193,186.5498,23.998333,,266,3682,5493,0.36486655,0.9310581,1662.5,5.110835,-2.75,0,0,58.27413,11484.8,200,59.214035,235.09749,47.766872,2003,0.2097156,0,1,0,1,0,0,0,0,0,0,0,0,0,0,0,0,0,0,0,0,1,1,0.25,1,2.772151128,1,-155.3041687|19.82916641,1,-155.3041687,19.82916641
S7115,919,27.533203,588.917,215.5332,60.803314,,1163,2262,3008,-0.97101945,0.23842725,1088.5,1.7231948,1.6875,0,0,124.79769,5613,200,37.465572,154.22768,57.287178,854,0.73052317,0,1,0,1,0,0,0,0,0,0,0,0,0,0,0,0,0,0,0,0,1,1,0.25,5,1.791759469,4,-116.9708328|53.32083511,9,-116.9708328,53.32083511
S2615,1506,217.51685,1819.3489,305.51685,22.2,,1060,576,2621,-0.057049442,0.99768364,192,2.832332,-0.1875,100,0.00067489356,80.44871,12172.4,189.70659,46.315197,85.43466,56.597828,1390,0.194181,0,1,0,1,0,0,0,0,0,0,0,0,0,0,0,0,0,0,0,0,1,100,2,1,3.601849905,2,-54.42916489|-25.6875,5,-54.42916489,-25.6875
S3845,1285,211.50122,2388.2417,296.5349,64.09496,4,392,2911,4764,-0.51543915,0.3193583,370,9.578581,-10,0,0,98.89956,3024.6,198.96468,48.84922,40.156616,53.114693,2067,0.26495403,0,1,0,1,0,0,0,0,0,0,0,0,0,0,0,1,0,0,0,0,0,100,0.5,1,3.511545439,3,112.5291672|23.17083359,8,112.5291672,23.17083359
S7246,1266,136.55005,3570.5193,186.5498,23.998333,,266,3682,5493,0.36486655,0.9310581,1662.5,5.110835,-2.75,0,0,58.27413,11484.8,200,59.214035,235.09749,47.766872,2003,0.2097156,0,1,0,1,0,0,0,0,0,0,0,0,0,0,0,0,0,0,0,0,1,1,0.25,1,2.078816332,4,-155.3041687|19.82916641,1,-155.3041687,19.82916641
S4303,675,61.5,593.9835,170.48315,31.2,,1752,3702,1481,-0.36264205,-0.7482291,10,0.237905,-0.25,0,0.12827165,46.171734,6615.2,152.70522,58.94751,78.97082,54.888958,,0.62720597,0,1,0,1,0,0,0,0,0,0,0,0,0,0,0,0,0,0,0,1,0,1,0.265,4,3.197652204,1,20.27083397|60.13750076,9,20.27083397,60.13750076
S4204,788,75.55005,923.1687,208.5498,21.495003,23,337,2957,4168,0.2377738,0.7446875,719.5,2.840636,4.875,0,0,94.26364,6773.6,200,25.25613,52.291485,56.456364,1291,0.49599174,1,0,0,1,0,0,0,0,0,0,0,0,0,1,0,0,0,0,0,0,0,1,0.6,4,2.833213344,2,9.462499619|48.46250153,7,9.462499619,48.46250153
S3322,930,5.5168457,657.9165,195.51685,62.301674,,1484,4636,2134,-0.52575064,-0.4759143,1394.5,2.2448254,2,0,0,73.896,5772,200,35.689667,182.23006,55.13674,854,0.7296108,0,1,0,1,0,0,0,0,0,0,0,0,0,0,0,0,0,0,0,0,1,1,0.25,5,2.3271801,5,-117.3291702|53.42083359,9,-117.3291702,53.42083359
S2497,1314,95.600586,396.89847,275.6006,88.7,20,797,1474,4693,-0.8506829,0.5254717,1350.5,9.235089,7.5,0,1.3992635,0,2217,200,37.34929,13.542555,82.78578,794,0.35026836,1,0,0,1,0,0,1,0,0,0,0,0,0,0,0,0,0,0,0,0,0,100,0.5,10,3.11342638,7,107.1791687|36.72083282,4,107.1791687,36.72083282
S2300,788,75.55005,923.1687,208.5498,21.495003,23,337,2957,4168,0.2377738,0.7446875,719.5,2.840636,4.875,0,0,94.26364,6773.6,200,25.25613,52.291485,56.456364,1291,0.49599174,1,0,0,1,0,0,0,0,0,0,0,0,0,1,0,0,0,0,0,0,0,1,0.6,4,3.473394014,3,9.462499619|48.46250153,7,9.462499619,48.46250153
S3948,935,14.516602,610.05,201.53296,63.1,,380,1916,5744,0.020566715,-0.8690771,1229,3.7300544,4.5625,0,0,111.34951,4667.6,194.80841,40.039696,183.47733,51.4844,855,0.7535415,0,1,0,1,0,0,0,0,0,0,0,0,0,0,0,0,0,0,0,0,1,1,0.25,5,1.386294361,6,-117.7291641|53.94583511,8,-117.7291641,53.94583511
S2554,1374,68.51709,477.5137,259.5503,101.29665,68,889,1573,2714,0.7983049,0.60218585,938,4.2856073,-2.0625,0,0.82624286,0,2401,200,44.359222,17.996187,80.60212,1124,0.36844012,1,0,0,1,0,0,1,0,0,0,0,0,0,0,0,0,0,0,0,0,0,100,0.5,4,3.597284878,4,115.8208313|40.85416794,10,115.8208313,40.85416794
S5600,735,60.5,695.017,212.51685,34.101673,29,739,3439,3038,0.22804508,0.31622797,42.5,1.1673896,-0.375,0,0,114.606575,4635,200,61.07548,137.31459,50.11888,833,0.5210264,1,0,0,1,0,0,0,0,0,0,0,0,0,0,0,0,0,0,0,1,0,1,0.25,4,3.273174616,5,27.26250076|58.29583359,7,27.26250076,58.29583359
S5096,1267,131.61621,3437.4023,183.5664,24.196665,,261,3851,6205,0.39932412,0.9167687,1745,5.119382,0.375,0,0,18.65031,6519.2,200,53.640045,224.0743,50.686573,2003,0.2097156,0,1,0,1,0,0,0,0,0,0,0,0,0,0,0,0,0,0,0,0,1,1,0.25,1,2.944017868,5,-155.3125|19.82916641,1,-155.3125,19.82916641
S3024,1283,205.43213,1126.6891,295.43213,79.30335,36,210,-1489,4314,0.032900333,-0.34163457,643.5,14.73798,5.8125,0,0.073886834,45.046223,6411.8,194.28722,32.690987,24.019896,61.8505,2292,0.30616584,0,1,1,0,0,0,0,0,0,1,0,0,0,0,0,0,0,0,0,0,0,100,0.25,1,4.249623211,6,106.2125015|24.36249924,3,106.2125015,24.36249924
S4600,958,28.500244,663.0674,208.5332,62.79833,,360,909,4753,0.8497753,0.5271443,940,0.9274568,0.0625,0,0,141.32605,5795.8,196.95668,35.36112,214.89134,49.861366,729,0.75116986,0,1,0,1,0,0,0,0,0,0,0,0,0,0,0,0,0,0,0,0,1,1,0.25,5,2.079441542,7,-117.9708328|54.58750153,8,-117.9708328,54.58750153
S4733,1267,131.61621,3437.4023,183.5664,24.196665,,261,3851,6205,0.39932412,0.9167687,1745,5.119382,0.375,0,0,18.65031,6519.2,200,53.640045,224.0743,50.686573,2003,0.2097156,0,1,0,1,0,0,0,0,0,0,0,0,0,0,0,0,0,0,0,0,1,1,0.25,1,3.257981137,7,-155.3125|19.82916641,1,-155.3125,19.82916641
S2173,788,75.55005,923.1687,208.5498,21.495003,23,337,2957,4168,0.2377738,0.7446875,719.5,2.840636,4.875,0,0,94.26364,6773.6,200,25.25613,52.291485,56.456364,1291,0.49599174,1,0,0,1,0,0,0,0,0,0,0,0,0,1,0,0,0,0,0,0,0,1,0.6,4,3.531260261,6,9.462499619|48.46250153,7,9.462499619,48.46250153
S6523,943,9.549561,571.8,193.51636,55.60505,,632,1315,3503,-0.08208621,-0.15364179,1332,1.6143508,0.8125,0,0,116.264534,4472.6,198.92548,36.62384,202.54568,54.726555,855,0.69309187,0,1,0,1,0,0,0,0,0,0,0,0,0,0,0,0,0,0,0,0,1,1,0.25,5,1.098612289,8,-118.6125031|53.87083435,8,-118.6125031,53.87083435
S996,1382,223.31592,1168.8046,313.28296,73.198296,58,1030,3878,1995,-0.88027996,-0.4744441,194.5,8.660126,-1,0,3.0319655,60.12231,8656.8,199.50392,33.1229,20.630022,63.46886,2185,0.31030858,0,1,1,0,0,0,0,0,0,1,0,0,0,0,0,0,0,0,0,0,0,100,0.25,1,4.494205124,8,106.6624985|23.89583397,3,106.6624985,23.89583397
S6640,788,75.55005,923.1687,208.5498,21.495003,23,337,2957,4168,0.2377738,0.7446875,719.5,2.840636,4.875,0,0,94.26364,6773.6,200,25.25613,52.291485,56.456364,1291,0.49599174,1,0,0,1,0,0,0,0,0,0,0,0,0,1,0,0,0,0,0,0,0,1,0.6,4,3.663433405,7,9.462499619|48.46250153,7,9.462499619,48.46250153
S5356,935,14.516602,610.05,201.53296,63.1,,380,1916,5744,0.020566715,-0.8690771,1229,3.7300544,4.5625,0,0,111.34951,4667.6,194.80841,40.039696,183.47733,51.4844,855,0.7535415,0,1,0,1,0,0,0,0,0,0,0,0,0,0,0,0,0,0,0,0,1,1,0.25,5,2.079441542,9,-117.7291641|53.94583511,8,-117.7291641,53.94583511
S3631,1763,241.49976,1166.5187,323.48315,85.698326,18,164,2152,7027,0.0061715585,-0.9445145,137.5,2.6046526,1.625,32.692307,0,64.32036,7795.4,182.74548,67.90622,20.794518,59.11045,1588,0.23701023,1,0,0,1,0,0,0,0,0,0,0,0,0,0,0,0,0,0,0,1,0,1,0.25,7,3.367226834,8,34.19583511|-19.00416756,4,34.19583511,-19.00416756
S5948,660,42.433105,1234.0529,198.39966,17.2,,733,3207,2072,-0.8711422,0.49097255,78.5,11.553448,-7.6875,0,0,115.681244,6715.4,111.37488,56.796417,135.53072,48.14653,918,0.6523797,0,1,0,1,0,0,0,0,0,0,0,0,0,0,0,0,0,0,0,0,1,100,2,6,3.623674003,6,-57.78749847|48.98749924,4,-57.78749847,48.98749924
S6402,943,9.549561,571.8,193.51636,55.60505,,632,1315,3503,-0.08208621,-0.15364179,1332,1.6143508,0.8125,0,0,116.264534,4472.6,198.92548,36.62384,202.54568,54.726555,855,0.69309187,0,1,0,1,0,0,0,0,0,0,0,0,0,0,0,0,0,0,0,0,1,1,0.25,5,1.386294361,10,-118.6125031|53.87083435,8,-118.6125031,53.87083435
S5484,1213,142.24658,2750.3213,188.23022,44.60836,3,334,571,4028,-0.33684346,-0.9415524,2258,17.882286,-0.875,0,0,200.29404,11617,150.37627,41.469875,167.35187,50.546314,3012,0.2814772,0,1,0,1,0,0,0,0,0,0,0,0,0,0,0,0,0,0,0,0,1,100,2,1,3.320095784,9,145.4125061|-6.020833492,3,145.4125061,-6.020833492
S888,1555,208.41675,1986.7345,280.41675,78.99501,,786,4580,2930,-0.94325596,-0.013505354,1246.5,6.4026084,-2.625,23.076923,0,30.08,4861.4,199.1875,49.97786,19.76724,51.99398,1685,0.30891266,0,1,0,1,0,0,0,0,0,0,0,0,0,0,0,0,0,0,0,0,1,100,5,7,4.521777713,9,-48.85416794|-15.8125,8,-48.85416794,-15.8125
S1675,873,105.483154,813.0501,224.48315,11.5,59,788,3436,1770,-0.68436384,0.4183836,37,0.53044504,-1.125,0,0.27997532,32.833424,6597.2,200,27.496218,18.358847,61.38324,1024,0.5058858,0,1,0,1,0,0,0,0,0,1,0,0,0,0,0,0,0,0,0,0,0,4,0.25,4,3.044522438,8,4.962500095|50.86249924,6,4.962500095,50.86249924
S2333,788,75.55005,923.1687,208.5498,21.495003,23,337,2957,4168,0.2377738,0.7446875,719.5,2.840636,4.875,0,0,94.26364,6773.6,200,25.25613,52.291485,56.456364,1291,0.49599174,1,0,0,1,0,0,0,0,0,0,0,0,0,1,0,0,0,0,0,0,0,1,0.6,4,3.43392266,9,9.462499619|48.46250153,7,9.462499619,48.46250153
S3428,788,75.55005,923.1687,208.5498,21.495003,23,337,2957,4168,0.2377738,0.7446875,719.5,2.840636,4.875,0,0,94.26364,6773.6,200,25.25613,52.291485,56.456364,1291,0.49599174,1,0,0,1,0,0,0,0,0,0,0,0,0,1,0,0,0,0,0,0,0,1,0.6,4,3.142728844,10,9.462499619|48.46250153,7,9.462499619,48.46250153
S2269,1453,142.5,490.03354,324.5,108.10002,100,1184,2330,3454,0.3162265,0.44721395,43,0.18533525,0.125,0,18.327076,0,3991.8,200,36.813442,11.350295,80.67854,1082,0.40972546,0,1,1,0,0,0,0,0,0,1,0,0,0,0,0,0,0,0,0,0,0,10000,0.5,4,4.204662785,1,114.8874969|37.82916641,4,114.8874969,37.82916641
S6286,958,29.5,569.0999,213.4668,59.898327,,1175,3864,2576,-0.14153944,-0.73376215,903,2.668542,3.4375,0,0,146.0599,5424.6,200,39.11036,167.96982,52.762955,729,0.74041224,0,1,0,1,0,0,0,0,0,0,0,0,0,0,0,0,0,0,0,0,1,1,0.25,5,0.6931471806,1,-118.7541656|54.52083206,8,-118.7541656,54.52083206
S2079,788,75.55005,923.1687,208.5498,21.495003,23,337,2957,4168,0.2377738,0.7446875,719.5,2.840636,4.875,0,0,94.26364,6773.6,200,25.25613,52.291485,56.456364,1291,0.49599174,1,0,0,1,0,0,0,0,0,0,0,0,0,1,0,0,0,0,0,0,0,1,0.6,4,3.218795789,2,9.462499619|48.46250153,7,9.462499619,48.46250153
S4266,1354,154.5,950.9664,311.5,80.701675,100,977,2147,2362,0.31622726,-0.4165405,53.5,0.2209244,-0.1875,0,3.4532568,2.7776,3939,200,24.104202,13.263345,78.768234,1329,0.40251198,0,1,0,1,0,0,0,0,0,1,0,0,0,0,0,0,0,0,0,0,0,10000,0.5,4,3.739596363,3,114.2708359|33.36249924,3,114.2708359,33.36249924
S3274,1267,131.61621,3437.4023,183.5664,24.196665,,261,3851,6205,0.39932412,0.9167687,1745,5.119382,0.375,0,0,18.65031,6519.2,200,53.640045,224.0743,50.686573,2003,0.2097156,0,1,0,1,0,0,0,0,0,0,0,0,0,0,0,0,0,0,0,0,1,1,0.25,1,2.788092909,10,-155.3125|19.82916641,1,-155.3125,19.82916641
S4633,669,64.4668,594.0667,193.44995,29.000027,,617,-1691,2624,-0.80664515,-0.55662215,0,0.23026973,-0.3125,100,0.08949767,42.418312,6185.6,139.22382,58.24528,107.4457,55.40129,742,0.6560527,0,1,0,1,0,0,0,0,0,0,0,0,0,0,0,0,0,0,0,1,0,1,0.265,4,3.569476388,4,19.78750038|60.36249924,9,19.78750038,60.36249924
S4978,1260,126.59985,3311.0686,180.5664,24.298332,,266,-809,5397,0.1786791,0.98317844,1849,5.4882984,-1.25,0,0,12.071645,11000.8,200,47.679646,182.91426,52.51077,2003,0.20980686,0,1,0,1,0,0,0,0,0,0,0,0,0,0,0,0,0,0,0,0,1,1,0.25,2,3.090724222,4,-155.3208313|19.82083321,1,-155.3208313,19.82083321
S3902,670,62.500244,610.10016,186.4668,29.701675,,1066,1206,1917,-0.42582887,0.5810578,3,0.9653414,-0.4375,100,0.58432454,66.11253,6498.2,158.41222,57.197666,99.02958,54.450024,742,0.6547216,0,1,0,1,0,0,0,0,0,0,0,0,0,0,0,0,0,0,0,1,0,1,0.265,4,3.560022874,5,19.92916679|60.34583282,9,19.92916679,60.34583282
S7546,1266,136.55005,3570.5193,186.5498,23.998333,,266,3682,5493,0.36486655,0.9310581,1662.5,5.110835,-2.75,0,0,58.27413,11484.8,200,59.214035,235.09749,47.766872,2003,0.2097156,0,1,0,1,0,0,0,0,0,0,0,0,0,0,0,0,0,0,0,0,1,1,0.25,1,0.6931471806,1,-155.3041687|19.82916641,1,-155.3041687,19.82916641
S6649,931,8.46582,651.1013,197.48267,62.20167,,1094,3364,2820,-0.7231017,0.61035085,1349,1.7221339,-3,0,0,101.56942,5861,199.9991,34.476727,178.27522,56.037964,854,0.73323566,0,1,0,1,0,0,0,0,0,0,0,0,0,0,0,0,0,0,0,0,1,1,0.25,5,1.791759469,2,-117.3291702|53.41249847,9,-117.3291702,53.41249847
S5664,788,75.55005,923.1687,208.5498,21.495003,23,337,2957,4168,0.2377738,0.7446875,719.5,2.840636,4.875,0,0,94.26364,6773.6,200,25.25613,52.291485,56.456364,1291,0.49599174,1,0,0,1,0,0,0,0,0,0,0,0,0,1,0,0,0,0,0,0,0,1,0.6,4,3.13540722,6,9.462499619|48.46250153,7,9.462499619,48.46250153
S2505,1263,71.45068,330.08084,228.45068,90.20003,62,2067,3999,1811,0.83103126,0.029424703,2254,2.9435003,-9.3125,0,4.6938663,0,2609.6,200,38.479874,17.145693,79.6779,1197,0.31431478,1,0,0,1,0,0,1,0,0,0,0,0,0,0,0,0,0,0,0,0,0,100,0.5,10,3.916871234,8,102.0708313|36.45416641,9,102.0708313,36.45416641
S5534,1266,136.55005,3570.5193,186.5498,23.998333,,266,3682,5493,0.36486655,0.9310581,1662.5,5.110835,-2.75,0,0,58.27413,11484.8,200,59.214035,235.09749,47.766872,2003,0.2097156,0,1,0,1,0,0,0,0,0,0,0,0,0,0,0,0,0,0,0,0,1,1,0.25,1,2.079441542,2,-155.3041687|19.82916641,1,-155.3041687,19.82916641
S1672,1555,208.41675,1986.7345,280.41675,78.99501,,786,4580,2930,-0.94325596,-0.013505354,1246.5,6.4026084,-2.625,23.076923,0,30.08,4861.4,199.1875,49.97786,19.76724,51.99398,1685,0.30891266,0,1,0,1,0,0,0,0,0,0,0,0,0,0,0,0,0,0,0,0,1,100,2,7,3.89171823,10,-48.85416794|-15.8125,8,-48.85416794,-15.8125
S5204,943,18.5,600.9491,201.4834,44.805016,,642,-900,3294,0.884689,0.39487228,1066,2.6907244,-2.0625,0,0,122.768715,5186.4,200,39.759064,187.37015,54.21263,707,0.6929289,0,1,0,1,0,0,0,0,0,0,0,0,0,0,0,0,0,0,0,0,1,1,0.25,5,2.772401188,3,-119.9958344|54.67083359,6,-119.9958344,54.67083359
S4760,1267,131.61621,3437.4023,183.5664,24.196665,,261,3851,6205,0.39932412,0.9167687,1745,5.119382,0.375,0,0,18.65031,6519.2,200,53.640045,224.0743,50.686573,2003,0.2097156,0,1,0,1,0,0,0,0,0,0,0,0,0,0,0,0,0,0,0,0,1,1,0.25,1,2.724448356,3,-155.3125|19.82916641,1,-155.3125,19.82916641
S6427,936,16.499512,600.1175,203.49951,63.1,,620,2226,3413,-0.4808554,-0.48658687,1206,2.3596482,3.625,0,0,40.73831,4967.8,196.8819,37.01246,188.31343,52.224323,855,0.7535415,0,1,0,1,0,0,0,0,0,0,0,0,0,0,0,0,0,0,0,0,1,1,0.25,5,1.098612289,4,-117.7375031|53.9375,8,-117.7375031,53.9375
S1659,788,75.55005,923.1687,208.5498,21.495003,23,337,2957,4168,0.2377738,0.7446875,719.5,2.840636,4.875,0,0,94.26364,6773.6,200,25.25613,52.291485,56.456364,1291,0.49599174,1,0,0,1,0,0,0,0,0,0,0,0,0,1,0,0,0,0,0,0,0,1,0.6,4,3.367261366,7,9.462499619|48.46250153,7,9.462499619,48.46250153
S2213,788,75.55005,923.1687,208.5498,21.495003,23,337,2957,4168,0.2377738,0.7446875,719.5,2.840636,4.875,0,0,94.26364,6773.6,200,25.25613,52.291485,56.456364,1291,0.49599174,1,0,0,1,0,0,0,0,0,0,0,0,0,1,0,0,0,0,0,0,0,1,0.6,4,3.349728663,8,9.462499619|48.46250153,7,9.462499619,48.46250153
S3892,1261,130.56738,3436.2678,183.53369,24.196665,,296,-647,4310,0.58436203,0.811493,1773.5,4.9342194,-0.5,0,0,66.01315,5316.4,200,53.722668,205.09613,49.632347,2003,0.20980686,0,1,0,1,0,0,0,0,0,0,0,0,0,0,0,0,0,0,0,0,1,1,0.25,1,2.772338709,4,-155.3125|19.82083321,1,-155.3125,19.82083321
S7023,1266,136.55005,3570.5193,186.5498,23.998333,,266,3682,5493,0.36486655,0.9310581,1662.5,5.110835,-2.75,0,0,58.27413,11484.8,200,59.214035,235.09749,47.766872,2003,0.2097156,0,1,0,1,0,0,0,0,0,0,0,0,0,0,0,0,0,0,0,0,1,1,0.25,1,2.707783518,5,-155.3041687|19.82916641,1,-155.3041687,19.82916641
S6791,1266,136.55005,3570.5193,186.5498,23.998333,,266,3682,5493,0.36486655,0.9310581,1662.5,5.110835,-2.75,0,0,58.27413,11484.8,200,59.214035,235.09749,47.766872,2003,0.2097156,0,1,0,1,0,0,0,0,0,0,0,0,0,0,0,0,0,0,0,0,1,1,0.25,1,3.075144007,6,-155.3041687|19.82916641,1,-155.3041687,19.82916641
S1598,1527,244.56543,3855.4497,296.54883,51.305016,,236,2654,4689,0.22740427,-0.9130057,290.5,8.631853,11.625,0,0,283.35626,9472.2,199.32285,42.477108,38.837585,45.555218,1545,0.3017094,0,1,0,1,0,0,0,0,0,0,0,0,0,0,0,0,0,0,0,0,1,100,2,1,3.313749577,7,-52.21250153|4.554166794,6,-52.21250153,4.554166794
S6441,947,7.5510254,635.83105,188.56787,45.006683,,392,1285,5127,-0.651819,-0.582153,1256,2.9863443,3.25,0,0,62.047466,4187.8,198.99896,38.967064,189.34702,50.787273,707,0.679487,0,1,0,1,0,0,0,0,0,0,0,0,0,0,0,0,0,0,0,0,1,1,0.25,5,1.386294361,5,-119.9708328|54.63750076,6,-119.9708328,54.63750076
S5590,930,5.5168457,657.9165,195.51685,62.301674,,1484,4636,2134,-0.52575064,-0.4759143,1394.5,2.2448254,2,0,0,73.896,5772,200,35.689667,182.23006,55.13674,854,0.7296108,0,1,0,1,0,0,0,0,0,0,0,0,0,0,0,0,0,0,0,0,1,1,0.25,5,2.442347035,6,-117.3291702|53.42083359,9,-117.3291702,53.42083359
S6926,1261,130.56738,3436.2678,183.53369,24.196665,,296,-647,4310,0.58436203,0.811493,1773.5,4.9342194,-0.5,0,0,66.01315,5316.4,200,53.722668,205.09613,49.632347,2003,0.20980686,0,1,0,1,0,0,0,0,0,0,0,0,0,0,0,0,0,0,0,0,1,1,0.25,1,1.098612289,8,-155.3125|19.82083321,1,-155.3125,19.82083321
S4163,1254,121.61694,3193.9346,176.5835,24.396688,20,751,4018,3778,0.4215162,0.9067608,1941,5.4097967,2,0,0,8.919644,9833.6,199.96217,45.98457,166.13841,55.210518,2003,0.20980686,0,1,0,1,0,0,0,0,0,0,0,0,0,0,0,0,0,0,0,0,1,1,0.25,2,3.044427157,5,-155.3291626|19.82083321,1,-155.3291626,19.82083321
S3505,1254,121.61694,3193.9346,176.5835,24.396688,20,751,4018,3778,0.4215162,0.9067608,1941,5.4097967,2,0,0,8.919644,9833.6,199.96217,45.98457,166.13841,55.210518,2003,0.20980686,0,1,0,1,0,0,0,0,0,0,0,0,0,0,0,0,0,0,0,0,1,1,0.25,2,1.609437912,6,-155.3291626|19.82083321,1,-155.3291626,19.82083321
S3092,1442,222.4331,1826.404,313.4165,62.398357,75,441,2952,3712,-0.9194056,-0.027527515,113,4.3003097,-6.5,0,9.077479,38.298843,5111,200,43.80757,21.32992,59.214134,2259,0.26926702,0,1,1,0,0,0,0,0,0,1,0,0,0,0,0,0,0,0,0,0,0,100,0.25,1,4.728413817,9,110.0958328|23.07916641,10,110.0958328,23.07916641
S5205,1209,165.50049,1722.8942,302.5171,56.399982,33,245,972,5143,0.40962502,0.5573813,288.5,4.6380153,-2.75,0,0,36.36391,7383.4,200,35.175575,29.312176,57.766716,2146,0.3658854,1,0,0,1,0,0,1,0,0,0,0,0,0,0,0,0,0,0,0,0,0,1,0.5,1,2.772526195,10,111.0124969|29.63750076,3,111.0124969,29.63750076
S4314,1266,136.55005,3570.5193,186.5498,23.998333,,266,3682,5493,0.36486655,0.9310581,1662.5,5.110835,-2.75,0,0,58.27413,11484.8,200,59.214035,235.09749,47.766872,2003,0.2097156,0,1,0,1,0,0,0,0,0,0,0,0,0,0,0,0,0,0,0,0,1,1,0.25,1,3.18266817,1,-155.3041687|19.82916641,1,-155.3041687,19.82916641
S2311,788,75.55005,923.1687,208.5498,21.495003,23,337,2957,4168,0.2377738,0.7446875,719.5,2.840636,4.875,0,0,94.26364,6773.6,200,25.25613,52.291485,56.456364,1291,0.49599174,1,0,0,1,0,0,0,0,0,0,0,0,0,1,0,0,0,0,0,0,0,1,0.6,4,3.433890417,9,9.462499619|48.46250153,7,9.462499619,48.46250153
S6628,1021.99994,-1.3825684,1379.0079,187.63428,22.596657,,1769,1322,2437,0.53414994,0.7705729,2094.5,18.36282,-15.4375,0,0,1.0808889,1251.4,61.5736,43.513676,120.381424,57.67844,1018,0.48781145,1,0,0,1,0,0,0,0,0,0,0,0,0,0,0,0,0,0,1,0,0,1,0.25,5,1.435084537,7,-113.3458328|48.46250153,2,-113.3458328,48.46250153
S4772,804,83.56665,660.8661,216.5669,12.998352,47,880,3692,2171,0.9940065,-0.10653193,299.5,8.257263,-3.5,0,0,82.03502,6324,200,29.824488,38.11028,60.180016,1122,0.4942212,1,0,0,1,0,0,0,0,0,0,0,0,1,0,0,0,0,0,0,0,0,1,1,4,2.079441542,10,10.40416622|50.97083282,10,10.40416622,50.97083282
S4160,1254,121.61694,3193.9346,176.5835,24.396688,20,751,4018,3778,0.4215162,0.9067608,1941,5.4097967,2,0,0,8.919644,9833.6,199.96217,45.98457,166.13841,55.210518,2003,0.20980686,0,1,0,1,0,0,0,0,0,0,0,0,0,0,0,0,0,0,0,0,1,1,0.25,2,3.349412741,7,-155.3291626|19.82083321,1,-155.3291626,19.82083321
S2327,788,75.55005,923.1687,208.5498,21.495003,23,337,2957,4168,0.2377738,0.7446875,719.5,2.840636,4.875,0,0,94.26364,6773.6,200,25.25613,52.291485,56.456364,1291,0.49599174,1,0,0,1,0,0,0,0,0,0,0,0,0,1,0,0,0,0,0,0,0,1,0.6,4,3.496477275,1,9.462499619|48.46250153,7,9.462499619,48.46250153
S1324,1365,176.5,1743.864,326.5,46.199974,100,575,3615,3060,0.9093131,0.31324893,40,1.2074372,-0.0625,0,3.4024177,0.5575111,3527.6,200,24.517826,16.358006,59.38554,2138,0.39387298,0,1,0,1,0,1,0,0,0,0,0,0,0,0,0,0,0,0,0,0,0,100,0.5,4,3.36729583,2,115.7208328|29.28750038,6,115.7208328,29.28750038
S4367,1254,121.61694,3193.9346,176.5835,24.396688,20,751,4018,3778,0.4215162,0.9067608,1941,5.4097967,2,0,0,8.919644,9833.6,199.96217,45.98457,166.13841,55.210518,2003,0.20980686,0,1,0,1,0,0,0,0,0,0,0,0,0,0,0,0,0,0,0,0,1,1,0.25,2,2.943912513,8,-155.3291626|19.82083321,1,-155.3291626,19.82083321
S4141,1254,121.61694,3193.9346,176.5835,24.396688,20,751,4018,3778,0.4215162,0.9067608,1941,5.4097967,2,0,0,8.919644,9833.6,199.96217,45.98457,166.13841,55.210518,2003,0.20980686,0,1,0,1,0,0,0,0,0,0,0,0,0,0,0,0,0,0,0,0,1,1,0.25,2,2.772463723,9,-155.3291626|19.82083321,1,-155.3291626,19.82083321
S4384,1267,131.61621,3437.4023,183.5664,24.196665,,261,3851,6205,0.39932412,0.9167687,1745,5.119382,0.375,0,0,18.65031,6519.2,200,53.640045,224.0743,50.686573,2003,0.2097156,0,1,0,1,0,0,0,0,0,0,0,0,0,0,0,0,0,0,0,0,1,1,0.25,1,2.899331535,2,-155.3125|19.82916641,1,-155.3125,19.82916641
S6635,864,104.5,817.96674,224.48315,11.6,62,428,2111,3285,-0.25686583,0.29191923,40,0.42182255,-1.5,0,0.92368823,28.662045,6700.8,200,29.53292,16.30196,61.06855,1024,0.5062358,0,1,0,1,0,0,0,0,0,1,0,0,0,0,0,0,0,0,0,0,0,4,0.25,4,2.397895273,3,4.987500191|50.88750076,6,4.987500191,50.88750076
S4968,958,54.70044,652.2971,216.7168,87.80333,48,1146,5413,3438,0.32344288,0.9002583,2141.5,9.813257,-4.875,0,0,0,4016,200,35.483723,42.783764,74.72228,1362,0.368166,1,0,0,1,0,0,1,0,0,0,0,0,0,0,0,0,0,0,0,0,0,100,0.5,10,3.406516538,9,106.2375031|35.6875,4,106.2375031,35.6875
S2117,865,105.5,809.0496,224.5,11.501673,61,919,3801,3088,0.487353,0.22629812,37,0.61984015,-0.25,0,2.1767347,44.05529,9033.2,200,39.535904,20.211758,60.658054,1024,0.50589156,0,1,0,1,0,0,0,0,0,1,0,0,0,0,0,0,0,0,0,0,0,4,0.25,4,3.17805383,4,4.987500191|50.87083435,6,4.987500191,50.87083435
S6030,1795,247.5,1123.9833,330.5166,86.3,6,533,2793,3781,-0.5359539,0.16876933,31.5,0.23693585,-0.25,28.846153,0,50.7776,8135.8,200,64.31024,15.506631,60.37478,1099.3003,0.23135284,1,0,0,1,0,0,0,0,0,0,0,0,0,0,0,0,0,0,0,1,0,1,0.25,7,3.155765645,1,34.37083435|-18.94583321,4,34.37083435,-18.94583321
S5218,1267,131.61621,3437.4023,183.5664,24.196665,,261,3851,6205,0.39932412,0.9167687,1745,5.119382,0.375,0,0,18.65031,6519.2,200,53.640045,224.0743,50.686573,2003,0.2097156,0,1,0,1,0,0,0,0,0,0,0,0,0,0,0,0,0,0,0,0,1,1,0.25,1,3.090587794,3,-155.3125|19.82916641,1,-155.3125,19.82916641
S4021,788,75.55005,923.1687,208.5498,21.495003,23,337,2957,4168,0.2377738,0.7446875,719.5,2.840636,4.875,0,0,94.26364,6773.6,200,25.25613,52.291485,56.456364,1291,0.49599174,1,0,0,1,0,0,0,0,0,0,0,0,0,1,0,0,0,0,0,0,0,1,0.6,4,3.295799849,5,9.462499619|48.46250153,7,9.462499619,48.46250153
S2243,1792,247.5,1122.983,331.5,86.30165,29,686,2925,2235,-0.10905862,0.38172087,28.5,0.3553965,-0.3125,26.923079,0,38.029865,7577.2,200,66.693214,13.15846,61.03452,1579.8047,0.23161153,1,0,0,1,0,0,0,0,0,0,0,0,0,0,0,0,0,0,0,1,0,1,0.25,7,2.302585093,2,34.37916565|-18.9375,4,34.37916565,-18.9375
S3440,788,75.55005,923.1687,208.5498,21.495003,23,337,2957,4168,0.2377738,0.7446875,719.5,2.840636,4.875,0,0,94.26364,6773.6,200,25.25613,52.291485,56.456364,1291,0.49599174,1,0,0,1,0,0,0,0,0,0,0,0,0,1,0,0,0,0,0,0,0,1,0.6,4,3.540756406,6,9.462499619|48.46250153,7,9.462499619,48.46250153
S7123,674,62.5,610.10016,186.48315,29.7,,961,964,1965,0.46054667,0.52532357,17,1.3315935,0.75,0,0.031560797,89.382935,6652.2,142.64383,63.288723,92.9792,55.291878,742,0.6547216,0,1,0,1,0,0,0,0,0,0,0,0,0,0,0,0,0,0,0,1,0,1,0.265,4,2.751109681,7,19.92083359|60.34583282,9,19.92083359,60.34583282
S5781,788,75.55005,923.1687,208.5498,21.495003,23,337,2957,4168,0.2377738,0.7446875,719.5,2.840636,4.875,0,0,94.26364,6773.6,200,25.25613,52.291485,56.456364,1291,0.49599174,1,0,0,1,0,0,0,0,0,0,0,0,0,1,0,0,0,0,0,0,0,1,0.6,4,3.008154794,8,9.462499619|48.46250153,7,9.462499619,48.46250153
S6351,934,16.516846,602.066,206.51685,65.298355,,986,3801,2360,0.939626,-0.3421963,1161.5,2.0621483,-0.875,0,0,82.95734,5789,200,36.06001,164.98785,54.173958,854,0.76550436,0,1,0,1,0,0,0,0,0,0,0,0,0,0,0,0,0,0,0,0,1,1,0.25,5,1.098612289,8,-117.3291702|53.80416489,8,-117.3291702,53.80416489
S2156,1425,177.41724,779.73157,286.417,48.401672,58,783,278,2545,-0.7760674,0.6298202,76,2.8819964,-4.5,0,0.34398142,19.1616,8441,200,36.834293,20.159712,74.93907,1965,0.18426913,0,1,0,1,0,0,0,0,0,0,0,0,0,0,0,0,0,0,0,1,0,1,0.25,12,3.917010547,7,3.020833254|39.83750153,4,3.020833254,39.83750153
S2742,2107,190.50024,247.96658,351.5332,51.903328,,568,-545,5957,0.8237654,-0.56563044,370,1.8352439,0.875,0,0.015317044,0,1523,199.99945,59.605434,5.317409,81.19905,905,0.20560049,1,0,1,0,0,0,0,0,0,0,0,0,0,0,0,0,1,0,0,0,0,100,3,12,0.6931471806,8,9.612500191|34.52916718,8,9.612500191,34.52916718
S5848,788,75.55005,923.1687,208.5498,21.495003,23,337,2957,4168,0.2377738,0.7446875,719.5,2.840636,4.875,0,0,94.26364,6773.6,200,25.25613,52.291485,56.456364,1291,0.49599174,1,0,0,1,0,0,0,0,0,0,0,0,0,1,0,0,0,0,0,0,0,1,0.6,4,3.177928812,9,9.462499619|48.46250153,7,9.462499619,48.46250153
S4135,1266,136.55005,3570.5193,186.5498,23.998333,,266,3682,5493,0.36486655,0.9310581,1662.5,5.110835,-2.75,0,0,58.27413,11484.8,200,59.214035,235.09749,47.766872,2003,0.2097156,0,1,0,1,0,0,0,0,0,0,0,0,0,0,0,0,0,0,0,0,1,1,0.25,1,1.609437912,4,-155.3041687|19.82916641,1,-155.3041687,19.82916641
S2082,788,75.55005,923.1687,208.5498,21.495003,23,337,2957,4168,0.2377738,0.7446875,719.5,2.840636,4.875,0,0,94.26364,6773.6,200,25.25613,52.291485,56.456364,1291,0.49599174,1,0,0,1,0,0,0,0,0,0,0,0,0,1,0,0,0,0,0,0,0,1,0.6,4,3.258096538,10,9.462499619|48.46250153,7,9.462499619,48.46250153
S3328,788,75.55005,923.1687,208.5498,21.495003,23,337,2957,4168,0.2377738,0.7446875,719.5,2.840636,4.875,0,0,94.26364,6773.6,200,25.25613,52.291485,56.456364,1291,0.49599174,1,0,0,1,0,0,0,0,0,0,0,0,0,1,0,0,0,0,0,0,0,1,0.6,4,2.708050201,1,9.462499619|48.46250153,7,9.462499619,48.46250153
S3234,1508,101.416016,362.017,298.3828,93.60332,21,3275,4785,2969,-0.6719521,-0.7396244,999.5,4.593792,-1.625,0,6.7646894,0,2332.4,200,45.512882,15.913079,81.99937,874,0.36195496,1,0,0,1,0,0,1,0,0,0,0,0,0,0,0,0,0,0,0,0,0,100,0.5,10,2.63905733,10,109.7874985|38.10416794,9,109.7874985,38.10416794
S942,1260,126.59985,3311.0686,180.5664,24.298332,,266,-809,5397,0.1786791,0.98317844,1849,5.4882984,-1.25,0,0,12.071645,11000.8,200,47.679646,182.91426,52.51077,2003,0.20980686,0,1,0,1,0,0,0,0,0,0,0,0,0,0,0,0,0,0,0,0,1,1,0.25,2,2.484823279,10,-155.3208313|19.82083321,1,-155.3208313,19.82083321
S4360,1254,121.61694,3193.9346,176.5835,24.396688,20,751,4018,3778,0.4215162,0.9067608,1941,5.4097967,2,0,0,8.919644,9833.6,199.96217,45.98457,166.13841,55.210518,2003,0.20980686,0,1,0,1,0,0,0,0,0,0,0,0,0,0,0,0,0,0,0,0,1,1,0.25,2,3.366916459,1,-155.3291626|19.82083321,1,-155.3291626,19.82083321
S5260,1350,86.41724,678.8645,272.41724,91.40335,69,819,2313,2790,-0.8015858,0.117823526,1227.5,1.4095154,-3.625,0,7.0785823,0,2538.4,200,44.839,21.614372,79.59032,1202,0.3931382,1,0,0,1,0,0,1,0,0,0,0,0,0,0,0,0,0,0,0,0,0,100,0.5,10,3.044427157,1,111.2624969|37.94583511,4,111.2624969,37.94583511
S5850,1254,121.61694,3193.9346,176.5835,24.396688,20,751,4018,3778,0.4215162,0.9067608,1941,5.4097967,2,0,0,8.919644,9833.6,199.96217,45.98457,166.13841,55.210518,2003,0.20980686,0,1,0,1,0,0,0,0,0,0,0,0,0,0,0,0,0,0,0,0,1,1,0.25,2,2.076437012,2,-155.3291626|19.82083321,1,-155.3291626,19.82083321
S7577,1747,168.5166,923.96594,284.5166,72.298355,100,1123,2322,1402,-0.40181726,0.90030533,467,0.45562643,0.1875,0,0.88196427,0.33706668,3499.2,200,52.530132,12.861359,64.791435,1101,0.18077233,0,1,0,1,0,0,0,0,0,1,0,0,0,0,0,0,0,0,0,0,0,1,0.5,8,1.252762968,8,-64.1875|-31.5625,9,-64.1875,-31.5625
S6627,1260,126.59985,3311.0686,180.5664,24.298332,,266,-809,5397,0.1786791,0.98317844,1849,5.4882984,-1.25,0,0,12.071645,11000.8,200,47.679646,182.91426,52.51077,2003,0.20980686,0,1,0,1,0,0,0,0,0,0,0,0,0,0,0,0,0,0,0,0,1,1,0.25,2,2.397895273,3,-155.3208313|19.82083321,1,-155.3208313,19.82083321
S6153,1254,121.61694,3193.9346,176.5835,24.396688,20,751,4018,3778,0.4215162,0.9067608,1941,5.4097967,2,0,0,8.919644,9833.6,199.96217,45.98457,166.13841,55.210518,2003,0.20980686,0,1,0,1,0,0,0,0,0,0,0,0,0,0,0,0,0,0,0,0,1,1,0.25,2,2.957355191,4,-155.3291626|19.82083321,1,-155.3291626,19.82083321
S5538,1266,136.55005,3570.5193,186.5498,23.998333,,266,3682,5493,0.36486655,0.9310581,1662.5,5.110835,-2.75,0,0,58.27413,11484.8,200,59.214035,235.09749,47.766872,2003,0.2097156,0,1,0,1,0,0,0,0,0,0,0,0,0,0,0,0,0,0,0,0,1,1,0.25,1,1.791759469,5,-155.3041687|19.82916641,1,-155.3041687,19.82916641
S3076,1267,131.61621,3437.4023,183.5664,24.196665,,261,3851,6205,0.39932412,0.9167687,1745,5.119382,0.375,0,0,18.65031,6519.2,200,53.640045,224.0743,50.686573,2003,0.2097156,0,1,0,1,0,0,0,0,0,0,0,0,0,0,0,0,0,0,0,0,1,1,0.25,1,3.068006448,6,-155.3125|19.82916641,1,-155.3125,19.82916641
S6480,960,28.58252,571.8347,211.58276,59.99668,,1131,1369,1834,0.9384476,0.32424355,918.5,4.269425,-0.3125,0,0,112.54293,6079.6,200,35.83787,178.93925,53.73654,729,0.7403752,0,1,0,1,0,0,0,0,0,0,0,0,0,0,0,0,0,0,0,0,1,1,0.25,5,1.791759469,9,-118.7624969|54.51250076,8,-118.7624969,54.51250076
S2289,788,75.55005,923.1687,208.5498,21.495003,23,337,2957,4168,0.2377738,0.7446875,719.5,2.840636,4.875,0,0,94.26364,6773.6,200,25.25613,52.291485,56.456364,1291,0.49599174,1,0,0,1,0,0,0,0,0,0,0,0,0,1,0,0,0,0,0,0,0,1,0.6,4,3.441987393,2,9.462499619|48.46250153,7,9.462499619,48.46250153
S6785,1254,121.61694,3193.9346,176.5835,24.396688,20,751,4018,3778,0.4215162,0.9067608,1941,5.4097967,2,0,0,8.919644,9833.6,199.96217,45.98457,166.13841,55.210518,2003,0.20980686,0,1,0,1,0,0,0,0,0,0,0,0,0,0,0,0,0,0,0,0,1,1,0.25,2,2.63905733,5,-155.3291626|19.82083321,1,-155.3291626,19.82083321
S3020,788,75.55005,923.1687,208.5498,21.495003,23,337,2957,4168,0.2377738,0.7446875,719.5,2.840636,4.875,0,0,94.26364,6773.6,200,25.25613,52.291485,56.456364,1291,0.49599174,1,0,0,1,0,0,0,0,0,0,0,0,0,1,0,0,0,0,0,0,0,1,0.6,4,3.725476563,3,9.462499619|48.46250153,7,9.462499619,48.46250153
S3046,788,75.55005,923.1687,208.5498,21.495003,23,337,2957,4168,0.2377738,0.7446875,719.5,2.840636,4.875,0,0,94.26364,6773.6,200,25.25613,52.291485,56.456364,1291,0.49599174,1,0,0,1,0,0,0,0,0,0,0,0,0,1,0,0,0,0,0,0,0,1,0.6,4,3.384356383,4,9.462499619|48.46250153,7,9.462499619,48.46250153
S5258,667.5718,64.5,575.0168,187.51685,28.103323,,,,,,,0,0,0,100,0.3658309,17.775467,4804.6,125.248116,57.884518,117.21346,58.67241,,0.6431824,0,1,0,1,0,0,0,0,0,0,0,0,0,0,0,0,0,0,0,1,0,1,0.265,4,2.302485048,5,19.53750038|60.22083282,9,19.53750038,60.22083282
S1387,1327,191.5332,2014.8671,337.5,57.6,62,1857,4315,1480,0.6003208,0.51869017,42.5,0.72016466,0.1875,100,28.567715,6.240711,3753.4,200,37.97813,16.598993,53.90474,2054,0.3694445,0,1,0,1,0,0,0,0,0,1,0,0,0,0,0,0,0,0,0,0,0,400,1.5,4,3.545788221,6,116.9375|28.20416641,7,116.9375,28.20416641
S3859,804,83.56665,660.8661,216.5669,12.998352,47,880,3692,2171,0.9940065,-0.10653193,299.5,8.257263,-3.5,0,0,82.03502,6324,200,29.824488,38.11028,60.180016,1122,0.4942212,1,0,0,1,0,0,0,0,0,0,0,0,1,0,0,0,0,0,0,0,0,1,1,4,2.63898587,7,10.40416622|50.97083282,10,10.40416622,50.97083282
S5077,674,64.5,576.9665,193.5,28.200027,6,1243,3619,2126,-0.25617212,0.4637413,0.5,0.5309193,-1,0,0.040785387,65.57244,6465.6,150.15236,58.503414,91.94949,55.672367,,0.6442544,0,1,0,1,0,0,0,0,0,0,0,0,0,0,0,0,0,0,0,1,0,1,0.265,4,3.275860875,8,19.59583282|60.23749924,9,19.59583282,60.23749924
S4217,1372,97.46704,465.91537,287.46704,103.501686,77,660,21,1786,-0.65355366,-0.7535528,357.5,0.30936944,-0.6875,0,2.379597,1.0225778,2991.8,200,44.090343,21.871191,75.88279,1142,0.45049304,1,0,0,1,0,0,1,0,0,0,0,0,0,0,0,0,0,0,0,0,0,100,0.5,4,2.58331809,9,118.2458344|40.92916489,9,118.2458344,40.92916489
S5955,919,27.533203,588.917,215.5332,60.803314,,1163,2262,3008,-0.97101945,0.23842725,1088.5,1.7231948,1.6875,0,0,124.79769,5613,200,37.465572,154.22768,57.287178,854,0.73052317,0,1,0,1,0,0,0,0,0,0,0,0,0,0,0,0,0,0,0,0,1,1,0.25,5,0.6931471806,10,-116.9708328|53.32083511,9,-116.9708328,53.32083511
S7474,1342,175.43262,2052.9995,248.46582,86.69328,12,474,4065,3889,-0.55856025,-0.51093763,1241,7.1231656,-6.625,0,2.3500447,178.16463,19272.4,192.69627,49.202065,46.025562,48.93836,2701,0.1916697,0,1,0,1,0,0,0,0,0,0,0,0,0,0,0,0,0,0,0,0,1,100,2,1,1.945910149,7,47.92083359|-18.91250038,3,47.92083359,-18.91250038
S1770,672,64.5,569.9665,197.50024,28.401676,,1258,4590,1246,-0.7439879,6.28e-07,1,0.4455837,-0.25,100,0.05189327,70.7968,6269.6,142.56906,55.12964,110.08702,56.12549,,0.6450463,0,1,0,1,0,0,0,0,0,0,0,0,0,0,0,0,0,0,0,1,0,1,0.265,3,3.370669429,2,19.67083359|60.21250153,9,19.67083359,60.21250153
S6534,930,5.5168457,657.9165,195.51685,62.301674,,1484,4636,2134,-0.52575064,-0.4759143,1394.5,2.2448254,2,0,0,73.896,5772,200,35.689667,182.23006,55.13674,854,0.7296108,0,1,0,1,0,0,0,0,0,0,0,0,0,0,0,0,0,0,0,0,1,1,0.25,5,1.791759469,1,-117.3291702|53.42083359,9,-117.3291702,53.42083359
S6167,1267,131.61621,3437.4023,183.5664,24.196665,,261,3851,6205,0.39932412,0.9167687,1745,5.119382,0.375,0,0,18.65031,6519.2,200,53.640045,224.0743,50.686573,2003,0.2097156,0,1,0,1,0,0,0,0,0,0,0,0,0,0,0,0,0,0,0,0,1,1,0.25,1,3.001117736,8,-155.3125|19.82916641,1,-155.3125,19.82916641
S6456,958,29.5,569.0999,213.4668,59.898327,,1175,3864,2576,-0.14153944,-0.73376215,903,2.668542,3.4375,0,0,146.0599,5424.6,200,39.11036,167.96982,52.762955,729,0.74041224,0,1,0,1,0,0,0,0,0,0,0,0,0,0,0,0,0,0,0,0,1,1,0.25,5,1.098612289,2,-118.7541656|54.52083206,8,-118.7541656,54.52083206
S6809,1447.9999,100.66748,543.4977,273.68433,41.39668,,492,1602,5658,0.6802275,-0.7045553,1652,15.049555,5.9375,0,0,70.813515,5953.8,190.95566,45.089645,39.135887,64.03502,2083,0.28689593,1,0,0,1,0,0,0,0,0,0,0,0,0,0,0,0,0,0,0,1,0,1,0.5,12,1.791759469,9,-2.837500095|37.40416718,10,-2.837500095,37.40416718
S6510,947,7.5510254,635.83105,188.56787,45.006683,,392,1285,5127,-0.651819,-0.582153,1256,2.9863443,3.25,0,0,62.047466,4187.8,198.99896,38.967064,189.34702,50.787273,707,0.679487,0,1,0,1,0,0,0,0,0,0,0,0,0,0,0,0,0,0,0,0,1,1,0.25,5,1.098612289,3,-119.9708328|54.63750076,6,-119.9708328,54.63750076
S1171,1839,159.5,741.1339,248.5,80.50332,45,2575,3478,1955,0.011427979,0.96680707,1589.5,1.2024026,0.8125,30.769232,0,17.565866,3214,198.18483,60.75757,18.997484,59.12576,963,0.21533445,0,1,0,1,0,1,0,0,0,0,0,0,0,0,0,0,0,0,0,0,0,1600,0.5,10,3.998200702,2,29.1875|-25.99583244,9,29.1875,-25.99583244
S3335,958,28.500244,663.0674,208.5332,62.79833,,360,909,4753,0.8497753,0.5271443,940,0.9274568,0.0625,0,0,141.32605,5795.8,196.95668,35.36112,214.89134,49.861366,729,0.75116986,0,1,0,1,0,0,0,0,0,0,0,0,0,0,0,0,0,0,0,0,1,1,0.25,5,2.302585093,4,-117.9708328|54.58750153,8,-117.9708328,54.58750153
S3554,930,5.5168457,657.9165,195.51685,62.301674,,1484,4636,2134,-0.52575064,-0.4759143,1394.5,2.2448254,2,0,0,73.896,5772,200,35.689667,182.23006,55.13674,854,0.7296108,0,1,0,1,0,0,0,0,0,0,0,0,0,0,0,0,0,0,0,0,1,1,0.25,5,2.302585093,5,-117.3291702|53.42083359,9,-117.3291702,53.42083359
S1627,1834.9999,198.55005,1722.6509,268.5337,85.29161,23,249,1634,7762,0.9907423,0.13574314,1630.5,2.2551215,-0.375,0,0,0.24746667,3215.4,200,45.5003,21.1619,74.953575,1729,0.21502109,0,1,0,1,0,0,0,0,0,0,0,0,0,0,0,0,0,0,0,0,1,100,2,7,4.025333843,3,35.35416794|-3.079166651,7,35.35416794,-3.079166651
S4005,788,75.55005,923.1687,208.5498,21.495003,23,337,2957,4168,0.2377738,0.7446875,719.5,2.840636,4.875,0,0,94.26364,6773.6,200,25.25613,52.291485,56.456364,1291,0.49599174,1,0,0,1,0,0,0,0,0,0,0,0,0,1,0,0,0,0,0,0,0,1,0.6,4,3.258058097,10,9.462499619|48.46250153,7,9.462499619,48.46250153
S6978,1747,168.5166,923.96594,284.5166,72.298355,100,1123,2322,1402,-0.40181726,0.90030533,467,0.45562643,0.1875,0,0.88196427,0.33706668,3499.2,200,52.530132,12.861359,64.791435,1101,0.18077233,0,1,0,1,0,0,0,0,0,1,0,0,0,0,0,0,0,0,0,0,0,1,0.5,8,1.386294361,9,-64.1875|-31.5625,9,-64.1875,-31.5625
S7631,1145,102.56616,670.035,273.53296,83.395004,69,958,1534,2598,-0.31920707,0.2720523,1384.5,8.644741,12.6875,0,1.7709147,0.96746665,4267,200,28.215963,15.9814415,79.119225,1046,0.3843189,1,0,1,0,0,0,0,0,0,0,0,0,0,0,1,0,0,0,0,0,0,400,1,4,1.098612289,1,107.4124985|35.12083435,6,107.4124985,35.12083435
S6778,1254,121.61694,3193.9346,176.5835,24.396688,20,751,4018,3778,0.4215162,0.9067608,1941,5.4097967,2,0,0,8.919644,9833.6,199.96217,45.98457,166.13841,55.210518,2003,0.20980686,0,1,0,1,0,0,0,0,0,0,0,0,0,0,0,0,0,0,0,0,1,1,0.25,2,3.256017422,6,-155.3291626|19.82083321,1,-155.3291626,19.82083321
S6939,1266,136.55005,3570.5193,186.5498,23.998333,,266,3682,5493,0.36486655,0.9310581,1662.5,5.110835,-2.75,0,0,58.27413,11484.8,200,59.214035,235.09749,47.766872,2003,0.2097156,0,1,0,1,0,0,0,0,0,0,0,0,0,0,0,0,0,0,0,0,1,1,0.25,1,1.386294361,9,-155.3041687|19.82916641,1,-155.3041687,19.82916641
S3634,1260,126.59985,3311.0686,180.5664,24.298332,,266,-809,5397,0.1786791,0.98317844,1849,5.4882984,-1.25,0,0,12.071645,11000.8,200,47.679646,182.91426,52.51077,2003,0.20980686,0,1,0,1,0,0,0,0,0,0,0,0,0,0,0,0,0,0,0,0,1,1,0.25,2,2.079191529,7,-155.3208313|19.82083321,1,-155.3208313,19.82083321
S1933,1425,177.41724,779.73157,286.417,48.401672,58,783,278,2545,-0.7760674,0.6298202,76,2.8819964,-4.5,0,0.34398142,19.1616,8441,200,36.834293,20.159712,74.93907,1965,0.18426913,0,1,0,1,0,0,0,0,0,0,0,0,0,0,0,0,0,0,0,1,0,1,0.25,12,3.80666249,10,3.020833254|39.83750153,4,3.020833254,39.83750153
S4440,1793.0001,163.55054,456.01617,226.5,95.59668,,593,5349,3546,0.7155217,-0.36273468,1243,7.1715403,7.1875,7.692308,0.003986527,21.678577,10286.2,190.63719,35.608192,92.40583,62.111156,1354,0.13634892,0,1,0,1,0,0,0,0,0,0,0,0,0,0,0,0,0,0,0,0,1,100,2,12,3.238560788,1,-17.26250076|28.12916756,5,-17.26250076,28.12916756
S1508,670,62.500244,610.10016,186.4668,29.701675,,1066,1206,1917,-0.42582887,0.5810578,3,0.9653414,-0.4375,100,0.58432454,66.11253,6498.2,158.41222,57.197666,99.02958,54.450024,742,0.6547216,0,1,0,1,0,0,0,0,0,0,0,0,0,0,0,0,0,0,0,1,0,1,0.265,4,3.511545439,2,19.92916679|60.34583282,9,19.92916679,60.34583282
S2393,1209,165.50049,1722.8942,302.5171,56.399982,33,245,972,5143,0.40962502,0.5573813,288.5,4.6380153,-2.75,0,0,36.36391,7383.4,200,35.175575,29.312176,57.766716,2146,0.3658854,1,0,0,1,0,0,1,0,0,0,0,0,0,0,0,0,0,0,0,0,0,1,0.5,1,3.46564214,10,111.0124969|29.63750076,3,111.0124969,29.63750076
S5931,1100,39.549805,394.96646,251.5498,62.90165,85,1388,2058,1353,0.9864293,0.16007537,807,0.74635416,1.25,0,0.017561192,0,4538,200,41.777393,24.815668,68.62485,603,0.624223,1,0,1,0,0,0,0,0,0,0,0,0,0,0,0,1,0,0,0,0,0,100,1,8,2.48490665,10,-107.6875|50.29583359,4,-107.6875,50.29583359
S7502,961,27.533203,662.06683,208.50024,62.898327,,922,3366,2554,0.93858004,0.34380913,951,0.8845985,-1,0,0,139.66524,5736.4,196.43079,35.776035,226.97191,50.313286,729,0.7495963,0,1,0,1,0,0,0,0,0,0,0,0,0,0,0,0,0,0,0,0,1,1,0.25,5,1.252762968,6,-117.9708328|54.57916641,8,-117.9708328,54.57916641
S4369,1267,131.61621,3437.4023,183.5664,24.196665,,261,3851,6205,0.39932412,0.9167687,1745,5.119382,0.375,0,0,18.65031,6519.2,200,53.640045,224.0743,50.686573,2003,0.2097156,0,1,0,1,0,0,0,0,0,0,0,0,0,0,0,0,0,0,0,0,1,1,0.25,1,3.091042453,1,-155.3125|19.82916641,1,-155.3125,19.82916641
S6468,960,28.58252,571.8347,211.58276,59.99668,,1131,1369,1834,0.9384476,0.32424355,918.5,4.269425,-0.3125,0,0,112.54293,6079.6,200,35.83787,178.93925,53.73654,729,0.7403752,0,1,0,1,0,0,0,0,0,0,0,0,0,0,0,0,0,0,0,0,1,1,0.25,5,1.945910149,7,-118.7624969|54.51250076,8,-118.7624969,54.51250076
S3953,1100,39.549805,394.96646,251.5498,62.90165,85,1388,2058,1353,0.9864293,0.16007537,807,0.74635416,1.25,0,0.017561192,0,4538,200,41.777393,24.815668,68.62485,603,0.624223,1,0,1,0,0,0,0,0,0,0,0,0,0,0,0,1,0,0,0,0,0,100,1,8,1.791759469,1,-107.6875|50.29583359,4,-107.6875,50.29583359
S4736,788,75.55005,923.1687,208.5498,21.495003,23,337,2957,4168,0.2377738,0.7446875,719.5,2.840636,4.875,0,0,94.26364,6773.6,200,25.25613,52.291485,56.456364,1291,0.49599174,1,0,0,1,0,0,0,0,0,0,0,0,0,1,0,0,0,0,0,0,0,1,0.6,4,3.473487052,3,9.462499619|48.46250153,7,9.462499619,48.46250153
S3084,788,75.55005,923.1687,208.5498,21.495003,23,337,2957,4168,0.2377738,0.7446875,719.5,2.840636,4.875,0,0,94.26364,6773.6,200,25.25613,52.291485,56.456364,1291,0.49599174,1,0,0,1,0,0,0,0,0,0,0,0,0,1,0,0,0,0,0,0,0,1,0.6,4,3.17805383,4,9.462499619|48.46250153,7,9.462499619,48.46250153
S6203,1267,131.61621,3437.4023,183.5664,24.196665,,261,3851,6205,0.39932412,0.9167687,1745,5.119382,0.375,0,0,18.65031,6519.2,200,53.640045,224.0743,50.686573,2003,0.2097156,0,1,0,1,0,0,0,0,0,0,0,0,0,0,0,0,0,0,0,0,1,1,0.25,1,2.442347035,2,-155.3125|19.82916641,1,-155.3125,19.82916641
S1921,1021.99994,-1.3825684,1379.0079,187.63428,22.596657,,1769,1322,2437,0.53414994,0.7705729,2094.5,18.36282,-15.4375,0,0,1.0808889,1251.4,61.5736,43.513676,120.381424,57.67844,1018,0.48781145,1,0,0,1,0,0,0,0,0,0,0,0,0,0,0,0,0,0,1,0,0,1,0.25,5,2.74077548,8,-113.3458328|48.46250153,2,-113.3458328,48.46250153
S920,1245,142.48315,577.0167,299.5,76.39997,100,1418,724,981,-0.9970023,6.28e-07,537.5,0.69549346,0,0,34.961853,0,5317.4,200,29.581915,17.220928,77.82496,1373,0.47095197,0,1,0,1,0,0,0,0,0,1,0,0,0,0,0,0,0,0,0,0,0,100,0.25,4,2.970414466,5,108.1624985|34.34583282,6,108.1624985,34.34583282
S6291,958,29.5,569.0999,213.4668,59.898327,,1175,3864,2576,-0.14153944,-0.73376215,903,2.668542,3.4375,0,0,146.0599,5424.6,200,39.11036,167.96982,52.762955,729,0.74041224,0,1,0,1,0,0,0,0,0,0,0,0,0,0,0,0,0,0,0,0,1,1,0.25,5,1.50140715,9,-118.7541656|54.52083206,8,-118.7541656,54.52083206
S1621,1021.99994,-1.3825684,1379.0079,187.63428,22.596657,,1769,1322,2437,0.53414994,0.7705729,2094.5,18.36282,-15.4375,0,0,1.0808889,1251.4,61.5736,43.513676,120.381424,57.67844,1018,0.48781145,1,0,0,1,0,0,0,0,0,0,0,0,0,0,0,0,0,0,1,0,0,1,0.25,5,1.609437912,10,-113.3458328|48.46250153,2,-113.3458328,48.46250153
S2790,735,60.5,695.017,212.51685,34.101673,29,739,3439,3038,0.22804508,0.31622797,42.5,1.1673896,-0.375,0,0,114.606575,4635,200,61.07548,137.31459,50.11888,833,0.5210264,1,0,0,1,0,0,0,0,0,0,0,0,0,0,0,0,0,0,0,1,0,1,0.25,4,2.484656597,6,27.26250076|58.29583359,7,27.26250076,58.29583359
S4244,1764,247.5,1120.9666,331.5,86.6,18,357,1970,3870,0.31622726,0.35355365,28,0.18031488,0.25,40.384613,0,42.555023,8064.2,200,66.57472,12.886098,60.340347,1091,0.23175979,1,0,0,1,0,0,0,0,0,0,0,0,0,0,0,0,0,0,0,1,0,1,0.25,7,2.196891213,4,34.45416641|-18.9375,4,34.45416641,-18.9375
S1173,1928,251.63208,1726.0345,396.63184,122.80003,36,251,3354,5427,0.6249456,0.7660266,513,11.634447,2.875,0,0,90.813515,6242,123.10249,34.72028,29.308643,62.02998,1188,0.30823773,0,1,0,1,0,0,0,0,0,0,0,0,0,0,0,0,0,0,0,0,1,100,5,1,4.110873864,3,81.90416718|22.37083244,7,81.90416718,22.37083244
S6204,931,8.46582,651.1013,197.48267,62.20167,,1094,3364,2820,-0.7231017,0.61035085,1349,1.7221339,-3,0,0,101.56942,5861,199.9991,34.476727,178.27522,56.037964,854,0.73323566,0,1,0,1,0,0,0,0,0,0,0,0,0,0,0,0,0,0,0,0,1,1,0.25,5,2.139830859,1,-117.3291702|53.41249847,9,-117.3291702,53.41249847
S1965,733,60.5,635.9333,217.49976,28.201672,30,850,4572,2043,0.553669,0.8030039,38.5,0.42152897,-1.4375,0,0,70.50933,7457.8,198.68295,46.28275,91.9758,50.783615,913,0.60487807,0,1,0,1,0,0,0,0,0,0,0,0,0,0,0,0,0,0,0,0,1,100,5,4,3.881563798,7,17.29583359|60.01250076,9,17.29583359,60.01250076
S2686,1365,176.5,1743.864,326.5,46.199974,100,575,3615,3060,0.9093131,0.31324893,40,1.2074372,-0.0625,0,3.4024177,0.5575111,3527.6,200,24.517826,16.358006,59.38554,2138,0.39387298,0,1,0,1,0,1,0,0,0,0,0,0,0,0,0,0,0,0,0,0,0,100,0.5,4,2.63898587,8,115.7208328|29.28750038,6,115.7208328,29.28750038
S5527,959,29.516846,629.1669,209.53345,63.598297,,799,700,2651,0.8939569,0.19624338,931,2.026908,1.5,0,0,123.628975,6734.4,199.17502,38.41034,205.90555,49.73708,729,0.7500601,0,1,0,1,0,0,0,0,0,0,0,0,0,0,0,0,0,0,0,0,1,1,0.25,5,0.6931471806,2,-118.0625|54.5625,8,-118.0625,54.5625
S2901,1467,80.5,355,294.5,103.8,23,2156,4631,2292,-0.9753616,-0.17603864,252.5,0.27842772,-0.6875,0,0.5163696,0,2540.6,200,56.76501,21.310266,84.29843,859,0.40061226,1,0,0,1,0,0,1,0,0,0,0,0,0,0,0,0,0,0,0,0,0,100,0.5,4,2.564949357,9,121.3541641|43.32083511,4,121.3541641,43.32083511
S3191,672,64.5,569.9665,197.50024,28.401676,,1258,4590,1246,-0.7439879,6.28e-07,1,0.4455837,-0.25,100,0.05189327,70.7968,6269.6,142.56906,55.12964,110.08702,56.12549,,0.6450463,0,1,0,1,0,0,0,0,0,0,0,0,0,0,0,0,0,0,0,1,0,1,0.265,3,3.610836873,3,19.67083359|60.21250153,9,19.67083359,60.21250153
S6464,932,18.6167,422.59857,223.71631,45.70502,,834,3918,2295,0.9264581,0.112966165,644.5,4.045503,4.5625,0,0.002423702,116.87911,6537.4,199.87587,33.51485,212.29474,59.648636,659,0.7286248,0,1,0,1,0,0,0,0,0,0,0,0,0,0,0,0,0,0,0,0,1,1,0.25,6,1.945910149,7,-119.0958328|56.26250076,7,-119.0958328,56.26250076
S3765,1096,228.46631,3238.178,281.4663,59.196655,,524,2200,2405,-0.07311808,0.94997555,504,5.876741,-6.5625,0,0,230.01173,7921.2,199.29012,44.79623,49.34192,45.849144,1888,0.20888214,0,1,0,1,0,0,0,0,0,0,0,0,0,0,0,0,0,0,0,0,1,100,5,1,2.1102132,4,10.39583302|0.6208333373,9,10.39583302,0.6208333373
S1848,1285,211.50122,2388.2417,296.5349,64.09496,4,392,2911,4764,-0.51543915,0.3193583,370,9.578581,-10,0,0,98.89956,3024.6,198.96468,48.84922,40.156616,53.114693,2067,0.26495403,0,1,0,1,0,0,0,0,0,0,0,0,0,0,0,1,0,0,0,0,0,100,0.5,1,3.713572067,5,112.5291672|23.17083359,8,112.5291672,23.17083359
S5862,1266,136.55005,3570.5193,186.5498,23.998333,,266,3682,5493,0.36486655,0.9310581,1662.5,5.110835,-2.75,0,0,58.27413,11484.8,200,59.214035,235.09749,47.766872,2003,0.2097156,0,1,0,1,0,0,0,0,0,0,0,0,0,0,0,0,0,0,0,0,1,1,0.25,1,2.438950006,6,-155.3041687|19.82916641,1,-155.3041687,19.82916641
S6463,934,16.516846,602.066,206.51685,65.298355,,986,3801,2360,0.939626,-0.3421963,1161.5,2.0621483,-0.875,0,0,82.95734,5789,200,36.06001,164.98785,54.173958,854,0.76550436,0,1,0,1,0,0,0,0,0,0,0,0,0,0,0,0,0,0,0,0,1,1,0.25,5,2.013835798,3,-117.3291702|53.80416489,8,-117.3291702,53.80416489
S7220,1764,247.5,1120.9666,331.5,86.6,18,357,1970,3870,0.31622726,0.35355365,28,0.18031488,0.25,40.384613,0,42.555023,8064.2,200,66.57472,12.886098,60.340347,1091,0.23175979,1,0,0,1,0,0,0,0,0,0,0,0,0,0,0,0,0,0,0,1,0,1,0.25,7,1.945195592,5,34.45416641|-18.9375,4,34.45416641,-18.9375
S4613,1435,92.483154,335.13327,289.5,95.505,58,1192,2030,2427,-0.8689294,0.47022706,860,1.3216603,0.3125,0,0.0030906955,0,2021.6,200,47.13008,8.135686,84.14241,969,0.3902397,1,0,0,1,0,0,1,0,0,0,0,0,0,0,0,0,0,0,0,0,0,100,0.5,4,3.650138614,10,114.5208359|40.1875,10,114.5208359,40.1875
S1642,1323,91.56714,633.47,246.56714,80.703354,33,349,4136,3962,0.65146536,0.64485115,1206.5,24.583595,-27.875,0,0,50.176888,2025,197.12196,38.307446,39.714783,66.322716,1567,0.43148318,0,1,0,1,0,0,0,0,0,1,0,0,0,0,0,0,0,0,0,0,0,1,0.05,4,4.132490984,1,112.2791672|35.20416641,9,112.2791672,35.20416641
S3584,1462,144.5,734.98334,305.5,94.40003,99,1065,1931,1904,-0.58969724,-0.011488304,54,0.28510147,-0.0625,0,41.535503,0.1991111,3687,200,30.338333,10.438926,77.547264,1249,0.43736762,0,1,1,0,0,0,0,0,0,1,0,0,0,0,0,0,0,0,0,0,0,10000,0.5,4,4.17589382,2,117.0708313|35.07083511,10,117.0708313,35.07083511
S6742,1266,136.55005,3570.5193,186.5498,23.998333,,266,3682,5493,0.36486655,0.9310581,1662.5,5.110835,-2.75,0,0,58.27413,11484.8,200,59.214035,235.09749,47.766872,2003,0.2097156,0,1,0,1,0,0,0,0,0,0,0,0,0,0,0,0,0,0,0,0,1,1,0.25,1,2.409194828,7,-155.3041687|19.82916641,1,-155.3041687,19.82916641
S4953,1100,39.549805,394.96646,251.5498,62.90165,85,1388,2058,1353,0.9864293,0.16007537,807,0.74635416,1.25,0,0.017561192,0,4538,200,41.777393,24.815668,68.62485,603,0.624223,1,0,1,0,0,0,0,0,0,0,0,0,0,0,0,1,0,0,0,0,0,100,1,8,0.6931471806,2,-107.6875|50.29583359,4,-107.6875,50.29583359
S2163,1104,44.500244,552.9497,268.50024,104.90167,100,593,328,3673,-0.1473479,-0.57735026,139,0.7270266,0.9375,0,6.7388964,0,2997.4,200,28.339163,30.600622,66.377945,868,0.34728733,0,1,1,0,0,0,0,0,0,1,0,0,0,0,0,0,0,0,0,0,0,60,0.25,4,3.341093458,3,126.8458328|45.84583282,8,126.8458328,45.84583282
S1055,1883,165.51685,285.05017,358.51685,34.69668,44,868,3195,6437,0.67199427,0.7390342,888.5,0.8860439,-0.75,0,69.20044,0,1374.6,200,43.373245,10.397114,79.39746,1010,0.28031108,0,1,0,1,0,0,0,1,0,0,0,0,0,0,0,0,0,0,0,0,0,100,0.75,12,3.33220451,2,3.020833254|35.07083511,3,3.020833254,35.07083511
S5383,788,75.55005,923.1687,208.5498,21.495003,23,337,2957,4168,0.2377738,0.7446875,719.5,2.840636,4.875,0,0,94.26364,6773.6,200,25.25613,52.291485,56.456364,1291,0.49599174,1,0,0,1,0,0,0,0,0,0,0,0,0,1,0,0,0,0,0,0,0,1,0.6,4,2.944438979,4,9.462499619|48.46250153,7,9.462499619,48.46250153
S3943,1299,225.26562,1176.5,316.24878,78.60167,59,1912,3704,1052,-0.77209544,-0.4566464,284,6.2477617,-10.1875,0,77.08154,10.357156,6283.2,199.99945,31.092428,19.17534,65.17708,2292,0.3138609,0,1,1,0,0,0,0,0,0,1,0,0,0,0,0,0,0,0,0,0,0,100,0.25,1,4.555444106,8,106.2375031|24.28750038,3,106.2375031,24.28750038
S2405,2481,204.50024,305.00012,363.50024,45.39832,,323,482,8730,-0.045267485,0.92019916,370.5,1.0727408,0.1875,0,0,1.3169777,1669.4,81.65801,72.26014,16.787083,73.073265,750,0.15948185,0,1,0,1,0,1,0,0,0,0,0,0,0,0,0,0,0,0,0,0,0,1,0.5,12,0.6931471806,3,116.8708344|-29.12083244,8,116.8708344,-29.12083244
S7454,1254,121.61694,3193.9346,176.5835,24.396688,20,751,4018,3778,0.4215162,0.9067608,1941,5.4097967,2,0,0,8.919644,9833.6,199.96217,45.98457,166.13841,55.210518,2003,0.20980686,0,1,0,1,0,0,0,0,0,0,0,0,0,0,0,0,0,0,0,0,1,1,0.25,2,2.705313101,8,-155.3291626|19.82083321,1,-155.3291626,19.82083321
S5078,1927,250.4336,1591.8329,271.4336,64.196655,54,344,1076,4074,-0.96907246,0.24642819,246.5,13.439827,3.6875,0,0.008501595,101.97902,8215.2,196.1997,37.158672,38.323353,60.658604,1940,0.20949155,0,1,0,1,0,0,0,0,0,0,0,0,0,0,0,0,0,0,0,0,1,100,2,13,3.52862266,1,-74.01249695|11.28750038,8,-74.01249695,11.28750038
S6439,931,17.5,447.79868,220.51685,45.40332,,520,1847,2230,0.8691163,-0.48879364,688,0.56365883,-0.1875,0,0.2083459,93.97315,6244.2,200,41.30245,163.83438,58.138805,659,0.707645,0,1,0,1,0,0,0,0,0,0,0,0,0,0,0,0,0,0,0,0,1,1,0.25,6,2.302585093,8,-119.0958328|56.24583435,7,-119.0958328,56.24583435
S5098,1100,39.549805,394.96646,251.5498,62.90165,85,1388,2058,1353,0.9864293,0.16007537,807,0.74635416,1.25,0,0.017561192,0,4538,200,41.777393,24.815668,68.62485,603,0.624223,1,0,1,0,0,0,0,0,0,0,0,0,0,0,0,1,0,0,0,0,0,100,1,8,1.945910149,3,-107.6875|50.29583359,4,-107.6875,50.29583359
S2046,1287,215.58496,2334.404,302.60205,63.79665,17,358,388,4061,-0.76637226,0.5785258,267,9.133072,-13.25,0,0.012674771,84.05298,4325.4,198.4668,48.555035,37.67924,54.008427,2067,0.2648564,0,1,0,1,0,0,0,0,0,1,0,0,0,0,0,0,0,0,0,0,0,400,1.5,1,3.676275369,9,112.5374985|23.17916679,8,112.5374985,23.17916679
S1850,1844,159.5166,740.16724,248.5166,80.50167,73,2365,4380,1673,0.49023277,0.73735833,1586.5,1.00878,1.0625,25,0,16.385067,3637.4,199.92664,62.511913,18.272524,59.61592,963,0.21783036,0,1,0,1,0,1,0,0,0,0,0,0,0,0,0,0,0,0,0,0,0,1600,0.5,10,3.574225886,3,29.19583321|-26.00416756,9,29.19583321,-26.00416756
S909,1365,176.5,1743.864,326.5,46.199974,100,575,3615,3060,0.9093131,0.31324893,40,1.2074372,-0.0625,0,3.4024177,0.5575111,3527.6,200,24.517826,16.358006,59.38554,2138,0.39387298,0,1,0,1,0,1,0,0,0,0,0,0,0,0,0,0,0,0,0,0,0,100,0.5,4,3.228826156,5,115.7208328|29.28750038,6,115.7208328,29.28750038
S3362,1793,247.5166,1121.9666,331.5,86.298355,37,493,4036,3747,0.9023962,-0.2561731,26,0.23116592,0.0625,19.23077,0,31.976534,7664.4,200,64.93718,14.499379,61.733574,1588,0.23161153,1,0,0,1,0,0,0,0,0,0,0,0,0,0,0,0,0,0,0,1,0,1,0.25,7,2.140066163,6,34.37916565|-18.92916679,4,34.37916565,-18.92916679
S2392,1383,154.5,934.96686,311.5,75.805,100,915,5049,2583,-0.57715976,0.19611639,34,0.1383553,-0.125,9.615385,0.6008136,0.049777776,4014.8,200,16.00578,12.323097,81.44416,1257,0.41057223,0,1,0,1,0,0,0,0,0,1,0,0,0,0,0,0,0,0,0,0,0,10000,0.5,4,4.277818235,6,115.5708313|33.25416565,3,115.5708313,33.25416565
S4985,955,16.5,563.10065,252.50024,104.4,66,661,251,2071,0.98370004,-0.17981732,295.5,2.2579837,-0.625,7.692308,0,3.4972444,3189,200,33.344532,73.1017,60.28853,680,0.2960719,0,1,0,1,0,0,0,0,0,1,0,0,0,0,0,0,0,0,0,0,0,100,0.5,4,3.028489856,7,126.8291702|48.33750153,2,126.8291702,48.33750153
S3238,1021.99994,-1.3825684,1379.0079,187.63428,22.596657,,1769,1322,2437,0.53414994,0.7705729,2094.5,18.36282,-15.4375,0,0,1.0808889,1251.4,61.5736,43.513676,120.381424,57.67844,1018,0.48781145,1,0,0,1,0,0,0,0,0,0,0,0,0,0,0,0,0,0,1,0,0,1,0.25,5,3.332025953,4,-113.3458328|48.46250153,2,-113.3458328,48.46250153
S4764,674,62.5,610.10016,186.48315,29.7,,961,964,1965,0.46054667,0.52532357,17,1.3315935,0.75,0,0.031560797,89.382935,6652.2,142.64383,63.288723,92.9792,55.291878,742,0.6547216,0,1,0,1,0,0,0,0,0,0,0,0,0,0,0,0,0,0,0,1,0,1,0.265,4,3.34102263,8,19.92083359|60.34583282,9,19.92083359,60.34583282
S1063,1720,273.5166,3211.1152,313.5337,77.598305,15,,,,-0.29266584,0.3043383,21.5,3.1473315,3,100,0.017524822,149.92657,,200,53.084034,65.20372,50.30619,2128,0.32939446,0,1,0,1,0,0,0,0,0,0,0,0,0,0,0,0,0,0,0,0,1,100,5,1,2.197224577,10,103.6708298|10.5041666,10,103.6708298,10.5041666
S5779,930,5.5168457,657.9165,195.51685,62.301674,,1484,4636,2134,-0.52575064,-0.4759143,1394.5,2.2448254,2,0,0,73.896,5772,200,35.689667,182.23006,55.13674,854,0.7296108,0,1,0,1,0,0,0,0,0,0,0,0,0,0,0,0,0,0,0,0,1,1,0.25,5,2.079441542,5,-117.3291702|53.42083359,9,-117.3291702,53.42083359
S5894,958,28.500244,663.0674,208.5332,62.79833,,360,909,4753,0.8497753,0.5271443,940,0.9274568,0.0625,0,0,141.32605,5795.8,196.95668,35.36112,214.89134,49.861366,729,0.75116986,0,1,0,1,0,0,0,0,0,0,0,0,0,0,0,0,0,0,0,0,1,1,0.25,5,1.791759469,6,-117.9708328|54.58750153,8,-117.9708328,54.58750153
S2067,788,75.55005,923.1687,208.5498,21.495003,23,337,2957,4168,0.2377738,0.7446875,719.5,2.840636,4.875,0,0,94.26364,6773.6,200,25.25613,52.291485,56.456364,1291,0.49599174,1,0,0,1,0,0,0,0,0,0,0,0,0,1,0,0,0,0,0,0,0,1,0.6,4,3.583407776,9,9.462499619|48.46250153,7,9.462499619,48.46250153
S2178,788,75.55005,923.1687,208.5498,21.495003,23,337,2957,4168,0.2377738,0.7446875,719.5,2.840636,4.875,0,0,94.26364,6773.6,200,25.25613,52.291485,56.456364,1291,0.49599174,1,0,0,1,0,0,0,0,0,0,0,0,0,1,0,0,0,0,0,0,0,1,0.6,4,3.338151073,10,9.462499619|48.46250153,7,9.462499619,48.46250153
S5093,1260,126.59985,3311.0686,180.5664,24.298332,,266,-809,5397,0.1786791,0.98317844,1849,5.4882984,-1.25,0,0,12.071645,11000.8,200,47.679646,182.91426,52.51077,2003,0.20980686,0,1,0,1,0,0,0,0,0,0,0,0,0,0,0,0,0,0,0,0,1,1,0.25,2,2.197224577,9,-155.3208313|19.82083321,1,-155.3208313,19.82083321
S3086,1145,102.56616,670.035,273.53296,83.395004,69,958,1534,2598,-0.31920707,0.2720523,1384.5,8.644741,12.6875,0,1.7709147,0.96746665,4267,200,28.215963,15.9814415,79.119225,1046,0.3843189,1,0,1,0,0,0,0,0,0,0,0,0,0,0,1,0,0,0,0,0,0,400,1,4,2.397804323,1,107.4124985|35.12083435,6,107.4124985,35.12083435
S1753,672,63.5,590.0335,194.5,29.001675,,1275,3328,2435,-0.70336676,-0.3646894,15,1.1449437,1.1875,0,0,82.64089,6353,118.7757,59.116756,98.4681,54.86442,,0.6560382,0,1,0,1,0,0,0,0,0,0,0,0,0,0,0,0,0,0,0,1,0,1,0.265,3,2.95099638,4,19.80416679|60.33750153,9,19.80416679,60.33750153
S5461,1266,136.55005,3570.5193,186.5498,23.998333,,266,3682,5493,0.36486655,0.9310581,1662.5,5.110835,-2.75,0,0,58.27413,11484.8,200,59.214035,235.09749,47.766872,2003,0.2097156,0,1,0,1,0,0,0,0,0,0,0,0,0,0,0,0,0,0,0,0,1,1,0.25,1,3.043903175,1,-155.3041687|19.82916641,1,-155.3041687,19.82916641
S7126,1050,107.3667,1867.665,203.3667,16.703352,,911,2345,2640,-0.9074525,-0.42013144,335.5,7.620557,9.125,0,0,139.1696,16243.4,68.96049,54.06249,176.34923,52.34332,1072,0.088885546,0,1,0,1,0,0,0,0,0,0,0,0,0,0,0,0,0,0,0,0,1,100,2,4,2.80323917,2,172.1958313|-41.76250076,8,172.1958313,-41.76250076
S1295,1109.0001,101.61499,2394.5881,167.61499,70.696655,33,638,2971,4007,0.4880534,0.6821961,2439.5,11.0271845,8.875,9.615385,0,49.069332,8745.8,167.87073,45.968704,66.399216,49.94791,2709,0.18371606,0,1,0,1,0,0,0,0,0,0,0,0,0,0,0,0,0,0,0,0,1,100,5,7,3.020424886,7,-44.67083359|-22.39583397,9,-44.67083359,-22.39583397
S4363,1254,121.61694,3193.9346,176.5835,24.396688,20,751,4018,3778,0.4215162,0.9067608,1941,5.4097967,2,0,0,8.919644,9833.6,199.96217,45.98457,166.13841,55.210518,2003,0.20980686,0,1,0,1,0,0,0,0,0,0,0,0,0,0,0,0,0,0,0,0,1,1,0.25,2,2.995532268,10,-155.3291626|19.82083321,1,-155.3291626,19.82083321
S1213,2100,197.5332,275.08392,245.5498,81.4016,,1706,2569,4118,-0.3601848,0.63908577,24,6.4410934,1.375,100,0,0,,189.97293,43.64263,55.55037,74.98233,2040,0.16961828,0,1,0,1,0,0,0,0,0,0,0,0,0,0,0,0,0,0,0,0,1,100,5,11,3.258096538,1,-16.54583359|28.02916718,5,-16.54583359,28.02916718
S3866,1254,121.61694,3193.9346,176.5835,24.396688,20,751,4018,3778,0.4215162,0.9067608,1941,5.4097967,2,0,0,8.919644,9833.6,199.96217,45.98457,166.13841,55.210518,2003,0.20980686,0,1,0,1,0,0,0,0,0,0,0,0,0,0,0,0,0,0,0,0,1,1,0.25,2,3.694985746,1,-155.3291626|19.82083321,1,-155.3291626,19.82083321
S1455,1168,111.467285,522.86664,285.45068,82.39997,100,586,2606,4155,-0.42362964,-0.78068966,1205.5,9.640537,0.625,0,0,0,4662.6,200,32.976185,17.228657,79.48687,1046,0.36919,1,0,0,1,0,0,1,0,0,0,0,0,0,0,0,0,0,0,0,0,0,100,0.5,4,3.258019581,3,107.3708344|35.3125,6,107.3708344,35.3125
S4245,1260,126.59985,3311.0686,180.5664,24.298332,,266,-809,5397,0.1786791,0.98317844,1849,5.4882984,-1.25,0,0,12.071645,11000.8,200,47.679646,182.91426,52.51077,2003,0.20980686,0,1,0,1,0,0,0,0,0,0,0,0,0,0,0,0,0,0,0,0,1,1,0.25,2,2.48490665,2,-155.3208313|19.82083321,1,-155.3208313,19.82083321
S2440,788,75.55005,923.1687,208.5498,21.495003,23,337,2957,4168,0.2377738,0.7446875,719.5,2.840636,4.875,0,0,94.26364,6773.6,200,25.25613,52.291485,56.456364,1291,0.49599174,1,0,0,1,0,0,0,0,0,0,0,0,0,1,0,0,0,0,0,0,0,1,0.6,4,3.277144733,4,9.462499619|48.46250153,7,9.462499619,48.46250153
S2586,1267,71.683105,437.10056,247.6831,90.10003,19,478,-550,5971,-0.5654966,-0.70533156,1837.5,8.882883,-0.25,0,0,0,1848.4,200,32.847195,13.0447445,81.954765,840,0.3425743,1,0,0,1,0,0,1,0,0,0,0,0,0,0,0,0,0,0,0,0,0,100,0.5,10,3.401197382,4,106.3874969|36.67083359,4,106.3874969,36.67083359
S4429,1169,77.94946,1410.1749,255.91626,59.99997,,663,3571,3220,-0.9718324,-0.23562253,1116.5,19.105576,-8.875,0,0,234.15396,6991.8,200,52.57869,153.3366,55.51524,1254,0.25487983,0,1,0,1,0,0,0,0,0,0,0,0,0,0,0,0,0,0,0,0,1,100,2,5,3.020424886,7,-122.1624985|43.63750076,5,-122.1624985,43.63750076
S5693,1157,60.500244,622.0508,267.5332,106.49835,63,2069,677,769,0.3965899,0.6039394,245,1.4258142,1.8125,100,4.1793585,39.846222,3040.4,200,35.935272,46.594322,61.10591,860,0.3832094,0,1,0,1,0,0,0,0,0,1,0,0,0,0,0,0,0,0,0,0,0,100,0.5,4,3.086486619,5,125.4375|43.78749847,7,125.4375,43.78749847
S3821,670,62.500244,610.10016,186.4668,29.701675,,1066,1206,1917,-0.42582887,0.5810578,3,0.9653414,-0.4375,100,0.58432454,66.11253,6498.2,158.41222,57.197666,99.02958,54.450024,742,0.6547216,0,1,0,1,0,0,0,0,0,0,0,0,0,0,0,0,0,0,0,1,0,1,0.265,4,3.218795789,6,19.92916679|60.34583282,9,19.92916679,60.34583282
S4378,1261,130.56738,3436.2678,183.53369,24.196665,,296,-647,4310,0.58436203,0.811493,1773.5,4.9342194,-0.5,0,0,66.01315,5316.4,200,53.722668,205.09613,49.632347,2003,0.20980686,0,1,0,1,0,0,0,0,0,0,0,0,0,0,0,0,0,0,0,0,1,1,0.25,1,2.197224577,2,-155.3125|19.82083321,1,-155.3125,19.82083321
S4225,921,66.5,1030.0669,257.4834,14.9,76,384,-542,2795,-0.31622744,0.7071071,17.5,0.13480535,-0.0625,0,0.6216277,0.86844444,4559.8,200,37.614765,99.281906,62.548576,1233,0.7181875,1,0,1,0,0,0,0,0,0,0,0,0,0,0,0,0,0,1,0,0,0,100,0.5,4,3.36729583,7,-73.37083435|45.72083282,10,-73.37083435,45.72083282
S4539,1986,159.5,665.2506,329.5,85.303314,17,1212,2332,2153,-0.9091524,-0.21896541,315.5,2.2792237,1.4375,0,0.0455991,3.8094223,4923.4,167.10385,38.91121,25.124102,62.01092,1023.7116,0.28486916,0,1,0,1,0,0,0,0,0,0,0,0,0,0,0,0,0,0,0,0,1,100,2,12,3.371493893,4,-120.5791702|37.84583282,5,-120.5791702,37.84583282
S2804,1730,253.50024,1404.9663,313.5,50.19666,,919,4875,2313,0.08847557,0.99351716,12,0.65471804,0.3125,0,0,110.24427,14348.8,95.24659,43.736202,65.71104,72.457886,1542,0.14450379,0,1,0,1,0,0,0,0,0,0,0,0,0,0,0,0,0,0,0,1,0,1,0.25,1,2.944070492,3,-87.20417023|21.21249962,8,-87.20417023,21.21249962
S1654,788,75.55005,923.1687,208.5498,21.495003,23,337,2957,4168,0.2377738,0.7446875,719.5,2.840636,4.875,0,0,94.26364,6773.6,200,25.25613,52.291485,56.456364,1291,0.49599174,1,0,0,1,0,0,0,0,0,0,0,0,0,1,0,0,0,0,0,0,0,1,0.6,4,3.610836873,8,9.462499619|48.46250153,7,9.462499619,48.46250153
S4673,1267,131.61621,3437.4023,183.5664,24.196665,,261,3851,6205,0.39932412,0.9167687,1745,5.119382,0.375,0,0,18.65031,6519.2,200,53.640045,224.0743,50.686573,2003,0.2097156,0,1,0,1,0,0,0,0,0,0,0,0,0,0,0,0,0,0,0,0,1,1,0.25,1,3.370738187,4,-155.3125|19.82916641,1,-155.3125,19.82916641
S2847,867,105.48364,808.01666,224.48364,11.5,74,763,4001,2662,0.7016457,-0.41915107,35,0.7733285,-1.3125,0,1.1196091,17.368177,6235.6,200,25.698122,17.714739,63.268166,1024,0.5058858,0,1,0,1,0,0,0,0,0,1,0,0,0,0,0,0,0,0,0,0,0,4,0.25,4,2.890371758,9,4.979166508|50.86249924,6,4.979166508,50.86249924
S2152,1384,154.5,924.95,311.5,76.80002,100,669,2593,2497,0.25724813,0.34487456,33,0.17769997,0.1875,7.692308,2.3763075,0.0042666667,4107.4,200,15.532911,11.187645,80.85873,1257.2313,0.41242278,0,1,1,0,0,0,0,0,0,1,0,0,0,0,0,0,0,0,0,0,0,10000,0.5,4,4.43155458,10,115.6041641|33.30416489,3,115.6041641,33.30416489
S1507,1854,160.5,735.20056,248.5332,80.5,28,892,1809,3513,-0.19991426,0.4762033,1576,1.1982458,-0.75,100,0,17.411022,3165.4,195.54962,60.85501,23.83327,59.59481,963,0.21783479,0,1,0,1,0,1,0,0,0,0,0,0,0,0,0,0,0,0,0,0,0,1600,0.5,10,4.182050143,5,29.20416641|-26.01250076,9,29.20416641,-26.01250076
S5003,1764,247.5,1120.9666,331.5,86.6,18,357,1970,3870,0.31622726,0.35355365,28,0.18031488,0.25,40.384613,0,42.555023,8064.2,200,66.57472,12.886098,60.340347,1091,0.23175979,1,0,0,1,0,0,0,0,0,0,0,0,0,0,0,0,0,0,0,1,0,1,0.25,7,1.791759469,8,34.45416641|-18.9375,4,34.45416641,-18.9375
S6392,953,31.466797,529.0332,217.46704,49.198322,,598,3200,4121,-0.90916264,0.41643113,803,2.488282,-0.5625,0,0,100.69778,4763.4,200,45.198517,191.8483,53.461014,707,0.7212237,0,1,0,1,0,0,0,0,0,0,0,0,0,0,0,0,0,0,0,0,1,1,0.25,6,0.6931471806,9,-119.6791687|54.8125,6,-119.6791687,54.8125
S1467,1226,161.4668,894.0335,311.5,64.20671,97,664,1961,2364,-0.9294695,-0.36783051,131,0.69239384,0.125,0,4.5175776,0.029866667,4341.4,200,26.702831,10.049474,71.84746,1678,0.363042,0,1,1,0,0,0,0,0,0,1,0,0,0,0,0,0,0,0,0,0,0,10000,0.5,4,4.353138359,1,111.9375|32.57916641,6,111.9375,32.57916641
S2941,1216,160.5166,908.99994,310.51685,61.505024,100,255,2098,5014,-0.19924869,0.9580198,148,0.41197294,0.375,0,4.0134,0,4357.6,200,26.676,11.109172,71.53636,1678,0.360779,0,1,0,1,0,0,0,0,0,1,0,0,0,0,0,0,0,0,0,0,0,10000,0.5,4,3.952147174,2,111.8375015|32.55416489,6,111.8375015,32.55416489
S2398,813,83.499756,628.3523,216.48315,14.298355,72,754,3960,1958,0.9513384,0.054338474,294.5,2.8189611,1.4375,0,0.498069,39.86969,6268,200,27.55997,33.30711,64.04292,1228,0.48777267,1,0,0,1,0,0,0,0,0,0,0,0,1,0,0,0,0,0,0,0,0,1,1,4,2.564949357,3,10.42083359|51.27083206,10,10.42083359,51.27083206
S1076,1819,269.5,568.0836,344.5166,90,19,695,793,2796,0.91975504,-0.16459414,355.5,1.5944376,-0.3125,0,0,1.0807111,2372.4,200,59.54119,9.610253,62.296364,856,0.33694652,0,1,0,1,0,0,0,0,0,0,0,0,0,0,0,0,0,0,0,0,1,100,5,2,3.590439381,3,-39.19583511|-8.454166412,2,-39.19583511,-8.454166412
S6560,1267,131.61621,3437.4023,183.5664,24.196665,,261,3851,6205,0.39932412,0.9167687,1745,5.119382,0.375,0,0,18.65031,6519.2,200,53.640045,224.0743,50.686573,2003,0.2097156,0,1,0,1,0,0,0,0,0,0,0,0,0,0,0,0,0,0,0,0,1,1,0.25,1,3.177470329,5,-155.3125|19.82916641,1,-155.3125,19.82916641
S5555,1792,247.5,1122.983,331.5,86.30165,29,686,2925,2235,-0.10905862,0.38172087,28.5,0.3553965,-0.3125,26.923079,0,38.029865,7577.2,200,66.693214,13.15846,61.03452,1579.8047,0.23161153,1,0,0,1,0,0,0,0,0,0,0,0,0,0,0,0,0,0,0,1,0,1,0.25,7,1.609437912,9,34.37916565|-18.9375,4,34.37916565,-18.9375
S1669,873,105.483154,813.0501,224.48315,11.5,59,788,3436,1770,-0.68436384,0.4183836,37,0.53044504,-1.125,0,0.27997532,32.833424,6597.2,200,27.496218,18.358847,61.38324,1024,0.5058858,0,1,0,1,0,0,0,0,0,1,0,0,0,0,0,0,0,0,0,0,0,4,0.25,4,2.995732274,4,4.962500095|50.86249924,6,4.962500095,50.86249924
S4976,1267,131.61621,3437.4023,183.5664,24.196665,,261,3851,6205,0.39932412,0.9167687,1745,5.119382,0.375,0,0,18.65031,6519.2,200,53.640045,224.0743,50.686573,2003,0.2097156,0,1,0,1,0,0,0,0,0,0,0,0,0,0,0,0,0,0,0,0,1,1,0.25,1,1.791759469,6,-155.3125|19.82916641,1,-155.3125,19.82916641
S1237,1209,165.50049,1722.8942,302.5171,56.399982,33,245,972,5143,0.40962502,0.5573813,288.5,4.6380153,-2.75,0,0,36.36391,7383.4,200,35.175575,29.312176,57.766716,2146,0.3658854,1,0,0,1,0,0,1,0,0,0,0,0,0,0,0,0,0,0,0,0,0,1,0.5,1,3.218755807,7,111.0124969|29.63750076,3,111.0124969,29.63750076
S3855,2492,204.46582,315.0167,364.46582,47.994957,,322,-712,7972,-0.8693326,-0.49413103,340.5,1.1250954,-0.4375,0,0.0014752768,3.1459556,975,76.33185,66.97338,16.199608,73.247826,750,0.15962686,0,1,0,1,0,1,0,0,0,0,0,0,0,0,0,0,0,0,0,0,0,1,0.5,12,0.6931471806,5,116.7624969|-29.19583321,8,116.7624969,-29.19583321
S3891,1267,131.61621,3437.4023,183.5664,24.196665,,261,3851,6205,0.39932412,0.9167687,1745,5.119382,0.375,0,0,18.65031,6519.2,200,53.640045,224.0743,50.686573,2003,0.2097156,0,1,0,1,0,0,0,0,0,0,0,0,0,0,0,0,0,0,0,0,1,1,0.25,1,3.075744228,8,-155.3125|19.82916641,1,-155.3125,19.82916641
S4098,922,26.516357,592.917,214.5166,61.203316,,884,3874,2619,-0.26371658,0.5859906,1097,1.7206337,2.875,0,0,100.16907,5082.2,200,36.78136,139.2888,59.93956,854,0.74147415,0,1,0,1,0,0,0,0,0,0,0,0,0,0,0,0,0,0,0,0,1,1,0.25,5,2.302585093,8,-116.9208298|53.33750153,9,-116.9208298,53.33750153
S3306,1158,47.5,531.9998,270.5,108.49998,72,1684,2467,1739,-0.7071073,-0.40386167,141,0.2209244,-0.1875,0,15.997959,0,3000.8,200,31.801802,31.20312,73.425186,690,0.36074892,0,1,0,1,0,0,0,0,0,1,0,0,0,0,0,0,0,0,0,0,0,100,0.5,4,3.610917913,5,126.3458328|45.63750076,8,126.3458328,45.63750076
S3439,788,75.55005,923.1687,208.5498,21.495003,23,337,2957,4168,0.2377738,0.7446875,719.5,2.840636,4.875,0,0,94.26364,6773.6,200,25.25613,52.291485,56.456364,1291,0.49599174,1,0,0,1,0,0,0,0,0,0,0,0,0,1,0,0,0,0,0,0,0,1,0.6,4,3.283389359,6,9.462499619|48.46250153,7,9.462499619,48.46250153
S3895,2279,147.46875,1189.0979,343.46826,110.694984,49,1010,3433,4071,-0.2662875,-0.16023645,1676.5,11.058031,-13.4375,0,0,0,609.6,182.79408,32.542034,16.711994,76.51323,1089,0.27365485,0,1,0,1,0,0,0,0,0,0,0,0,0,0,0,0,0,0,0,0,1,100,2,4,3.228826156,7,51.47916794|30.40416718,6,51.47916794,30.40416718
S2739,1595,242.5,2302.3962,311.4834,68.296646,46,495,4840,3333,0.6535535,0.6475576,72,0.53841674,-0.375,0,1.4328487,61.73831,12546.2,200,39.879307,26.745203,52.67768,1991,0.21490541,0,1,1,0,0,0,0,0,0,1,0,0,0,0,0,0,0,0,0,0,0,100,0.25,1,3.777805691,9,110.2791672|19.90416718,2,110.2791672,19.90416718
S5180,921,66.5,1030.0669,257.4834,14.9,76,384,-542,2795,-0.31622744,0.7071071,17.5,0.13480535,-0.0625,0,0.6216277,0.86844444,4559.8,200,37.614765,99.281906,62.548576,1233,0.7181875,1,0,1,0,0,0,0,0,0,0,0,0,0,0,0,0,0,1,0,0,0,100,0.5,4,1.386294361,8,-73.37083435|45.72083282,10,-73.37083435,45.72083282
S6154,2126,183.38354,243.10033,345.41675,51.900005,,336,1031,6407,-0.94172204,-0.33092123,522.5,17.261524,15.8125,0,0,0,1662.4,165.37242,53.756725,10.087797,80.02276,905,0.20699747,1,0,1,0,0,0,0,0,0,0,0,0,0,0,0,0,1,0,0,0,0,100,3,12,0.6931471806,6,9.579166412|34.48749924,8,9.579166412,34.48749924
S3925,1021.99994,-1.3825684,1379.0079,187.63428,22.596657,,1769,1322,2437,0.53414994,0.7705729,2094.5,18.36282,-15.4375,0,0,1.0808889,1251.4,61.5736,43.513676,120.381424,57.67844,1018,0.48781145,1,0,0,1,0,0,0,0,0,0,0,0,0,0,0,0,0,0,1,0,0,1,0.25,5,1.981001469,9,-113.3458328|48.46250153,2,-113.3458328,48.46250153
S2182,921,66.5,1030.0669,257.4834,14.9,76,384,-542,2795,-0.31622744,0.7071071,17.5,0.13480535,-0.0625,0,0.6216277,0.86844444,4559.8,200,37.614765,99.281906,62.548576,1233,0.7181875,1,0,1,0,0,0,0,0,0,0,0,0,0,0,0,0,0,1,0,0,0,100,0.5,4,3.663407775,9,-73.37083435|45.72083282,10,-73.37083435,45.72083282
S4152,1267,131.61621,3437.4023,183.5664,24.196665,,261,3851,6205,0.39932412,0.9167687,1745,5.119382,0.375,0,0,18.65031,6519.2,200,53.640045,224.0743,50.686573,2003,0.2097156,0,1,0,1,0,0,0,0,0,0,0,0,0,0,0,0,0,0,0,0,1,1,0.25,1,3.256595429,10,-155.3125|19.82916641,1,-155.3125,19.82916641
S4142,1254,121.61694,3193.9346,176.5835,24.396688,20,751,4018,3778,0.4215162,0.9067608,1941,5.4097967,2,0,0,8.919644,9833.6,199.96217,45.98457,166.13841,55.210518,2003,0.20980686,0,1,0,1,0,0,0,0,0,0,0,0,0,0,0,0,0,0,0,0,1,1,0.25,2,2.770711979,4,-155.3291626|19.82083321,1,-155.3291626,19.82083321
S924,1565,256.48364,1301.1503,320.5,46.9,80,265,2606,4095,-0.34300113,-0.75622094,155,1.0957148,0.875,0,0.0012648199,38.665245,8108.4,200,63.51679,16.239063,52.111427,1386,0.22197957,0,1,0,1,0,0,1,0,0,0,0,0,0,0,0,0,0,0,0,0,0,113,0.25,1,4.266194819,1,-6.554166794|5.837500095,8,-6.554166794,5.837500095
S3028,672,64.5,569.9665,197.50024,28.401676,,1258,4590,1246,-0.7439879,6.28e-07,1,0.4455837,-0.25,100,0.05189327,70.7968,6269.6,142.56906,55.12964,110.08702,56.12549,,0.6450463,0,1,0,1,0,0,0,0,0,0,0,0,0,0,0,0,0,0,0,1,0,1,0.265,3,3.496477275,5,19.67083359|60.21250153,9,19.67083359,60.21250153
S4006,788,75.55005,923.1687,208.5498,21.495003,23,337,2957,4168,0.2377738,0.7446875,719.5,2.840636,4.875,0,0,94.26364,6773.6,200,25.25613,52.291485,56.456364,1291,0.49599174,1,0,0,1,0,0,0,0,0,0,0,0,0,1,0,0,0,0,0,0,0,1,0.6,4,3.526331129,10,9.462499619|48.46250153,7,9.462499619,48.46250153
S5253,1267,131.61621,3437.4023,183.5664,24.196665,,261,3851,6205,0.39932412,0.9167687,1745,5.119382,0.375,0,0,18.65031,6519.2,200,53.640045,224.0743,50.686573,2003,0.2097156,0,1,0,1,0,0,0,0,0,0,0,0,0,0,0,0,0,0,0,0,1,1,0.25,1,2.197224577,2,-155.3125|19.82916641,1,-155.3125,19.82916641
S4701,950,30.466553,532.05023,217.4497,48.999996,,646,1154,3665,-0.986119,-0.013771035,807.5,3.7609158,-4.5,0,0,52.426132,4766.8,200,45.815044,186.80515,53.958958,707,0.7212237,0,1,0,1,0,0,0,0,0,0,0,0,0,0,0,0,0,0,0,0,1,1,0.25,6,1.098612289,10,-119.6958313|54.8125,6,-119.6958313,54.8125
S2567,1100,39.549805,394.96646,251.5498,62.90165,85,1388,2058,1353,0.9864293,0.16007537,807,0.74635416,1.25,0,0.017561192,0,4538,200,41.777393,24.815668,68.62485,603,0.624223,1,0,1,0,0,0,0,0,0,0,0,0,0,0,0,1,0,0,0,0,0,100,1,8,2.60046501,4,-107.6875|50.29583359,4,-107.6875,50.29583359
S4182,1929,263.5005,1308.0159,296.50098,97.39496,29,328,1033,3976,0.53955793,-0.67556465,98,7.8119993,7.625,0,0,58.291378,8908.8,88.83844,46.2142,22.09837,64.24847,1825,0.24556154,0,1,0,1,0,0,0,0,0,0,0,0,0,0,0,0,0,0,0,0,1,100,2,2,3.099100784,5,-96.41249847|15.72083378,6,-96.41249847,15.72083378
S7106,1100,39.549805,394.96646,251.5498,62.90165,85,1388,2058,1353,0.9864293,0.16007537,807,0.74635416,1.25,0,0.017561192,0,4538,200,41.777393,24.815668,68.62485,603,0.624223,1,0,1,0,0,0,0,0,0,0,0,0,0,0,0,1,0,0,0,0,0,100,1,8,1.609437912,5,-107.6875|50.29583359,4,-107.6875,50.29583359
S4383,1254,121.61694,3193.9346,176.5835,24.396688,20,751,4018,3778,0.4215162,0.9067608,1941,5.4097967,2,0,0,8.919644,9833.6,199.96217,45.98457,166.13841,55.210518,2003,0.20980686,0,1,0,1,0,0,0,0,0,0,0,0,0,0,0,0,0,0,0,0,1,1,0.25,2,3.366122715,6,-155.3291626|19.82083321,1,-155.3291626,19.82083321
S3905,672,63.5,590.0335,194.5,29.001675,,1275,3328,2435,-0.70336676,-0.3646894,15,1.1449437,1.1875,0,0,82.64089,6353,118.7757,59.116756,98.4681,54.86442,,0.6560382,0,1,0,1,0,0,0,0,0,0,0,0,0,0,0,0,0,0,0,1,0,1,0.265,3,3.740000223,6,19.80416679|60.33750153,9,19.80416679,60.33750153
S1385,1839,159.5,741.1339,248.5,80.50332,45,2575,3478,1955,0.011427979,0.96680707,1589.5,1.2024026,0.8125,30.769232,0,17.565866,3214,198.18483,60.75757,18.997484,59.12576,963,0.21533445,0,1,0,1,0,1,0,0,0,0,0,0,0,0,0,0,0,0,0,0,0,1600,0.5,10,3.545788221,6,29.1875|-25.99583244,9,29.1875,-25.99583244
S7334,932,18.6167,422.59857,223.71631,45.70502,,834,3918,2295,0.9264581,0.112966165,644.5,4.045503,4.5625,0,0.002423702,116.87911,6537.4,199.87587,33.51485,212.29474,59.648636,659,0.7286248,0,1,0,1,0,0,0,0,0,0,0,0,0,0,0,0,0,0,0,0,1,1,0.25,6,0.6931471806,1,-119.0958328|56.26250076,7,-119.0958328,56.26250076
S4289,909,26.466797,621.1509,213.46655,66.99833,,1019,2372,2803,-0.96363586,-0.081362695,911,2.931128,2.5625,0,0,93.60818,5528.8,200,34.626884,222.31874,53.22273,680,0.77110505,0,1,0,1,0,0,0,0,0,0,0,0,0,0,0,0,0,0,0,0,1,1,0.25,5,2.251291799,10,-116.5958328|54.20416641,9,-116.5958328,54.20416641
S1252,1844,159.5166,740.16724,248.5166,80.50167,73,2365,4380,1673,0.49023277,0.73735833,1586.5,1.00878,1.0625,25,0,16.385067,3637.4,199.92664,62.511913,18.272524,59.61592,963,0.21783036,0,1,0,1,0,1,0,0,0,0,0,0,0,0,0,0,0,0,0,0,0,1600,0.5,10,3.776592664,7,29.19583321|-26.00416756,9,29.19583321,-26.00416756
S2354,788,75.55005,923.1687,208.5498,21.495003,23,337,2957,4168,0.2377738,0.7446875,719.5,2.840636,4.875,0,0,94.26364,6773.6,200,25.25613,52.291485,56.456364,1291,0.49599174,1,0,0,1,0,0,0,0,0,0,0,0,0,1,0,0,0,0,0,0,0,1,0.6,4,3.17784551,1,9.462499619|48.46250153,7,9.462499619,48.46250153
S5958,922,26.516357,592.917,214.5166,61.203316,,884,3874,2619,-0.26371658,0.5859906,1097,1.7206337,2.875,0,0,100.16907,5082.2,200,36.78136,139.2888,59.93956,854,0.74147415,0,1,0,1,0,0,0,0,0,0,0,0,0,0,0,0,0,0,0,0,1,1,0.25,5,1.386294361,1,-116.9208298|53.33750153,9,-116.9208298,53.33750153
S3594,1763,247.5166,1115.9498,332.5,86.6,7,488,3544,3554,0.948683,0.16876869,22.5,0.16907111,-0.1875,34.615387,0.028670317,10.5856,7290,200,56.644527,10.473095,59.942245,1091,0.23159234,1,0,1,0,0,0,0,0,0,0,0,0,0,0,0,0,0,0,0,1,0,1,0.25,7,1.386294361,10,34.47083282|-18.92083359,4,34.47083282,-18.92083359
S1198,1542,153.5498,388.9831,325.583,43.098354,3,823,3783,3713,0.8732744,0.12352383,608,3.9683251,3.5,0,0,9.641245,3506.4,200,44.0988,17.79724,73.5003,1098,0.31433815,0,1,0,1,0,0,0,0,0,0,0,0,0,0,0,0,0,0,0,0,1,100,5,12,3.761200116,7,-3.512500048|40.27083206,9,-3.512500048,40.27083206
S4573,953,31.466797,529.0332,217.46704,49.198322,,598,3200,4121,-0.90916264,0.41643113,803,2.488282,-0.5625,0,0,100.69778,4763.4,200,45.198517,191.8483,53.461014,707,0.7212237,0,1,0,1,0,0,0,0,0,0,0,0,0,0,0,0,0,0,0,0,1,1,0.25,6,1.098612289,2,-119.6791687|54.8125,6,-119.6791687,54.8125
S4220,1764,247.5,1120.9666,331.5,86.6,18,357,1970,3870,0.31622726,0.35355365,28,0.18031488,0.25,40.384613,0,42.555023,8064.2,200,66.57472,12.886098,60.340347,1091,0.23175979,1,0,0,1,0,0,0,0,0,0,0,0,0,0,0,0,0,0,0,1,0,1,0.25,7,2.63898587,1,34.45416641|-18.9375,4,34.45416641,-18.9375
S4199,1032,91.500244,1034.5813,250.51709,10.201643,76,918,3071,2416,0.5946951,0.5210238,171.5,1.1198952,1.25,0,0.042946577,63.224,6108,200,36.087284,38.4267,64.75107,1084,0.7080716,0,1,0,1,0,0,0,0,0,0,0,0,0,0,0,0,0,0,0,0,1,100,2,4,3.597284878,2,-79.38749695|43.12916565,3,-79.38749695,43.12916565
S5959,277,-78.41577,494.0428,50.58423,28.001648,,1518,2296,3286,0.9775535,-0.20841137,432.5,4.9732647,7.125,0,0,0,80.8,158.87727,49.684086,256.7741,68.33558,121,0.5264413,0,1,0,1,0,0,0,0,0,0,0,0,0,0,0,0,0,0,0,0,1,100,2,11,0.6931471806,2,15.69583321|78.1958313,5,15.69583321,78.1958313
S2802,788,75.55005,923.1687,208.5498,21.495003,23,337,2957,4168,0.2377738,0.7446875,719.5,2.840636,4.875,0,0,94.26364,6773.6,200,25.25613,52.291485,56.456364,1291,0.49599174,1,0,0,1,0,0,0,0,0,0,0,0,0,1,0,0,0,0,0,0,0,1,0.6,4,3.988817387,3,9.462499619|48.46250153,7,9.462499619,48.46250153
S6025,1260,126.59985,3311.0686,180.5664,24.298332,,266,-809,5397,0.1786791,0.98317844,1849,5.4882984,-1.25,0,0,12.071645,11000.8,200,47.679646,182.91426,52.51077,2003,0.20980686,0,1,0,1,0,0,0,0,0,0,0,0,0,0,0,0,0,0,0,0,1,1,0.25,2,2.63905733,7,-155.3208313|19.82083321,1,-155.3208313,19.82083321
S2727,1764,247.5,1120.9666,331.5,86.6,18,357,1970,3870,0.31622726,0.35355365,28,0.18031488,0.25,40.384613,0,42.555023,8064.2,200,66.57472,12.886098,60.340347,1091,0.23175979,1,0,1,0,0,0,0,0,0,0,0,0,0,0,0,0,0,0,0,1,0,1,0.25,7,1.791759469,2,34.45416641|-18.9375,4,34.45416641,-18.9375
S2060,788,75.55005,923.1687,208.5498,21.495003,23,337,2957,4168,0.2377738,0.7446875,719.5,2.840636,4.875,0,0,94.26364,6773.6,200,25.25613,52.291485,56.456364,1291,0.49599174,1,0,0,1,0,0,0,0,0,0,0,0,0,1,0,0,0,0,0,0,0,1,0.6,4,3.555205164,4,9.462499619|48.46250153,7,9.462499619,48.46250153
S5357,672,64.5,569.9665,197.50024,28.401676,,1258,4590,1246,-0.7439879,6.28e-07,1,0.4455837,-0.25,100,0.05189327,70.7968,6269.6,142.56906,55.12964,110.08702,56.12549,,0.6450463,0,1,0,1,0,0,0,0,0,0,0,0,0,0,0,0,0,0,0,1,0,1,0.265,3,3.13540722,7,19.67083359|60.21250153,9,19.67083359,60.21250153
S7537,986,85.5,1211.318,261.48364,7.9,,473,818,2870,-0.91299415,0.40752846,325,1.7175539,-1.1875,0,2.2223876,78.33369,8275.4,200,56.90684,107.66652,49.993156,1173,0.6622795,0,1,0,1,0,0,0,0,0,0,0,0,0,0,0,0,0,0,0,1,0,100,0.25,4,1.252762968,5,-72.1875|42.48749924,3,-72.1875,42.48749924
S4715,1793,247.5166,1121.9666,331.5,86.298355,37,493,4036,3747,0.9023962,-0.2561731,26,0.23116592,0.0625,19.23077,0,31.976534,7664.4,200,64.93718,14.499379,61.733574,1588,0.23161153,1,0,0,1,0,0,0,0,0,0,0,0,0,0,0,0,0,0,0,1,0,1,0.25,7,1.791759469,3,34.37916565|-18.92916679,4,34.37916565,-18.92916679
S3388,1763,241.49976,1166.5187,323.48315,85.698326,18,164,2152,7027,0.0061715585,-0.9445145,137.5,2.6046526,1.625,32.692307,0,64.32036,7795.4,182.74548,67.90622,20.794518,59.11045,1588,0.23701023,1,0,0,1,0,0,0,0,0,0,0,0,0,0,0,0,0,0,0,1,0,1,0.25,7,2.772213679,4,34.19583511|-19.00416756,4,34.19583511,-19.00416756
S2350,788,75.55005,923.1687,208.5498,21.495003,23,337,2957,4168,0.2377738,0.7446875,719.5,2.840636,4.875,0,0,94.26364,6773.6,200,25.25613,52.291485,56.456364,1291,0.49599174,1,0,0,1,0,0,0,0,0,0,0,0,0,1,0,0,0,0,0,0,0,1,0.6,4,3.496446929,6,9.462499619|48.46250153,7,9.462499619,48.46250153
S4614,1317,64.450195,426.0156,253.4834,94.204994,48,716,102,3001,0.65355265,-0.753554,1400,1.3086724,-1.0625,0,3.7677116,0,2220.2,200,52.016018,14.715698,78.48483,1109,0.38523972,1,0,0,1,0,0,1,0,0,0,0,0,0,0,0,0,0,0,0,0,0,100,0.5,8,3.33220451,6,112.0541687|39.0625,4,112.0541687,39.0625
S7653,427,-94.5,959.46423,175.5332,32.703377,,,,,0.8096161,0.44721374,57,0.5644258,0,100,0,15.998578,599,146.37698,46.43966,167.32011,52.249813,351,0.39599252,0,1,0,1,0,0,0,0,0,0,0,0,0,0,0,0,0,0,0,0,1,100,5,11,0.6931471806,3,90.98750305|69.00416565,10,90.98750305,69.00416565
S1832,1384,112.56543,858.00134,274.5818,47.196655,19,536,1209,4630,-0.98513615,0.13923,1187.5,13.284891,2.0625,0,0.0726272,48.781155,,197.26025,56.29345,28.028662,65.443634,1804,0.31888002,0,1,0,1,0,0,0,0,0,0,0,0,0,0,0,0,0,0,0,0,1,100,5,12,3.465704669,8,-3.904166698|40.63750076,9,-3.904166698,40.63750076
S6769,1254,121.61694,3193.9346,176.5835,24.396688,20,751,4018,3778,0.4215162,0.9067608,1941,5.4097967,2,0,0,8.919644,9833.6,199.96217,45.98457,166.13841,55.210518,2003,0.20980686,0,1,0,1,0,0,0,0,0,0,0,0,0,0,0,0,0,0,0,0,1,1,0.25,2,2.079441542,8,-155.3291626|19.82083321,1,-155.3291626,19.82083321
S1330,1583,244.5,2053.8145,308.4668,67.09997,100,991,4005,2188,-0.6507491,-0.3951639,12,0.33365238,-0.125,0,0.56096065,29.2288,4746.4,200,38.670532,34.235203,57.372044,2175,0.18616831,0,1,1,0,0,0,0,0,0,1,0,0,0,0,0,0,0,0,0,0,0,100,0.25,1,3.481240089,3,110.5291672|19.95416641,2,110.5291672,19.95416641
S2806,1183,52.483154,537.067,267.48315,106.400024,100,574,699,3605,-0.5423503,-0.6765239,189,0.540221,-0.875,0,2.475264,0,3367,200,25.646847,37.747196,68.53522,690,0.37937596,0,1,0,1,0,0,0,0,0,1,0,0,0,0,0,0,0,0,0,0,0,100,0.5,4,3.617598282,7,126.0374985|44.87083435,8,126.0374985,44.87083435
S7611,2263,198.5,31.99972,295.51685,101.0249,,1214,4608,7091,0.6541319,-0.70911026,275,1.5743313,-1.6875,0,0,0,,139.84198,81.03183,5.548211,83.79144,491,0.22262834,0,1,0,1,0,0,0,0,0,0,0,0,0,0,0,0,0,0,0,0,1,100,2,13,0.6931471806,2,14.79583359|-22.6875,3,14.79583359,-22.6875
S4214,1795,247.5,1123.9833,330.5166,86.3,6,533,2793,3781,-0.5359539,0.16876933,31.5,0.23693585,-0.25,28.846153,0,50.7776,8135.8,200,64.31024,15.506631,60.37478,1099.3003,0.23135284,1,0,0,1,0,0,0,0,0,0,0,0,0,0,0,0,0,0,0,1,0,1,0.25,7,1.658228077,5,34.37083435|-18.94583321,4,34.37083435,-18.94583321
S2891,942,10.533447,562.73254,193.56665,56.010002,,753,2920,3863,0.96480006,0.09124126,1323.5,2.2123065,2.25,0,0,101.49511,4379,194.05327,37.209507,182.86855,53.889946,855,0.7052143,0,1,0,1,0,0,0,0,0,0,0,0,0,0,0,0,0,0,0,0,1,1,0.25,5,2.197002347,2,-118.6041641|53.87916565,8,-118.6041641,53.87916565
S3222,1176,185.51636,1544.9668,331.51636,41.198345,100,865,3407,2064,0.8974673,-0.44010708,125,1.8917987,0.6875,0,8.61727,3.3258667,4330,200,31.193157,17.314802,63.765278,1979,0.33031636,0,1,0,1,0,0,0,0,0,1,0,0,0,0,0,0,0,0,0,0,0,400,1.5,1,3.848507968,4,111.8708344|26.76250076,5,111.8708344,26.76250076
S4423,788,75.55005,923.1687,208.5498,21.495003,23,337,2957,4168,0.2377738,0.7446875,719.5,2.840636,4.875,0,0,94.26364,6773.6,200,25.25613,52.291485,56.456364,1291,0.49599174,1,0,0,1,0,0,0,0,0,0,0,0,0,1,0,0,0,0,0,0,0,1,0.6,4,2.9956823,8,9.462499619|48.46250153,7,9.462499619,48.46250153
S4235,1747,168.5166,923.96594,284.5166,72.298355,100,1123,2322,1402,-0.40181726,0.90030533,467,0.45562643,0.1875,0,0.88196427,0.33706668,3499.2,200,52.530132,12.861359,64.791435,1101,0.18077233,0,1,0,1,0,0,0,0,0,1,0,0,0,0,0,0,0,0,0,0,0,1,0.5,8,2.44217312,7,-64.1875|-31.5625,9,-64.1875,-31.5625
S3486,1436,223.4834,1835.4478,315.5,61.6,78,469,1924,3308,0.33933586,-0.8525934,79,1.3757865,-1.0625,0,6.2274337,23.93369,5271.6,200,42.90486,21.401924,58.780148,2259,0.27525127,0,1,1,0,0,0,0,0,0,1,0,0,0,0,0,0,0,0,0,0,0,100,0.25,1,4.04294599,5,110.1374969|23.16250038,10,110.1374969,23.16250038
S2496,1244,142.5,606.9831,298.4668,77.69829,100,1548,2660,1145,-0.9095323,-0.35334596,517,1.1950842,1,0,140.00677,0,,200,29.076893,15.165628,79.2258,1724,0.48846725,0,1,1,0,0,0,0,0,0,1,0,0,0,0,0,0,0,0,0,0,0,16,1.5,4,3.090997023,9,108.0625|34.28749847,6,108.0625,34.28749847
S6789,1267,131.61621,3437.4023,183.5664,24.196665,,261,3851,6205,0.39932412,0.9167687,1745,5.119382,0.375,0,0,18.65031,6519.2,200,53.640045,224.0743,50.686573,2003,0.2097156,0,1,0,1,0,0,0,0,0,0,0,0,0,0,0,0,0,0,0,0,1,1,0.25,1,2.706582437,6,-155.3125|19.82916641,1,-155.3125,19.82916641
S5768,1694,230.36475,1422.2899,318.3484,76.30164,7,483,464,4806,0.16586913,-0.9399367,870,12.922695,-0.125,0,0,95.922844,8765.6,171.13692,43.43567,35.876575,56.357624,2001,0.3242672,0,1,0,1,0,0,0,0,0,0,0,0,0,0,0,0,0,0,0,0,1,100,2,1,3.25705752,7,98.4375|18.51250076,6,98.4375,18.51250076
S7269,1142,141.43286,1792.6583,217.49951,49.695004,,585,4005,4251,-0.008277037,-0.9807764,158.5,6.6060038,-4.9375,7.692308,0,68.966225,10998.2,179.30476,50.114395,80.982155,57.024117,1627,0.24765322,0,1,0,1,0,0,0,0,0,0,0,0,0,0,0,0,0,0,0,0,1,100,2,4,1.386294361,10,-8.837499619|41.71250153,9,-8.837499619,41.71250153
S6001,735,60.5,695.017,212.51685,34.101673,29,739,3439,3038,0.22804508,0.31622797,42.5,1.1673896,-0.375,0,0,114.606575,4635,200,61.07548,137.31459,50.11888,833,0.5210264,1,0,0,1,0,0,0,0,0,0,0,0,0,0,0,0,0,0,0,1,0,1,0.25,4,3.09955159,1,27.26250076|58.29583359,7,27.26250076,58.29583359
S5459,1261,130.56738,3436.2678,183.53369,24.196665,,296,-647,4310,0.58436203,0.811493,1773.5,4.9342194,-0.5,0,0,66.01315,5316.4,200,53.722668,205.09613,49.632347,2003,0.20980686,0,1,0,1,0,0,0,0,0,0,0,0,0,0,0,0,0,0,0,0,1,1,0.25,1,1.791759469,8,-155.3125|19.82083321,1,-155.3125,19.82083321
S2219,865,105.5,809.0496,224.5,11.501673,61,919,3801,3088,0.487353,0.22629812,37,0.61984015,-0.25,0,2.1767347,44.05529,9033.2,200,39.535904,20.211758,60.658054,1024,0.50589156,0,1,0,1,0,0,0,0,0,1,0,0,0,0,0,0,0,0,0,0,0,4,0.25,4,3.449955817,2,4.987500191|50.87083435,6,4.987500191,50.87083435
S6827,735,60.5,695.017,212.51685,34.101673,29,739,3439,3038,0.22804508,0.31622797,42.5,1.1673896,-0.375,0,0,114.606575,4635,200,61.07548,137.31459,50.11888,833,0.5210264,1,0,0,1,0,0,0,0,0,0,0,0,0,0,0,0,0,0,0,1,0,1,0.25,4,2.663401468,3,27.26250076|58.29583359,7,27.26250076,58.29583359
S6614,1267,131.61621,3437.4023,183.5664,24.196665,,261,3851,6205,0.39932412,0.9167687,1745,5.119382,0.375,0,0,18.65031,6519.2,200,53.640045,224.0743,50.686573,2003,0.2097156,0,1,0,1,0,0,0,0,0,0,0,0,0,0,0,0,0,0,0,0,1,1,0.25,1,2.215501026,9,-155.3125|19.82916641,1,-155.3125,19.82916641
S5282,1254,121.61694,3193.9346,176.5835,24.396688,20,751,4018,3778,0.4215162,0.9067608,1941,5.4097967,2,0,0,8.919644,9833.6,199.96217,45.98457,166.13841,55.210518,2003,0.20980686,0,1,0,1,0,0,0,0,0,0,0,0,0,0,0,0,0,0,0,0,1,1,0.25,2,2.3271801,9,-155.3291626|19.82083321,1,-155.3291626,19.82083321
S4661,1176,185.51636,1544.9668,331.51636,41.198345,100,865,3407,2064,0.8974673,-0.44010708,125,1.8917987,0.6875,0,8.61727,3.3258667,4330,200,31.193157,17.314802,63.765278,1979,0.33031636,0,1,0,1,0,0,0,0,0,1,0,0,0,0,0,0,0,0,0,0,0,400,1.5,1,2.708050201,10,111.8708344|26.76250076,5,111.8708344,26.76250076
S5412,1382,85.41724,471.96622,280.43408,102.8033,64,635,2508,3838,-0.8713132,0.48861292,536,7.1493244,-6.625,0,0.6999393,1.1178666,3389,200,41.431786,24.024015,75.192154,964,0.48220846,1,0,0,1,0,0,1,0,0,0,0,0,0,0,0,0,0,0,0,0,0,100,0.5,4,2.197224577,4,119.1875|41.14583206,9,119.1875,41.14583206
S911,1542,254.51636,1661.1172,309.5332,58.79831,100,566,-869,1739,0.39610597,0.46497732,47.5,1.0901538,1.25,0,0.6428492,63.20569,8268.4,200,64.61186,17.398132,50.570114,1501,0.19866212,0,1,0,1,0,0,1,0,0,0,0,0,0,0,0,0,0,0,0,0,0,113,0.25,1,4.41984011,1,-6.529166698|5.012499809,8,-6.529166698,5.012499809
S2210,788,75.55005,923.1687,208.5498,21.495003,23,337,2957,4168,0.2377738,0.7446875,719.5,2.840636,4.875,0,0,94.26364,6773.6,200,25.25613,52.291485,56.456364,1291,0.49599174,1,0,0,1,0,0,0,0,0,0,0,0,0,1,0,0,0,0,0,0,0,1,0.6,4,3.044474844,5,9.462499619|48.46250153,7,9.462499619,48.46250153
S3521,1260,126.59985,3311.0686,180.5664,24.298332,,266,-809,5397,0.1786791,0.98317844,1849,5.4882984,-1.25,0,0,12.071645,11000.8,200,47.679646,182.91426,52.51077,2003,0.20980686,0,1,0,1,0,0,0,0,0,0,0,0,0,0,0,0,0,0,0,0,1,1,0.25,2,3.860498072,10,-155.3208313|19.82083321,1,-155.3208313,19.82083321
S5775,958,29.5,569.0999,213.4668,59.898327,,1175,3864,2576,-0.14153944,-0.73376215,903,2.668542,3.4375,0,0,146.0599,5424.6,200,39.11036,167.96982,52.762955,729,0.74041224,0,1,0,1,0,0,0,0,0,0,0,0,0,0,0,0,0,0,0,0,1,1,0.25,5,1.386294361,3,-118.7541656|54.52083206,8,-118.7541656,54.52083206
S6551,1266,136.55005,3570.5193,186.5498,23.998333,,266,3682,5493,0.36486655,0.9310581,1662.5,5.110835,-2.75,0,0,58.27413,11484.8,200,59.214035,235.09749,47.766872,2003,0.2097156,0,1,0,1,0,0,0,0,0,0,0,0,0,0,0,0,0,0,0,0,1,1,0.25,1,3.313785936,2,-155.3041687|19.82916641,1,-155.3041687,19.82916641
S1706,1785,266.45068,1037.85,338.45044,92.69666,29,405,1383,3468,-0.759599,-0.08566808,170.5,2.835381,-3.5625,0,0.35116723,18.525688,3909.2,200,68.24156,12.226941,59.132214,1082,0.2498696,0,1,0,1,0,0,0,0,0,0,0,0,0,0,0,0,0,0,0,0,1,100,2,2,3.33220451,1,-38.87916565|-4.479166508,2,-38.87916565,-4.479166508
S5017,2116,206.5,176.96652,360.5,54.60003,,1182,4587,4753,0.62896657,0.7774129,59.5,0.3527766,0.25,0,0.04957823,0,,200,66.34059,3.2373517,82.41239,905,0.20942658,1,0,1,0,0,0,0,0,0,0,0,0,0,0,0,0,1,0,0,0,0,100,3,12,0.6931471806,9,9.637499809|34.37916565,8,9.637499809,34.37916565
S3942,1217,170.3186,1484.144,308.28564,56.301678,51,420,2605,3683,-0.76546705,0.5538962,156.5,11.692974,-8.125,0,1.7802253,23.257778,7355,200,37.906075,22.567251,61.0164,2146,0.3654785,1,0,0,1,0,0,1,0,0,0,0,0,0,0,0,0,0,0,0,0,0,1,0.5,1,3.420967359,3,111.0541687|29.67083359,3,111.0541687,29.67083359
S5670,1447.9999,100.66748,543.4977,273.68433,41.39668,,492,1602,5658,0.6802275,-0.7045553,1652,15.049555,5.9375,0,0,70.813515,5953.8,190.95566,45.089645,39.135887,64.03502,2083,0.28689593,1,0,0,1,0,0,0,0,0,0,0,0,0,0,0,0,0,0,0,1,0,1,0.5,12,1.945481517,10,-2.837500095|37.40416718,10,-2.837500095,37.40416718
S4292,1764,247.5,1120.9666,331.5,86.6,18,357,1970,3870,0.31622726,0.35355365,28,0.18031488,0.25,40.384613,0,42.555023,8064.2,200,66.57472,12.886098,60.340347,1091,0.23175979,1,0,1,0,0,0,0,0,0,0,0,0,0,0,0,0,0,0,0,1,0,1,0.25,7,1.386294361,6,34.45416641|-18.9375,4,34.45416641,-18.9375
S2296,788,75.55005,923.1687,208.5498,21.495003,23,337,2957,4168,0.2377738,0.7446875,719.5,2.840636,4.875,0,0,94.26364,6773.6,200,25.25613,52.291485,56.456364,1291,0.49599174,1,0,0,1,0,0,0,0,0,0,0,0,0,1,0,0,0,0,0,0,0,1,0.6,4,3.409463144,6,9.462499619|48.46250153,7,9.462499619,48.46250153
S1196,1437,225.5166,1862.2842,310.48364,71.59833,90,408,571,4061,-0.6819443,0.29850993,68.5,0.8141887,-2.25,0,1.2044475,19.366222,5170.2,200,40.999283,26.948431,59.499744,2063,0.24840274,0,1,1,0,0,0,0,0,0,1,0,0,0,0,0,0,0,0,0,0,0,100,0.25,1,4.477302742,4,109.1875|22.41250038,10,109.1875,22.41250038
S5953,551,3.5,693.0837,153.5,30.593302,,635,3114,3183,-0.7071073,-0.70710623,60.5,0.3139423,-0.1875,100,0,63.243378,3694.6,200,53.77263,102.86395,51.237926,599,0.5492838,0,1,0,1,0,0,0,0,0,0,0,0,0,0,0,0,0,0,0,0,1,100,2,11,1.791759469,4,24.78750038|70.14583588,10,24.78750038,70.14583588
S3357,1429,149.48315,660.0164,312.5,94.79835,100,549,2583,3400,-0.31622744,-0.19611552,66,0.11079043,-0.1875,0,5.350306,0,3098.8,200,24.564615,15.790176,83.820564,1169,0.41194895,1,0,0,1,0,0,0,0,0,1,0,0,0,0,0,0,0,0,0,0,0,47.5,0.5,4,3.766974124,7,114.5625|35.01250076,9,114.5625,35.01250076
S1238,1271,183.5,1647.4989,336.5,47.501644,100,820,2297,2749,0.67259145,0.7400106,59,0.51373816,-0.75,0,1.8910588,2.1731555,5050.8,200,31.271835,16.40778,57.5622,2200,0.36631495,0,1,0,1,0,0,0,0,0,1,0,0,0,0,0,0,0,0,0,0,0,400,1.5,1,3.238678452,5,119.6208344|29.02083397,3,119.6208344,29.02083397
S5244,1254,121.61694,3193.9346,176.5835,24.396688,20,751,4018,3778,0.4215162,0.9067608,1941,5.4097967,2,0,0,8.919644,9833.6,199.96217,45.98457,166.13841,55.210518,2003,0.20980686,0,1,0,1,0,0,0,0,0,0,0,0,0,0,0,0,0,0,0,0,1,1,0.25,2,3.065817865,2,-155.3291626|19.82083321,1,-155.3291626,19.82083321
S1207,1322,191.5,1929.0844,336.51685,57.60003,94,977,1966,1999,0.3420723,0.12746729,46.5,0.6154061,1.75,0,5.169994,2.119111,4948.8,200,38.15586,14.091771,51.42794,2054,0.37536183,0,1,0,1,0,0,0,0,0,1,0,0,0,0,0,0,0,0,0,0,0,400,1.5,4,3.300455812,8,116.9041672|28.26250076,7,116.9041672,28.26250076
S3493,1266,136.55005,3570.5193,186.5498,23.998333,,266,3682,5493,0.36486655,0.9310581,1662.5,5.110835,-2.75,0,0,58.27413,11484.8,200,59.214035,235.09749,47.766872,2003,0.2097156,0,1,0,1,0,0,0,0,0,0,0,0,0,0,0,0,0,0,0,0,1,1,0.25,1,2.915985304,6,-155.3041687|19.82916641,1,-155.3041687,19.82916641
S5049,931,17.5,447.79868,220.51685,45.40332,,520,1847,2230,0.8691163,-0.48879364,688,0.56365883,-0.1875,0,0.2083459,93.97315,6244.2,200,41.30245,163.83438,58.138805,659,0.707645,0,1,0,1,0,0,0,0,0,0,0,0,0,0,0,0,0,0,0,0,1,1,0.25,6,2.351279976,3,-119.0958328|56.24583435,7,-119.0958328,56.24583435
S6384,965,8.549561,692.0508,192.5332,63.603344,,1038,-295,2246,0.32847303,-0.4056939,1318.5,3.926982,4.625,0,0,130.72337,5084,200,35.498493,184.18054,51.360176,855,0.71377885,0,1,0,1,0,0,0,0,0,0,0,0,0,0,0,0,0,0,0,0,1,1,0.25,5,0.6931471806,4,-118.4875031|54.16249847,8,-118.4875031,54.16249847
S4370,1267,131.61621,3437.4023,183.5664,24.196665,,261,3851,6205,0.39932412,0.9167687,1745,5.119382,0.375,0,0,18.65031,6519.2,200,53.640045,224.0743,50.686573,2003,0.2097156,0,1,0,1,0,0,0,0,0,0,0,0,0,0,0,0,0,0,0,0,1,1,0.25,1,3.157000421,7,-155.3125|19.82916641,1,-155.3125,19.82916641
S3198,2034,204.4834,413.21716,317.49976,87.69501,,601,2520,4216,-0.9861207,0.1654717,400,0.6562494,0.0625,0,0,36.548622,4887.2,200,53.70597,18.287632,68.13992,1208,0.16873753,0,1,0,1,0,0,0,0,0,0,0,0,0,0,0,0,0,0,0,0,1,100,5,7,0.6931471806,7,-66.26249695|-28.87916756,5,-66.26249695,-28.87916756
S6748,1254,121.61694,3193.9346,176.5835,24.396688,20,751,4018,3778,0.4215162,0.9067608,1941,5.4097967,2,0,0,8.919644,9833.6,199.96217,45.98457,166.13841,55.210518,2003,0.20980686,0,1,0,1,0,0,0,0,0,0,0,0,0,0,0,0,0,0,0,0,1,1,0.25,2,2.799595711,3,-155.3291626|19.82083321,1,-155.3291626,19.82083321
S3376,669,64.4668,594.0667,193.44995,29.000027,,617,-1691,2624,-0.80664515,-0.55662215,0,0.23026973,-0.3125,100,0.08949767,42.418312,6185.6,139.22382,58.24528,107.4457,55.40129,742,0.6560527,0,1,0,1,0,0,0,0,0,0,0,0,0,0,0,0,0,0,0,1,0,1,0.265,4,3.481147769,9,19.78750038|60.36249924,9,19.78750038,60.36249924
S981,1294,130.38379,884.7335,186.38379,36.20167,47,1844,4602,1848,0.003792204,-0.6507828,2581.5,5.0891933,-8.3125,0,1.582105,10.342755,9921.6,200,44.00792,49.465843,57.01145,2095,0.33734846,0,1,0,1,0,0,0,0,0,0,0,0,0,0,0,0,0,0,0,0,1,100,5,1,3.349904087,8,-73.78749847|5.095833302,7,-73.78749847,5.095833302
S6304,942,10.533447,562.73254,193.56665,56.010002,,753,2920,3863,0.96480006,0.09124126,1323.5,2.2123065,2.25,0,0,101.49511,4379,194.05327,37.209507,182.86855,53.889946,855,0.7052143,0,1,0,1,0,0,0,0,0,0,0,0,0,0,0,0,0,0,0,0,1,1,0.25,5,1.098612289,5,-118.6041641|53.87916565,8,-118.6041641,53.87916565
S5511,1260,126.59985,3311.0686,180.5664,24.298332,,266,-809,5397,0.1786791,0.98317844,1849,5.4882984,-1.25,0,0,12.071645,11000.8,200,47.679646,182.91426,52.51077,2003,0.20980686,0,1,0,1,0,0,0,0,0,0,0,0,0,0,0,0,0,0,0,0,1,1,0.25,2,2.890316231,4,-155.3208313|19.82083321,1,-155.3208313,19.82083321
S5889,1447.9999,100.66748,543.4977,273.68433,41.39668,,492,1602,5658,0.6802275,-0.7045553,1652,15.049555,5.9375,0,0,70.813515,5953.8,190.95566,45.089645,39.135887,64.03502,2083,0.28689593,1,0,0,1,0,0,0,0,0,0,0,0,0,0,0,0,0,0,0,1,0,1,0.5,12,2.772588722,1,-2.837500095|37.40416718,10,-2.837500095,37.40416718
S2495,1244,142.5,606.9831,298.4668,77.69829,100,1548,2660,1145,-0.9095323,-0.35334596,517,1.1950842,1,0,140.00677,0,,200,29.076893,15.165628,79.2258,1724,0.48846725,0,1,1,0,0,0,0,0,0,1,0,0,0,0,0,0,0,0,0,0,0,16,1.5,4,3.555348061,10,108.0625|34.28749847,6,108.0625,34.28749847
S3402,1266,136.55005,3570.5193,186.5498,23.998333,,266,3682,5493,0.36486655,0.9310581,1662.5,5.110835,-2.75,0,0,58.27413,11484.8,200,59.214035,235.09749,47.766872,2003,0.2097156,0,1,0,1,0,0,0,0,0,0,0,0,0,0,0,0,0,0,0,0,1,1,0.25,1,2.397622485,9,-155.3041687|19.82916641,1,-155.3041687,19.82916641
S6570,1266,136.55005,3570.5193,186.5498,23.998333,,266,3682,5493,0.36486655,0.9310581,1662.5,5.110835,-2.75,0,0,58.27413,11484.8,200,59.214035,235.09749,47.766872,2003,0.2097156,0,1,0,1,0,0,0,0,0,0,0,0,0,0,0,0,0,0,0,0,1,1,0.25,1,3.428001602,10,-155.3041687|19.82916641,1,-155.3041687,19.82916641
S935,986,85.5,1211.318,261.48364,7.9,,473,818,2870,-0.91299415,0.40752846,325,1.7175539,-1.1875,0,2.2223876,78.33369,8275.4,200,56.90684,107.66652,49.993156,1173,0.6622795,0,1,0,1,0,0,0,0,0,0,0,0,0,0,0,0,0,0,0,1,0,100,0.25,4,1.609437912,1,-72.1875|42.48749924,3,-72.1875,42.48749924
S5157,1037,77.51611,429.00092,241.53296,83.005,48,562,2265,4545,-0.86308813,0.4584255,1827.5,8.419848,-6.25,0,1.0986795,0,3614.6,200,33.749454,24.827986,79.398254,1281,0.3639283,1,0,0,1,0,0,1,0,0,0,0,0,0,0,0,0,0,0,0,0,0,100,0.5,10,3.572064704,8,105.6708298|35.54583359,4,105.6708298,35.54583359
S7108,1447.9999,100.66748,543.4977,273.68433,41.39668,,492,1602,5658,0.6802275,-0.7045553,1652,15.049555,5.9375,0,0,70.813515,5953.8,190.95566,45.089645,39.135887,64.03502,2083,0.28689593,1,0,0,1,0,0,0,0,0,0,0,0,0,0,0,0,0,0,0,1,0,1,0.5,12,2.014636338,2,-2.837500095|37.40416718,10,-2.837500095,37.40416718
S4132,1266,136.55005,3570.5193,186.5498,23.998333,,266,3682,5493,0.36486655,0.9310581,1662.5,5.110835,-2.75,0,0,58.27413,11484.8,200,59.214035,235.09749,47.766872,2003,0.2097156,0,1,0,1,0,0,0,0,0,0,0,0,0,0,0,0,0,0,0,0,1,1,0.25,1,2.707983505,1,-155.3041687|19.82916641,1,-155.3041687,19.82916641
S4677,793,30.5,549.0337,233.5,34.60165,,535,3143,3772,-0.27054465,-0.88735473,130,0.4648667,-0.625,0,0,100.22578,3946.8,200,50.656994,159.07602,53.04971,712,0.4769449,0,1,0,1,0,0,0,0,0,0,0,0,0,0,0,0,0,0,0,0,1,100,2,4,2.724513901,2,53.16249847|57.09583282,8,53.16249847,57.09583282
S2294,788,75.55005,923.1687,208.5498,21.495003,23,337,2957,4168,0.2377738,0.7446875,719.5,2.840636,4.875,0,0,94.26364,6773.6,200,25.25613,52.291485,56.456364,1291,0.49599174,1,0,0,1,0,0,0,0,0,0,0,0,0,1,0,0,0,0,0,0,0,1,0.6,4,2.970414466,3,9.462499619|48.46250153,7,9.462499619,48.46250153
S3142,1260,126.59985,3311.0686,180.5664,24.298332,,266,-809,5397,0.1786791,0.98317844,1849,5.4882984,-1.25,0,0,12.071645,11000.8,200,47.679646,182.91426,52.51077,2003,0.20980686,0,1,0,1,0,0,0,0,0,0,0,0,0,0,0,0,0,0,0,0,1,1,0.25,2,3.090997023,5,-155.3208313|19.82083321,1,-155.3208313,19.82083321
S2401,1285,212.39966,1101.651,304.39966,84.50333,64,390,2268,3493,-0.3359251,-0.94127095,600.5,10.440117,5.25,7.692308,1.3116001,25.969421,8134,199.20496,33.08216,22.973726,63.68096,2575.2415,0.3041404,0,1,1,0,0,0,0,0,0,1,0,0,0,0,0,0,0,0,0,0,0,100,0.25,1,4.204573161,2,105.4791641|24.75416756,3,105.4791641,24.75416756
S3023,1464,145.5,752.98334,305.5,93.80335,100,574,399,3393,-0.7071069,-0.5144949,46,0.12750208,-0.125,0,3.145901,0.29155555,4255.6,200,26.410366,10.386083,78.58115,1249,0.4378763,0,1,0,1,0,0,0,0,0,1,0,0,0,0,0,0,0,0,0,0,0,10000,0.5,4,3.873760256,4,117.0708313|35.00416565,10,117.0708313,35.00416565
S4221,1793,247.5166,1121.9666,331.5,86.298355,37,493,4036,3747,0.9023962,-0.2561731,26,0.23116592,0.0625,19.23077,0,31.976534,7664.4,200,64.93718,14.499379,61.733574,1588,0.23161153,1,0,0,1,0,0,0,0,0,0,0,0,0,0,0,0,0,0,0,1,0,1,0.25,7,2.302585093,8,34.37916565|-18.92916679,4,34.37916565,-18.92916679
S3002,1261,130.56738,3436.2678,183.53369,24.196665,,296,-647,4310,0.58436203,0.811493,1773.5,4.9342194,-0.5,0,0,66.01315,5316.4,200,53.722668,205.09613,49.632347,2003,0.20980686,0,1,0,1,0,0,0,0,0,0,0,0,0,0,0,0,0,0,0,0,1,1,0.25,1,2.957407117,3,-155.3125|19.82083321,1,-155.3125,19.82083321
S1114,1557,110.5,180,334.5,26.998302,,186,-630,9410,0.45413274,-0.08219991,408,0.3547815,-0.1875,0,0,0,1070.2,200,45.673363,18.964066,79.87529,633,0.49360615,0,1,0,1,0,0,0,0,0,0,0,0,0,0,0,0,0,0,0,0,1,100,5,13,1.791759469,3,75.52083588|44.41249847,4,75.52083588,44.41249847
S3150,2107,190.50024,247.96658,351.5332,51.903328,,568,-545,5957,0.8237654,-0.56563044,370,1.8352439,0.875,0,0.015317044,0,1523,199.99945,59.605434,5.317409,81.19905,905,0.20560049,1,0,0,1,0,0,0,0,0,0,0,0,0,0,0,0,1,0,0,0,0,100,3,12,1.098612289,3,9.612500191|34.52916718,8,9.612500191,34.52916718
S3828,1752,228.51758,3010.8481,293.50073,60.403343,,340,3260,4943,-0.42959815,-0.8653791,478.5,8.031979,9.6875,0,0.00077033695,155.6377,10807.2,147.64949,40.276535,48.29918,60.052307,4314,0.2941719,0,1,0,1,0,0,0,0,0,0,0,0,0,0,0,0,0,0,0,0,1,100,2,1,3.806573561,4,-91.3125|16.15416718,7,-91.3125,16.15416718
S1664,1244,142.5,606.9831,298.4668,77.69829,100,1548,2660,1145,-0.9095323,-0.35334596,517,1.1950842,1,0,140.00677,0,,200,29.076893,15.165628,79.2258,1724,0.48846725,0,1,1,0,0,0,0,0,0,1,0,0,0,0,0,0,0,0,0,0,0,16,1.5,4,3.068052935,5,108.0625|34.28749847,6,108.0625,34.28749847
S6844,1445,139.60059,2290.9111,222.51709,60.494926,47,491,2879,3304,0.7653936,-0.50488853,1113.5,13.526806,0.1875,0,0.00907525,0,19617.2,192.6324,34.050858,135.42926,50.493317,2376,0.17075992,0,1,0,1,0,0,0,0,0,0,0,0,0,0,0,0,0,0,0,0,1,100,2,4,2.638271329,6,-16.88750076|32.72916794,5,-16.88750076,32.72916794
S1746,1254,121.61694,3193.9346,176.5835,24.396688,20,751,4018,3778,0.4215162,0.9067608,1941,5.4097967,2,0,0,8.919644,9833.6,199.96217,45.98457,166.13841,55.210518,2003,0.20980686,0,1,0,1,0,0,0,0,0,0,0,0,0,0,0,0,0,0,0,0,1,1,0.25,2,3.20270583,6,-155.3291626|19.82083321,1,-155.3291626,19.82083321
S1987,1016,27.5,611.9833,260.5,101.90165,82,447,-1838,3579,0.948683,0.22603233,181,0.4860368,-0.625,0,1.3502684,2.2652445,2804,200,23.753923,72.93048,62.35313,877,0.32716268,0,1,0,1,0,0,0,0,0,1,0,0,0,0,0,0,0,0,0,0,0,100,0.5,4,3.713230546,7,127.6541672|46.94583511,2,127.6541672,46.94583511
S1278,1690,179.49951,749.9839,265.46606,89.896675,8,323,22,4274,0.9096192,-0.27847412,125.5,5.4872227,-6.625,0,0.96898043,57.91751,12470.6,199.42862,43.491264,33.392197,65.73478,2197,0.15417773,0,1,0,1,0,0,0,0,0,0,0,0,0,0,0,0,0,0,0,0,1,100,5,12,4.110873864,4,23.80416679|35.46250153,4,23.80416679,35.46250153
S2693,1021.99994,-1.3825684,1379.0079,187.63428,22.596657,,1769,1322,2437,0.53414994,0.7705729,2094.5,18.36282,-15.4375,0,0,1.0808889,1251.4,61.5736,43.513676,120.381424,57.67844,1018,0.48781145,1,0,0,1,0,0,0,0,0,0,0,0,0,0,0,0,0,0,1,0,0,1,0.25,5,1.098612289,6,-113.3458328|48.46250153,2,-113.3458328,48.46250153
S1918,1386,128.5,667.00006,303.5,102.801674,100,1147,-456,995,-0.5144961,-0.09805745,24,0.19566356,0.375,0,4.905541,0,5356,200,47.202003,10.502928,71.253746,1259,0.37465638,0,1,0,1,0,0,0,0,0,1,0,0,0,0,0,0,0,0,0,0,0,10000,0.5,4,3.663536019,8,119.9791641|36.66249847,2,119.9791641,36.66249847
S892,617,33.36548,1849.6309,104.36572,21.3,,1928,3403,1278,-0.94517773,0.32158563,122.5,10.079327,-1,0,0,0.3712,3493.4,171.34186,58.9929,106.62972,57.72713,511,0.41926262,0,1,0,1,0,0,0,0,0,0,0,0,0,0,0,0,0,0,0,0,1,100,5,6,3.555348061,4,-23.29583359|64.85416412,4,-23.29583359,64.85416412
S2689,921,66.5,1030.0669,257.4834,14.9,76,384,-542,2795,-0.31622744,0.7071071,17.5,0.13480535,-0.0625,0,0.6216277,0.86844444,4559.8,200,37.614765,99.281906,62.548576,1233,0.7181875,1,0,1,0,0,0,0,0,0,0,0,0,0,0,0,0,0,1,0,0,0,100,0.5,4,3.304906732,9,-73.37083435|45.72083282,10,-73.37083435,45.72083282
S1652,1365,176.5,1743.864,326.5,46.199974,100,575,3615,3060,0.9093131,0.31324893,40,1.2074372,-0.0625,0,3.4024177,0.5575111,3527.6,200,24.517826,16.358006,59.38554,2138,0.39387298,0,1,0,1,0,1,0,0,0,0,0,0,0,0,0,0,0,0,0,0,0,100,0.5,4,2.772588722,10,115.7208328|29.28750038,6,115.7208328,29.28750038
S2973,675,61.5,593.9835,170.48315,31.2,,1752,3702,1481,-0.36264205,-0.7482291,10,0.237905,-0.25,0,0.12827165,46.171734,6615.2,152.70522,58.94751,78.97082,54.888958,,0.62720597,0,1,0,1,0,0,0,0,0,0,0,0,0,0,0,0,0,0,0,1,0,1,0.265,4,3.37046319,1,20.27083397|60.13750076,9,20.27083397,60.13750076
S5911,1266,136.55005,3570.5193,186.5498,23.998333,,266,3682,5493,0.36486655,0.9310581,1662.5,5.110835,-2.75,0,0,58.27413,11484.8,200,59.214035,235.09749,47.766872,2003,0.2097156,0,1,0,1,0,0,0,0,0,0,0,0,0,0,0,0,0,0,0,0,1,1,0.25,1,2.1964465,5,-155.3041687|19.82916641,1,-155.3041687,19.82916641
S2935,1521,241.53345,1816.0668,327.50024,53.801674,,196,2761,6262,-0.8491678,0.059839655,566.5,2.6053667,2.125,0,0.043193646,256.05228,9742.4,200,53.47408,23.145147,53.000004,1069,0.29250604,0,1,0,1,0,0,0,0,0,0,0,0,0,0,0,0,0,0,0,0,1,100,5,1,3.384322437,6,17.90416718|3.879166603,7,17.90416718,3.879166603
S7231,735,60.5,695.017,212.51685,34.101673,29,739,3439,3038,0.22804508,0.31622797,42.5,1.1673896,-0.375,0,0,114.606575,4635,200,61.07548,137.31459,50.11888,833,0.5210264,1,0,0,1,0,0,0,0,0,0,0,0,0,0,0,0,0,0,0,1,0,1,0.25,4,2.077690016,2,27.26250076|58.29583359,7,27.26250076,58.29583359
S4498,965,8.549561,692.0508,192.5332,63.603344,,1038,-295,2246,0.32847303,-0.4056939,1318.5,3.926982,4.625,0,0,130.72337,5084,200,35.498493,184.18054,51.360176,855,0.71377885,0,1,0,1,0,0,0,0,0,0,0,0,0,0,0,0,0,0,0,0,1,1,0.25,5,1.791759469,7,-118.4875031|54.16249847,8,-118.4875031,54.16249847
S6753,1260,126.59985,3311.0686,180.5664,24.298332,,266,-809,5397,0.1786791,0.98317844,1849,5.4882984,-1.25,0,0,12.071645,11000.8,200,47.679646,182.91426,52.51077,2003,0.20980686,0,1,0,1,0,0,0,0,0,0,0,0,0,0,0,0,0,0,0,0,1,1,0.25,2,2.771650761,7,-155.3208313|19.82083321,1,-155.3208313,19.82083321
S2876,1266,136.55005,3570.5193,186.5498,23.998333,,266,3682,5493,0.36486655,0.9310581,1662.5,5.110835,-2.75,0,0,58.27413,11484.8,200,59.214035,235.09749,47.766872,2003,0.2097156,0,1,0,1,0,0,0,0,0,0,0,0,0,0,0,0,0,0,0,0,1,1,0.25,1,2.708050201,7,-155.3041687|19.82916641,1,-155.3041687,19.82916641
S3096,1733,251.5,1586.235,295.5,80.00168,100,705,-149,2644,0.92268175,-0.24398871,36,0.74591506,-0.5625,0,1.8449624,0.27733332,6916.8,200,56.49613,20.884802,60.302635,2110,0.20654473,0,1,1,0,0,0,0,0,0,1,0,0,0,0,0,0,0,0,0,0,0,100,0.25,1,4.29591034,8,108.9791641|18.46249962,8,108.9791641,18.46249962
S1172,1266,136.55005,3570.5193,186.5498,23.998333,,266,3682,5493,0.36486655,0.9310581,1662.5,5.110835,-2.75,0,0,58.27413,11484.8,200,59.214035,235.09749,47.766872,2003,0.2097156,0,1,0,1,0,0,0,0,0,0,0,0,0,0,0,0,0,0,0,0,1,1,0.25,1,2.890371758,9,-155.3041687|19.82916641,1,-155.3041687,19.82916641
S5610,1674,238.5498,1491.8004,307.5498,57.89334,6,414,3445,3516,0.6898899,0.69499516,186.5,3.2669106,-1.625,0,0,118.42133,14946,186.96185,41.071487,37.612854,60.86454,2228,0.1509475,0,1,0,1,0,0,0,0,0,0,0,0,0,0,0,0,0,0,0,0,1,100,2,3,3.328555027,8,-83.70417023|22.54583359,8,-83.70417023,22.54583359
S4441,1647,91.48364,196.93271,298.48315,98.79668,,998,2951,5637,-0.703059,0.7095098,1254,0.8796911,-0.4375,0,2.1e-06,0,,200,48.935837,6,83.036896,732,0.3942679,0,1,1,0,0,0,0,0,0,0,0,0,0,0,0,1,0,0,0,0,0,400,1,10,0.6931471806,9,106.9041672|39.51250076,5,106.9041672,39.51250076
S5118,813,83.499756,628.3523,216.48315,14.298355,72,754,3960,1958,0.9513384,0.054338474,294.5,2.8189611,1.4375,0,0.498069,39.86969,6268,200,27.55997,33.30711,64.04292,1228,0.48777267,1,0,0,1,0,0,0,0,0,0,0,0,1,0,0,0,0,0,0,0,0,1,1,4,2.772588722,3,10.42083359|51.27083206,10,10.42083359,51.27083206
S5378,1327,191.5,1941.051,336.51636,57.60003,100,999,2618,2242,0.5091826,-0.7932427,43.5,0.5334732,-0.9375,0,3.2383745,7.4304,4882.4,200,39.634926,14.325562,52.512775,2054,0.37538487,0,1,0,1,0,0,0,0,0,1,0,0,0,0,0,0,0,0,0,0,0,400,1.5,4,3.241341601,4,116.9124985|28.25416756,7,116.9124985,28.25416756
S1183,1588,237.5166,1957.2351,319.4834,70.60167,59,365,-443,3647,0.7517489,-0.59853035,183,1.259913,0.4375,0,2.2867556,50.944534,7720.8,200,54.1918,18.703066,52.591488,3112,0.21040747,0,1,1,0,0,0,0,0,0,1,0,0,0,0,0,0,0,0,0,0,0,100,0.25,1,3.741590515,10,109.5791702|19.42916679,2,109.5791702,19.42916679
S4386,1266,136.55005,3570.5193,186.5498,23.998333,,266,3682,5493,0.36486655,0.9310581,1662.5,5.110835,-2.75,0,0,58.27413,11484.8,200,59.214035,235.09749,47.766872,2003,0.2097156,0,1,0,1,0,0,0,0,0,0,0,0,0,0,0,0,0,0,0,0,1,1,0.25,1,2.832978039,1,-155.3041687|19.82916641,1,-155.3041687,19.82916641
S6178,1254,121.61694,3193.9346,176.5835,24.396688,20,751,4018,3778,0.4215162,0.9067608,1941,5.4097967,2,0,0,8.919644,9833.6,199.96217,45.98457,166.13841,55.210518,2003,0.20980686,0,1,0,1,0,0,0,0,0,0,0,0,0,0,0,0,0,0,0,0,1,1,0.25,2,3.266713169,8,-155.3291626|19.82083321,1,-155.3291626,19.82083321
S2978,1448,142.5,485.01672,324.5,107.703354,100,663,2901,3549,3.14e-07,0.38172084,44.5,0.11079043,-0.0625,0,4.653104,0.9671111,3641.4,200,34.37165,16.335258,82.07429,1082,0.40585068,0,1,0,1,0,0,0,0,0,1,0,0,0,0,0,0,0,0,0,0,0,10000,0.5,4,3.793149373,5,114.8291702|37.83750153,4,114.8291702,37.83750153
S1735,1425,177.41724,779.73157,286.417,48.401672,58,783,278,2545,-0.7760674,0.6298202,76,2.8819964,-4.5,0,0.34398142,19.1616,8441,200,36.834293,20.159712,74.93907,1965,0.18426913,0,1,0,1,0,0,0,0,0,0,0,0,0,0,0,0,0,0,0,1,0,1,0.25,12,3.784189634,5,3.020833254|39.83750153,4,3.020833254,39.83750153
S1328,1022.00006,63.76709,3364.8438,110.78369,28.11,,291,1643,6444,0.7363173,0.5876686,3980,6.594829,8,0,0,5.4165335,2981,94.19073,49.937263,221.82906,53.577164,2696,0.38113263,0,1,0,1,0,0,0,0,0,0,0,0,0,0,0,0,0,0,0,0,1,100,2,1,1.386294361,2,-75.25416565|4.870833397,7,-75.25416565,4.870833397
S7092,735,60.5,695.017,212.51685,34.101673,29,739,3439,3038,0.22804508,0.31622797,42.5,1.1673896,-0.375,0,0,114.606575,4635,200,61.07548,137.31459,50.11888,833,0.5210264,1,0,0,1,0,0,0,0,0,0,0,0,0,0,0,0,0,0,0,1,0,1,0.25,4,1.609437912,6,27.26250076|58.29583359,7,27.26250076,58.29583359
S4594,1266,136.55005,3570.5193,186.5498,23.998333,,266,3682,5493,0.36486655,0.9310581,1662.5,5.110835,-2.75,0,0,58.27413,11484.8,200,59.214035,235.09749,47.766872,2003,0.2097156,0,1,0,1,0,0,0,0,0,0,0,0,0,0,0,0,0,0,0,0,1,1,0.25,1,2.564795511,3,-155.3041687|19.82916641,1,-155.3041687,19.82916641
S3956,1260,37.516846,377.0332,248.5,104.70003,48,746,3307,3786,0.99033046,0.085675746,1343,0.9043521,-0.625,0,0.004994868,0,2068.2,200,49.571487,14.233843,79.75255,888,0.3697996,1,0,0,1,0,0,0,0,0,0,0,0,0,0,0,0,0,0,0,1,0,100,0.5,8,3.401164066,8,116.2791672|42.02916718,9,116.2791672,42.02916718
S6709,1266,136.55005,3570.5193,186.5498,23.998333,,266,3682,5493,0.36486655,0.9310581,1662.5,5.110835,-2.75,0,0,58.27413,11484.8,200,59.214035,235.09749,47.766872,2003,0.2097156,0,1,0,1,0,0,0,0,0,0,0,0,0,0,0,0,0,0,0,0,1,1,0.25,1,2.871528645,4,-155.3041687|19.82916641,1,-155.3041687,19.82916641
S2846,872,104.500244,809.06665,223.51685,11.4,64,978,4425,2119,0.8157692,-0.5783669,44,1.1553187,-1.25,0,1.6614289,10.637156,6488.2,200,24.18042,17.929396,63.8059,1024,0.50734645,0,1,0,1,0,0,0,0,0,1,0,0,0,0,0,0,0,0,0,0,0,4,0.25,4,3.277144733,7,4.9375|50.84583282,6,4.9375,50.84583282
S3144,788,75.55005,923.1687,208.5498,21.495003,23,337,2957,4168,0.2377738,0.7446875,719.5,2.840636,4.875,0,0,94.26364,6773.6,200,25.25613,52.291485,56.456364,1291,0.49599174,1,0,0,1,0,0,0,0,0,0,0,0,0,1,0,0,0,0,0,0,0,1,0.6,4,3.470847801,8,9.462499619|48.46250153,7,9.462499619,48.46250153
S6799,1254,121.61694,3193.9346,176.5835,24.396688,20,751,4018,3778,0.4215162,0.9067608,1941,5.4097967,2,0,0,8.919644,9833.6,199.96217,45.98457,166.13841,55.210518,2003,0.20980686,0,1,0,1,0,0,0,0,0,0,0,0,0,0,0,0,0,0,0,0,1,1,0.25,2,2.740581945,9,-155.3291626|19.82083321,1,-155.3291626,19.82083321
S1977,1223,257.5,3326.3838,298.5,28.8,15,261,549,3780,0.25253382,-0.8396103,87,0.8394823,-1,0,2.1806555,178.27112,8433.2,200,37.59015,55.7022,44.52538,1423,0.28181005,0,1,0,1,0,0,0,0,0,0,0,0,0,0,0,0,0,0,0,0,1,100,5,1,3.860645463,5,-69.9458313|-4.120833397,4,-69.9458313,-4.120833397
S5212,1267,131.61621,3437.4023,183.5664,24.196665,,261,3851,6205,0.39932412,0.9167687,1745,5.119382,0.375,0,0,18.65031,6519.2,200,53.640045,224.0743,50.686573,2003,0.2097156,0,1,0,1,0,0,0,0,0,0,0,0,0,0,0,0,0,0,0,0,1,1,0.25,1,2.831034519,6,-155.3125|19.82916641,1,-155.3125,19.82916641
S2045,865,105.5,809.0496,224.5,11.501673,61,919,3801,3088,0.487353,0.22629812,37,0.61984015,-0.25,0,2.1767347,44.05529,9033.2,200,39.535904,20.211758,60.658054,1024,0.50589156,0,1,0,1,0,0,0,0,0,1,0,0,0,0,0,0,0,0,0,0,0,4,0.25,4,3.417726684,9,4.987500191|50.87083435,6,4.987500191,50.87083435
S2102,1792,247.5,1122.983,331.5,86.30165,29,686,2925,2235,-0.10905862,0.38172087,28.5,0.3553965,-0.3125,26.923079,0,38.029865,7577.2,200,66.693214,13.15846,61.03452,1579.8047,0.23161153,1,0,0,1,0,0,0,0,0,0,0,0,0,0,0,0,0,0,0,1,0,1,0.25,7,3.258058097,9,34.37916565|-18.9375,4,34.37916565,-18.9375
S1836,1267,131.61621,3437.4023,183.5664,24.196665,,261,3851,6205,0.39932412,0.9167687,1745,5.119382,0.375,0,0,18.65031,6519.2,200,53.640045,224.0743,50.686573,2003,0.2097156,0,1,0,1,0,0,0,0,0,0,0,0,0,0,0,0,0,0,0,0,1,1,0.25,1,3.331847295,7,-155.3125|19.82916641,1,-155.3125,19.82916641
S4049,788,75.55005,923.1687,208.5498,21.495003,23,337,2957,4168,0.2377738,0.7446875,719.5,2.840636,4.875,0,0,94.26364,6773.6,200,25.25613,52.291485,56.456364,1291,0.49599174,1,0,0,1,0,0,0,0,0,0,0,0,0,1,0,0,0,0,0,0,0,1,0.6,4,3.33220451,10,9.462499619|48.46250153,7,9.462499619,48.46250153
S904,1552,256.4834,1404.184,321.4834,47.101643,100,581,1947,2739,0.56720686,0.285155,219.5,1.7455003,2.1875,0,6.558103,71.30009,7938.6,200,63.427197,16.77229,54.996998,1152,0.23194365,0,1,0,1,0,0,1,0,0,0,0,0,0,0,0,0,0,0,0,0,0,113,0.25,1,4.46475805,8,-6.504166603|6.129166603,8,-6.504166603,6.129166603
S3383,1760,244.48364,1222.2501,326.48364,85.90001,,324,260,4038,-0.18569498,0.86760217,95.5,1.0685066,-0.5,48.076923,0.27658707,42.833424,7585.6,199.90366,69.647675,17.959805,60.28013,1588,0.23592591,1,0,0,1,0,0,0,0,0,0,0,0,0,0,0,0,0,0,0,1,0,1,0.25,7,3.55497655,10,34.22916794|-19.00416756,4,34.22916794,-19.00416756
S4486,1266,136.55005,3570.5193,186.5498,23.998333,,266,3682,5493,0.36486655,0.9310581,1662.5,5.110835,-2.75,0,0,58.27413,11484.8,200,59.214035,235.09749,47.766872,2003,0.2097156,0,1,0,1,0,0,0,0,0,0,0,0,0,0,0,0,0,0,0,0,1,1,0.25,1,2.995732274,9,-155.3041687|19.82916641,1,-155.3041687,19.82916641
S6447,953,31.466797,529.0332,217.46704,49.198322,,598,3200,4121,-0.90916264,0.41643113,803,2.488282,-0.5625,0,0,100.69778,4763.4,200,45.198517,191.8483,53.461014,707,0.7212237,0,1,0,1,0,0,0,0,0,0,0,0,0,0,0,0,0,0,0,0,1,1,0.25,6,2.193997174,5,-119.6791687|54.8125,6,-119.6791687,54.8125
S6975,1267,131.61621,3437.4023,183.5664,24.196665,,261,3851,6205,0.39932412,0.9167687,1745,5.119382,0.375,0,0,18.65031,6519.2,200,53.640045,224.0743,50.686573,2003,0.2097156,0,1,0,1,0,0,0,0,0,0,0,0,0,0,0,0,0,0,0,0,1,1,0.25,1,2.771337912,10,-155.3125|19.82916641,1,-155.3125,19.82916641
S2912,873,105.483154,813.0501,224.48315,11.5,59,788,3436,1770,-0.68436384,0.4183836,37,0.53044504,-1.125,0,0.27997532,32.833424,6597.2,200,27.496218,18.358847,61.38324,1024,0.5058858,0,1,0,1,0,0,0,0,0,1,0,0,0,0,0,0,0,0,0,0,0,4,0.25,4,3.295836866,1,4.962500095|50.86249924,6,4.962500095,50.86249924
S3829,943,9.549561,571.8,193.51636,55.60505,,632,1315,3503,-0.08208621,-0.15364179,1332,1.6143508,0.8125,0,0,116.264534,4472.6,198.92548,36.62384,202.54568,54.726555,855,0.69309187,0,1,0,1,0,0,0,0,0,0,0,0,0,0,0,0,0,0,0,0,1,1,0.25,5,1.609437912,8,-118.6125031|53.87083435,8,-118.6125031,53.87083435
S5807,930,5.5168457,657.9165,195.51685,62.301674,,1484,4636,2134,-0.52575064,-0.4759143,1394.5,2.2448254,2,0,0,73.896,5772,200,35.689667,182.23006,55.13674,854,0.7296108,0,1,0,1,0,0,0,0,0,0,0,0,0,0,0,0,0,0,0,0,1,1,0.25,5,2.397895273,9,-117.3291702|53.42083359,9,-117.3291702,53.42083359
S3863,1021.99994,-1.3825684,1379.0079,187.63428,22.596657,,1769,1322,2437,0.53414994,0.7705729,2094.5,18.36282,-15.4375,0,0,1.0808889,1251.4,61.5736,43.513676,120.381424,57.67844,1018,0.48781145,1,0,0,1,0,0,0,0,0,0,0,0,0,0,0,0,0,0,1,0,0,1,0.25,5,2.63905733,10,-113.3458328|48.46250153,2,-113.3458328,48.46250153
S7345,1447.9999,100.66748,543.4977,273.68433,41.39668,,492,1602,5658,0.6802275,-0.7045553,1652,15.049555,5.9375,0,0,70.813515,5953.8,190.95566,45.089645,39.135887,64.03502,2083,0.28689593,1,0,0,1,0,0,0,0,0,0,0,0,0,0,0,0,0,0,0,1,0,1,0.5,12,1.098612289,6,-2.837500095|37.40416718,10,-2.837500095,37.40416718
S4391,1266,136.55005,3570.5193,186.5498,23.998333,,266,3682,5493,0.36486655,0.9310581,1662.5,5.110835,-2.75,0,0,58.27413,11484.8,200,59.214035,235.09749,47.766872,2003,0.2097156,0,1,0,1,0,0,0,0,0,0,0,0,0,0,0,0,0,0,0,0,1,1,0.25,1,3.177595405,1,-155.3041687|19.82916641,1,-155.3041687,19.82916641
S3630,672,63.5,590.0335,194.5,29.001675,,1275,3328,2435,-0.70336676,-0.3646894,15,1.1449437,1.1875,0,0,82.64089,6353,118.7757,59.116756,98.4681,54.86442,,0.6560382,0,1,0,1,0,0,0,0,0,0,0,0,0,0,0,0,0,0,0,1,0,1,0.265,3,3.555005116,9,19.80416679|60.33750153,9,19.80416679,60.33750153
S6158,1447.9999,100.66748,543.4977,273.68433,41.39668,,492,1602,5658,0.6802275,-0.7045553,1652,15.049555,5.9375,0,0,70.813515,5953.8,190.95566,45.089645,39.135887,64.03502,2083,0.28689593,1,0,0,1,0,0,0,0,0,0,0,0,0,0,0,0,0,0,0,1,0,1,0.5,12,2.602541537,7,-2.837500095|37.40416718,10,-2.837500095,37.40416718
S4505,922,26.516357,592.917,214.5166,61.203316,,884,3874,2619,-0.26371658,0.5859906,1097,1.7206337,2.875,0,0,100.16907,5082.2,200,36.78136,139.2888,59.93956,854,0.74147415,0,1,0,1,0,0,0,0,0,0,0,0,0,0,0,0,0,0,0,0,1,1,0.25,5,1.609437912,1,-116.9208298|53.33750153,9,-116.9208298,53.33750153
S3794,1754,217.41602,1847.8551,338.41602,128.70168,,324,275,3896,-0.7021349,-0.7111011,673,3.5134728,0.8125,0,0,219.72765,7115.2,166.54443,37.441353,35.25579,59.029327,2097,0.41507122,0,1,0,1,0,0,0,0,0,0,0,0,0,0,0,0,0,0,0,0,1,100,2,3,3.667757995,10,79.22916412|29.45416641,5,79.22916412,29.45416641
S2127,1749,256.48364,1340.0331,299.48364,48.601646,,182,415,5377,0.5547004,0.5144957,18,0.1383553,0.0625,0,0,90.40711,10552.2,115.72513,42.2999,94.40621,71.63743,1542,0.15034056,0,1,0,1,0,0,0,0,0,0,0,0,0,0,0,0,0,0,0,1,0,1,0.25,1,2.484656597,2,-87.34583282|20.44583321,8,-87.34583282,20.44583321
S5132,788,75.55005,923.1687,208.5498,21.495003,23,337,2957,4168,0.2377738,0.7446875,719.5,2.840636,4.875,0,0,94.26364,6773.6,200,25.25613,52.291485,56.456364,1291,0.49599174,1,0,0,1,0,0,0,0,0,0,0,0,0,1,0,0,0,0,0,0,0,1,0.6,4,3.258019581,2,9.462499619|48.46250153,7,9.462499619,48.46250153
S1208,1145,41.68457,1531.079,117.70117,22.803343,11,1475,4018,2512,-0.19383618,0.981007,640.5,18.641018,7.375,0,0,79.460625,2156.6,117.02241,56.563217,84.9068,63.110226,311,0.18492359,0,1,0,1,0,0,0,0,0,0,0,0,0,0,0,0,0,0,0,0,1,100,2,4,2.708050201,3,-72.87916565|-49.37916565,9,-72.87916565,-49.37916565
S1906,675,61.5,593.9835,170.48315,31.2,,1752,3702,1481,-0.36264205,-0.7482291,10,0.237905,-0.25,0,0.12827165,46.171734,6615.2,152.70522,58.94751,78.97082,54.888958,,0.62720597,0,1,0,1,0,0,0,0,0,0,0,0,0,0,0,0,0,0,0,1,0,1,0.265,4,3.341058078,4,20.27083397|60.13750076,9,20.27083397,60.13750076
S3674,873,105.483154,813.0501,224.48315,11.5,59,788,3436,1770,-0.68436384,0.4183836,37,0.53044504,-1.125,0,0.27997532,32.833424,6597.2,200,27.496218,18.358847,61.38324,1024,0.5058858,0,1,0,1,0,0,0,0,0,1,0,0,0,0,0,0,0,0,0,0,0,4,0.25,4,3.401097368,5,4.962500095|50.86249924,6,4.962500095,50.86249924
S6284,960,28.58252,571.8347,211.58276,59.99668,,1131,1369,1834,0.9384476,0.32424355,918.5,4.269425,-0.3125,0,0,112.54293,6079.6,200,35.83787,178.93925,53.73654,729,0.7403752,0,1,0,1,0,0,0,0,0,0,0,0,0,0,0,0,0,0,0,0,1,1,0.25,5,1.386294361,2,-118.7624969|54.51250076,8,-118.7624969,54.51250076
S1319,1508.0001,238.5,1183.3685,324.51685,66.20169,46,288,1036,4316,-0.5292787,0.8484159,455.5,1.9909819,0.375,17.307693,0.1967745,31.297777,8543.4,200,54.390842,16.295425,61.68183,1639,0.19695023,0,1,0,1,0,0,0,0,0,0,0,0,0,0,0,0,0,0,0,0,1,100,2,7,2.995732274,1,38.27916718|-5.329166889,8,38.27916718,-5.329166889
S6608,735,60.5,695.017,212.51685,34.101673,29,739,3439,3038,0.22804508,0.31622797,42.5,1.1673896,-0.375,0,0,114.606575,4635,200,61.07548,137.31459,50.11888,833,0.5210264,1,0,0,1,0,0,0,0,0,0,0,0,0,0,0,0,0,0,0,1,0,1,0.25,4,1.386294361,6,27.26250076|58.29583359,7,27.26250076,58.29583359
S2446,735,60.5,695.017,212.51685,34.101673,29,739,3439,3038,0.22804508,0.31622797,42.5,1.1673896,-0.375,0,0,114.606575,4635,200,61.07548,137.31459,50.11888,833,0.5210264,1,0,0,1,0,0,0,0,0,0,0,0,0,0,0,0,0,0,0,1,0,1,0.25,4,2.904055441,7,27.26250076|58.29583359,7,27.26250076,58.29583359
S6982,932,18.6167,422.59857,223.71631,45.70502,,834,3918,2295,0.9264581,0.112966165,644.5,4.045503,4.5625,0,0.002423702,116.87911,6537.4,199.87587,33.51485,212.29474,59.648636,659,0.7286248,0,1,0,1,0,0,0,0,0,0,0,0,0,0,0,0,0,0,0,0,1,1,0.25,6,1.098612289,6,-119.0958328|56.26250076,7,-119.0958328,56.26250076
S4112,1254,121.61694,3193.9346,176.5835,24.396688,20,751,4018,3778,0.4215162,0.9067608,1941,5.4097967,2,0,0,8.919644,9833.6,199.96217,45.98457,166.13841,55.210518,2003,0.20980686,0,1,0,1,0,0,0,0,0,0,0,0,0,0,0,0,0,0,0,0,1,1,0.25,2,2.772526195,10,-155.3291626|19.82083321,1,-155.3291626,19.82083321
S5151,1803,248.5,1113.9668,331.5,86.201645,26,210,1886,5660,0.27938193,0.7071069,24,0.18562283,0,42.307693,0.018228868,12.357689,7157.2,200,61.031387,9.750987,60.669865,1588,0.19701445,1,0,1,0,0,0,0,0,0,0,0,0,0,0,0,0,0,0,0,1,0,1,0.25,7,0.6931471806,2,34.41249847|-18.88750076,4,34.41249847,-18.88750076
S7146,931,17.5,447.79868,220.51685,45.40332,,520,1847,2230,0.8691163,-0.48879364,688,0.56365883,-0.1875,0,0.2083459,93.97315,6244.2,200,41.30245,163.83438,58.138805,659,0.707645,0,1,0,1,0,0,0,0,0,0,0,0,0,0,0,0,0,0,0,0,1,1,0.25,6,2.397895273,7,-119.0958328|56.24583435,7,-119.0958328,56.24583435
S5618,1688,257.5166,2959.9495,293.53345,56.304985,,142,65,5961,-0.41344553,0.7215339,88,4.020423,1.4375,0,0,156.95395,9391,200,37.658844,74.15421,52.18274,1881,0.33074528,1,0,0,1,0,0,0,0,0,0,0,0,0,0,0,0,0,0,1,0,0,400,0.025,1,2.484656597,3,-79.84583282|9.112500191,4,-79.84583282,9.112500191
S5836,754,77.43359,989.24835,207.43384,20.601646,60,1338,4601,2401,-0.94669545,-0.3001575,15.5,0.8272929,-1.5625,0,36.015373,28.97209,7496,196.2257,55.91747,47.91186,57.066025,798,0.50980216,0,1,0,1,0,0,0,0,0,0,0,0,0,0,0,0,0,0,0,0,1,100,2,4,2.482069262,8,11.9958334|57.66249847,2,11.9958334,57.66249847
S5772,1892.0002,79.63257,571.2507,237.63281,60.40337,,600,1231,3734,-0.87904274,0.46102744,2705,19.421577,12.6875,11.538462,0.08283926,25.759466,2212.2,139.97673,43.796936,32.22997,64.13598,1344,0.3124766,0,1,0,1,0,0,0,0,0,0,0,0,0,0,0,0,0,0,0,0,1,100,2,3,1.945910149,1,-110.7874985|32.4375,3,-110.7874985,32.4375
S2203,1021.99994,-1.3825684,1379.0079,187.63428,22.596657,,1769,1322,2437,0.53414994,0.7705729,2094.5,18.36282,-15.4375,0,0,1.0808889,1251.4,61.5736,43.513676,120.381424,57.67844,1018,0.48781145,1,0,0,1,0,0,0,0,0,0,0,0,0,0,0,0,0,0,1,0,0,1,0.25,5,1.602211865,3,-113.3458328|48.46250153,2,-113.3458328,48.46250153
S3079,846,16.483643,1189.0503,213.48364,90.60335,19,286,1025,4354,-0.85288894,0.51939225,1271,0.6842208,-0.25,0,0,94.69369,5508.6,200,36.037327,99.104576,57.899,1232,0.28759634,0,1,0,1,0,0,0,0,0,0,0,0,0,0,0,0,0,0,0,0,1,100,2,4,1.098612289,9,128.4291687|42.02916718,5,128.4291687,42.02916718
S1548,1244,142.5,606.9831,298.4668,77.69829,100,1548,2660,1145,-0.9095323,-0.35334596,517,1.1950842,1,0,140.00677,0,,200,29.076893,15.165628,79.2258,1724,0.48846725,0,1,1,0,0,0,0,0,0,1,0,0,0,0,0,0,0,0,0,0,0,16,1.5,4,2.995732274,10,108.0625|34.28749847,6,108.0625,34.28749847
S6787,1266,136.55005,3570.5193,186.5498,23.998333,,266,3682,5493,0.36486655,0.9310581,1662.5,5.110835,-2.75,0,0,58.27413,11484.8,200,59.214035,235.09749,47.766872,2003,0.2097156,0,1,0,1,0,0,0,0,0,0,0,0,0,0,0,0,0,0,0,0,1,1,0.25,1,3.671071803,4,-155.3041687|19.82916641,1,-155.3041687,19.82916641
S1734,1216,160.5166,908.99994,310.51685,61.505024,100,255,2098,5014,-0.19924869,0.9580198,148,0.41197294,0.375,0,4.0134,0,4357.6,200,26.676,11.109172,71.53636,1678,0.360779,0,1,1,0,0,0,0,0,0,1,0,0,0,0,0,0,0,0,0,0,0,10000,0.5,4,3.945070865,1,111.8375015|32.55416489,6,111.8375015,32.55416489
S1762,1527,138.5,589.98346,316.5,102.79999,100,718,2962,3366,-0.76042014,0,13,0.24536157,0.25,0,0.99390906,0.049777776,3533.6,200,27.211344,14.565549,77.05272,1277,0.39228615,0,1,1,0,0,0,0,0,0,1,0,0,0,0,0,0,0,0,0,0,0,10000,0.5,4,4.02711797,2,117.7208328|36.94583511,2,117.7208328,36.94583511
S5102,667.5718,64.5,575.0168,187.51685,28.103323,,,,,,,0,0,0,100,0.3658309,17.775467,4804.6,125.248116,57.884518,117.21346,58.67241,,0.6431824,0,1,0,1,0,0,0,0,0,0,0,0,0,0,0,0,0,0,0,1,0,1,0.265,4,2.956679507,3,19.53750038|60.22083282,9,19.53750038,60.22083282
S2880,675,61.5,593.9835,170.48315,31.2,,1752,3702,1481,-0.36264205,-0.7482291,10,0.237905,-0.25,0,0.12827165,46.171734,6615.2,152.70522,58.94751,78.97082,54.888958,,0.62720597,0,1,0,1,0,0,0,0,0,0,0,0,0,0,0,0,0,0,0,1,0,1,0.265,4,3.489971089,4,20.27083397|60.13750076,9,20.27083397,60.13750076
S2591,1021.99994,-1.3825684,1379.0079,187.63428,22.596657,,1769,1322,2437,0.53414994,0.7705729,2094.5,18.36282,-15.4375,0,0,1.0808889,1251.4,61.5736,43.513676,120.381424,57.67844,1018,0.48781145,1,0,0,1,0,0,0,0,0,0,0,0,0,0,0,0,0,0,1,0,0,1,0.25,5,2.803299749,4,-113.3458328|48.46250153,2,-113.3458328,48.46250153
S3259,1100,39.549805,394.96646,251.5498,62.90165,85,1388,2058,1353,0.9864293,0.16007537,807,0.74635416,1.25,0,0.017561192,0,4538,200,41.777393,24.815668,68.62485,603,0.624223,1,0,1,0,0,0,0,0,0,0,0,0,0,0,0,1,0,0,0,0,0,100,1,8,2.299680852,9,-107.6875|50.29583359,4,-107.6875,50.29583359
S4560,1214,169.46729,1571.1934,307.45093,56.201653,41,765,475,2557,0.12217592,0.3102813,198,3.6310296,-4.8125,0,13.268652,22.345955,6789,200,36.171932,22.22334,61.78308,2146,0.3659008,1,0,0,1,0,0,1,0,0,0,0,0,0,0,0,0,0,0,0,0,0,1,0.5,1,3.637217672,5,111.0374985|29.65416718,3,111.0374985,29.65416718
S1924,857,13.532959,527.0354,229.5498,36.8,9,287,118,4547,-0.75140524,0.54813355,214.5,1.1637055,2.4375,0,0.18929589,89.2064,4096.8,200,31.632364,129.50403,55.331608,733,0.35747117,0,1,0,1,0,0,0,0,0,0,0,0,0,0,0,0,0,0,0,0,1,100,5,8,3.295836866,10,83.13749695|54.8125,8,83.13749695,54.8125
S2445,735,60.5,695.017,212.51685,34.101673,29,739,3439,3038,0.22804508,0.31622797,42.5,1.1673896,-0.375,0,0,114.606575,4635,200,61.07548,137.31459,50.11888,833,0.5210264,1,0,0,1,0,0,0,0,0,0,0,0,0,0,0,0,0,0,0,1,0,1,0.25,4,2.708050201,5,27.26250076|58.29583359,7,27.26250076,58.29583359
S2498,1244,142.5,606.9831,298.4668,77.69829,100,1548,2660,1145,-0.9095323,-0.35334596,517,1.1950842,1,0,140.00677,0,,200,29.076893,15.165628,79.2258,1724,0.48846725,0,1,1,0,0,0,0,0,0,1,0,0,0,0,0,0,0,0,0,0,0,16,1.5,4,2.674148649,6,108.0625|34.28749847,6,108.0625,34.28749847
S6385,931,17.5,447.79868,220.51685,45.40332,,520,1847,2230,0.8691163,-0.48879364,688,0.56365883,-0.1875,0,0.2083459,93.97315,6244.2,200,41.30245,163.83438,58.138805,659,0.707645,0,1,0,1,0,0,0,0,0,0,0,0,0,0,0,0,0,0,0,0,1,1,0.25,6,2.483488962,8,-119.0958328|56.24583435,7,-119.0958328,56.24583435
S1448,1285,211.50122,2388.2417,296.5349,64.09496,4,392,2911,4764,-0.51543915,0.3193583,370,9.578581,-10,0,0,98.89956,3024.6,198.96468,48.84922,40.156616,53.114693,2067,0.26495403,0,1,0,1,0,0,0,0,0,0,0,0,0,0,0,1,0,0,0,0,0,100,0.5,1,3.873781025,6,112.5291672|23.17083359,8,112.5291672,23.17083359
S7153,931,17.5,447.79868,220.51685,45.40332,,520,1847,2230,0.8691163,-0.48879364,688,0.56365883,-0.1875,0,0.2083459,93.97315,6244.2,200,41.30245,163.83438,58.138805,659,0.707645,0,1,0,1,0,0,0,0,0,0,0,0,0,0,0,0,0,0,0,0,1,1,0.25,6,1.609437912,9,-119.0958328|56.24583435,7,-119.0958328,56.24583435
S3568,1296,219.36572,1113.7845,310.36572,78.90335,27,241,395,5182,-0.48942587,-0.8718356,415,11.4927845,3.9375,0,0.96275103,47.66258,7648.2,199.13287,31.63836,21.911125,63.66025,2292,0.3121201,0,1,1,0,0,0,0,0,0,1,0,0,0,0,0,0,0,0,0,0,0,100,0.25,1,4.565888698,7,106.2041702|24.32916641,3,106.2041702,24.32916641
S884,1538,253.5332,1378.0835,321.5332,48.101673,94,355,-386,2681,-0.0079363715,-0.6148346,231,0.9671129,0.25,0,0.8871795,55.412266,7995,200,59.770294,16.79197,55.95821,1322,0.21374775,0,1,0,1,0,0,1,0,0,0,0,0,0,0,0,0,0,0,0,0,0,113,0.25,1,4.635330715,8,-5.862500191|6.137499809,8,-5.862500191,6.137499809
S5708,1267,131.61621,3437.4023,183.5664,24.196665,,261,3851,6205,0.39932412,0.9167687,1745,5.119382,0.375,0,0,18.65031,6519.2,200,53.640045,224.0743,50.686573,2003,0.2097156,0,1,0,1,0,0,0,0,0,0,0,0,0,0,0,0,0,0,0,0,1,1,0.25,1,3.133187231,9,-155.3125|19.82916641,1,-155.3125,19.82916641
S2206,788,75.55005,923.1687,208.5498,21.495003,23,337,2957,4168,0.2377738,0.7446875,719.5,2.840636,4.875,0,0,94.26364,6773.6,200,25.25613,52.291485,56.456364,1291,0.49599174,1,0,0,1,0,0,0,0,0,0,0,0,0,1,0,0,0,0,0,0,0,1,0.6,4,3.583352243,7,9.462499619|48.46250153,7,9.462499619,48.46250153
S5133,788,75.55005,923.1687,208.5498,21.495003,23,337,2957,4168,0.2377738,0.7446875,719.5,2.840636,4.875,0,0,94.26364,6773.6,200,25.25613,52.291485,56.456364,1291,0.49599174,1,0,0,1,0,0,0,0,0,0,0,0,0,1,0,0,0,0,0,0,0,1,0.6,4,3.332097352,8,9.462499619|48.46250153,7,9.462499619,48.46250153
S4286,921,66.5,1030.0669,257.4834,14.9,76,384,-542,2795,-0.31622744,0.7071071,17.5,0.13480535,-0.0625,0,0.6216277,0.86844444,4559.8,200,37.614765,99.281906,62.548576,1233,0.7181875,1,0,1,0,0,0,0,0,0,0,0,0,0,0,0,0,0,1,0,0,0,100,0.5,4,2.772588722,9,-73.37083435|45.72083282,10,-73.37083435,45.72083282
S6231,1764,247.5,1120.9666,331.5,86.6,18,357,1970,3870,0.31622726,0.35355365,28,0.18031488,0.25,40.384613,0,42.555023,8064.2,200,66.57472,12.886098,60.340347,1091,0.23175979,1,0,0,1,0,0,0,0,0,0,0,0,0,0,0,0,0,0,0,1,0,1,0.25,7,1.609437912,3,34.45416641|-18.9375,4,34.45416641,-18.9375
S3791,1466,68.500244,366.06665,283.50024,121.59999,48,867,1376,3015,-0.7842369,-0.045150846,331,3.1746314,1.125,0,0.0022130331,0,2551.2,200,50.997967,14.223862,79.3865,825,0.34909835,1,0,0,1,0,0,1,0,0,0,0,0,0,0,0,0,0,0,0,0,0,100,0.5,8,3.473518043,1,120.8458328|44.55416489,5,120.8458328,44.55416489
S3397,1466,83.46655,346.20102,295.44995,107.80332,72,1420,75,1849,-0.97359884,-0.22823927,470,1.1952348,-0.3125,0,1.7099117,0,2344.4,200,49.25558,14.293406,81.59519,990,0.42512414,1,0,0,1,0,0,1,0,0,0,0,0,0,0,0,0,0,0,0,0,0,100,0.5,4,1.791759469,10,119.5625|42.60416794,4,119.5625,42.60416794
S2184,1298,151.55005,1260.0837,305.55005,59.7,8,442,1703,3728,0.25878167,0.96590745,155.5,5.980219,1.125,0,0.063535385,64.49707,6394.6,200,26.194801,30.921658,59.14651,1641,0.42680907,0,1,0,0,1,0,0,0,0,0,1,0,0,0,0,0,0,0,0,0,0,100,0.5,4,4.094127864,1,118.2791672|32.27916718,10,118.2791672,32.27916718
S1472,1385,128.5,673.00006,303.5,102.40332,100,777,693,1642,-9.42e-07,-0.7823006,21.5,0.180393,-0.125,0,4.5777183,0,5882,200,47.37135,11.907825,71.92285,1259,0.3739985,0,1,0,1,0,0,0,0,0,1,0,0,0,0,0,0,0,0,0,0,0,10000,0.5,4,4.400590757,2,119.9958344|36.62916565,2,119.9958344,36.62916565
S6646,1266,136.55005,3570.5193,186.5498,23.998333,,266,3682,5493,0.36486655,0.9310581,1662.5,5.110835,-2.75,0,0,58.27413,11484.8,200,59.214035,235.09749,47.766872,2003,0.2097156,0,1,0,1,0,0,0,0,0,0,0,0,0,0,0,0,0,0,0,0,1,1,0.25,1,2.224191057,10,-155.3041687|19.82916641,1,-155.3041687,19.82916641
S5429,931,8.46582,651.1013,197.48267,62.20167,,1094,3364,2820,-0.7231017,0.61035085,1349,1.7221339,-3,0,0,101.56942,5861,199.9991,34.476727,178.27522,56.037964,854,0.73323566,0,1,0,1,0,0,0,0,0,0,0,0,0,0,0,0,0,0,0,0,1,1,0.25,5,2.197224577,5,-117.3291702|53.41249847,9,-117.3291702,53.41249847
S5184,1267,131.61621,3437.4023,183.5664,24.196665,,261,3851,6205,0.39932412,0.9167687,1745,5.119382,0.375,0,0,18.65031,6519.2,200,53.640045,224.0743,50.686573,2003,0.2097156,0,1,0,1,0,0,0,0,0,0,0,0,0,0,0,0,0,0,0,0,1,1,0.25,1,3.043521942,1,-155.3125|19.82916641,1,-155.3125,19.82916641
S5501,788,75.55005,923.1687,208.5498,21.495003,23,337,2957,4168,0.2377738,0.7446875,719.5,2.840636,4.875,0,0,94.26364,6773.6,200,25.25613,52.291485,56.456364,1291,0.49599174,1,0,0,1,0,0,0,0,0,0,0,0,0,1,0,0,0,0,0,0,0,1,0.6,4,3.465610904,3,9.462499619|48.46250153,7,9.462499619,48.46250153
S3075,1383,43.50049,379.89877,251.46729,105.30165,48,787,2656,3512,0.42288563,0.86042225,1476,2.8924599,-4.5,0,1.9328995,0,1717.4,200,47.529865,12.929355,79.90511,839,0.36324015,1,0,0,1,0,0,1,0,0,0,0,0,0,0,0,0,0,0,0,0,0,100,0.5,8,4.11082471,2,112.9958344|40.99583435,10,112.9958344,40.99583435
S4373,1261,130.56738,3436.2678,183.53369,24.196665,,296,-647,4310,0.58436203,0.811493,1773.5,4.9342194,-0.5,0,0,66.01315,5316.4,200,53.722668,205.09613,49.632347,2003,0.20980686,0,1,0,1,0,0,0,0,0,0,0,0,0,0,0,0,0,0,0,0,1,1,0.25,1,3.25705752,2,-155.3125|19.82083321,1,-155.3125,19.82083321
S6481,950,30.466553,532.05023,217.4497,48.999996,,646,1154,3665,-0.986119,-0.013771035,807.5,3.7609158,-4.5,0,0,52.426132,4766.8,200,45.815044,186.80515,53.958958,707,0.7212237,0,1,0,1,0,0,0,0,0,0,0,0,0,0,0,0,0,0,0,0,1,1,0.25,6,1.203872783,10,-119.6958313|54.8125,6,-119.6958313,54.8125
S2960,872,104.500244,809.06665,223.51685,11.4,64,978,4425,2119,0.8157692,-0.5783669,44,1.1553187,-1.25,0,1.6614289,10.637156,6488.2,200,24.18042,17.929396,63.8059,1024,0.50734645,0,1,0,1,0,0,0,0,0,1,0,0,0,0,0,0,0,0,0,0,0,4,0.25,4,2.917770732,4,4.9375|50.84583282,6,4.9375,50.84583282
S4143,1254,121.61694,3193.9346,176.5835,24.396688,20,751,4018,3778,0.4215162,0.9067608,1941,5.4097967,2,0,0,8.919644,9833.6,199.96217,45.98457,166.13841,55.210518,2003,0.20980686,0,1,0,1,0,0,0,0,0,0,0,0,0,0,0,0,0,0,0,0,1,1,0.25,2,3.304943414,1,-155.3291626|19.82083321,1,-155.3291626,19.82083321
S5488,1021.99994,-1.3825684,1379.0079,187.63428,22.596657,,1769,1322,2437,0.53414994,0.7705729,2094.5,18.36282,-15.4375,0,0,1.0808889,1251.4,61.5736,43.513676,120.381424,57.67844,1018,0.48781145,1,0,0,1,0,0,0,0,0,0,0,0,0,0,0,0,0,0,1,0,0,1,0.25,5,2.197224577,6,-113.3458328|48.46250153,2,-113.3458328,48.46250153
S1342,1285,211.50122,2388.2417,296.5349,64.09496,4,392,2911,4764,-0.51543915,0.3193583,370,9.578581,-10,0,0,98.89956,3024.6,198.96468,48.84922,40.156616,53.114693,2067,0.26495403,0,1,0,1,0,0,0,0,0,0,0,0,0,0,0,1,0,0,0,0,0,100,0.5,1,3.71354769,3,112.5291672|23.17083359,8,112.5291672,23.17083359
S4072,1771,242.5,1133.319,324.4834,85.8,,128,-1674,5903,-0.51026034,-0.22177547,120.5,2.755228,-1.125,30.769232,0,56.788445,8348.8,188.10933,64.91112,16.186789,59.68965,1588,0.23701541,1,0,0,1,0,0,0,0,0,0,0,0,0,0,0,0,0,0,0,1,0,1,0.25,7,3.691874936,4,34.1875|-19.02083397,4,34.1875,-19.02083397
S4415,1486.0002,167.73389,1518.1808,223.71704,43.406677,16,432,1809,4035,0.65641093,-0.2204543,1104.5,17.314604,20.5625,0,0,74.558754,14360.8,129.27278,42.102562,70.98283,49.406727,1612,0.1162264,0,1,0,1,0,0,0,0,0,0,0,0,0,0,0,0,0,0,0,0,1,100,2,1,1.485460745,4,166.3458405|-22.0625,7,166.3458405,-22.0625
S1007,1365,176.5,1743.864,326.5,46.199974,100,575,3615,3060,0.9093131,0.31324893,40,1.2074372,-0.0625,0,3.4024177,0.5575111,3527.6,200,24.517826,16.358006,59.38554,2138,0.39387298,0,1,0,1,0,1,0,0,0,0,0,0,0,0,0,0,0,0,0,0,0,100,0.5,4,3.624314281,5,115.7208328|29.28750038,6,115.7208328,29.28750038
S3325,788,75.55005,923.1687,208.5498,21.495003,23,337,2957,4168,0.2377738,0.7446875,719.5,2.840636,4.875,0,0,94.26364,6773.6,200,25.25613,52.291485,56.456364,1291,0.49599174,1,0,0,1,0,0,0,0,0,0,0,0,0,1,0,0,0,0,0,0,0,1,0.6,4,3.157000421,6,9.462499619|48.46250153,7,9.462499619,48.46250153
S4097,919,27.533203,588.917,215.5332,60.803314,,1163,2262,3008,-0.97101945,0.23842725,1088.5,1.7231948,1.6875,0,0,124.79769,5613,200,37.465572,154.22768,57.287178,854,0.73052317,0,1,0,1,0,0,0,0,0,0,0,0,0,0,0,0,0,0,0,0,1,1,0.25,5,2.484573285,7,-116.9708328|53.32083511,9,-116.9708328,53.32083511
S4162,1266,136.55005,3570.5193,186.5498,23.998333,,266,3682,5493,0.36486655,0.9310581,1662.5,5.110835,-2.75,0,0,58.27413,11484.8,200,59.214035,235.09749,47.766872,2003,0.2097156,0,1,0,1,0,0,0,0,0,0,0,0,0,0,0,0,0,0,0,0,1,1,0.25,1,3.135059329,5,-155.3041687|19.82916641,1,-155.3041687,19.82916641
S3941,1266,136.55005,3570.5193,186.5498,23.998333,,266,3682,5493,0.36486655,0.9310581,1662.5,5.110835,-2.75,0,0,58.27413,11484.8,200,59.214035,235.09749,47.766872,2003,0.2097156,0,1,0,1,0,0,0,0,0,0,0,0,0,0,0,0,0,0,0,0,1,1,0.25,1,2.564949357,6,-155.3041687|19.82916641,1,-155.3041687,19.82916641
S3715,1520,163.19995,869.60596,245.21631,37.200027,6,1234,2426,2333,-0.95936567,-0.24253525,19.5,10.576221,-2.75,100,0.102169335,0,,199.41917,40.40366,34.97984,72.212685,1336,0.3118738,0,1,0,1,0,0,0,0,0,0,0,0,0,0,0,0,0,0,0,0,1,100,2,12,3.044522438,8,16.52916718|43.14583206,6,16.52916718,43.14583206
S5750,1266,136.55005,3570.5193,186.5498,23.998333,,266,3682,5493,0.36486655,0.9310581,1662.5,5.110835,-2.75,0,0,58.27413,11484.8,200,59.214035,235.09749,47.766872,2003,0.2097156,0,1,0,1,0,0,0,0,0,0,0,0,0,0,0,0,0,0,0,0,1,1,0.25,1,2.766319085,7,-155.3041687|19.82916641,1,-155.3041687,19.82916641
S6604,931,17.5,447.79868,220.51685,45.40332,,520,1847,2230,0.8691163,-0.48879364,688,0.56365883,-0.1875,0,0.2083459,93.97315,6244.2,200,41.30245,163.83438,58.138805,659,0.707645,0,1,0,1,0,0,0,0,0,0,0,0,0,0,0,0,0,0,0,0,1,1,0.25,6,2.196668855,1,-119.0958328|56.24583435,7,-119.0958328,56.24583435
S2782,1158,47.5,531.9998,270.5,108.49998,72,1684,2467,1739,-0.7071073,-0.40386167,141,0.2209244,-0.1875,0,15.997959,0,3000.8,200,31.801802,31.20312,73.425186,690,0.36074892,0,1,0,1,0,0,0,0,0,1,0,0,0,0,0,0,0,0,0,0,0,100,0.5,4,3.465735903,7,126.3458328|45.63750076,8,126.3458328,45.63750076
S6922,1100,39.549805,394.96646,251.5498,62.90165,85,1388,2058,1353,0.9864293,0.16007537,807,0.74635416,1.25,0,0.017561192,0,4538,200,41.777393,24.815668,68.62485,603,0.624223,1,0,1,0,0,0,0,0,0,0,0,0,0,0,0,1,0,0,0,0,0,100,1,8,2.520595482,3,-107.6875|50.29583359,4,-107.6875,50.29583359
S2111,1467,85.48364,393.99985,286.51685,95.10166,48,1013,1900,3045,-0.8137332,0.5478674,1001,0.2625094,-0.125,0,1.4603757,0,1938.8,200,51.947666,9,81.97664,988,0.39217323,1,0,0,1,0,0,1,0,0,0,0,0,0,0,0,0,0,0,0,0,0,100,0.5,4,2.995732274,8,113.1708298|39.82916641,10,113.1708298,39.82916641
S1130,1183,52.483154,537.067,267.48315,106.400024,100,574,699,3605,-0.5423503,-0.6765239,189,0.540221,-0.875,0,2.475264,0,3367,200,25.646847,37.747196,68.53522,690,0.37937596,0,1,0,1,0,0,0,0,0,1,0,0,0,0,0,0,0,0,0,0,0,100,0.5,4,3.590356665,9,126.0374985|44.87083435,8,126.0374985,44.87083435
S2033,1345,44.566895,391.74854,263.58325,113.09664,47,1483,1063,2572,-0.076444544,0.6541369,895.5,3.631065,7.125,0,0.92828727,0,2147.2,200,45.615177,14.700498,78.21879,1029,0.32530195,1,0,0,1,0,0,1,0,0,0,0,0,0,0,0,0,0,0,0,0,0,100,0.5,8,4.077486623,4,118.0041656|43.64583206,4,118.0041656,43.64583206
S7680,1447.9999,100.66748,543.4977,273.68433,41.39668,,492,1602,5658,0.6802275,-0.7045553,1652,15.049555,5.9375,0,0,70.813515,5953.8,190.95566,45.089645,39.135887,64.03502,2083,0.28689593,1,0,0,1,0,0,0,0,0,0,0,0,0,0,0,0,0,0,0,1,0,1,0.5,12,1.386294361,9,-2.837500095|37.40416718,10,-2.837500095,37.40416718
S2098,1444,75.5,335.89932,278.5,104.5,29,1335,1241,2526,0.45420775,0.88831884,1295,0.27141964,-0.25,0,0.09492927,0,1502.6,200,52.242252,11.476553,84.35047,710,0.39320078,1,0,0,1,0,0,1,0,0,0,0,0,0,0,0,0,0,0,0,0,0,100,0.5,10,2.803360381,10,109.7541656|39.49583435,4,109.7541656,39.49583435
S6024,1266,136.55005,3570.5193,186.5498,23.998333,,266,3682,5493,0.36486655,0.9310581,1662.5,5.110835,-2.75,0,0,58.27413,11484.8,200,59.214035,235.09749,47.766872,2003,0.2097156,0,1,0,1,0,0,0,0,0,0,0,0,0,0,0,0,0,0,0,0,1,1,0.25,1,2.56464164,8,-155.3041687|19.82916641,1,-155.3041687,19.82916641
S2834,1163,59.5,616.94965,269.5,106.7,97,478,1613,3515,0.94868326,-0.12592776,206,1.0982395,0.5,0,1.6168607,0.3527111,2949.2,200,29.290388,31.741165,68.41622,860,0.3854416,0,1,0,1,0,0,0,0,0,1,0,0,0,0,0,0,0,0,0,0,0,100,0.5,4,4.196600249,10,125.6708298|44.00416565,7,125.6708298,44.00416565
S7417,1447.9999,100.66748,543.4977,273.68433,41.39668,,492,1602,5658,0.6802275,-0.7045553,1652,15.049555,5.9375,0,0,70.813515,5953.8,190.95566,45.089645,39.135887,64.03502,2083,0.28689593,1,0,0,1,0,0,0,0,0,0,0,0,0,0,0,0,0,0,0,1,0,1,0.5,12,2.196224097,10,-2.837500095|37.40416718,10,-2.837500095,37.40416718
S7258,735,60.5,695.017,212.51685,34.101673,29,739,3439,3038,0.22804508,0.31622797,42.5,1.1673896,-0.375,0,0,114.606575,4635,200,61.07548,137.31459,50.11888,833,0.5210264,1,0,0,1,0,0,0,0,0,0,0,0,0,0,0,0,0,0,0,1,0,1,0.25,4,1.909542505,1,27.26250076|58.29583359,7,27.26250076,58.29583359
S7336,1447.9999,100.66748,543.4977,273.68433,41.39668,,492,1602,5658,0.6802275,-0.7045553,1652,15.049555,5.9375,0,0,70.813515,5953.8,190.95566,45.089645,39.135887,64.03502,2083,0.28689593,1,0,0,1,0,0,0,0,0,0,0,0,0,0,0,0,0,0,0,1,0,1,0.5,12,1.945910149,1,-2.837500095|37.40416718,10,-2.837500095,37.40416718
S4485,919,27.533203,588.917,215.5332,60.803314,,1163,2262,3008,-0.97101945,0.23842725,1088.5,1.7231948,1.6875,0,0,124.79769,5613,200,37.465572,154.22768,57.287178,854,0.73052317,0,1,0,1,0,0,0,0,0,0,0,0,0,0,0,0,0,0,0,0,1,1,0.25,5,2.079441542,8,-116.9708328|53.32083511,9,-116.9708328,53.32083511
S3361,1764,247.5,1120.9666,331.5,86.6,18,357,1970,3870,0.31622726,0.35355365,28,0.18031488,0.25,40.384613,0,42.555023,8064.2,200,66.57472,12.886098,60.340347,1091,0.23175979,1,0,0,1,0,0,0,0,0,0,0,0,0,0,0,0,0,0,0,1,0,1,0.25,7,2.351279976,5,34.45416641|-18.9375,4,34.45416641,-18.9375
S2953,788,75.55005,923.1687,208.5498,21.495003,23,337,2957,4168,0.2377738,0.7446875,719.5,2.840636,4.875,0,0,94.26364,6773.6,200,25.25613,52.291485,56.456364,1291,0.49599174,1,0,0,1,0,0,0,0,0,0,0,0,0,1,0,0,0,0,0,0,0,1,0.6,4,3.465704669,2,9.462499619|48.46250153,7,9.462499619,48.46250153
S3904,1792,247.5,1122.983,331.5,86.30165,29,686,2925,2235,-0.10905862,0.38172087,28.5,0.3553965,-0.3125,26.923079,0,38.029865,7577.2,200,66.693214,13.15846,61.03452,1579.8047,0.23161153,1,0,0,1,0,0,0,0,0,0,0,0,0,0,0,0,0,0,0,1,0,1,0.25,7,3.164039434,6,34.37916565|-18.9375,4,34.37916565,-18.9375
S5818,788,75.55005,923.1687,208.5498,21.495003,23,337,2957,4168,0.2377738,0.7446875,719.5,2.840636,4.875,0,0,94.26364,6773.6,200,25.25613,52.291485,56.456364,1291,0.49599174,1,0,0,1,0,0,0,0,0,0,0,0,0,1,0,0,0,0,0,0,0,1,0.6,4,3.090906069,3,9.462499619|48.46250153,7,9.462499619,48.46250153
S1397,1425,177.41724,779.73157,286.417,48.401672,58,783,278,2545,-0.7760674,0.6298202,76,2.8819964,-4.5,0,0.34398142,19.1616,8441,200,36.834293,20.159712,74.93907,1965,0.18426913,0,1,0,1,0,0,0,0,0,0,0,0,0,0,0,0,0,0,0,1,0,1,0.25,12,3.871201011,2,3.020833254|39.83750153,4,3.020833254,39.83750153
S6723,1399,153.51636,1254.8334,309.51636,12.6,,525,174,2067,-0.005329841,0.8795379,178.5,1.2037947,-0.8125,0,0.024615768,161.69102,7802,200,41.286514,27.015324,49.051517,1255,0.41603297,0,1,0,1,0,0,0,0,0,0,0,0,0,0,0,0,0,0,0,0,1,100,2,4,3.146004013,4,-79.0708313|36.03749847,5,-79.0708313,36.03749847
S2487,1453,149.5,612.9499,315.5,88.20335,100,618,2744,4242,0.415362,0.47482157,132,0.40805644,0,0,7.954171,0.11377778,3931.4,200,27.685469,11.101103,80.7244,1423,0.4313984,0,1,1,0,0,0,0,0,0,1,0,0,0,0,0,0,0,0,0,0,0,10000,0.5,4,4.070239679,5,113.3958359|34.8125,9,113.3958359,34.8125
S5393,922,26.516357,592.917,214.5166,61.203316,,884,3874,2619,-0.26371658,0.5859906,1097,1.7206337,2.875,0,0,100.16907,5082.2,200,36.78136,139.2888,59.93956,854,0.74147415,0,1,0,1,0,0,0,0,0,0,0,0,0,0,0,0,0,0,0,0,1,1,0.25,5,2.078941393,9,-116.9208298|53.33750153,9,-116.9208298,53.33750153
S5899,986,85.5,1211.318,261.48364,7.9,,473,818,2870,-0.91299415,0.40752846,325,1.7175539,-1.1875,0,2.2223876,78.33369,8275.4,200,56.90684,107.66652,49.993156,1173,0.6622795,0,1,0,1,0,0,0,0,0,0,0,0,0,0,0,0,0,0,0,1,0,100,0.25,4,0.6931471806,6,-72.1875|42.48749924,3,-72.1875,42.48749924
S3083,1407,88.516846,354.9501,275.4834,91.09668,32,2708,5458,1938,0.92467785,-0.3616901,1407,0.5687557,0.1875,0,2.6258795,0,2150,200,52.180157,7.963095,84.69459,795,0.33497083,1,0,0,1,0,0,1,0,0,0,0,0,0,0,0,0,0,0,0,0,0,100,0.5,10,1.791759469,1,107.8125|37.52916718,4,107.8125,37.52916718
S1149,1730,253.50024,1404.9663,313.5,50.19666,,919,4875,2313,0.08847557,0.99351716,12,0.65471804,0.3125,0,0,110.24427,14348.8,95.24659,43.736202,65.71104,72.457886,1542,0.14450379,0,1,0,1,0,0,0,0,0,0,0,0,0,0,0,0,0,0,0,1,0,1,0.25,1,4.262679877,9,-87.20417023|21.21249962,8,-87.20417023,21.21249962
S6576,1100,39.549805,394.96646,251.5498,62.90165,85,1388,2058,1353,0.9864293,0.16007537,807,0.74635416,1.25,0,0.017561192,0,4538,200,41.777393,24.815668,68.62485,603,0.624223,1,0,1,0,0,0,0,0,0,0,0,0,0,0,0,1,0,0,0,0,0,100,1,8,2.301884851,5,-107.6875|50.29583359,4,-107.6875,50.29583359
S3645,667.5718,64.5,575.0168,187.51685,28.103323,,,,,,,0,0,0,100,0.3658309,17.775467,4804.6,125.248116,57.884518,117.21346,58.67241,,0.6431824,0,1,0,1,0,0,0,0,0,0,0,0,0,0,0,0,0,0,0,1,0,1,0.265,4,3.465673376,7,19.53750038|60.22083282,9,19.53750038,60.22083282
S5736,558,41.34961,1638.1201,141.34961,17.998354,,928,1595,2024,-0.8971528,-0.43753546,84.5,1.7720866,-0.6875,0,0,8.062578,4270,199.06825,54.408768,72.49962,56.12733,441,0.52531874,0,1,0,1,0,0,0,0,0,0,0,0,0,0,0,0,0,0,0,0,1,100,2,6,3.177511997,2,-20.63750076|64.22916412,4,-20.63750076,64.22916412
S7002,1447.9999,100.66748,543.4977,273.68433,41.39668,,492,1602,5658,0.6802275,-0.7045553,1652,15.049555,5.9375,0,0,70.813515,5953.8,190.95566,45.089645,39.135887,64.03502,2083,0.28689593,1,0,0,1,0,0,0,0,0,0,0,0,0,0,0,0,0,0,0,1,0,1,0.5,12,2.719056104,3,-2.837500095|37.40416718,10,-2.837500095,37.40416718
S2579,1214,169.46729,1571.1934,307.45093,56.201653,41,765,475,2557,0.12217592,0.3102813,198,3.6310296,-4.8125,0,13.268652,22.345955,6789,200,36.171932,22.22334,61.78308,2146,0.3659008,1,0,0,1,0,0,1,0,0,0,0,0,0,0,0,0,0,0,0,0,0,1,0.5,1,2.890316231,10,111.0374985|29.65416718,3,111.0374985,29.65416718
S7692,934,16.516846,602.066,206.51685,65.298355,,986,3801,2360,0.939626,-0.3421963,1161.5,2.0621483,-0.875,0,0,82.95734,5789,200,36.06001,164.98785,54.173958,854,0.76550436,0,1,0,1,0,0,0,0,0,0,0,0,0,0,0,0,0,0,0,0,1,1,0.25,5,1.252762968,10,-117.3291702|53.80416489,8,-117.3291702,53.80416489
S5782,788,75.55005,923.1687,208.5498,21.495003,23,337,2957,4168,0.2377738,0.7446875,719.5,2.840636,4.875,0,0,94.26364,6773.6,200,25.25613,52.291485,56.456364,1291,0.49599174,1,0,0,1,0,0,0,0,0,0,0,0,0,1,0,0,0,0,0,0,0,1,0.6,4,3.725572912,8,9.462499619|48.46250153,7,9.462499619,48.46250153
S6632,909,26.466797,621.1509,213.46655,66.99833,,1019,2372,2803,-0.96363586,-0.081362695,911,2.931128,2.5625,0,0,93.60818,5528.8,200,34.626884,222.31874,53.22273,680,0.77110505,0,1,0,1,0,0,0,0,0,0,0,0,0,0,0,0,0,0,0,0,1,1,0.25,5,2.079441542,1,-116.5958328|54.20416641,9,-116.5958328,54.20416641
S3367,1771,242.5,1133.319,324.4834,85.8,,128,-1674,5903,-0.51026034,-0.22177547,120.5,2.755228,-1.125,30.769232,0,56.788445,8348.8,188.10933,64.91112,16.186789,59.68965,1588,0.23701541,1,0,0,1,0,0,0,0,0,0,0,0,0,0,0,0,0,0,0,1,0,1,0.25,7,3.3140042,7,34.1875|-19.02083397,4,34.1875,-19.02083397
S4500,909,26.466797,621.1509,213.46655,66.99833,,1019,2372,2803,-0.96363586,-0.081362695,911,2.931128,2.5625,0,0,93.60818,5528.8,200,34.626884,222.31874,53.22273,680,0.77110505,0,1,0,1,0,0,0,0,0,0,0,0,0,0,0,0,0,0,0,0,1,1,0.25,5,2.48490665,2,-116.5958328|54.20416641,9,-116.5958328,54.20416641
S5569,1100,39.549805,394.96646,251.5498,62.90165,85,1388,2058,1353,0.9864293,0.16007537,807,0.74635416,1.25,0,0.017561192,0,4538,200,41.777393,24.815668,68.62485,603,0.624223,1,0,1,0,0,0,0,0,0,0,0,0,0,0,0,1,0,0,0,0,0,100,1,8,2.484656597,6,-107.6875|50.29583359,4,-107.6875,50.29583359
S6626,1266,136.55005,3570.5193,186.5498,23.998333,,266,3682,5493,0.36486655,0.9310581,1662.5,5.110835,-2.75,0,0,58.27413,11484.8,200,59.214035,235.09749,47.766872,2003,0.2097156,0,1,0,1,0,0,0,0,0,0,0,0,0,0,0,0,0,0,0,0,1,1,0.25,1,2.577485797,1,-155.3041687|19.82916641,1,-155.3041687,19.82916641
S1920,1021.99994,-1.3825684,1379.0079,187.63428,22.596657,,1769,1322,2437,0.53414994,0.7705729,2094.5,18.36282,-15.4375,0,0,1.0808889,1251.4,61.5736,43.513676,120.381424,57.67844,1018,0.48781145,1,0,0,1,0,0,0,0,0,0,0,0,0,0,0,0,0,0,1,0,0,1,0.25,5,2.251291799,3,-113.3458328|48.46250153,2,-113.3458328,48.46250153
S4875,1260,126.59985,3311.0686,180.5664,24.298332,,266,-809,5397,0.1786791,0.98317844,1849,5.4882984,-1.25,0,0,12.071645,11000.8,200,47.679646,182.91426,52.51077,2003,0.20980686,0,1,0,1,0,0,0,0,0,0,0,0,0,0,0,0,0,0,0,0,1,1,0.25,2,2.483989589,2,-155.3208313|19.82083321,1,-155.3208313,19.82083321
S1984,1747,168.5166,923.96594,284.5166,72.298355,100,1123,2322,1402,-0.40181726,0.90030533,467,0.45562643,0.1875,0,0.88196427,0.33706668,3499.2,200,52.530132,12.861359,64.791435,1101,0.18077233,0,1,0,1,0,0,0,0,0,1,0,0,0,0,0,0,0,0,0,0,0,1,0.5,8,3.511545439,7,-64.1875|-31.5625,9,-64.1875,-31.5625
S1165,1732,251.5,1588.1504,294.5005,80.19836,89,232,-85,5328,-0.65946394,0.7517351,38.5,3.2502275,-2.125,0,0.14008012,0.35306665,7058.2,199.10904,57.427326,21.086325,59.40331,2110,0.2079932,0,1,1,0,0,0,0,0,0,1,0,0,0,0,0,0,0,0,0,0,0,100,0.25,1,4.369447852,2,108.9791641|18.44583321,8,108.9791641,18.44583321
S5570,942,10.533447,562.73254,193.56665,56.010002,,753,2920,3863,0.96480006,0.09124126,1323.5,2.2123065,2.25,0,0,101.49511,4379,194.05327,37.209507,182.86855,53.889946,855,0.7052143,0,1,0,1,0,0,0,0,0,0,0,0,0,0,0,0,0,0,0,0,1,1,0.25,5,1.791759469,4,-118.6041641|53.87916565,8,-118.6041641,53.87916565
S6557,1266,136.55005,3570.5193,186.5498,23.998333,,266,3682,5493,0.36486655,0.9310581,1662.5,5.110835,-2.75,0,0,58.27413,11484.8,200,59.214035,235.09749,47.766872,2003,0.2097156,0,1,0,1,0,0,0,0,0,0,0,0,0,0,0,0,0,0,0,0,1,1,0.25,1,2.351184777,3,-155.3041687|19.82916641,1,-155.3041687,19.82916641
S2794,674,62.5,610.10016,186.48315,29.7,,961,964,1965,0.46054667,0.52532357,17,1.3315935,0.75,0,0.031560797,89.382935,6652.2,142.64383,63.288723,92.9792,55.291878,742,0.6547216,0,1,0,1,0,0,0,0,0,0,0,0,0,0,0,0,0,0,0,1,0,1,0.265,4,2.862086542,9,19.92083359|60.34583282,9,19.92083359,60.34583282
S6734,1266,136.55005,3570.5193,186.5498,23.998333,,266,3682,5493,0.36486655,0.9310581,1662.5,5.110835,-2.75,0,0,58.27413,11484.8,200,59.214035,235.09749,47.766872,2003,0.2097156,0,1,0,1,0,0,0,0,0,0,0,0,0,0,0,0,0,0,0,0,1,1,0.25,1,3.175550722,4,-155.3041687|19.82916641,1,-155.3041687,19.82916641
S5892,930,5.5168457,657.9165,195.51685,62.301674,,1484,4636,2134,-0.52575064,-0.4759143,1394.5,2.2448254,2,0,0,73.896,5772,200,35.689667,182.23006,55.13674,854,0.7296108,0,1,0,1,0,0,0,0,0,0,0,0,0,0,0,0,0,0,0,0,1,1,0.25,5,2.197224577,5,-117.3291702|53.42083359,9,-117.3291702,53.42083359
S4265,1254,121.61694,3193.9346,176.5835,24.396688,20,751,4018,3778,0.4215162,0.9067608,1941,5.4097967,2,0,0,8.919644,9833.6,199.96217,45.98457,166.13841,55.210518,2003,0.20980686,0,1,0,1,0,0,0,0,0,0,0,0,0,0,0,0,0,0,0,0,1,1,0.25,2,3.06795987,3,-155.3291626|19.82083321,1,-155.3291626,19.82083321
S6546,842,90.516846,1001.8317,215.53345,17.498325,25,221,-983,3932,0.81218183,-0.06588512,354,2.7307372,2.125,0,0,191.65085,7454.4,200,33.38303,59.390316,55.525528,1238,0.44663152,0,1,0,1,0,0,0,0,0,0,0,0,0,0,0,0,0,0,0,0,1,100,2,4,1.609437912,10,5.895833492|49.62083435,6,5.895833492,49.62083435
S2905,1527,138.5,589.98346,316.5,102.79999,100,718,2962,3366,-0.76042014,0,13,0.24536157,0.25,0,0.99390906,0.049777776,3533.6,200,27.211344,14.565549,77.05272,1277,0.39228615,0,1,0,1,0,0,0,0,0,1,0,0,0,0,0,0,0,0,0,0,0,10000,0.5,4,4.044734073,1,117.7208328|36.94583511,2,117.7208328,36.94583511
S1356,1260,126.59985,3311.0686,180.5664,24.298332,,266,-809,5397,0.1786791,0.98317844,1849,5.4882984,-1.25,0,0,12.071645,11000.8,200,47.679646,182.91426,52.51077,2003,0.20980686,0,1,0,1,0,0,0,0,0,0,0,0,0,0,0,0,0,0,0,0,1,1,0.25,2,2.926006985,4,-155.3208313|19.82083321,1,-155.3208313,19.82083321
S1263,1368,176.5,1750.9644,325.51685,46.2,90,777,4744,3068,-0.047540598,-0.285125,60.5,1.1911206,2.125,0,12.18677,1.3155556,3297.6,200,26.787823,15.979309,57.84551,2138,0.3938757,0,1,0,1,0,1,0,0,0,0,0,0,0,0,0,0,0,0,0,0,0,100,0.5,4,4.069009669,2,115.7125015|29.27916718,6,115.7125015,29.27916718
S3738,1267,131.61621,3437.4023,183.5664,24.196665,,261,3851,6205,0.39932412,0.9167687,1745,5.119382,0.375,0,0,18.65031,6519.2,200,53.640045,224.0743,50.686573,2003,0.2097156,0,1,0,1,0,0,0,0,0,0,0,0,0,0,0,0,0,0,0,0,1,1,0.25,1,2.917770732,5,-155.3125|19.82916641,1,-155.3125,19.82916641
S1533,1021.99994,-1.3825684,1379.0079,187.63428,22.596657,,1769,1322,2437,0.53414994,0.7705729,2094.5,18.36282,-15.4375,0,0,1.0808889,1251.4,61.5736,43.513676,120.381424,57.67844,1018,0.48781145,1,0,0,1,0,0,0,0,0,0,0,0,0,0,0,0,0,0,1,0,0,1,0.25,5,3.113515309,6,-113.3458328|48.46250153,2,-113.3458328,48.46250153
S2561,1111,68.68237,504.38437,235.66577,84.10336,47,605,1614,3394,0.049324706,-0.47031122,2208,9.69371,5.4375,0,0.36404908,0.14791112,3749,200,30.438738,22.025988,78.60172,1448,0.37106332,1,0,0,1,0,0,1,0,0,0,0,0,0,0,0,0,0,0,0,0,0,100,0.5,10,3.705072631,2,103.4708328|35.44583511,9,103.4708328,35.44583511
S4931,921,66.5,1030.0669,257.4834,14.9,76,384,-542,2795,-0.31622744,0.7071071,17.5,0.13480535,-0.0625,0,0.6216277,0.86844444,4559.8,200,37.614765,99.281906,62.548576,1233,0.7181875,1,0,1,0,0,0,0,0,0,0,0,0,0,0,0,0,0,1,0,0,0,100,0.5,4,2.5648724,3,-73.37083435|45.72083282,10,-73.37083435,45.72083282
S1044,1425,177.41724,779.73157,286.417,48.401672,58,783,278,2545,-0.7760674,0.6298202,76,2.8819964,-4.5,0,0.34398142,19.1616,8441,200,36.834293,20.159712,74.93907,1965,0.18426913,0,1,0,1,0,0,0,0,0,0,0,0,0,0,0,0,0,0,0,1,0,1,0.25,12,4.686740961,4,3.020833254|39.83750153,4,3.020833254,39.83750153
S2812,1747,168.5166,923.96594,284.5166,72.298355,100,1123,2322,1402,-0.40181726,0.90030533,467,0.45562643,0.1875,0,0.88196427,0.33706668,3499.2,200,52.530132,12.861359,64.791435,1101,0.18077233,0,1,0,1,0,0,0,0,0,1,0,0,0,0,0,0,0,0,0,0,0,1,0.5,8,4.303984053,8,-64.1875|-31.5625,9,-64.1875,-31.5625
S5335,1170,22.5,416.06552,246.5,116.70332,69,724,78,2606,-0.37372667,0.9259256,614,4.4308023,-2.5,0,6.360967,0,2425.6,200,40.382896,32.980656,68.78672,911,0.3470581,1,0,0,1,0,0,1,0,0,0,0,0,0,0,0,0,0,0,0,0,0,100,0.5,4,3.770321206,4,120.8958359|46.72083282,5,120.8958359,46.72083282
S5599,1447.9999,100.66748,543.4977,273.68433,41.39668,,492,1602,5658,0.6802275,-0.7045553,1652,15.049555,5.9375,0,0,70.813515,5953.8,190.95566,45.089645,39.135887,64.03502,2083,0.28689593,1,0,0,1,0,0,0,0,0,0,0,0,0,0,0,0,0,0,0,1,0,1,0.5,12,2.078816332,5,-2.837500095|37.40416718,10,-2.837500095,37.40416718
S1449,1285,211.50122,2388.2417,296.5349,64.09496,4,392,2911,4764,-0.51543915,0.3193583,370,9.578581,-10,0,0,98.89956,3024.6,198.96468,48.84922,40.156616,53.114693,2067,0.26495403,0,1,0,1,0,0,0,0,0,0,0,0,0,0,0,1,0,0,0,0,0,100,0.5,1,3.931806035,6,112.5291672|23.17083359,8,112.5291672,23.17083359
S7296,909,26.466797,621.1509,213.46655,66.99833,,1019,2372,2803,-0.96363586,-0.081362695,911,2.931128,2.5625,0,0,93.60818,5528.8,200,34.626884,222.31874,53.22273,680,0.77110505,0,1,0,1,0,0,0,0,0,0,0,0,0,0,0,0,0,0,0,0,1,1,0.25,5,2.301884851,7,-116.5958328|54.20416641,9,-116.5958328,54.20416641
S4375,1267,131.61621,3437.4023,183.5664,24.196665,,261,3851,6205,0.39932412,0.9167687,1745,5.119382,0.375,0,0,18.65031,6519.2,200,53.640045,224.0743,50.686573,2003,0.2097156,0,1,0,1,0,0,0,0,0,0,0,0,0,0,0,0,0,0,0,0,1,1,0.25,1,3.21835567,7,-155.3125|19.82916641,1,-155.3125,19.82916641
S1725,1885,121.68286,411.58353,341.66602,74.89833,,1139,1499,3085,0.7584489,0.6277572,1601.5,10.713452,5.0625,100,0.00016860766,0,903.2,185.90192,33.13716,19.842487,74.68375,1135,0.33298552,0,1,0,1,0,0,0,0,0,0,0,0,0,0,0,0,0,0,0,0,1,100,2,4,3.314186005,5,46.98749924|35.42916489,4,46.98749924,35.42916489
S6729,1254,121.61694,3193.9346,176.5835,24.396688,20,751,4018,3778,0.4215162,0.9067608,1941,5.4097967,2,0,0,8.919644,9833.6,199.96217,45.98457,166.13841,55.210518,2003,0.20980686,0,1,0,1,0,0,0,0,0,0,0,0,0,0,0,0,0,0,0,0,1,1,0.25,2,2.740323738,5,-155.3291626|19.82083321,1,-155.3291626,19.82083321
S1463,1382,154.5,927.9833,311.5,76.405,100,549,-137,2204,0.67734927,3.14e-07,36,0.22309053,0.125,7.692308,3.2471783,3.2805333,3925.6,200,17.167015,10.421228,80.07945,1257,0.41285813,0,1,0,1,0,0,0,0,0,1,0,0,0,0,0,0,0,0,0,0,0,10000,0.5,4,4.078587744,6,115.5041656|33.29583359,3,115.5041656,33.29583359
S5613,931,8.46582,651.1013,197.48267,62.20167,,1094,3364,2820,-0.7231017,0.61035085,1349,1.7221339,-3,0,0,101.56942,5861,199.9991,34.476727,178.27522,56.037964,854,0.73323566,0,1,0,1,0,0,0,0,0,0,0,0,0,0,0,0,0,0,0,0,1,1,0.25,5,1.945910149,8,-117.3291702|53.41249847,9,-117.3291702,53.41249847
S2119,788,75.55005,923.1687,208.5498,21.495003,23,337,2957,4168,0.2377738,0.7446875,719.5,2.840636,4.875,0,0,94.26364,6773.6,200,25.25613,52.291485,56.456364,1291,0.49599174,1,0,0,1,0,0,0,0,0,0,0,0,0,1,0,0,0,0,0,0,0,1,0.6,4,3.40943004,7,9.462499619|48.46250153,7,9.462499619,48.46250153
S1784,1844,159.5166,740.16724,248.5166,80.50167,73,2365,4380,1673,0.49023277,0.73735833,1586.5,1.00878,1.0625,25,0,16.385067,3637.4,199.92664,62.511913,18.272524,59.61592,963,0.21783036,0,1,0,1,0,1,0,0,0,0,0,0,0,0,0,0,0,0,0,0,0,1600,0.5,10,4.371559543,3,29.19583321|-26.00416756,9,29.19583321,-26.00416756
S3989,1267,131.61621,3437.4023,183.5664,24.196665,,261,3851,6205,0.39932412,0.9167687,1745,5.119382,0.375,0,0,18.65031,6519.2,200,53.640045,224.0743,50.686573,2003,0.2097156,0,1,0,1,0,0,0,0,0,0,0,0,0,0,0,0,0,0,0,0,1,1,0.25,1,2.95745914,8,-155.3125|19.82916641,1,-155.3125,19.82916641
S6314,951,1.4501953,678.1486,187.4502,58.403313,,984,4004,3172,0.398789,-0.91698843,1404.5,3.6015131,-0.75,0,0,102.9408,5014.6,199.03268,39.187286,216.91997,51.873882,855,0.693133,0,1,0,1,0,0,0,0,0,0,0,0,0,0,0,0,0,0,0,0,1,1,0.25,5,1.488173803,9,-118.6624985|53.99583435,8,-118.6624985,53.99583435
S5058,1170,183.5166,1630.9513,328.51636,40.998318,37,632,1077,2325,0.6533371,0.60784477,172,4.5241165,-5.75,0,1.4122297,46.760357,6257.8,200,35.96403,21.729282,60.36498,1979,0.32752734,0,1,0,1,0,0,0,0,0,1,0,0,0,0,0,0,0,0,0,0,0,400,1.5,1,3.349412741,9,111.8874969|26.75416756,5,111.8874969,26.75416756
S7710,735,60.5,695.017,212.51685,34.101673,29,739,3439,3038,0.22804508,0.31622797,42.5,1.1673896,-0.375,0,0,114.606575,4635,200,61.07548,137.31459,50.11888,833,0.5210264,1,0,0,1,0,0,0,0,0,0,0,0,0,0,0,0,0,0,0,1,0,1,0.25,4,1.791759469,8,27.26250076|58.29583359,7,27.26250076,58.29583359
S4693,919,27.533203,588.917,215.5332,60.803314,,1163,2262,3008,-0.97101945,0.23842725,1088.5,1.7231948,1.6875,0,0,124.79769,5613,200,37.465572,154.22768,57.287178,854,0.73052317,0,1,0,1,0,0,0,0,0,0,0,0,0,0,0,0,0,0,0,0,1,1,0.25,5,1.098612289,10,-116.9708328|53.32083511,9,-116.9708328,53.32083511
S1297,1336,105.41699,639.63715,260.417,80.80335,41,326,2662,3921,0.11802153,0.5354624,1008,16.676365,-27.125,0,0,48.507732,1656.2,198.61172,38.33275,36.83697,66.363075,1567,0.4313808,0,1,0,1,0,0,0,0,0,1,0,0,0,0,0,0,0,0,0,0,0,1,0.05,4,3.624340933,9,112.2874985|35.20416641,9,112.2874985,35.20416641
S4226,1145,102.56616,670.035,273.53296,83.395004,69,958,1534,2598,-0.31920707,0.2720523,1384.5,8.644741,12.6875,0,1.7709147,0.96746665,4267,200,28.215963,15.9814415,79.119225,1046,0.3843189,1,0,1,0,0,0,0,0,0,0,0,0,0,0,1,0,0,0,0,0,0,400,1,4,2.079441542,10,107.4124985|35.12083435,6,107.4124985,35.12083435
S3974,1267,131.61621,3437.4023,183.5664,24.196665,,261,3851,6205,0.39932412,0.9167687,1745,5.119382,0.375,0,0,18.65031,6519.2,200,53.640045,224.0743,50.686573,2003,0.2097156,0,1,0,1,0,0,0,0,0,0,0,0,0,0,0,0,0,0,0,0,1,1,0.25,1,2.63905733,10,-155.3125|19.82916641,1,-155.3125,19.82916641
S1867,864,104.5,817.96674,224.48315,11.6,62,428,2111,3285,-0.25686583,0.29191923,40,0.42182255,-1.5,0,0.92368823,28.662045,6700.8,200,29.53292,16.30196,61.06855,1024,0.5062358,0,1,0,1,0,0,0,0,0,1,0,0,0,0,0,0,0,0,0,0,0,4,0.25,4,2.833213344,1,4.987500191|50.88750076,6,4.987500191,50.88750076
S5725,672,63.5,590.0335,194.5,29.001675,,1275,3328,2435,-0.70336676,-0.3646894,15,1.1449437,1.1875,0,0,82.64089,6353,118.7757,59.116756,98.4681,54.86442,,0.6560382,0,1,0,1,0,0,0,0,0,0,0,0,0,0,0,0,0,0,0,1,0,1,0.265,3,2.397895273,2,19.80416679|60.33750153,9,19.80416679,60.33750153
S5396,1266,136.55005,3570.5193,186.5498,23.998333,,266,3682,5493,0.36486655,0.9310581,1662.5,5.110835,-2.75,0,0,58.27413,11484.8,200,59.214035,235.09749,47.766872,2003,0.2097156,0,1,0,1,0,0,0,0,0,0,0,0,0,0,0,0,0,0,0,0,1,1,0.25,1,2.833036843,1,-155.3041687|19.82916641,1,-155.3041687,19.82916641
S3589,1792,247.5,1122.983,331.5,86.30165,29,686,2925,2235,-0.10905862,0.38172087,28.5,0.3553965,-0.3125,26.923079,0,38.029865,7577.2,200,66.693214,13.15846,61.03452,1579.8047,0.23161153,1,0,0,1,0,0,0,0,0,0,0,0,0,0,0,0,0,0,0,1,0,1,0.25,7,3.583435647,8,34.37916565|-18.9375,4,34.37916565,-18.9375
S4832,1334,83.4834,586.0841,273.4834,104.698326,100,602,814,2763,0.4200393,-0.4059896,653.5,1.9293913,-0.5,0,4.612226,2.469689,3182.2,200,42.772217,23.201887,74.267395,1142,0.40491402,1,0,0,1,0,0,1,0,0,0,0,0,0,0,0,0,0,0,0,0,0,100,0.5,4,3.583185521,2,117.4291687|40.84583282,9,117.4291687,40.84583282
S5871,1254,121.61694,3193.9346,176.5835,24.396688,20,751,4018,3778,0.4215162,0.9067608,1941,5.4097967,2,0,0,8.919644,9833.6,199.96217,45.98457,166.13841,55.210518,2003,0.20980686,0,1,0,1,0,0,0,0,0,0,0,0,0,0,0,0,0,0,0,0,1,1,0.25,2,2.995282133,6,-155.3291626|19.82083321,1,-155.3291626,19.82083321
S1997,1733,251.5,1586.235,295.5,80.00168,100,705,-149,2644,0.92268175,-0.24398871,36,0.74591506,-0.5625,0,1.8449624,0.27733332,6916.8,200,56.49613,20.884802,60.302635,2110,0.20654473,0,1,1,0,0,0,0,0,0,1,0,0,0,0,0,0,0,0,0,0,0,100,0.25,1,4.191153603,2,108.9791641|18.46249962,8,108.9791641,18.46249962
S6334,943,18.5,600.9491,201.4834,44.805016,,642,-900,3294,0.884689,0.39487228,1066,2.6907244,-2.0625,0,0,122.768715,5186.4,200,39.759064,187.37015,54.21263,707,0.6929289,0,1,0,1,0,0,0,0,0,0,0,0,0,0,0,0,0,0,0,0,1,1,0.25,5,2.197224577,1,-119.9958344|54.67083359,6,-119.9958344,54.67083359
S3497,1260,126.59985,3311.0686,180.5664,24.298332,,266,-809,5397,0.1786791,0.98317844,1849,5.4882984,-1.25,0,0,12.071645,11000.8,200,47.679646,182.91426,52.51077,2003,0.20980686,0,1,0,1,0,0,0,0,0,0,0,0,0,0,0,0,0,0,0,0,1,1,0.25,2,2.771901006,7,-155.3208313|19.82083321,1,-155.3208313,19.82083321
S2482,1254,121.61694,3193.9346,176.5835,24.396688,20,751,4018,3778,0.4215162,0.9067608,1941,5.4097967,2,0,0,8.919644,9833.6,199.96217,45.98457,166.13841,55.210518,2003,0.20980686,0,1,0,1,0,0,0,0,0,0,0,0,0,0,0,0,0,0,0,0,1,1,0.25,2,3.056309861,8,-155.3291626|19.82083321,1,-155.3291626,19.82083321
S1800,1844,159.5166,740.16724,248.5166,80.50167,73,2365,4380,1673,0.49023277,0.73735833,1586.5,1.00878,1.0625,25,0,16.385067,3637.4,199.92664,62.511913,18.272524,59.61592,963,0.21783036,0,1,0,1,0,1,0,0,0,0,0,0,0,0,0,0,0,0,0,0,0,1600,0.5,10,4.595109755,4,29.19583321|-26.00416756,9,29.19583321,-26.00416756
S3452,788,75.55005,923.1687,208.5498,21.495003,23,337,2957,4168,0.2377738,0.7446875,719.5,2.840636,4.875,0,0,94.26364,6773.6,200,25.25613,52.291485,56.456364,1291,0.49599174,1,0,0,1,0,0,0,0,0,0,0,0,0,1,0,0,0,0,0,0,0,1,0.6,4,3.783894125,3,9.462499619|48.46250153,7,9.462499619,48.46250153
S5817,788,75.55005,923.1687,208.5498,21.495003,23,337,2957,4168,0.2377738,0.7446875,719.5,2.840636,4.875,0,0,94.26364,6773.6,200,25.25613,52.291485,56.456364,1291,0.49599174,1,0,0,1,0,0,0,0,0,0,0,0,0,1,0,0,0,0,0,0,0,1,0.6,4,3.496386351,4,9.462499619|48.46250153,7,9.462499619,48.46250153
S6363,959,29.516846,629.1669,209.53345,63.598297,,799,700,2651,0.8939569,0.19624338,931,2.026908,1.5,0,0,123.628975,6734.4,199.17502,38.41034,205.90555,49.73708,729,0.7500601,0,1,0,1,0,0,0,0,0,0,0,0,0,0,0,0,0,0,0,0,1,1,0.25,5,1.252762968,2,-118.0625|54.5625,8,-118.0625,54.5625
S7325,1021.99994,-1.3825684,1379.0079,187.63428,22.596657,,1769,1322,2437,0.53414994,0.7705729,2094.5,18.36282,-15.4375,0,0,1.0808889,1251.4,61.5736,43.513676,120.381424,57.67844,1018,0.48781145,1,0,0,1,0,0,0,0,0,0,0,0,0,0,0,0,0,0,1,0,0,1,0.25,5,2.060003873,3,-113.3458328|48.46250153,2,-113.3458328,48.46250153
S4585,1266,136.55005,3570.5193,186.5498,23.998333,,266,3682,5493,0.36486655,0.9310581,1662.5,5.110835,-2.75,0,0,58.27413,11484.8,200,59.214035,235.09749,47.766872,2003,0.2097156,0,1,0,1,0,0,0,0,0,0,0,0,0,0,0,0,0,0,0,0,1,1,0.25,1,2.706315362,3,-155.3041687|19.82916641,1,-155.3041687,19.82916641
S6417,931,8.46582,651.1013,197.48267,62.20167,,1094,3364,2820,-0.7231017,0.61035085,1349,1.7221339,-3,0,0,101.56942,5861,199.9991,34.476727,178.27522,56.037964,854,0.73323566,0,1,0,1,0,0,0,0,0,0,0,0,0,0,0,0,0,0,0,0,1,1,0.25,5,1.386294361,4,-117.3291702|53.41249847,9,-117.3291702,53.41249847
S1553,1511,168.5166,1138.2004,272.46655,30.198303,86,2222,3244,4130,-0.76041985,0.3162282,10,0.18802828,0.0625,0,40.76822,1.3248,,200,45.657,31.426418,67.14919,485,0.1547545,1,0,0,1,0,0,0,0,1,0,0,0,0,0,0,0,0,0,0,0,0,100,0.75,8,2.944438979,9,-58.37916565|-34.65416718,3,-58.37916565,-34.65416718
S1604,1239,78.61719,380.76587,252.61694,89.09834,10,1033,2708,4581,0.9902021,0.01440905,1770.5,8.468975,6.6875,0,1.1750517,0,1991,200,33.21549,20.26587,83.314705,985,0.34634617,1,0,0,1,0,0,1,0,0,0,0,0,0,0,0,0,0,0,0,0,0,100,0.5,10,3.355711764,5,105.9124985|36.44583511,4,105.9124985,36.44583511
S1942,1244,142.5,606.9831,298.4668,77.69829,100,1548,2660,1145,-0.9095323,-0.35334596,517,1.1950842,1,0,140.00677,0,,200,29.076893,15.165628,79.2258,1724,0.48846725,0,1,1,0,0,0,0,0,0,1,0,0,0,0,0,0,0,0,0,0,0,16,1.5,4,4.034222949,5,108.0625|34.28749847,6,108.0625,34.28749847
S4765,1509,242.5,1275.8962,323.5166,47.203377,60,236,1434,3911,0.26824385,0.62689316,723,0.76663387,-0.8125,0,18.521578,93.7872,16020.2,200,42.766384,24.922234,58.36335,2243,0.24493127,0,1,0,1,0,0,0,0,0,0,0,0,0,0,0,0,0,0,0,0,1,100,2,7,3.295836866,9,30.09583282|0.7958333492,10,30.09583282,0.7958333492
S5867,1261,130.56738,3436.2678,183.53369,24.196665,,296,-647,4310,0.58436203,0.811493,1773.5,4.9342194,-0.5,0,0,66.01315,5316.4,200,53.722668,205.09613,49.632347,2003,0.20980686,0,1,0,1,0,0,0,0,0,0,0,0,0,0,0,0,0,0,0,0,1,1,0.25,1,2.48490665,4,-155.3125|19.82083321,1,-155.3125,19.82083321
S2572,1310,89.43115,326.2696,255.46533,86.59833,54,1285,2167,3910,-0.47105342,0.8163252,1781.5,7.1949797,-8.3125,0,3.1393135,0,,199.0586,38.542854,14.550011,82.12689,1414,0.34320238,1,0,0,1,0,0,1,0,0,0,0,0,0,0,0,0,0,0,0,0,0,100,0.5,10,1.791759469,6,102.8291702|36.35416794,9,102.8291702,36.35416794
S4123,1254,121.61694,3193.9346,176.5835,24.396688,20,751,4018,3778,0.4215162,0.9067608,1941,5.4097967,2,0,0,8.919644,9833.6,199.96217,45.98457,166.13841,55.210518,2003,0.20980686,0,1,0,1,0,0,0,0,0,0,0,0,0,0,0,0,0,0,0,0,1,1,0.25,2,2.890260596,9,-155.3291626|19.82083321,1,-155.3291626,19.82083321
S5841,873,105.483154,813.0501,224.48315,11.5,59,788,3436,1770,-0.68436384,0.4183836,37,0.53044504,-1.125,0,0.27997532,32.833424,6597.2,200,27.496218,18.358847,61.38324,1024,0.5058858,0,1,0,1,0,0,0,0,0,1,0,0,0,0,0,0,0,0,0,0,0,4,0.25,4,2.63898587,6,4.962500095|50.86249924,6,4.962500095,50.86249924
S1085,1521,257.48364,1506.9163,290.50024,68.096664,61,724,5205,3178,-0.7883622,0.22004724,21,1.2922461,-2.0625,0,8.430498,28.626133,8034.6,200,61.674206,19.640553,53.14642,1501,0.19196194,0,1,0,1,0,0,1,0,0,0,0,0,0,0,0,0,0,0,0,0,0,113,0.25,1,4.624972813,5,-6.720833302|4.762499809,8,-6.720833302,4.762499809
S5232,667.5718,64.5,575.0168,187.51685,28.103323,,,,,,,0,0,0,100,0.3658309,17.775467,4804.6,125.248116,57.884518,117.21346,58.67241,,0.6431824,0,1,0,1,0,0,0,0,0,0,0,0,0,0,0,0,0,0,0,1,0,1,0.265,4,3.449924026,7,19.53750038|60.22083282,9,19.53750038,60.22083282
S7678,943,18.5,600.9491,201.4834,44.805016,,642,-900,3294,0.884689,0.39487228,1066,2.6907244,-2.0625,0,0,122.768715,5186.4,200,39.759064,187.37015,54.21263,707,0.6929289,0,1,0,1,0,0,0,0,0,0,0,0,0,0,0,0,0,0,0,0,1,1,0.25,5,0.6931471806,5,-119.9958344|54.67083359,6,-119.9958344,54.67083359
S1477,921,66.5,1030.0669,257.4834,14.9,76,384,-542,2795,-0.31622744,0.7071071,17.5,0.13480535,-0.0625,0,0.6216277,0.86844444,4559.8,200,37.614765,99.281906,62.548576,1233,0.7181875,1,0,1,0,0,0,0,0,0,0,0,0,0,0,0,0,0,1,0,0,0,100,0.5,4,3.931668769,8,-73.37083435|45.72083282,10,-73.37083435,45.72083282
S6278,919,27.533203,588.917,215.5332,60.803314,,1163,2262,3008,-0.97101945,0.23842725,1088.5,1.7231948,1.6875,0,0,124.79769,5613,200,37.465572,154.22768,57.287178,854,0.73052317,0,1,0,1,0,0,0,0,0,0,0,0,0,0,0,0,0,0,0,0,1,1,0.25,5,2.301184118,6,-116.9708328|53.32083511,9,-116.9708328,53.32083511
S1188,1168,123.4668,778.999,251.48364,27.793295,75,870,3162,3299,0.19709048,-0.8951922,111,5.141965,4.25,0,5.8513813,0.6144,,199.99326,36.305122,19.063942,72.45593,1838,0.22346906,0,1,0,1,0,0,0,0,0,0,0,0,0,0,0,0,0,0,0,0,1,100,5,4,4.166665224,9,33.53749847|44.57083511,3,33.53749847,44.57083511
S4616,1467,65.516846,387.81555,283.53345,122.49835,43,575,348,3000,0.97392714,0.20651135,500,2.2561438,-1.875,0,0.27558422,0,1888.8,200,43.17346,10.070711,81.52375,887,0.31923488,1,0,0,1,0,0,1,0,0,0,0,0,0,0,0,0,0,0,0,0,0,100,0.5,8,3.784121487,10,119.5124969|43.86249924,4,119.5124969,43.86249924
S5811,953,31.466797,529.0332,217.46704,49.198322,,598,3200,4121,-0.90916264,0.41643113,803,2.488282,-0.5625,0,0,100.69778,4763.4,200,45.198517,191.8483,53.461014,707,0.7212237,0,1,0,1,0,0,0,0,0,0,0,0,0,0,0,0,0,0,0,0,1,1,0.25,6,1.386294361,3,-119.6791687|54.8125,6,-119.6791687,54.8125
S1462,1436,149.48315,579.98346,316.5,89.201675,100,637,1005,2024,-0.89442724,-0.18025674,125,0.13480535,0,0,4.083875,0.9372444,3940.6,200,26.50323,14.424418,80.63386,1423,0.4276527,0,1,1,0,0,0,0,0,0,1,0,0,0,0,0,0,0,0,0,0,0,10000,0.5,4,4.443486192,10,113.3458328|34.88750076,9,113.3458328,34.88750076
S3996,864,104.5,817.96674,224.48315,11.6,62,428,2111,3285,-0.25686583,0.29191923,40,0.42182255,-1.5,0,0.92368823,28.662045,6700.8,200,29.53292,16.30196,61.06855,1024,0.5062358,0,1,0,1,0,0,0,0,0,1,0,0,0,0,0,0,0,0,0,0,0,4,0.25,4,2.890371758,1,4.987500191|50.88750076,6,4.987500191,50.88750076
S3790,1267,131.61621,3437.4023,183.5664,24.196665,,261,3851,6205,0.39932412,0.9167687,1745,5.119382,0.375,0,0,18.65031,6519.2,200,53.640045,224.0743,50.686573,2003,0.2097156,0,1,0,1,0,0,0,0,0,0,0,0,0,0,0,0,0,0,0,0,1,1,0.25,1,3.838936088,6,-155.3125|19.82916641,1,-155.3125,19.82916641
S2356,788,75.55005,923.1687,208.5498,21.495003,23,337,2957,4168,0.2377738,0.7446875,719.5,2.840636,4.875,0,0,94.26364,6773.6,200,25.25613,52.291485,56.456364,1291,0.49599174,1,0,0,1,0,0,0,0,0,0,0,0,0,1,0,0,0,0,0,0,0,1,0.6,4,3.257904244,2,9.462499619|48.46250153,7,9.462499619,48.46250153
S4973,1261,130.56738,3436.2678,183.53369,24.196665,,296,-647,4310,0.58436203,0.811493,1773.5,4.9342194,-0.5,0,0,66.01315,5316.4,200,53.722668,205.09613,49.632347,2003,0.20980686,0,1,0,1,0,0,0,0,0,0,0,0,0,0,0,0,0,0,0,0,1,1,0.25,1,2.397895273,7,-155.3125|19.82083321,1,-155.3125,19.82083321
S4100,958,28.500244,663.0674,208.5332,62.79833,,360,909,4753,0.8497753,0.5271443,940,0.9274568,0.0625,0,0,141.32605,5795.8,196.95668,35.36112,214.89134,49.861366,729,0.75116986,0,1,0,1,0,0,0,0,0,0,0,0,0,0,0,0,0,0,0,0,1,1,0.25,5,2.833036843,7,-117.9708328|54.58750153,8,-117.9708328,54.58750153
S4674,1267,131.61621,3437.4023,183.5664,24.196665,,261,3851,6205,0.39932412,0.9167687,1745,5.119382,0.375,0,0,18.65031,6519.2,200,53.640045,224.0743,50.686573,2003,0.2097156,0,1,0,1,0,0,0,0,0,0,0,0,0,0,0,0,0,0,0,0,1,1,0.25,1,2.302485048,8,-155.3125|19.82916641,1,-155.3125,19.82916641
S7145,1254,121.61694,3193.9346,176.5835,24.396688,20,751,4018,3778,0.4215162,0.9067608,1941,5.4097967,2,0,0,8.919644,9833.6,199.96217,45.98457,166.13841,55.210518,2003,0.20980686,0,1,0,1,0,0,0,0,0,0,0,0,0,0,0,0,0,0,0,0,1,1,0.25,2,2.11009199,10,-155.3291626|19.82083321,1,-155.3291626,19.82083321
S5048,1021.99994,-1.3825684,1379.0079,187.63428,22.596657,,1769,1322,2437,0.53414994,0.7705729,2094.5,18.36282,-15.4375,0,0,1.0808889,1251.4,61.5736,43.513676,120.381424,57.67844,1018,0.48781145,1,0,0,1,0,0,0,0,0,0,0,0,0,0,0,0,0,0,1,0,0,1,0.25,5,2.077815219,8,-113.3458328|48.46250153,2,-113.3458328,48.46250153
S3970,1302,219.49927,2447.5522,299.48267,71.99166,3,357,2657,5023,0.8360802,0.45212516,449.5,8.0472765,-1.8125,0,0.13306288,145.72,11929.2,185.38757,42.53912,53.279552,53.37086,2044,0.20415549,0,1,0,1,0,0,0,0,0,0,0,0,0,0,0,0,0,0,0,0,1,100,2,1,3.050220499,9,105.5958328|20.34583282,2,105.5958328,20.34583282
S6994,1254,121.61694,3193.9346,176.5835,24.396688,20,751,4018,3778,0.4215162,0.9067608,1941,5.4097967,2,0,0,8.919644,9833.6,199.96217,45.98457,166.13841,55.210518,2003,0.20980686,0,1,0,1,0,0,0,0,0,0,0,0,0,0,0,0,0,0,0,0,1,1,0.25,2,1.252762968,1,-155.3291626|19.82083321,1,-155.3291626,19.82083321
S3243,1266,136.55005,3570.5193,186.5498,23.998333,,266,3682,5493,0.36486655,0.9310581,1662.5,5.110835,-2.75,0,0,58.27413,11484.8,200,59.214035,235.09749,47.766872,2003,0.2097156,0,1,0,1,0,0,0,0,0,0,0,0,0,0,0,0,0,0,0,0,1,1,0.25,1,2.650915303,10,-155.3041687|19.82916641,1,-155.3041687,19.82916641
S1464,1523,138.5,596.96674,316.5,103.40165,100,490,595,3357,0.15811342,-0.45161194,14,0.11454373,-0.125,0,1.018671,0.07964444,3788,200,25.486105,11.512763,77.462036,1277,0.38629007,0,1,0,1,0,0,0,0,0,1,0,0,0,0,0,0,0,0,0,0,0,10000,0.5,4,4.553866371,3,117.6291656|36.95416641,2,117.6291656,36.95416641
S2915,667.5718,64.5,575.0168,187.51685,28.103323,,,,,,,0,0,0,100,0.3658309,17.775467,4804.6,125.248116,57.884518,117.21346,58.67241,,0.6431824,0,1,0,1,0,0,0,0,0,0,0,0,0,0,0,0,0,0,0,1,0,1,0.265,4,3.238168499,4,19.53750038|60.22083282,9,19.53750038,60.22083282
S2647,1285,211.50122,2388.2417,296.5349,64.09496,4,392,2911,4764,-0.51543915,0.3193583,370,9.578581,-10,0,0,98.89956,3024.6,198.96468,48.84922,40.156616,53.114693,2067,0.26495403,0,1,0,1,0,0,0,0,0,0,0,0,0,0,0,1,0,0,0,0,0,100,0.5,1,3.91693091,1,112.5291672|23.17083359,8,112.5291672,23.17083359
S3207,1760,244.48364,1222.2501,326.48364,85.90001,,324,260,4038,-0.18569498,0.86760217,95.5,1.0685066,-0.5,48.076923,0.27658707,42.833424,7585.6,199.90366,69.647675,17.959805,60.28013,1588,0.23592591,1,0,0,1,0,0,0,0,0,0,0,0,0,0,0,0,0,0,0,1,0,1,0.25,7,3.228786573,10,34.22916794|-19.00416756,4,34.22916794,-19.00416756
S1135,888,14.516602,504.917,229.5498,39.09668,98,815,2541,1679,-0.49280107,0.46642858,216,0.6954815,1.6875,0,0.00042099447,8.2592,4054.6,200,29.550503,125.6068,61.634342,733,0.3633388,0,1,0,1,0,0,0,0,0,0,0,0,0,0,0,0,0,0,0,0,1,100,5,8,3.991296186,1,83.10416412|54.66249847,8,83.10416412,54.66249847
S5446,921,66.5,1030.0669,257.4834,14.9,76,384,-542,2795,-0.31622744,0.7071071,17.5,0.13480535,-0.0625,0,0.6216277,0.86844444,4559.8,200,37.614765,99.281906,62.548576,1233,0.7181875,1,0,1,0,0,0,0,0,0,0,0,0,0,0,0,0,0,1,0,0,0,100,0.5,4,2.9956823,5,-73.37083435|45.72083282,10,-73.37083435,45.72083282
S3014,788,75.55005,923.1687,208.5498,21.495003,23,337,2957,4168,0.2377738,0.7446875,719.5,2.840636,4.875,0,0,94.26364,6773.6,200,25.25613,52.291485,56.456364,1291,0.49599174,1,0,0,1,0,0,0,0,0,0,0,0,0,1,0,0,0,0,0,0,0,1,0.6,4,3.332061653,6,9.462499619|48.46250153,7,9.462499619,48.46250153
S2809,1244,142.5,606.9831,298.4668,77.69829,100,1548,2660,1145,-0.9095323,-0.35334596,517,1.1950842,1,0,140.00677,0,,200,29.076893,15.165628,79.2258,1724,0.48846725,0,1,1,0,0,0,0,0,0,1,0,0,0,0,0,0,0,0,0,0,0,16,1.5,4,3.091042453,7,108.0625|34.28749847,6,108.0625,34.28749847
S5916,788,75.55005,923.1687,208.5498,21.495003,23,337,2957,4168,0.2377738,0.7446875,719.5,2.840636,4.875,0,0,94.26364,6773.6,200,25.25613,52.291485,56.456364,1291,0.49599174,1,0,0,1,0,0,0,0,0,0,0,0,0,1,0,0,0,0,0,0,0,1,0.6,4,3.676047518,8,9.462499619|48.46250153,7,9.462499619,48.46250153
S7681,921,66.5,1030.0669,257.4834,14.9,76,384,-542,2795,-0.31622744,0.7071071,17.5,0.13480535,-0.0625,0,0.6216277,0.86844444,4559.8,200,37.614765,99.281906,62.548576,1233,0.7181875,1,0,1,0,0,0,0,0,0,0,0,0,0,0,0,0,0,1,0,0,0,100,0.5,4,0.6931471806,9,-73.37083435|45.72083282,10,-73.37083435,45.72083282
S5932,1266,136.55005,3570.5193,186.5498,23.998333,,266,3682,5493,0.36486655,0.9310581,1662.5,5.110835,-2.75,0,0,58.27413,11484.8,200,59.214035,235.09749,47.766872,2003,0.2097156,0,1,0,1,0,0,0,0,0,0,0,0,0,0,0,0,0,0,0,0,1,1,0.25,1,2.483405553,2,-155.3041687|19.82916641,1,-155.3041687,19.82916641
S918,1723,205.14966,2881.9248,255.08301,52.29997,33,979,5068,2189,0.93703055,0.07208358,495,26.315687,20.6875,0,0,13.5808,9490.4,161.87679,49.360878,46.34619,51.936634,1540,0.115554914,0,1,0,1,0,0,0,0,0,0,0,0,0,0,0,0,0,0,0,0,1,100,2,1,3.090997023,3,164.8708344|-20.63750076,7,164.8708344,-20.63750076
S2546,1460,218.40015,2408.6328,273.40015,39.09331,,1236,2957,2139,-0.054224674,-0.9610019,764.5,1.8464983,-1.375,0,0,189.52,10706.4,200,37.93982,54.082275,49.468918,2411,0.3014656,0,1,0,1,0,0,0,0,0,0,0,0,0,0,0,0,0,0,0,0,1,100,2,1,1.609437912,4,-60.08750153|5.4375,2,-60.08750153,5.4375
S3136,921,66.5,1030.0669,257.4834,14.9,76,384,-542,2795,-0.31622744,0.7071071,17.5,0.13480535,-0.0625,0,0.6216277,0.86844444,4559.8,200,37.614765,99.281906,62.548576,1233,0.7181875,1,0,1,0,0,0,0,0,0,0,0,0,0,0,0,0,0,1,0,0,0,100,0.5,4,3.044522438,10,-73.37083435|45.72083282,10,-73.37083435,45.72083282
S6403,935,14.516602,610.05,201.53296,63.1,,380,1916,5744,0.020566715,-0.8690771,1229,3.7300544,4.5625,0,0,111.34951,4667.6,194.80841,40.039696,183.47733,51.4844,855,0.7535415,0,1,0,1,0,0,0,0,0,0,0,0,0,0,0,0,0,0,0,0,1,1,0.25,5,1.098612289,9,-117.7291641|53.94583511,8,-117.7291641,53.94583511
S4198,1595,242.5,2302.3962,311.4834,68.296646,46,495,4840,3333,0.6535535,0.6475576,72,0.53841674,-0.375,0,1.4328487,61.73831,12546.2,200,39.879307,26.745203,52.67768,1991,0.21490541,0,1,1,0,0,0,0,0,0,1,0,0,0,0,0,0,0,0,0,0,0,100,0.25,1,3.652007931,5,110.2791672|19.90416718,2,110.2791672,19.90416718
S3276,1792,247.5,1122.983,331.5,86.30165,29,686,2925,2235,-0.10905862,0.38172087,28.5,0.3553965,-0.3125,26.923079,0,38.029865,7577.2,200,66.693214,13.15846,61.03452,1579.8047,0.23161153,1,0,0,1,0,0,0,0,0,0,0,0,0,0,0,0,0,0,0,1,0,1,0.25,7,3.500258112,1,34.37916565|-18.9375,4,34.37916565,-18.9375
S6793,1266,136.55005,3570.5193,186.5498,23.998333,,266,3682,5493,0.36486655,0.9310581,1662.5,5.110835,-2.75,0,0,58.27413,11484.8,200,59.214035,235.09749,47.766872,2003,0.2097156,0,1,0,1,0,0,0,0,0,0,0,0,0,0,0,0,0,0,0,0,1,1,0.25,1,3.473114846,6,-155.3041687|19.82916641,1,-155.3041687,19.82916641
S4648,1747,255.51636,1336.0334,299.51636,48.698357,,210,1214,4344,-0.19611683,0.55470014,18,0.15774922,-0.5,0,0,93.89813,10742,115.78659,43.172848,98.31163,71.17757,1542,0.15034056,0,1,0,1,0,0,0,0,0,0,0,0,0,0,0,0,0,0,0,1,0,1,0.25,1,2.944175831,7,-87.35416412|20.44583321,8,-87.35416412,20.44583321
S7364,1447.9999,100.66748,543.4977,273.68433,41.39668,,492,1602,5658,0.6802275,-0.7045553,1652,15.049555,5.9375,0,0,70.813515,5953.8,190.95566,45.089645,39.135887,64.03502,2083,0.28689593,1,0,0,1,0,0,0,0,0,0,0,0,0,0,0,0,0,0,0,1,0,1,0.5,12,1.575467381,6,-2.837500095|37.40416718,10,-2.837500095,37.40416718
S5540,1446,85.399414,384.3171,292.3667,53.789997,,428,1793,7077,-0.13176653,-0.98771083,1657,10.642646,6,0,0,10.9824,3225.4,199.45067,41.609436,58.836666,63.94614,1024,0.26066795,0,1,0,1,0,0,0,0,0,0,0,0,0,0,0,0,0,0,0,0,1,100,2,5,1.790925769,10,-120.6541672|40.67083359,5,-120.6541672,40.67083359
S1968,1760,244.48364,1222.2501,326.48364,85.90001,,324,260,4038,-0.18569498,0.86760217,95.5,1.0685066,-0.5,48.076923,0.27658707,42.833424,7585.6,199.90366,69.647675,17.959805,60.28013,1588,0.23592591,1,0,0,1,0,0,0,0,0,0,0,0,0,0,0,0,0,0,0,1,0,1,0.25,7,3.295799849,2,34.22916794|-19.00416756,4,34.22916794,-19.00416756
S4118,1266,136.55005,3570.5193,186.5498,23.998333,,266,3682,5493,0.36486655,0.9310581,1662.5,5.110835,-2.75,0,0,58.27413,11484.8,200,59.214035,235.09749,47.766872,2003,0.2097156,0,1,0,1,0,0,0,0,0,0,0,0,0,0,0,0,0,0,0,0,1,1,0.25,1,2.944123113,8,-155.3041687|19.82916641,1,-155.3041687,19.82916641
S4127,1266,136.55005,3570.5193,186.5498,23.998333,,266,3682,5493,0.36486655,0.9310581,1662.5,5.110835,-2.75,0,0,58.27413,11484.8,200,59.214035,235.09749,47.766872,2003,0.2097156,0,1,0,1,0,0,0,0,0,0,0,0,0,0,0,0,0,0,0,0,1,1,0.25,1,3.313094475,9,-155.3041687|19.82916641,1,-155.3041687,19.82916641
S2382,788,75.55005,923.1687,208.5498,21.495003,23,337,2957,4168,0.2377738,0.7446875,719.5,2.840636,4.875,0,0,94.26364,6773.6,200,25.25613,52.291485,56.456364,1291,0.49599174,1,0,0,1,0,0,0,0,0,0,0,0,0,1,0,0,0,0,0,0,0,1,0.6,4,3.66992598,1,9.462499619|48.46250153,7,9.462499619,48.46250153
S1972,1760,244.48364,1222.2501,326.48364,85.90001,,324,260,4038,-0.18569498,0.86760217,95.5,1.0685066,-0.5,48.076923,0.27658707,42.833424,7585.6,199.90366,69.647675,17.959805,60.28013,1588,0.23592591,1,0,0,1,0,0,0,0,0,0,0,0,0,0,0,0,0,0,0,1,0,1,0.25,7,3.090997023,3,34.22916794|-19.00416756,4,34.22916794,-19.00416756
S5465,667.5718,64.5,575.0168,187.51685,28.103323,,,,,,,0,0,0,100,0.3658309,17.775467,4804.6,125.248116,57.884518,117.21346,58.67241,,0.6431824,0,1,0,1,0,0,0,0,0,0,0,0,0,0,0,0,0,0,0,1,0,1,0.265,4,3.25744247,2,19.53750038|60.22083282,9,19.53750038,60.22083282
S6436,958,29.5,569.0999,213.4668,59.898327,,1175,3864,2576,-0.14153944,-0.73376215,903,2.668542,3.4375,0,0,146.0599,5424.6,200,39.11036,167.96982,52.762955,729,0.74041224,0,1,0,1,0,0,0,0,0,0,0,0,0,0,0,0,0,0,0,0,1,1,0.25,5,1.605028189,1,-118.7541656|54.52083206,8,-118.7541656,54.52083206
S7007,1118,63.684326,1377.7601,206.66772,25.996624,,1338,4154,996,0.17833771,-0.9581454,1401.5,22.464893,14.9375,0,0,191.52266,8222,172.25282,37.22091,96.34884,53.15814,1399,0.3367941,0,1,0,1,0,0,0,0,0,0,0,0,0,0,0,0,0,0,0,0,1,100,2,4,3.495203704,3,41.82083511|41.22916794,10,41.82083511,41.22916794
S4034,1429,149.48315,660.0164,312.5,94.79835,100,549,2583,3400,-0.31622744,-0.19611552,66,0.11079043,-0.1875,0,5.350306,0,3098.8,200,24.564615,15.790176,83.820564,1169,0.41194895,1,0,0,1,0,0,0,0,0,1,0,0,0,0,0,0,0,0,0,0,0,47.5,0.5,4,3.511545439,4,114.5625|35.01250076,9,114.5625,35.01250076
S3248,1793,247.5166,1121.9666,331.5,86.298355,37,493,4036,3747,0.9023962,-0.2561731,26,0.23116592,0.0625,19.23077,0,31.976534,7664.4,200,64.93718,14.499379,61.733574,1588,0.23161153,1,0,0,1,0,0,0,0,0,0,0,0,0,0,0,0,0,0,0,1,0,1,0.25,7,2.197224577,4,34.37916565|-18.92916679,4,34.37916565,-18.92916679
S5546,1267,131.61621,3437.4023,183.5664,24.196665,,261,3851,6205,0.39932412,0.9167687,1745,5.119382,0.375,0,0,18.65031,6519.2,200,53.640045,224.0743,50.686573,2003,0.2097156,0,1,0,1,0,0,0,0,0,0,0,0,0,0,0,0,0,0,0,0,1,1,0.25,1,3.739097203,10,-155.3125|19.82916641,1,-155.3125,19.82916641
S6297,965,8.549561,692.0508,192.5332,63.603344,,1038,-295,2246,0.32847303,-0.4056939,1318.5,3.926982,4.625,0,0,130.72337,5084,200,35.498493,184.18054,51.360176,855,0.71377885,0,1,0,1,0,0,0,0,0,0,0,0,0,0,0,0,0,0,0,0,1,1,0.25,5,1.609437912,2,-118.4875031|54.16249847,8,-118.4875031,54.16249847
S2737,1453,142.5166,480.0168,324.5,107.00002,100,466,-436,3421,-0.45811355,0.70710665,39.5,0.16907111,0,0,3.8183894,1.2693334,4063.8,200,33.95083,12.478192,81.10333,1151,0.40750837,0,1,0,1,0,0,0,0,0,1,0,0,0,0,0,0,0,0,0,0,0,10000,0.5,4,3.761130384,5,114.8291702|37.76250076,4,114.8291702,37.76250076
S4024,921,66.5,1030.0669,257.4834,14.9,76,384,-542,2795,-0.31622744,0.7071071,17.5,0.13480535,-0.0625,0,0.6216277,0.86844444,4559.8,200,37.614765,99.281906,62.548576,1233,0.7181875,1,0,1,0,0,0,0,0,0,0,0,0,0,0,0,0,0,1,0,0,0,100,0.5,4,3.295799849,6,-73.37083435|45.72083282,10,-73.37083435,45.72083282
S6648,1145,102.56616,670.035,273.53296,83.395004,69,958,1534,2598,-0.31920707,0.2720523,1384.5,8.644741,12.6875,0,1.7709147,0.96746665,4267,200,28.215963,15.9814415,79.119225,1046,0.3843189,1,0,1,0,0,0,0,0,0,0,0,0,0,0,1,0,0,0,0,0,0,400,1,4,2.197224577,7,107.4124985|35.12083435,6,107.4124985,35.12083435
S2489,1244,142.5,606.9831,298.4668,77.69829,100,1548,2660,1145,-0.9095323,-0.35334596,517,1.1950842,1,0,140.00677,0,,200,29.076893,15.165628,79.2258,1724,0.48846725,0,1,1,0,0,0,0,0,0,1,0,0,0,0,0,0,0,0,0,0,0,16,1.5,4,3.496477275,8,108.0625|34.28749847,6,108.0625,34.28749847
S3363,1764,247.5,1120.9666,331.5,86.6,18,357,1970,3870,0.31622726,0.35355365,28,0.18031488,0.25,40.384613,0,42.555023,8064.2,200,66.57472,12.886098,60.340347,1091,0.23175979,1,0,0,1,0,0,0,0,0,0,0,0,0,0,0,0,0,0,0,1,0,1,0.25,7,2.079441542,5,34.45416641|-18.9375,4,34.45416641,-18.9375
S3298,935,14.516602,610.05,201.53296,63.1,,380,1916,5744,0.020566715,-0.8690771,1229,3.7300544,4.5625,0,0,111.34951,4667.6,194.80841,40.039696,183.47733,51.4844,855,0.7535415,0,1,0,1,0,0,0,0,0,0,0,0,0,0,0,0,0,0,0,0,1,1,0.25,5,1.791759469,3,-117.7291641|53.94583511,8,-117.7291641,53.94583511
S7185,735,60.5,695.017,212.51685,34.101673,29,739,3439,3038,0.22804508,0.31622797,42.5,1.1673896,-0.375,0,0,114.606575,4635,200,61.07548,137.31459,50.11888,833,0.5210264,1,0,0,1,0,0,0,0,0,0,0,0,0,0,0,0,0,0,0,1,0,1,0.25,4,3.523090476,9,27.26250076|58.29583359,7,27.26250076,58.29583359
S2740,1267,131.61621,3437.4023,183.5664,24.196665,,261,3851,6205,0.39932412,0.9167687,1745,5.119382,0.375,0,0,18.65031,6519.2,200,53.640045,224.0743,50.686573,2003,0.2097156,0,1,0,1,0,0,0,0,0,0,0,0,0,0,0,0,0,0,0,0,1,1,0.25,1,3.58338001,1,-155.3125|19.82916641,1,-155.3125,19.82916641
S3003,1747,168.5166,923.96594,284.5166,72.298355,100,1123,2322,1402,-0.40181726,0.90030533,467,0.45562643,0.1875,0,0.88196427,0.33706668,3499.2,200,52.530132,12.861359,64.791435,1101,0.18077233,0,1,0,1,0,0,0,0,0,1,0,0,0,0,0,0,0,0,0,0,0,1,0.5,8,3.597284878,2,-64.1875|-31.5625,9,-64.1875,-31.5625
S6116,951,1.4501953,678.1486,187.4502,58.403313,,984,4004,3172,0.398789,-0.91698843,1404.5,3.6015131,-0.75,0,0,102.9408,5014.6,199.03268,39.187286,216.91997,51.873882,855,0.693133,0,1,0,1,0,0,0,0,0,0,0,0,0,0,0,0,0,0,0,0,1,1,0.25,5,1.098612289,4,-118.6624985|53.99583435,8,-118.6624985,53.99583435
S1756,1521,216.49976,1047.8838,277.48315,58.5,18,294,1876,5599,-0.08817777,-0.081809185,1356.5,2.6602225,-4.4375,0,0,47.094933,10707.4,200,53.871807,21.16123,56.879116,1109,0.24230088,0,1,0,1,0,0,0,0,0,0,0,0,0,0,0,0,0,0,0,0,1,100,2,7,4.03717439,6,30.17916679|-2.370833397,10,30.17916679,-2.370833397
S2302,788,75.55005,923.1687,208.5498,21.495003,23,337,2957,4168,0.2377738,0.7446875,719.5,2.840636,4.875,0,0,94.26364,6773.6,200,25.25613,52.291485,56.456364,1291,0.49599174,1,0,0,1,0,0,0,0,0,0,0,0,0,1,0,0,0,0,0,0,0,1,0.6,4,2.772588722,10,9.462499619|48.46250153,7,9.462499619,48.46250153
S2889,1292,189.5,1996.3806,333.5,56.3,73,2720,3351,3931,0.75355273,-0.26031524,33.5,0.7869077,-0.25,0,150.70337,0,,200,28.036396,24.553123,56.478424,1868,0.3820262,0,1,0,1,0,0,0,0,0,1,0,0,0,0,0,0,0,0,0,0,0,100,0.5,4,3.797733825,1,116.2624969|28.37083244,7,116.2624969,28.37083244
S6240,960,28.58252,571.8347,211.58276,59.99668,,1131,1369,1834,0.9384476,0.32424355,918.5,4.269425,-0.3125,0,0,112.54293,6079.6,200,35.83787,178.93925,53.73654,729,0.7403752,0,1,0,1,0,0,0,0,0,0,0,0,0,0,0,0,0,0,0,0,1,1,0.25,5,1.603017332,5,-118.7624969|54.51250076,8,-118.7624969,54.51250076
S6736,1266,136.55005,3570.5193,186.5498,23.998333,,266,3682,5493,0.36486655,0.9310581,1662.5,5.110835,-2.75,0,0,58.27413,11484.8,200,59.214035,235.09749,47.766872,2003,0.2097156,0,1,0,1,0,0,0,0,0,0,0,0,0,0,0,0,0,0,0,0,1,1,0.25,1,2.78030882,2,-155.3041687|19.82916641,1,-155.3041687,19.82916641
S6019,735,60.5,695.017,212.51685,34.101673,29,739,3439,3038,0.22804508,0.31622797,42.5,1.1673896,-0.375,0,0,114.606575,4635,200,61.07548,137.31459,50.11888,833,0.5210264,1,0,0,1,0,0,0,0,0,0,0,0,0,0,0,0,0,0,0,1,0,1,0.25,4,2.397167701,2,27.26250076|58.29583359,7,27.26250076,58.29583359
S3008,1287,215.58496,2334.404,302.60205,63.79665,17,358,388,4061,-0.76637226,0.5785258,267,9.133072,-13.25,0,0.012674771,84.05298,4325.4,198.4668,48.555035,37.67924,54.008427,2067,0.2648564,0,1,0,1,0,0,0,0,0,1,0,0,0,0,0,0,0,0,0,0,0,400,1.5,1,3.562437176,3,112.5374985|23.17916679,8,112.5374985,23.17916679
S4595,1933.9998,227.56665,2950.6462,248.5498,17.9,,270,1755,3805,0.74400765,0.6681686,49.5,5.9855947,-4,0,0.09063805,121.70809,16026.4,200,29.373148,81.71923,54.94825,1723,0.19560494,1,0,0,1,0,0,0,0,0,0,0,0,0,0,0,0,0,0,1,0,0,100,0.25,1,1.786579386,4,-156.0375061|20.79583359,2,-156.0375061,20.79583359
S5578,931,8.46582,651.1013,197.48267,62.20167,,1094,3364,2820,-0.7231017,0.61035085,1349,1.7221339,-3,0,0,101.56942,5861,199.9991,34.476727,178.27522,56.037964,854,0.73323566,0,1,0,1,0,0,0,0,0,0,0,0,0,0,0,0,0,0,0,0,1,1,0.25,5,1.609437912,6,-117.3291702|53.41249847,9,-117.3291702,53.41249847
S4380,1266,136.55005,3570.5193,186.5498,23.998333,,266,3682,5493,0.36486655,0.9310581,1662.5,5.110835,-2.75,0,0,58.27413,11484.8,200,59.214035,235.09749,47.766872,2003,0.2097156,0,1,0,1,0,0,0,0,0,0,0,0,0,0,0,0,0,0,0,0,1,1,0.25,1,3.134276088,5,-155.3041687|19.82916641,1,-155.3041687,19.82916641
S1823,1933.9998,227.56665,2950.6462,248.5498,17.9,,270,1755,3805,0.74400765,0.6681686,49.5,5.9855947,-4,0,0.09063805,121.70809,16026.4,200,29.373148,81.71923,54.94825,1723,0.19560494,1,0,0,1,0,0,0,0,0,0,0,0,0,0,0,0,0,0,1,0,0,100,0.25,1,1.945910149,6,-156.0375061|20.79583359,2,-156.0375061,20.79583359
S4389,1254,121.61694,3193.9346,176.5835,24.396688,20,751,4018,3778,0.4215162,0.9067608,1941,5.4097967,2,0,0,8.919644,9833.6,199.96217,45.98457,166.13841,55.210518,2003,0.20980686,0,1,0,1,0,0,0,0,0,0,0,0,0,0,0,0,0,0,0,0,1,1,0.25,2,2.197113468,2,-155.3291626|19.82083321,1,-155.3291626,19.82083321
S1261,1672,263.51685,1231.733,359.5332,79.20337,41,377,2916,4934,-0.5438528,0.8274866,325,2.792677,1.5,7.692308,0.97924787,8.938312,4818.6,200,73.58747,11.843098,60.538578,899,0.26810184,0,1,0,1,0,0,0,0,0,0,0,0,0,0,0,0,0,0,0,0,1,100,2,7,4.237708712,7,4.662499905|8.454166412,5,4.662499905,8.454166412
S1006,1520,257.5,1500.9165,290.51636,68.39667,100,629,4325,2651,-0.52737343,0.45420784,19,2.0147512,1.0625,0,2.1687336,38.871643,8082.2,200,61.924675,19.536886,52.44133,1501,0.19196343,0,1,0,1,0,0,1,0,0,0,0,0,0,0,0,0,0,0,0,0,0,113,0.25,1,4.526126995,7,-6.712500095|4.762499809,8,-6.712500095,4.762499809
S3050,665,64.5,576.0332,188.5332,28.103323,25,1778,2585,1856,-0.5812388,-0.81373304,0,0,0,0,1.3258114,75.46382,6740.6,133.2625,60.801952,93.11905,56.34699,,0.6434266,0,1,0,1,0,0,0,0,0,0,0,0,0,0,0,0,0,0,0,1,0,1,0.265,4,3.936696116,3,19.54583359|60.23749924,9,19.54583359,60.23749924
S2136,1394,128.5,652.0167,303.5,102.801674,100,699,-802,2712,-0.31622875,-0.70710754,23,0.118093684,-0.25,0,2.8622177,0,5671.2,200,42.278778,10.67573,72.64,1259,0.37688088,0,1,1,0,0,0,0,0,0,1,0,0,0,0,0,0,0,0,0,0,0,10000,0.5,4,4.275401383,4,119.9375|36.6875,2,119.9375,36.6875
S5428,960,28.58252,571.8347,211.58276,59.99668,,1131,1369,1834,0.9384476,0.32424355,918.5,4.269425,-0.3125,0,0,112.54293,6079.6,200,35.83787,178.93925,53.73654,729,0.7403752,0,1,0,1,0,0,0,0,0,0,0,0,0,0,0,0,0,0,0,0,1,1,0.25,5,1.098612289,7,-118.7624969|54.51250076,8,-118.7624969,54.51250076
S2263,1428,224.5,1759.0676,317.49976,62.00168,45,176,1058,6238,-0.7071065,0.02314768,66,0.73128605,0.6875,0,0.15323946,70.128,6950.6,200,44.63057,17.539751,58.70003,2198,0.27347344,0,1,1,0,0,0,0,0,0,1,0,0,0,0,0,0,0,0,0,0,0,100,0.25,1,4.259647166,8,110.1374969|23.25416756,10,110.1374969,23.25416756
S954,1260,37.516846,377.0332,248.5,104.70003,48,746,3307,3786,0.99033046,0.085675746,1343,0.9043521,-0.625,0,0.004994868,0,2068.2,200,49.571487,14.233843,79.75255,888,0.3697996,1,0,0,1,0,0,0,0,0,0,0,0,0,0,0,0,0,0,0,1,0,100,0.5,8,3.713523312,3,116.2791672|42.02916718,9,116.2791672,42.02916718
S1798,1839,159.5,741.1339,248.5,80.50332,45,2575,3478,1955,0.011427979,0.96680707,1589.5,1.2024026,0.8125,30.769232,0,17.565866,3214,198.18483,60.75757,18.997484,59.12576,963,0.21533445,0,1,0,1,0,1,0,0,0,0,0,0,0,0,0,0,0,0,0,0,0,1600,0.5,10,3.663561646,7,29.1875|-25.99583244,9,29.1875,-25.99583244
S3244,1267,131.61621,3437.4023,183.5664,24.196665,,261,3851,6205,0.39932412,0.9167687,1745,5.119382,0.375,0,0,18.65031,6519.2,200,53.640045,224.0743,50.686573,2003,0.2097156,0,1,0,1,0,0,0,0,0,0,0,0,0,0,0,0,0,0,0,0,1,1,0.25,1,3.400363714,9,-155.3125|19.82916641,1,-155.3125,19.82916641
S4652,1266,136.55005,3570.5193,186.5498,23.998333,,266,3682,5493,0.36486655,0.9310581,1662.5,5.110835,-2.75,0,0,58.27413,11484.8,200,59.214035,235.09749,47.766872,2003,0.2097156,0,1,0,1,0,0,0,0,0,0,0,0,0,0,0,0,0,0,0,0,1,1,0.25,1,2.397895273,10,-155.3041687|19.82916641,1,-155.3041687,19.82916641
S2335,788,75.55005,923.1687,208.5498,21.495003,23,337,2957,4168,0.2377738,0.7446875,719.5,2.840636,4.875,0,0,94.26364,6773.6,200,25.25613,52.291485,56.456364,1291,0.49599174,1,0,0,1,0,0,0,0,0,0,0,0,0,1,0,0,0,0,0,0,0,1,0.6,4,3.449987546,5,9.462499619|48.46250153,7,9.462499619,48.46250153
S3492,1254,121.61694,3193.9346,176.5835,24.396688,20,751,4018,3778,0.4215162,0.9067608,1941,5.4097967,2,0,0,8.919644,9833.6,199.96217,45.98457,166.13841,55.210518,2003,0.20980686,0,1,0,1,0,0,0,0,0,0,0,0,0,0,0,0,0,0,0,0,1,1,0.25,2,3.966908823,3,-155.3291626|19.82083321,1,-155.3291626,19.82083321
S1819,921,66.5,1030.0669,257.4834,14.9,76,384,-542,2795,-0.31622744,0.7071071,17.5,0.13480535,-0.0625,0,0.6216277,0.86844444,4559.8,200,37.614765,99.281906,62.548576,1233,0.7181875,1,0,1,0,0,0,0,0,0,0,0,0,0,0,0,0,0,1,0,0,0,100,0.5,4,3.218795789,6,-73.37083435|45.72083282,10,-73.37083435,45.72083282
S3755,1283,205.43213,1126.6891,295.43213,79.30335,36,210,-1489,4314,0.032900333,-0.34163457,643.5,14.73798,5.8125,0,0.073886834,45.046223,6411.8,194.28722,32.690987,24.019896,61.8505,2292,0.30616584,0,1,1,0,0,0,0,0,0,1,0,0,0,0,0,0,0,0,0,0,0,100,0.25,1,4.219434213,1,106.2125015|24.36249924,3,106.2125015,24.36249924
S1260,1854,160.5,735.20056,248.5332,80.5,28,892,1809,3513,-0.19991426,0.4762033,1576,1.1982458,-0.75,100,0,17.411022,3165.4,195.54962,60.85501,23.83327,59.59481,963,0.21783479,0,1,0,1,0,1,0,0,0,0,0,0,0,0,0,0,0,0,0,0,0,1600,0.5,10,4.467343869,8,29.20416641|-26.01250076,9,29.20416641,-26.01250076
S2116,1358,154.5,936.96655,311.5,81.301674,100,1000,150,1817,0.54578686,-0.35516676,59.5,0.3472217,1.125,0,12.168688,0,4672.2,200,25.11113,11.99778,76.87032,1329,0.40299803,0,1,1,0,0,0,0,0,0,1,0,0,0,0,0,0,0,0,0,0,0,10000,0.5,4,4.291924152,7,114.1708298|33.42083359,3,114.1708298,33.42083359
S2261,1436,223.4834,1835.4478,315.5,61.6,78,469,1924,3308,0.33933586,-0.8525934,79,1.3757865,-1.0625,0,6.2274337,23.93369,5271.6,200,42.90486,21.401924,58.780148,2259,0.27525127,0,1,1,0,0,0,0,0,0,1,0,0,0,0,0,0,0,0,0,0,0,100,0.25,1,4.176876516,2,110.1374969|23.16250038,10,110.1374969,23.16250038
S3921,1266,136.55005,3570.5193,186.5498,23.998333,,266,3682,5493,0.36486655,0.9310581,1662.5,5.110835,-2.75,0,0,58.27413,11484.8,200,59.214035,235.09749,47.766872,2003,0.2097156,0,1,0,1,0,0,0,0,0,0,0,0,0,0,0,0,0,0,0,0,1,1,0.25,1,2.944281058,3,-155.3041687|19.82916641,1,-155.3041687,19.82916641
S1158,1293,212.7002,2345.5906,299.71704,63.89665,5,278,1426,4894,0.5062923,0.77756387,326,12.99755,16.125,0,0.016034076,96.45511,10570.8,198.00793,48.86243,43.03658,54.227562,2067,0.2648564,0,1,0,1,0,0,0,0,0,1,0,0,0,0,0,0,0,0,0,0,0,400,1.5,1,3.102342009,4,112.5374985|23.17083359,8,112.5374985,23.17083359
S6073,813,83.499756,628.3523,216.48315,14.298355,72,754,3960,1958,0.9513384,0.054338474,294.5,2.8189611,1.4375,0,0.498069,39.86969,6268,200,27.55997,33.30711,64.04292,1228,0.48777267,1,0,0,1,0,0,0,0,0,0,0,0,1,0,0,0,0,0,0,0,0,1,1,4,3.008055983,8,10.42083359|51.27083206,10,10.42083359,51.27083206
S4681,953,31.466797,529.0332,217.46704,49.198322,,598,3200,4121,-0.90916264,0.41643113,803,2.488282,-0.5625,0,0,100.69778,4763.4,200,45.198517,191.8483,53.461014,707,0.7212237,0,1,0,1,0,0,0,0,0,0,0,0,0,0,0,0,0,0,0,0,1,1,0.25,6,2.079441542,4,-119.6791687|54.8125,6,-119.6791687,54.8125
S1808,813,83.499756,628.3523,216.48315,14.298355,72,754,3960,1958,0.9513384,0.054338474,294.5,2.8189611,1.4375,0,0.498069,39.86969,6268,200,27.55997,33.30711,64.04292,1228,0.48777267,1,0,0,1,0,0,0,0,0,0,0,0,1,0,0,0,0,0,0,0,0,1,1,4,2.944386375,9,10.42083359|51.27083206,10,10.42083359,51.27083206
S3066,813,83.499756,628.3523,216.48315,14.298355,72,754,3960,1958,0.9513384,0.054338474,294.5,2.8189611,1.4375,0,0.498069,39.86969,6268,200,27.55997,33.30711,64.04292,1228,0.48777267,1,0,0,1,0,0,0,0,0,0,0,0,1,0,0,0,0,0,0,0,0,1,1,4,2.63905733,10,10.42083359|51.27083206,10,10.42083359,51.27083206
S1296,1844,159.5166,740.16724,248.5166,80.50167,73,2365,4380,1673,0.49023277,0.73735833,1586.5,1.00878,1.0625,25,0,16.385067,3637.4,199.92664,62.511913,18.272524,59.61592,963,0.21783036,0,1,0,1,0,1,0,0,0,0,0,0,0,0,0,0,0,0,0,0,0,1600,0.5,10,3.895222663,9,29.19583321|-26.00416756,9,29.19583321,-26.00416756
S3922,1345,44.566895,391.74854,263.58325,113.09664,47,1483,1063,2572,-0.076444544,0.6541369,895.5,3.631065,7.125,0,0.92828727,0,2147.2,200,45.615177,14.700498,78.21879,1029,0.32530195,1,0,0,1,0,0,1,0,0,0,0,0,0,0,0,0,0,0,0,0,0,100,0.5,8,1.945910149,4,118.0041656|43.64583206,4,118.0041656,43.64583206
S4726,788,75.55005,923.1687,208.5498,21.495003,23,337,2957,4168,0.2377738,0.7446875,719.5,2.840636,4.875,0,0,94.26364,6773.6,200,25.25613,52.291485,56.456364,1291,0.49599174,1,0,0,1,0,0,0,0,0,0,0,0,0,1,0,0,0,0,0,0,0,1,0.6,4,3.555290948,1,9.462499619|48.46250153,7,9.462499619,48.46250153
S1395,672,62.5,581.9997,170.5,30.803324,19,922,1151,1944,-0.37644893,0.8944273,9,0.26455182,-0.1875,0,0.01292554,60.14471,6486.6,136.90356,59.23632,101.14881,54.743504,742,0.63427305,0,1,0,1,0,0,0,0,0,0,0,0,0,0,0,0,0,0,0,1,0,1,0.265,4,3.473487052,2,20.16250038|60.07083511,9,20.16250038,60.07083511
S2587,1021.99994,-1.3825684,1379.0079,187.63428,22.596657,,1769,1322,2437,0.53414994,0.7705729,2094.5,18.36282,-15.4375,0,0,1.0808889,1251.4,61.5736,43.513676,120.381424,57.67844,1018,0.48781145,1,0,0,1,0,0,0,0,0,0,0,0,0,0,0,0,0,0,1,0,0,1,0.25,5,3.178012186,8,-113.3458328|48.46250153,2,-113.3458328,48.46250153
S3749,921,66.5,1030.0669,257.4834,14.9,76,384,-542,2795,-0.31622744,0.7071071,17.5,0.13480535,-0.0625,0,0.6216277,0.86844444,4559.8,200,37.614765,99.281906,62.548576,1233,0.7181875,1,0,1,0,0,0,0,0,0,0,0,0,0,0,0,0,0,1,0,0,0,100,0.5,4,3.002707857,3,-73.37083435|45.72083282,10,-73.37083435,45.72083282
S3730,670,62.500244,610.10016,186.4668,29.701675,,1066,1206,1917,-0.42582887,0.5810578,3,0.9653414,-0.4375,100,0.58432454,66.11253,6498.2,158.41222,57.197666,99.02958,54.450024,742,0.6547216,0,1,0,1,0,0,0,0,0,0,0,0,0,0,0,0,0,0,0,1,0,1,0.265,4,3.503964587,4,19.92916679|60.34583282,9,19.92916679,60.34583282
S2207,788,75.55005,923.1687,208.5498,21.495003,23,337,2957,4168,0.2377738,0.7446875,719.5,2.840636,4.875,0,0,94.26364,6773.6,200,25.25613,52.291485,56.456364,1291,0.49599174,1,0,0,1,0,0,0,0,0,0,0,0,0,1,0,0,0,0,0,0,0,1,0.6,4,3.102342009,5,9.462499619|48.46250153,7,9.462499619,48.46250153
S1852,788,75.55005,923.1687,208.5498,21.495003,23,337,2957,4168,0.2377738,0.7446875,719.5,2.840636,4.875,0,0,94.26364,6773.6,200,25.25613,52.291485,56.456364,1291,0.49599174,1,0,0,1,0,0,0,0,0,0,0,0,0,1,0,0,0,0,0,0,0,1,0.6,4,3.688804493,6,9.462499619|48.46250153,7,9.462499619,48.46250153
S7496,731,92.38306,4657.3804,163.3833,26.591618,,1309,2838,1940,-0.026447337,0.2039628,215.5,6.7964554,-1.6875,100,0,198.22488,7196.8,100.353584,53.459198,224.60475,48.362152,715,0.2710271,0,1,0,1,0,0,0,0,0,0,0,0,0,0,0,0,0,0,0,0,1,100,2,4,0.6931471806,7,-73.09583282|-44.07083511,2,-73.09583282,-44.07083511
S1176,1415,146.5,546.96674,318.5,103.69999,100,895,2310,2696,-0.7071065,0.3162282,49.5,0.118093684,0.125,0,2.2466455,0.21191111,3668.6,200,23.316341,10.5141,81.731346,1038,0.43007684,0,1,1,0,0,0,0,0,0,1,0,0,0,0,0,0,0,0,0,0,0,10000,0.5,4,4.343805422,8,115.0374985|36.28749847,4,115.0374985,36.28749847
S4165,1266,136.55005,3570.5193,186.5498,23.998333,,266,3682,5493,0.36486655,0.9310581,1662.5,5.110835,-2.75,0,0,58.27413,11484.8,200,59.214035,235.09749,47.766872,2003,0.2097156,0,1,0,1,0,0,0,0,0,0,0,0,0,0,0,0,0,0,0,0,1,1,0.25,1,3.7951296,5,-155.3041687|19.82916641,1,-155.3041687,19.82916641
S6790,1266,136.55005,3570.5193,186.5498,23.998333,,266,3682,5493,0.36486655,0.9310581,1662.5,5.110835,-2.75,0,0,58.27413,11484.8,200,59.214035,235.09749,47.766872,2003,0.2097156,0,1,0,1,0,0,0,0,0,0,0,0,0,0,0,0,0,0,0,0,1,1,0.25,1,2.876836086,6,-155.3041687|19.82916641,1,-155.3041687,19.82916641
S7244,2782,266.5,99.0335,388.4834,114.798355,,686,-314,6233,-0.64548826,-0.3934435,12,0.29051226,-0.5625,0,0.14376707,0,,200,58.169544,2.8370702,79.697266,303,0.2836894,0,1,0,1,0,0,0,0,0,0,0,0,0,0,0,0,0,0,0,0,1,100,5,13,1.098612289,4,51.07916641|25.86249924,5,51.07916641,25.86249924
S4784,1158.0001,95.48096,1263.5198,221.4978,33.40505,,598,2173,3338,0.5366688,0.74221396,857,7.37973,-2.3125,0,0,350.14508,7873.4,64.00344,57.656536,98.03426,53.007786,1441,0.14606409,0,1,0,1,0,0,0,0,0,0,0,0,0,0,0,0,0,0,0,0,1,100,2,4,1.386294361,9,145.8291626|-37.48749924,2,145.8291626,-37.48749924
S3366,1764,247.5,1120.9666,331.5,86.6,18,357,1970,3870,0.31622726,0.35355365,28,0.18031488,0.25,40.384613,0,42.555023,8064.2,200,66.57472,12.886098,60.340347,1091,0.23175979,1,0,0,1,0,0,0,0,0,0,0,0,0,0,0,0,0,0,0,1,0,1,0.25,7,2.079316543,8,34.45416641|-18.9375,4,34.45416641,-18.9375
S3282,1576,246.5,2606.864,323.5,68.09832,28,709,1840,2399,0.4697485,0.4425064,58,2.4825113,-2.25,0,0.13015917,32.8592,6758.4,200,41.50527,20.772224,54.355976,2175,0.22453712,0,1,1,0,0,0,0,0,0,1,0,0,0,0,0,0,0,0,0,0,0,100,0.25,1,4.249623211,7,110.6291656|19.60416603,2,110.6291656,19.60416603
S1937,1244,142.5,606.9831,298.4668,77.69829,100,1548,2660,1145,-0.9095323,-0.35334596,517,1.1950842,1,0,140.00677,0,,200,29.076893,15.165628,79.2258,1724,0.48846725,0,1,1,0,0,0,0,0,0,1,0,0,0,0,0,0,0,0,0,0,0,16,1.5,4,3.008154794,10,108.0625|34.28749847,6,108.0625,34.28749847
S5311,788,75.55005,923.1687,208.5498,21.495003,23,337,2957,4168,0.2377738,0.7446875,719.5,2.840636,4.875,0,0,94.26364,6773.6,200,25.25613,52.291485,56.456364,1291,0.49599174,1,0,0,1,0,0,0,0,0,0,0,0,0,1,0,0,0,0,0,0,0,1,0.6,4,3.367226834,1,9.462499619|48.46250153,7,9.462499619,48.46250153
S2218,921,66.5,1030.0669,257.4834,14.9,76,384,-542,2795,-0.31622744,0.7071071,17.5,0.13480535,-0.0625,0,0.6216277,0.86844444,4559.8,200,37.614765,99.281906,62.548576,1233,0.7181875,1,0,1,0,0,0,0,0,0,0,0,0,0,0,0,0,0,1,0,0,0,100,0.5,4,3.257942691,2,-73.37083435|45.72083282,10,-73.37083435,45.72083282
S6798,1261,130.56738,3436.2678,183.53369,24.196665,,296,-647,4310,0.58436203,0.811493,1773.5,4.9342194,-0.5,0,0,66.01315,5316.4,200,53.722668,205.09613,49.632347,2003,0.20980686,0,1,0,1,0,0,0,0,0,0,0,0,0,0,0,0,0,0,0,0,1,1,0.25,1,2.193885653,8,-155.3125|19.82083321,1,-155.3125,19.82083321
S5773,940.0001,76.48584,3717.9187,192.51929,44.400032,100,966,-1466,1431,-0.90030134,-0.33762515,1406.5,17.198843,-1.8125,0,0,36.66631,5978.8,171.96687,36.622406,87.54359,63.066444,1886,0.35666773,0,1,0,1,0,0,0,0,0,0,0,0,0,0,0,0,0,0,0,0,1,100,2,12,1.386294361,7,18.83749962|42.39583206,6,18.83749962,42.39583206
S3193,1762,247.5,1126.0165,330.5,86.40165,,321,177,3407,0.90308774,-0.378517,36,0.23910196,-0.25,34.615387,0.027353775,28.696356,7758,200,64.23846,15.340126,61.27091,1091,0.23215778,1,0,0,1,0,0,0,0,0,0,0,0,0,0,0,0,0,0,0,1,0,1,0.25,7,2.564949357,9,34.36249924|-18.97083282,4,34.36249924,-18.97083282
S7028,527,-54.6167,744.4731,142.4331,55.49833,,1816,5271,1078,-0.94539917,-0.32514054,415.5,6.460124,-4.6875,0,0,35.228977,2923.2,122.64987,43.771046,152.24991,44.789543,606,0.29839024,0,1,0,1,0,0,0,0,0,0,0,0,0,0,0,0,0,0,0,0,1,100,5,6,1.609437912,5,150.7041626|59.67916489,5,150.7041626,59.67916489
S2863,1066,101.41748,3338.3503,204.46704,49.49163,4,449,2396,3428,-0.5695032,-0.82179177,384.5,1.8241775,-0.0625,0,0.002280059,168.14027,9286,133.66241,58.00629,106.8176,52.110382,658,0.26505885,0,1,0,1,0,0,0,0,0,0,0,0,0,0,0,0,0,0,0,0,1,100,2,4,2.707983505,3,-72.17082977|-40.66249847,2,-72.17082977,-40.66249847
S1465,1454,149.5,607.8664,315.5332,88.20332,76,1515,4315,1718,0.98058057,0,131,0.33411524,0.5625,0,33.342247,0,3753.8,200,26.485489,12.089136,80.654526,1423,0.43690303,0,1,0,1,0,0,0,0,0,1,0,0,0,0,0,0,0,0,0,0,0,10000,0.5,4,4.001241951,4,113.3208313|34.82916641,9,113.3208313,34.82916641
S4562,1267,131.61621,3437.4023,183.5664,24.196665,,261,3851,6205,0.39932412,0.9167687,1745,5.119382,0.375,0,0,18.65031,6519.2,200,53.640045,224.0743,50.686573,2003,0.2097156,0,1,0,1,0,0,0,0,0,0,0,0,0,0,0,0,0,0,0,0,1,1,0.25,1,2.719122003,9,-155.3125|19.82916641,1,-155.3125,19.82916641
S2130,717,48.5,780.0003,212.51636,34.103325,18,373,2362,3451,0.2614082,-0.4907375,255,1.2408462,1.375,0,0.20259215,77.17298,5399.6,200,42.7127,126.83151,51.8365,768,0.48422086,0,1,0,1,0,0,0,0,0,0,0,0,0,0,0,0,0,0,0,0,1,100,2,4,3.314186005,5,32.97916794|56.45416641,6,32.97916794,56.45416641
S5917,788,75.55005,923.1687,208.5498,21.495003,23,337,2957,4168,0.2377738,0.7446875,719.5,2.840636,4.875,0,0,94.26364,6773.6,200,25.25613,52.291485,56.456364,1291,0.49599174,1,0,0,1,0,0,0,0,0,0,0,0,0,1,0,0,0,0,0,0,0,1,0.6,4,3.113515309,6,9.462499619|48.46250153,7,9.462499619,48.46250153
S5668,813,83.499756,628.3523,216.48315,14.298355,72,754,3960,1958,0.9513384,0.054338474,294.5,2.8189611,1.4375,0,0.498069,39.86969,6268,200,27.55997,33.30711,64.04292,1228,0.48777267,1,0,0,1,0,0,0,0,0,0,0,0,1,0,0,0,0,0,0,0,0,1,1,4,2.944333668,7,10.42083359|51.27083206,10,10.42083359,51.27083206
S4744,1747,168.5166,923.96594,284.5166,72.298355,100,1123,2322,1402,-0.40181726,0.90030533,467,0.45562643,0.1875,0,0.88196427,0.33706668,3499.2,200,52.530132,12.861359,64.791435,1101,0.18077233,0,1,0,1,0,0,0,0,0,1,0,0,0,0,0,0,0,0,0,0,0,1,0.5,8,2.564949357,5,-64.1875|-31.5625,9,-64.1875,-31.5625
S1879,1737,252.53296,1428.087,292.53296,82.701675,89,769,544,3350,0.2944964,0.891281,35,1.5555387,-0.375,0,0.10100136,0.5688889,7302,200,57.635246,27.247858,56.747547,2110,0.18316995,0,1,1,0,0,0,0,0,0,1,0,0,0,0,0,0,0,0,0,0,0,100,0.25,1,4.179497271,10,108.7791672|18.54583359,8,108.7791672,18.54583359
S6931,1795,247.5,1123.9833,330.5166,86.3,6,533,2793,3781,-0.5359539,0.16876933,31.5,0.23693585,-0.25,28.846153,0,50.7776,8135.8,200,64.31024,15.506631,60.37478,1099.3003,0.23135284,1,0,0,1,0,0,0,0,0,0,0,0,0,0,0,0,0,0,0,1,0,1,0.25,7,2.300583044,10,34.37083435|-18.94583321,4,34.37083435,-18.94583321
S4528,1613,149.4834,931.932,265.48364,67.59832,3,730,2957,2253,0.6140444,-0.75746465,158,3.6151137,-2.125,0,0.011717363,143.52356,18092.6,200,75.62492,35.8309,57.224483,1337,0.07269584,0,1,0,1,0,0,0,0,0,0,0,0,0,0,0,0,0,0,0,0,1,100,2,12,3.18299989,8,116.2874985|-34.36249924,5,116.2874985,-34.36249924
S3840,1870,141.53345,732.00024,253.53345,102.49998,,803,4650,3309,-0.804621,0.39769012,2564,5.9595957,-12.125,0,0,27.334934,8614,112.540245,33.28967,23.278627,60.58793,1529,0.33031666,0,1,0,1,0,0,0,0,0,0,0,0,0,0,0,0,0,0,0,0,1,100,2,3,3.713450082,3,-102.6041641|22.19583321,5,-102.6041641,22.19583321
S4279,1390,129.5,665.98364,304.5,102.20332,100,488,-676,2823,-0.7071073,-0.51166743,16,0.09266788,-0.0625,0,0.78396946,0,5944.8,200,45.52617,11.726461,72.83904,1259,0.37522298,0,1,0,1,0,0,0,0,0,1,0,0,0,0,0,0,0,0,0,0,0,10000,0.5,4,3.667400461,8,119.9375|36.62083435,2,119.9375,36.62083435
S2565,1263,71.45068,330.08084,228.45068,90.20003,62,2067,3999,1811,0.83103126,0.029424703,2254,2.9435003,-9.3125,0,4.6938663,0,2609.6,200,38.479874,17.145693,79.6779,1197,0.31431478,1,0,0,1,0,0,1,0,0,0,0,0,0,0,0,0,0,0,0,0,0,100,0.5,10,3.806573561,10,102.0708313|36.45416641,9,102.0708313,36.45416641
S4139,1260,126.59985,3311.0686,180.5664,24.298332,,266,-809,5397,0.1786791,0.98317844,1849,5.4882984,-1.25,0,0,12.071645,11000.8,200,47.679646,182.91426,52.51077,2003,0.20980686,0,1,0,1,0,0,0,0,0,0,0,0,0,0,0,0,0,0,0,0,1,1,0.25,2,3.294391394,4,-155.3208313|19.82083321,1,-155.3208313,19.82083321
S1995,1266,136.55005,3570.5193,186.5498,23.998333,,266,3682,5493,0.36486655,0.9310581,1662.5,5.110835,-2.75,0,0,58.27413,11484.8,200,59.214035,235.09749,47.766872,2003,0.2097156,0,1,0,1,0,0,0,0,0,0,0,0,0,0,0,0,0,0,0,0,1,1,0.25,1,2.44226004,1,-155.3041687|19.82916641,1,-155.3041687,19.82916641
S2442,1254,121.61694,3193.9346,176.5835,24.396688,20,751,4018,3778,0.4215162,0.9067608,1941,5.4097967,2,0,0,8.919644,9833.6,199.96217,45.98457,166.13841,55.210518,2003,0.20980686,0,1,0,1,0,0,0,0,0,0,0,0,0,0,0,0,0,0,0,0,1,1,0.25,2,3.276842823,5,-155.3291626|19.82083321,1,-155.3291626,19.82083321
S5724,1267,131.61621,3437.4023,183.5664,24.196665,,261,3851,6205,0.39932412,0.9167687,1745,5.119382,0.375,0,0,18.65031,6519.2,200,53.640045,224.0743,50.686573,2003,0.2097156,0,1,0,1,0,0,0,0,0,0,0,0,0,0,0,0,0,0,0,0,1,1,0.25,1,2.409194828,2,-155.3125|19.82916641,1,-155.3125,19.82916641
S5242,1100,39.549805,394.96646,251.5498,62.90165,85,1388,2058,1353,0.9864293,0.16007537,807,0.74635416,1.25,0,0.017561192,0,4538,200,41.777393,24.815668,68.62485,603,0.624223,1,0,1,0,0,0,0,0,0,0,0,0,0,0,0,1,0,0,0,0,0,100,1,8,1.098612289,6,-107.6875|50.29583359,4,-107.6875,50.29583359
S4138,1254,121.61694,3193.9346,176.5835,24.396688,20,751,4018,3778,0.4215162,0.9067608,1941,5.4097967,2,0,0,8.919644,9833.6,199.96217,45.98457,166.13841,55.210518,2003,0.20980686,0,1,0,1,0,0,0,0,0,0,0,0,0,0,0,0,0,0,0,0,1,1,0.25,2,2.950944119,6,-155.3291626|19.82083321,1,-155.3291626,19.82083321
S4125,1260,126.59985,3311.0686,180.5664,24.298332,,266,-809,5397,0.1786791,0.98317844,1849,5.4882984,-1.25,0,0,12.071645,11000.8,200,47.679646,182.91426,52.51077,2003,0.20980686,0,1,0,1,0,0,0,0,0,0,0,0,0,0,0,0,0,0,0,0,1,1,0.25,2,3.332025953,7,-155.3208313|19.82083321,1,-155.3208313,19.82083321
S2750,1808,271.41675,1448.1848,353.41675,82.00167,68,596,4175,2907,-0.8333535,-0.53140014,219,14.931341,11.375,0,0,93.50684,3946.2,178.65623,44.486313,26.440056,59.185806,1329,0.3158304,0,1,0,1,0,0,0,0,0,0,0,0,0,0,0,0,0,0,0,0,1,100,5,2,3.465735903,8,100.4625015|16.86249924,6,100.4625015,16.86249924
S1400,1285,211.50122,2388.2417,296.5349,64.09496,4,392,2911,4764,-0.51543915,0.3193583,370,9.578581,-10,0,0,98.89956,3024.6,198.96468,48.84922,40.156616,53.114693,2067,0.26495403,0,1,0,1,0,0,0,0,0,0,0,0,0,0,0,1,0,0,0,0,0,100,0.5,1,3.776546887,3,112.5291672|23.17083359,8,112.5291672,23.17083359
S3972,1933.9998,227.56665,2950.6462,248.5498,17.9,,270,1755,3805,0.74400765,0.6681686,49.5,5.9855947,-4,0,0.09063805,121.70809,16026.4,200,29.373148,81.71923,54.94825,1723,0.19560494,1,0,0,1,0,0,0,0,0,0,0,0,0,0,0,0,0,0,1,0,0,100,0.25,1,2.302385087,4,-156.0375061|20.79583359,2,-156.0375061,20.79583359
S1558,1848,175.4668,269.01727,367.5,36.903347,,610,908,7855,0.7071069,0,630,0.11079043,0.0625,100,0.015259989,0,1017,200,46.487007,10.704191,79.388145,1614,0.2682536,0,1,0,1,0,0,0,1,0,0,0,0,0,0,0,0,0,0,0,0,0,100,0.75,12,3.569532696,9,2.829166651|35.70416641,3,2.829166651,35.70416641
S1191,873,105.483154,813.0501,224.48315,11.5,59,788,3436,1770,-0.68436384,0.4183836,37,0.53044504,-1.125,0,0.27997532,32.833424,6597.2,200,27.496218,18.358847,61.38324,1024,0.5058858,0,1,0,1,0,0,0,0,0,1,0,0,0,0,0,0,0,0,0,0,0,4,0.25,4,2.397895273,9,4.962500095|50.86249924,6,4.962500095,50.86249924
S5740,1214,169.46729,1571.1934,307.45093,56.201653,41,765,475,2557,0.12217592,0.3102813,198,3.6310296,-4.8125,0,13.268652,22.345955,6789,200,36.171932,22.22334,61.78308,2146,0.3659008,1,0,0,1,0,0,1,0,0,0,0,0,0,0,0,0,0,0,0,0,0,1,0.5,1,1.945910149,5,111.0374985|29.65416718,3,111.0374985,29.65416718
S4023,921,66.5,1030.0669,257.4834,14.9,76,384,-542,2795,-0.31622744,0.7071071,17.5,0.13480535,-0.0625,0,0.6216277,0.86844444,4559.8,200,37.614765,99.281906,62.548576,1233,0.7181875,1,0,1,0,0,0,0,0,0,0,0,0,0,0,0,0,0,1,0,0,0,100,0.5,4,3.056356895,10,-73.37083435|45.72083282,10,-73.37083435,45.72083282
S2415,864,104.5,817.96674,224.48315,11.6,62,428,2111,3285,-0.25686583,0.29191923,40,0.42182255,-1.5,0,0.92368823,28.662045,6700.8,200,29.53292,16.30196,61.06855,1024,0.5062358,0,1,0,1,0,0,0,0,0,1,0,0,0,0,0,0,0,0,0,0,0,4,0.25,4,3.624340933,1,4.987500191|50.88750076,6,4.987500191,50.88750076
S2870,1266,136.55005,3570.5193,186.5498,23.998333,,266,3682,5493,0.36486655,0.9310581,1662.5,5.110835,-2.75,0,0,58.27413,11484.8,200,59.214035,235.09749,47.766872,2003,0.2097156,0,1,0,1,0,0,0,0,0,0,0,0,0,0,0,0,0,0,0,0,1,1,0.25,1,2.833154495,6,-155.3041687|19.82916641,1,-155.3041687,19.82916641
S3627,667.5718,64.5,575.0168,187.51685,28.103323,,,,,,,0,0,0,100,0.3658309,17.775467,4804.6,125.248116,57.884518,117.21346,58.67241,,0.6431824,0,1,0,1,0,0,0,0,0,0,0,0,0,0,0,0,0,0,0,1,0,1,0.265,4,2.583771092,2,19.53750038|60.22083282,9,19.53750038,60.22083282
S1955,1365,176.5,1743.864,326.5,46.199974,100,575,3615,3060,0.9093131,0.31324893,40,1.2074372,-0.0625,0,3.4024177,0.5575111,3527.6,200,24.517826,16.358006,59.38554,2138,0.39387298,0,1,0,1,0,1,0,0,0,0,0,0,0,0,0,0,0,0,0,0,0,100,0.5,4,2.995732274,3,115.7208328|29.28750038,6,115.7208328,29.28750038
S3368,1760,244.48364,1222.2501,326.48364,85.90001,,324,260,4038,-0.18569498,0.86760217,95.5,1.0685066,-0.5,48.076923,0.27658707,42.833424,7585.6,199.90366,69.647675,17.959805,60.28013,1588,0.23592591,1,0,0,1,0,0,0,0,0,0,0,0,0,0,0,0,0,0,0,1,0,1,0.25,7,2.862200881,1,34.22916794|-19.00416756,4,34.22916794,-19.00416756
S999,1365,176.5,1743.864,326.5,46.199974,100,575,3615,3060,0.9093131,0.31324893,40,1.2074372,-0.0625,0,3.4024177,0.5575111,3527.6,200,24.517826,16.358006,59.38554,2138,0.39387298,0,1,0,1,0,1,0,0,0,0,0,0,0,0,0,0,0,0,0,0,0,100,0.5,4,2.302585093,4,115.7208328|29.28750038,6,115.7208328,29.28750038
S912,1557,251.5,1616.9838,310.50024,52.200005,88,384,1604,2919,0.16437896,0.45157003,128,1.081267,-1.8125,0,0.006931816,103.7376,7471.8,200,66.70248,18.107698,47.56366,1386,0.19858012,0,1,0,1,0,0,1,0,0,0,0,0,0,0,0,0,0,0,0,0,0,113,0.25,1,4.471638793,7,-6.512499809|5.245833397,8,-6.512499809,5.245833397
S4841,788,75.55005,923.1687,208.5498,21.495003,23,337,2957,4168,0.2377738,0.7446875,719.5,2.840636,4.875,0,0,94.26364,6773.6,200,25.25613,52.291485,56.456364,1291,0.49599174,1,0,0,1,0,0,0,0,0,0,0,0,0,1,0,0,0,0,0,0,0,1,0.6,4,3.49641664,5,9.462499619|48.46250153,7,9.462499619,48.46250153
S4064,788,75.55005,923.1687,208.5498,21.495003,23,337,2957,4168,0.2377738,0.7446875,719.5,2.840636,4.875,0,0,94.26364,6773.6,200,25.25613,52.291485,56.456364,1291,0.49599174,1,0,0,1,0,0,0,0,0,0,0,0,0,1,0,0,0,0,0,0,0,1,0.6,4,3.375811168,6,9.462499619|48.46250153,7,9.462499619,48.46250153
S4972,691,-88.516846,286.04993,237.53296,61.196674,,655,-10,2993,-0.041118115,0.45013213,194.5,2.0493255,4,0,0.24825923,58.107735,,191.63301,33.62409,164.04767,60.321236,419,0.34947476,0,1,0,1,0,0,0,0,0,0,0,0,0,0,0,0,0,0,0,0,1,100,2,6,1.945910149,6,129.6291656|62.05416489,4,129.6291656,62.05416489
S4413,1016,27.5,611.9833,260.5,101.90165,82,447,-1838,3579,0.948683,0.22603233,181,0.4860368,-0.625,0,1.3502684,2.2652445,2804,200,23.753923,72.93048,62.35313,877,0.32716268,0,1,0,1,0,0,0,0,0,1,0,0,0,0,0,0,0,0,0,0,0,100,0.5,4,3.3140042,7,127.6541672|46.94583511,2,127.6541672,46.94583511
S3775,1266,136.55005,3570.5193,186.5498,23.998333,,266,3682,5493,0.36486655,0.9310581,1662.5,5.110835,-2.75,0,0,58.27413,11484.8,200,59.214035,235.09749,47.766872,2003,0.2097156,0,1,0,1,0,0,0,0,0,0,0,0,0,0,0,0,0,0,0,0,1,1,0.25,1,3.04414144,8,-155.3041687|19.82916641,1,-155.3041687,19.82916641
S1096,1778,170.49951,936.9832,256.51636,103.701675,19,436,2904,4549,0.8308958,-0.5317528,1617,2.571076,-1.4375,0,0.036932867,57.4096,6104.8,193.97281,65.1013,21.5012,55.771225,962,0.25694308,0,1,0,1,0,0,0,0,0,0,0,0,0,0,0,0,0,0,0,0,1,100,2,7,3.874674135,2,31.62083244|-18.17916679,2,31.62083244,-18.17916679
S4770,1647,91.48364,196.93271,298.48315,98.79668,,998,2951,5637,-0.703059,0.7095098,1254,0.8796911,-0.4375,0,2.1e-06,0,,200,48.935837,6,83.036896,732,0.3942679,0,1,1,0,0,0,0,0,0,0,0,0,0,0,0,1,0,0,0,0,0,400,1,10,1.607235505,1,106.9041672|39.51250076,5,106.9041672,39.51250076
S949,958,77.5,1108.9833,255.48364,8.698357,59,824,-526,1886,0.93531847,-0.34676766,317,1.2914915,0.4375,0,0,59.663643,5136.2,200,42.037502,40.26588,67.36538,931,0.6868458,0,1,0,1,0,0,0,0,0,0,0,0,0,0,0,0,0,0,0,0,1,100,5,4,4.174371894,8,-81.3125|43.19583511,3,-81.3125,43.19583511
S1639,1163,59.5,616.94965,269.5,106.7,97,478,1613,3515,0.94868326,-0.12592776,206,1.0982395,0.5,0,1.6168607,0.3527111,2949.2,200,29.290388,31.741165,68.41622,860,0.3854416,0,1,0,1,0,0,0,0,0,1,0,0,0,0,0,0,0,0,0,0,0,100,0.5,4,3.69506034,9,125.6708298|44.00416565,7,125.6708298,44.00416565
S1591,1747,255.51636,1336.0334,299.51636,48.698357,,210,1214,4344,-0.19611683,0.55470014,18,0.15774922,-0.5,0,0,93.89813,10742,115.78659,43.172848,98.31163,71.17757,1542,0.15034056,0,1,0,1,0,0,0,0,0,0,0,0,0,0,0,0,0,0,0,1,0,1,0.25,1,3.36712343,9,-87.35416412|20.44583321,8,-87.35416412,20.44583321
S5767,1184.0001,112.58276,1157.8191,284.63232,13.9,,382,1806,2860,-0.4359206,0.85415566,435,8.385269,6.9375,0,0.16094466,149.01315,6854.8,200,35.9745,58.10088,48.606564,1377,0.48437876,0,1,0,1,0,0,0,0,0,0,0,0,0,0,0,0,0,0,0,0,1,100,2,4,3.509184488,10,-78.16249847|39.47083282,5,-78.16249847,39.47083282
S5902,922,26.516357,592.917,214.5166,61.203316,,884,3874,2619,-0.26371658,0.5859906,1097,1.7206337,2.875,0,0,100.16907,5082.2,200,36.78136,139.2888,59.93956,854,0.74147415,0,1,0,1,0,0,0,0,0,0,0,0,0,0,0,0,0,0,0,0,1,1,0.25,5,1.945910149,9,-116.9208298|53.33750153,9,-116.9208298,53.33750153
S3287,1688,257.5166,2959.9495,293.53345,56.304985,,142,65,5961,-0.41344553,0.7215339,88,4.020423,1.4375,0,0,156.95395,9391,200,37.658844,74.15421,52.18274,1881,0.33074528,1,0,0,1,0,0,0,0,0,0,0,0,0,0,0,0,0,0,1,0,0,400,0.025,1,3.533569722,10,-79.84583282|9.112500191,4,-79.84583282,9.112500191
S6974,909,26.466797,621.1509,213.46655,66.99833,,1019,2372,2803,-0.96363586,-0.081362695,911,2.931128,2.5625,0,0,93.60818,5528.8,200,34.626884,222.31874,53.22273,680,0.77110505,0,1,0,1,0,0,0,0,0,0,0,0,0,0,0,0,0,0,0,0,1,1,0.25,5,2.525648609,10,-116.5958328|54.20416641,9,-116.5958328,54.20416641
S7339,1021.99994,-1.3825684,1379.0079,187.63428,22.596657,,1769,1322,2437,0.53414994,0.7705729,2094.5,18.36282,-15.4375,0,0,1.0808889,1251.4,61.5736,43.513676,120.381424,57.67844,1018,0.48781145,1,0,0,1,0,0,0,0,0,0,0,0,0,0,0,0,0,0,1,0,0,1,0.25,5,1.91692264,1,-113.3458328|48.46250153,2,-113.3458328,48.46250153
S1498,788,75.55005,923.1687,208.5498,21.495003,23,337,2957,4168,0.2377738,0.7446875,719.5,2.840636,4.875,0,0,94.26364,6773.6,200,25.25613,52.291485,56.456364,1291,0.49599174,1,0,0,1,0,0,0,0,0,0,0,0,0,1,0,0,0,0,0,0,0,1,0.6,4,3.135450761,1,9.462499619|48.46250153,7,9.462499619,48.46250153
S7349,1267,131.61621,3437.4023,183.5664,24.196665,,261,3851,6205,0.39932412,0.9167687,1745,5.119382,0.375,0,0,18.65031,6519.2,200,53.640045,224.0743,50.686573,2003,0.2097156,0,1,0,1,0,0,0,0,0,0,0,0,0,0,0,0,0,0,0,0,1,1,0.25,1,1.607836652,1,-155.3125|19.82916641,1,-155.3125,19.82916641
S1825,1267,131.61621,3437.4023,183.5664,24.196665,,261,3851,6205,0.39932412,0.9167687,1745,5.119382,0.375,0,0,18.65031,6519.2,200,53.640045,224.0743,50.686573,2003,0.2097156,0,1,0,1,0,0,0,0,0,0,0,0,0,0,0,0,0,0,0,0,1,1,0.25,1,3.001962823,2,-155.3125|19.82916641,1,-155.3125,19.82916641
S3299,1439,83.5166,349.94986,295.5166,106.90167,100,1428,1022,2266,-0.7071065,0.7071071,478,0.36226156,-0.75,0,3.5245235,0,2742,200,45.33217,10.795137,83.21156,1036,0.43122086,0,1,1,0,0,0,0,0,0,0,0,0,0,0,0,1,0,0,0,0,0,400,1,4,2.196780013,2,119.4458313|42.46250153,4,119.4458313,42.46250153
S2839,1747,168.5166,923.96594,284.5166,72.298355,100,1123,2322,1402,-0.40181726,0.90030533,467,0.45562643,0.1875,0,0.88196427,0.33706668,3499.2,200,52.530132,12.861359,64.791435,1101,0.18077233,0,1,0,1,0,0,0,0,0,1,0,0,0,0,0,0,0,0,0,0,0,1,0.5,8,3.008154794,7,-64.1875|-31.5625,9,-64.1875,-31.5625
S5898,930,5.5168457,657.9165,195.51685,62.301674,,1484,4636,2134,-0.52575064,-0.4759143,1394.5,2.2448254,2,0,0,73.896,5772,200,35.689667,182.23006,55.13674,854,0.7296108,0,1,0,1,0,0,0,0,0,0,0,0,0,0,0,0,0,0,0,0,1,1,0.25,5,2.889704917,2,-117.3291702|53.42083359,9,-117.3291702,53.42083359
S5650,1266,136.55005,3570.5193,186.5498,23.998333,,266,3682,5493,0.36486655,0.9310581,1662.5,5.110835,-2.75,0,0,58.27413,11484.8,200,59.214035,235.09749,47.766872,2003,0.2097156,0,1,0,1,0,0,0,0,0,0,0,0,0,0,0,0,0,0,0,0,1,1,0.25,1,2.995382214,3,-155.3041687|19.82916641,1,-155.3041687,19.82916641
S6561,1266,136.55005,3570.5193,186.5498,23.998333,,266,3682,5493,0.36486655,0.9310581,1662.5,5.110835,-2.75,0,0,58.27413,11484.8,200,59.214035,235.09749,47.766872,2003,0.2097156,0,1,0,1,0,0,0,0,0,0,0,0,0,0,0,0,0,0,0,0,1,1,0.25,1,3.043331271,4,-155.3041687|19.82916641,1,-155.3041687,19.82916641
S3400,513,-41.618164,1321.8259,151.41504,26.101635,,1036,3487,1516,0.3888536,0.6543033,914,17.591421,-7.5,0,0,37.79271,2306,69.52242,51.590214,198.81314,51.549202,760,0.33198375,0,1,0,1,0,0,0,0,0,0,0,0,0,0,0,0,0,0,0,0,1,100,2,11,2.48490665,5,158.9458313|54.49583435,6,158.9458313,54.49583435
S2745,1270,182.51685,1679.3484,334.5332,47.6,80,1225,3519,2163,0.85387874,0.15485892,81,1.1164366,0.5625,100,0.47870505,14.160711,5582.8,200,34.09633,20.508833,57.470055,2200,0.3663975,0,1,0,1,0,0,0,0,0,1,0,0,0,0,0,0,0,0,0,0,0,400,1.5,1,2.978891275,5,119.5958328|29.01250076,3,119.5958328,29.01250076
S5259,1795,247.5,1123.9833,330.5166,86.3,6,533,2793,3781,-0.5359539,0.16876933,31.5,0.23693585,-0.25,28.846153,0,50.7776,8135.8,200,64.31024,15.506631,60.37478,1099.3003,0.23135284,1,0,0,1,0,0,0,0,0,0,0,0,0,0,0,0,0,0,0,1,0,1,0.25,7,2.955118615,3,34.37083435|-18.94583321,4,34.37083435,-18.94583321
S4041,1278,81.433105,296.0165,225.4497,88.801674,44,3784,4731,674,-0.97701216,0.16058202,2089.5,4.14758,0.25,0,0.7409226,0,2185.8,200,39.753212,15.229593,81.41369,1368,0.3668108,1,0,0,1,0,0,1,0,0,0,0,0,0,0,0,0,0,0,0,0,0,100,0.5,10,3.982351014,2,102.3125|35.96250153,9,102.3125,35.96250153
S6568,1447.9999,100.66748,543.4977,273.68433,41.39668,,492,1602,5658,0.6802275,-0.7045553,1652,15.049555,5.9375,0,0,70.813515,5953.8,190.95566,45.089645,39.135887,64.03502,2083,0.28689593,1,0,0,1,0,0,0,0,0,0,0,0,0,0,0,0,0,0,0,1,0,1,0.5,12,3.662227471,10,-2.837500095|37.40416718,10,-2.837500095,37.40416718
S2627,1350,86.41724,678.8645,272.41724,91.40335,69,819,2313,2790,-0.8015858,0.117823526,1227.5,1.4095154,-3.625,0,7.0785823,0,2538.4,200,44.839,21.614372,79.59032,1202,0.3931382,1,0,0,1,0,0,1,0,0,0,0,0,0,0,0,0,0,0,0,0,0,100,0.5,10,3.33220451,3,111.2624969|37.94583511,4,111.2624969,37.94583511
S4971,1266,136.55005,3570.5193,186.5498,23.998333,,266,3682,5493,0.36486655,0.9310581,1662.5,5.110835,-2.75,0,0,58.27413,11484.8,200,59.214035,235.09749,47.766872,2003,0.2097156,0,1,0,1,0,0,0,0,0,0,0,0,0,0,0,0,0,0,0,0,1,1,0.25,1,2.870395731,6,-155.3041687|19.82916641,1,-155.3041687,19.82916641
S2732,1267,131.61621,3437.4023,183.5664,24.196665,,261,3851,6205,0.39932412,0.9167687,1745,5.119382,0.375,0,0,18.65031,6519.2,200,53.640045,224.0743,50.686573,2003,0.2097156,0,1,0,1,0,0,0,0,0,0,0,0,0,0,0,0,0,0,0,0,1,1,0.25,1,3.188045382,7,-155.3125|19.82916641,1,-155.3125,19.82916641
S3678,788,75.55005,923.1687,208.5498,21.495003,23,337,2957,4168,0.2377738,0.7446875,719.5,2.840636,4.875,0,0,94.26364,6773.6,200,25.25613,52.291485,56.456364,1291,0.49599174,1,0,0,1,0,0,0,0,0,0,0,0,0,1,0,0,0,0,0,0,0,1,0.6,4,3.496507561,3,9.462499619|48.46250153,7,9.462499619,48.46250153
S2882,913,24.516846,614.91595,211.48364,66.39833,,590,1459,3239,0.930042,-0.36734322,937,1.9805799,-1,0,0,83.06382,5517.6,200,36.838867,227.44196,49.637634,680,0.7674839,0,1,0,1,0,0,0,0,0,0,0,0,0,0,0,0,0,0,0,0,1,1,0.25,5,1.098612289,3,-116.6041641|54.23749924,9,-116.6041641,54.23749924
S7452,1074,112.38257,1264.9358,193.39917,26.20167,,404,2547,4773,-0.9744629,0.08089352,135,5.345145,-5,0,0,308.1977,10081,40.866676,54.010975,133.41246,48.67784,904.3672,0.0923889,0,1,0,1,0,0,0,0,0,0,0,0,0,0,0,0,0,0,0,0,1,100,2,4,1.098612289,4,146.6458282|-43.09583282,2,146.6458282,-43.09583282
S5583,1772,229.5,1616.9342,279.4834,35.101654,10,481,473,3776,-0.9406574,0.3086801,11.5,0.8678491,0.4375,100,0.21097976,31.08551,11862.2,198.5344,54.852962,48.842506,57.501904,1814,0.1310803,0,1,0,1,0,0,0,0,0,0,0,0,0,0,0,0,0,0,0,0,1,100,2,1,2.397895273,8,46.87083435|-25.0625,3,46.87083435,-25.0625
S3434,1260,126.59985,3311.0686,180.5664,24.298332,,266,-809,5397,0.1786791,0.98317844,1849,5.4882984,-1.25,0,0,12.071645,11000.8,200,47.679646,182.91426,52.51077,2003,0.20980686,0,1,0,1,0,0,0,0,0,0,0,0,0,0,0,0,0,0,0,0,1,1,0.25,2,2.397713451,9,-155.3208313|19.82083321,1,-155.3208313,19.82083321
S3977,867,105.48364,808.01666,224.48364,11.5,74,763,4001,2662,0.7016457,-0.41915107,35,0.7733285,-1.3125,0,1.1196091,17.368177,6235.6,200,25.698122,17.714739,63.268166,1024,0.5058858,0,1,0,1,0,0,0,0,0,1,0,0,0,0,0,0,0,0,0,0,0,4,0.25,4,1.945910149,5,4.979166508|50.86249924,6,4.979166508,50.86249924
S987,1536,254.4668,1379.0671,322.5,48.4,100,253,596,4011,-0.3983299,-0.78069246,227,2.0662236,0,0,0.65358776,46.3664,7992.6,200,60.87514,17.18611,57.34905,1322,0.2138008,0,1,0,1,0,0,1,0,0,0,0,0,0,0,0,0,0,0,0,0,0,113,0.25,1,4.501663504,9,-5.854166508|6.162499905,8,-5.854166508,6.162499905
S4114,1266,136.55005,3570.5193,186.5498,23.998333,,266,3682,5493,0.36486655,0.9310581,1662.5,5.110835,-2.75,0,0,58.27413,11484.8,200,59.214035,235.09749,47.766872,2003,0.2097156,0,1,0,1,0,0,0,0,0,0,0,0,0,0,0,0,0,0,0,0,1,1,0.25,1,3.257942691,10,-155.3041687|19.82916641,1,-155.3041687,19.82916641
S953,1557,251.5,1616.9838,310.50024,52.200005,88,384,1604,2919,0.16437896,0.45157003,128,1.081267,-1.8125,0,0.006931816,103.7376,7471.8,200,66.70248,18.107698,47.56366,1386,0.19858012,0,1,0,1,0,0,1,0,0,0,0,0,0,0,0,0,0,0,0,0,0,113,0.25,1,4.472278586,1,-6.512499809|5.245833397,8,-6.512499809,5.245833397
S1594,1254,121.61694,3193.9346,176.5835,24.396688,20,751,4018,3778,0.4215162,0.9067608,1941,5.4097967,2,0,0,8.919644,9833.6,199.96217,45.98457,166.13841,55.210518,2003,0.20980686,0,1,0,1,0,0,0,0,0,0,0,0,0,0,0,0,0,0,0,0,1,1,0.25,2,2.707983505,10,-155.3291626|19.82083321,1,-155.3291626,19.82083321
S2478,958,28.500244,663.0674,208.5332,62.79833,,360,909,4753,0.8497753,0.5271443,940,0.9274568,0.0625,0,0,141.32605,5795.8,196.95668,35.36112,214.89134,49.861366,729,0.75116986,0,1,0,1,0,0,0,0,0,0,0,0,0,0,0,0,0,0,0,0,1,1,0.25,5,2.564949357,4,-117.9708328|54.58750153,8,-117.9708328,54.58750153
S2357,788,75.55005,923.1687,208.5498,21.495003,23,337,2957,4168,0.2377738,0.7446875,719.5,2.840636,4.875,0,0,94.26364,6773.6,200,25.25613,52.291485,56.456364,1291,0.49599174,1,0,0,1,0,0,0,0,0,0,0,0,0,1,0,0,0,0,0,0,0,1,0.6,4,3.449733564,6,9.462499619|48.46250153,7,9.462499619,48.46250153
S6409,942,10.533447,562.73254,193.56665,56.010002,,753,2920,3863,0.96480006,0.09124126,1323.5,2.2123065,2.25,0,0,101.49511,4379,194.05327,37.209507,182.86855,53.889946,855,0.7052143,0,1,0,1,0,0,0,0,0,0,0,0,0,0,0,0,0,0,0,0,1,1,0.25,5,1.386294361,5,-118.6041641|53.87916565,8,-118.6041641,53.87916565
S2562,1128,22.331055,499.65533,225.33105,104.90169,35,830,5194,3435,-0.0415957,0.89784,1374,8.122833,-9.25,0,0.0675555,5.2672,,199.29158,43.57107,49.01486,67.30178,1078.6874,0.38294464,1,0,0,1,0,0,1,0,0,0,0,0,0,0,0,0,0,0,0,0,0,100,0.5,4,2.978738703,7,117.5124969|42.29583359,9,117.5124969,42.29583359
S3546,1804,248.5,1115.9833,331.5,86.09836,30,390,-389,4298,0.40309548,-0.8015435,24,0.26455182,0.1875,44.230766,0,8.126933,6981.2,200,62.839287,14.004452,60.972645,1588,0.19704925,1,0,1,0,0,0,0,0,0,0,0,0,0,0,0,0,0,0,0,1,0,1,0.25,7,1.386294361,4,34.39583206|-18.88750076,4,34.39583206,-18.88750076
S1447,1327,191.5,1941.051,336.51636,57.60003,100,999,2618,2242,0.5091826,-0.7932427,43.5,0.5334732,-0.9375,0,3.2383745,7.4304,4882.4,200,39.634926,14.325562,52.512775,2054,0.37538487,0,1,0,1,0,0,0,0,0,1,0,0,0,0,0,0,0,0,0,0,0,400,1.5,4,3.149868675,8,116.9124985|28.25416756,7,116.9124985,28.25416756
S4737,1688,257.5166,2959.9495,293.53345,56.304985,,142,65,5961,-0.41344553,0.7215339,88,4.020423,1.4375,0,0,156.95395,9391,200,37.658844,74.15421,52.18274,1881,0.33074528,1,0,0,1,0,0,0,0,0,0,0,0,0,0,0,0,0,0,1,0,0,400,0.025,1,3.04328362,2,-79.84583282|9.112500191,4,-79.84583282,9.112500191
S4352,1254,121.61694,3193.9346,176.5835,24.396688,20,751,4018,3778,0.4215162,0.9067608,1941,5.4097967,2,0,0,8.919644,9833.6,199.96217,45.98457,166.13841,55.210518,2003,0.20980686,0,1,0,1,0,0,0,0,0,0,0,0,0,0,0,0,0,0,0,0,1,1,0.25,2,2.917608543,1,-155.3291626|19.82083321,1,-155.3291626,19.82083321
S5800,961,27.533203,662.06683,208.50024,62.898327,,922,3366,2554,0.93858004,0.34380913,951,0.8845985,-1,0,0,139.66524,5736.4,196.43079,35.776035,226.97191,50.313286,729,0.7495963,0,1,0,1,0,0,0,0,0,0,0,0,0,0,0,0,0,0,0,0,1,1,0.25,5,1.791759469,6,-117.9708328|54.57916641,8,-117.9708328,54.57916641
S3530,1266,136.55005,3570.5193,186.5498,23.998333,,266,3682,5493,0.36486655,0.9310581,1662.5,5.110835,-2.75,0,0,58.27413,11484.8,200,59.214035,235.09749,47.766872,2003,0.2097156,0,1,0,1,0,0,0,0,0,0,0,0,0,0,0,0,0,0,0,0,1,1,0.25,1,3.218515729,3,-155.3041687|19.82916641,1,-155.3041687,19.82916641
S1147,1763,263.5327,2769.8733,280.53247,60.591637,88,549,2127,2152,0.6031186,0.7897177,158.5,15.8383255,-0.125,0,3.1595016,197.95218,7764,182.87778,46.249634,37.94718,52.28764,1640,0.3254397,0,1,0,1,0,0,0,0,0,0,0,0,0,0,0,0,0,0,0,0,1,100,5,1,2.970158065,4,98.3208313|7.929166794,5,98.3208313,7.929166794
S6015,735,60.5,695.017,212.51685,34.101673,29,739,3439,3038,0.22804508,0.31622797,42.5,1.1673896,-0.375,0,0,114.606575,4635,200,61.07548,137.31459,50.11888,833,0.5210264,1,0,0,1,0,0,0,0,0,0,0,0,0,0,0,0,0,0,0,1,0,1,0.25,4,2.843687757,9,27.26250076|58.29583359,7,27.26250076,58.29583359
S5028,958,28.500244,663.0674,208.5332,62.79833,,360,909,4753,0.8497753,0.5271443,940,0.9274568,0.0625,0,0,141.32605,5795.8,196.95668,35.36112,214.89134,49.861366,729,0.75116986,0,1,0,1,0,0,0,0,0,0,0,0,0,0,0,0,0,0,0,0,1,1,0.25,5,2.48490665,7,-117.9708328|54.58750153,8,-117.9708328,54.58750153
S6255,959,29.516846,629.1669,209.53345,63.598297,,799,700,2651,0.8939569,0.19624338,931,2.026908,1.5,0,0,123.628975,6734.4,199.17502,38.41034,205.90555,49.73708,729,0.7500601,0,1,0,1,0,0,0,0,0,0,0,0,0,0,0,0,0,0,0,0,1,1,0.25,5,1.098612289,8,-118.0625|54.5625,8,-118.0625,54.5625
S5803,1322,191.5,1929.0844,336.51685,57.60003,94,977,1966,1999,0.3420723,0.12746729,46.5,0.6154061,1.75,0,5.169994,2.119111,4948.8,200,38.15586,14.091771,51.42794,2054,0.37536183,0,1,0,1,0,0,0,0,0,1,0,0,0,0,0,0,0,0,0,0,0,400,1.5,4,3.182128832,10,116.9041672|28.26250076,7,116.9041672,28.26250076
S2391,1226,161.4668,894.0335,311.5,64.20671,97,664,1961,2364,-0.9294695,-0.36783051,131,0.69239384,0.125,0,4.5175776,0.029866667,4341.4,200,26.702831,10.049474,71.84746,1678,0.363042,0,1,0,1,0,0,0,0,0,1,0,0,0,0,0,0,0,0,0,0,0,10000,0.5,4,4.243267345,1,111.9375|32.57916641,6,111.9375,32.57916641
S3179,1763,247.5166,1115.9498,332.5,86.6,7,488,3544,3554,0.948683,0.16876869,22.5,0.16907111,-0.1875,34.615387,0.028670317,10.5856,7290,200,56.644527,10.473095,59.942245,1091,0.23159234,1,0,1,0,0,0,0,0,0,0,0,0,0,0,0,0,0,0,0,1,0,1,0.25,7,1.609437912,5,34.47083282|-18.92083359,4,34.47083282,-18.92083359
S4987,1467,65.516846,387.81555,283.53345,122.49835,43,575,348,3000,0.97392714,0.20651135,500,2.2561438,-1.875,0,0.27558422,0,1888.8,200,43.17346,10.070711,81.52375,887,0.31923488,1,0,0,1,0,0,1,0,0,0,0,0,0,0,0,0,0,0,0,0,0,100,0.5,8,3.70112912,8,119.5124969|43.86249924,4,119.5124969,43.86249924
S5496,864,104.5,817.96674,224.48315,11.6,62,428,2111,3285,-0.25686583,0.29191923,40,0.42182255,-1.5,0,0.92368823,28.662045,6700.8,200,29.53292,16.30196,61.06855,1024,0.5062358,0,1,0,1,0,0,0,0,0,1,0,0,0,0,0,0,0,0,0,0,0,4,0.25,4,1.386294361,2,4.987500191|50.88750076,6,4.987500191,50.88750076
S1503,1720,251.5,1575.0498,299.50024,79,78,885,975,2714,0.44294342,-0.34443456,13,0.48325986,0.0625,0,194.89029,1.4492445,,200,53.746155,13.276047,59.783676,3430,0.1735379,0,1,1,0,0,0,0,0,0,1,0,0,0,0,0,0,0,0,0,0,0,100,0.25,1,4.238920986,5,109.4958344|18.28750038,8,109.4958344,18.28750038
S3460,1260,37.516846,377.0332,248.5,104.70003,48,746,3307,3786,0.99033046,0.085675746,1343,0.9043521,-0.625,0,0.004994868,0,2068.2,200,49.571487,14.233843,79.75255,888,0.3697996,1,0,0,1,0,0,0,0,0,0,0,0,0,0,0,0,0,0,0,1,0,100,0.5,8,3.766974124,9,116.2791672|42.02916718,9,116.2791672,42.02916718
S6599,1266,136.55005,3570.5193,186.5498,23.998333,,266,3682,5493,0.36486655,0.9310581,1662.5,5.110835,-2.75,0,0,58.27413,11484.8,200,59.214035,235.09749,47.766872,2003,0.2097156,0,1,0,1,0,0,0,0,0,0,0,0,0,0,0,0,0,0,0,0,1,1,0.25,1,2.65654634,6,-155.3041687|19.82916641,1,-155.3041687,19.82916641
S5980,934,16.516846,602.066,206.51685,65.298355,,986,3801,2360,0.939626,-0.3421963,1161.5,2.0621483,-0.875,0,0,82.95734,5789,200,36.06001,164.98785,54.173958,854,0.76550436,0,1,0,1,0,0,0,0,0,0,0,0,0,0,0,0,0,0,0,0,1,1,0.25,5,1.945910149,9,-117.3291702|53.80416489,8,-117.3291702,53.80416489
S2309,788,75.55005,923.1687,208.5498,21.495003,23,337,2957,4168,0.2377738,0.7446875,719.5,2.840636,4.875,0,0,94.26364,6773.6,200,25.25613,52.291485,56.456364,1291,0.49599174,1,0,0,1,0,0,0,0,0,0,0,0,0,1,0,0,0,0,0,0,0,1,0.6,4,3.433825928,3,9.462499619|48.46250153,7,9.462499619,48.46250153
S2883,667.5718,64.5,575.0168,187.51685,28.103323,,,,,,,0,0,0,100,0.3658309,17.775467,4804.6,125.248116,57.884518,117.21346,58.67241,,0.6431824,0,1,0,1,0,0,0,0,0,0,0,0,0,0,0,0,0,0,0,1,0,1,0.265,4,3.46548589,4,19.53750038|60.22083282,9,19.53750038,60.22083282
S2828,1827,252.5498,3263.6758,275.56665,71.59669,40,375,2887,4348,0.3065955,-0.7043393,198.5,11.746062,11.8125,0,0.16448668,192.71324,9674.4,191.70734,32.34024,43.853962,52.61347,3906,0.3478323,0,1,0,1,0,0,0,0,0,0,0,0,0,0,0,0,0,0,0,0,1,100,5,14,2.890371758,1,-84.61250305|9.595833778,10,-84.61250305,9.595833778
S1605,1829.9999,111.45166,1069.6927,305.45117,84.49663,18,1080,316,3749,0.98847294,0.0154664805,1952,20.709063,-11.375,0,0.023247594,0,754.4,157.3424,31.83927,24.166645,74.682236,1142,0.29590833,0,1,0,1,0,0,0,0,0,0,0,0,0,0,0,0,0,0,0,0,1,100,2,4,3.6440913,5,49.30416489|33.15416718,4,49.30416489,33.15416718
S6938,2045,116.4834,53.983273,335.5,70.190025,,578,-1181,7312,0.77812064,-0.6264936,1166.5,0.96281576,-0.25,0,0,0,,200,50.243607,6,82.063354,333,0.36343926,0,1,1,0,0,0,0,0,0,0,0,0,0,0,0,1,0,0,0,0,0,400,1,13,1.784566962,5,95.1791687|40.21250153,4,95.1791687,40.21250153
S3133,866,105.483154,813.99994,224.5,11.6,55,770,4447,2237,-0.5974419,0.73766434,37.5,0.60897267,0.125,0,1.0061384,11.715734,7011.8,200,30.887264,20.363865,62.56101,1024,0.5062358,0,1,0,1,0,0,0,0,0,1,0,0,0,0,0,0,0,0,0,0,0,4,0.25,4,2.63905733,6,4.987500191|50.87916565,6,4.987500191,50.87916565
S1042,1536,254.48364,1387.0837,322.50024,48.301674,100,552,2883,3260,-0.5909777,0.02744678,218,1.9753718,-0.3125,0,16.462826,22.947733,8580.2,200,62.191128,16.690765,56.850895,1322,0.21374775,0,1,0,1,0,0,1,0,0,0,0,0,0,0,0,0,0,0,0,0,0,113,0.25,1,4.508108473,7,-5.845833302|6.154166698,8,-5.845833302,6.154166698
S1333,1737,252.53296,1428.087,292.53296,82.701675,89,769,544,3350,0.2944964,0.891281,35,1.5555387,-0.375,0,0.10100136,0.5688889,7302,200,57.635246,27.247858,56.747547,2110,0.18316995,0,1,1,0,0,0,0,0,0,1,0,0,0,0,0,0,0,0,0,0,0,100,0.25,1,4.304024574,8,108.7791672|18.54583359,8,108.7791672,18.54583359
S5756,339,-134.5,446.8319,121.500244,39.90003,,1207,1697,4000,0.8934194,-0.44921803,33,4.368577,-0.8125,100,0.10543647,0.11093333,939,200,43.285755,168.42912,55.63183,304,0.3912281,0,1,0,1,0,0,0,0,0,0,0,0,0,0,0,0,0,0,0,0,1,100,5,11,1.791759469,6,126.8208313|72.40416718,10,126.8208313,72.40416718
S4065,958,28.500244,663.0674,208.5332,62.79833,,360,909,4753,0.8497753,0.5271443,940,0.9274568,0.0625,0,0,141.32605,5795.8,196.95668,35.36112,214.89134,49.861366,729,0.75116986,0,1,0,1,0,0,0,0,0,0,0,0,0,0,0,0,0,0,0,0,1,1,0.25,5,2.5648724,10,-117.9708328|54.58750153,8,-117.9708328,54.58750153
S2038,1747,255.51636,1336.0334,299.51636,48.698357,,210,1214,4344,-0.19611683,0.55470014,18,0.15774922,-0.5,0,0,93.89813,10742,115.78659,43.172848,98.31163,71.17757,1542,0.15034056,0,1,0,1,0,0,0,0,0,0,0,0,0,0,0,0,0,0,0,1,0,1,0.25,1,3.218875825,9,-87.35416412|20.44583321,8,-87.35416412,20.44583321
S6198,1254,121.61694,3193.9346,176.5835,24.396688,20,751,4018,3778,0.4215162,0.9067608,1941,5.4097967,2,0,0,8.919644,9833.6,199.96217,45.98457,166.13841,55.210518,2003,0.20980686,0,1,0,1,0,0,0,0,0,0,0,0,0,0,0,0,0,0,0,0,1,1,0.25,2,0.6931471806,2,-155.3291626|19.82083321,1,-155.3291626,19.82083321
S2159,1021.99994,-1.3825684,1379.0079,187.63428,22.596657,,1769,1322,2437,0.53414994,0.7705729,2094.5,18.36282,-15.4375,0,0,1.0808889,1251.4,61.5736,43.513676,120.381424,57.67844,1018,0.48781145,1,0,0,1,0,0,0,0,0,0,0,0,0,0,0,0,0,0,1,0,0,1,0.25,5,1.945910149,1,-113.3458328|48.46250153,2,-113.3458328,48.46250153
S4502,588.00006,-72.38159,696.86145,96.568115,73.80165,,1887,3445,2388,-0.21366683,-0.48666537,1830.5,3.253293,10.9375,0,0,0.3527111,1624,67.049324,46.943672,171.64125,50.408302,620,0.30288526,0,1,0,1,0,0,0,0,0,0,0,0,0,0,0,0,0,0,0,0,1,100,2,6,0.6931471806,7,108.8041687|53.63750076,7,108.8041687,53.63750076
S4827,672,62.5,581.9997,170.5,30.803324,19,922,1151,1944,-0.37644893,0.8944273,9,0.26455182,-0.1875,0,0.01292554,60.14471,6486.6,136.90356,59.23632,101.14881,54.743504,742,0.63427305,0,1,0,1,0,0,0,0,0,0,0,0,0,0,0,0,0,0,0,1,0,1,0.265,4,3.663382144,7,20.16250038|60.07083511,9,20.16250038,60.07083511
S5270,1260,37.516846,377.0332,248.5,104.70003,48,746,3307,3786,0.99033046,0.085675746,1343,0.9043521,-0.625,0,0.004994868,0,2068.2,200,49.571487,14.233843,79.75255,888,0.3697996,1,0,0,1,0,0,0,0,0,0,0,0,0,0,0,0,0,0,0,1,0,100,0.5,8,3.806506923,10,116.2791672|42.02916718,9,116.2791672,42.02916718
S3013,788,75.55005,923.1687,208.5498,21.495003,23,337,2957,4168,0.2377738,0.7446875,719.5,2.840636,4.875,0,0,94.26364,6773.6,200,25.25613,52.291485,56.456364,1291,0.49599174,1,0,0,1,0,0,0,0,0,0,0,0,0,1,0,0,0,0,0,0,0,1,0.6,4,3.238678452,8,9.462499619|48.46250153,7,9.462499619,48.46250153
S1992,1425,177.41724,779.73157,286.417,48.401672,58,783,278,2545,-0.7760674,0.6298202,76,2.8819964,-4.5,0,0.34398142,19.1616,8441,200,36.834293,20.159712,74.93907,1965,0.18426913,0,1,0,1,0,0,0,0,0,0,0,0,0,0,0,0,0,0,0,1,0,1,0.25,12,3.81220267,1,3.020833254|39.83750153,4,3.020833254,39.83750153
S3483,946,56.384033,876.652,236.38379,78.20167,,396,4774,3968,-0.0151460655,-0.8311677,154.5,6.5882425,0.9375,0,0,86.81618,5369,200,33.26583,67.468575,57.52974,1172,0.30508503,0,1,0,1,0,0,0,0,0,0,0,0,0,0,0,0,0,0,0,0,1,100,2,4,3.876292173,9,131.4125061|43.12916565,5,131.4125061,43.12916565
S3364,1764,247.5,1120.9666,331.5,86.6,18,357,1970,3870,0.31622726,0.35355365,28,0.18031488,0.25,40.384613,0,42.555023,8064.2,200,66.57472,12.886098,60.340347,1091,0.23175979,1,0,0,1,0,0,0,0,0,0,0,0,0,0,0,0,0,0,0,1,0,1,0.25,7,2.014903021,6,34.45416641|-18.9375,4,34.45416641,-18.9375
S3126,1163,59.5,616.94965,269.5,106.7,97,478,1613,3515,0.94868326,-0.12592776,206,1.0982395,0.5,0,1.6168607,0.3527111,2949.2,200,29.290388,31.741165,68.41622,860,0.3854416,0,1,0,1,0,0,0,0,0,1,0,0,0,0,0,0,0,0,0,0,0,100,0.5,4,3.569476388,10,125.6708298|44.00416565,7,125.6708298,44.00416565
S3736,2045,116.4834,53.983273,335.5,70.190025,,578,-1181,7312,0.77812064,-0.6264936,1166.5,0.96281576,-0.25,0,0,0,,200,50.243607,6,82.063354,333,0.36343926,0,1,1,0,0,0,0,0,0,0,0,0,0,0,0,1,0,0,0,0,0,400,1,13,2.192993404,6,95.1791687|40.21250153,4,95.1791687,40.21250153
S3686,986,85.5,1211.318,261.48364,7.9,,473,818,2870,-0.91299415,0.40752846,325,1.7175539,-1.1875,0,2.2223876,78.33369,8275.4,200,56.90684,107.66652,49.993156,1173,0.6622795,0,1,0,1,0,0,0,0,0,0,0,0,0,0,0,0,0,0,0,1,0,100,0.25,4,2.397895273,1,-72.1875|42.48749924,3,-72.1875,42.48749924
S2886,533,-56.53369,256.2012,152.41577,59.301647,,896,1053,2655,-0.98951644,0.14441952,254,7.1683855,0.6875,0,0,0,633.2,152.77003,50.42715,219.70268,61.650753,178,0.61815345,0,1,0,1,0,0,0,0,0,0,0,0,0,0,0,0,0,0,0,0,1,100,2,11,1.609437912,7,-50.67916489|67.02916718,7,-50.67916489,67.02916718
S1622,1021.99994,-1.3825684,1379.0079,187.63428,22.596657,,1769,1322,2437,0.53414994,0.7705729,2094.5,18.36282,-15.4375,0,0,1.0808889,1251.4,61.5736,43.513676,120.381424,57.67844,1018,0.48781145,1,0,0,1,0,0,0,0,0,0,0,0,0,0,0,0,0,0,1,0,0,1,0.25,5,2.708050201,2,-113.3458328|48.46250153,2,-113.3458328,48.46250153
S6795,1260,126.59985,3311.0686,180.5664,24.298332,,266,-809,5397,0.1786791,0.98317844,1849,5.4882984,-1.25,0,0,12.071645,11000.8,200,47.679646,182.91426,52.51077,2003,0.20980686,0,1,0,1,0,0,0,0,0,0,0,0,0,0,0,0,0,0,0,0,1,1,0.25,2,2.44217312,3,-155.3208313|19.82083321,1,-155.3208313,19.82083321
S2685,669,64.4668,594.0667,193.44995,29.000027,,617,-1691,2624,-0.80664515,-0.55662215,0,0.23026973,-0.3125,100,0.08949767,42.418312,6185.6,139.22382,58.24528,107.4457,55.40129,742,0.6560527,0,1,0,1,0,0,0,0,0,0,0,0,0,0,0,0,0,0,0,1,0,1,0.265,4,3.761130384,2,19.78750038|60.36249924,9,19.78750038,60.36249924
S1757,1440,149.5,585.0841,316.51685,89.40335,100,842,1977,2105,0.57715946,-0.2896736,121,0.20753214,-0.1875,100,6.0891867,0,3839.2,200,27.52971,12.4633875,81.86059,1423,0.42802665,0,1,0,1,0,0,0,0,0,1,0,0,0,0,0,0,0,0,0,0,0,10000,0.5,4,4.062389373,3,113.3958359|34.88750076,9,113.3958359,34.88750076
S2610,1900,153.51685,272.93304,341.51685,28.503347,78,1081,3102,6300,-0.2853601,0.7613218,1159,0.67558557,-1.4375,0,338.88284,0,,200,37.69309,9.174494,80.83534,935,0.2814744,0,1,0,1,0,0,0,1,0,0,0,0,0,0,0,0,0,0,0,0,0,100,0.75,12,3.417726684,2,3.245833397|34.66249847,3,3.245833397,34.66249847
S1754,1388,224.46655,1225.2687,314.49976,72.103325,44,1111,-284,1766,-0.16145109,-0.4374038,198,2.8663492,2.9375,100,0,6.1027555,5705.8,200,35.602184,20.015171,64.946686,2185,0.3132306,0,1,1,0,0,0,0,0,0,1,0,0,0,0,0,0,0,0,0,0,0,100,0.25,1,4.129148484,10,106.6374969|23.99583244,3,106.6374969,23.99583244
S5828,1266,136.55005,3570.5193,186.5498,23.998333,,266,3682,5493,0.36486655,0.9310581,1662.5,5.110835,-2.75,0,0,58.27413,11484.8,200,59.214035,235.09749,47.766872,2003,0.2097156,0,1,0,1,0,0,0,0,0,0,0,0,0,0,0,0,0,0,0,0,1,1,0.25,1,3.01891154,1,-155.3041687|19.82916641,1,-155.3041687,19.82916641
S4939,1266,136.55005,3570.5193,186.5498,23.998333,,266,3682,5493,0.36486655,0.9310581,1662.5,5.110835,-2.75,0,0,58.27413,11484.8,200,59.214035,235.09749,47.766872,2003,0.2097156,0,1,0,1,0,0,0,0,0,0,0,0,0,0,0,0,0,0,0,0,1,1,0.25,1,3.177928812,2,-155.3041687|19.82916641,1,-155.3041687,19.82916641
S890,1563,254.53296,1302.8162,318.5,48,100,488,2914,2944,0.41637707,0.014054149,137.5,1.1058408,0.125,0,0.65147305,119.9376,8231.6,200,66.59977,16.667501,53.02627,1386,0.19993058,0,1,0,1,0,0,1,0,0,0,0,0,0,0,0,0,0,0,0,0,0,113,0.25,1,4.611818038,3,-6.654166698|5.595833302,8,-6.654166698,5.595833302
S4148,1266,136.55005,3570.5193,186.5498,23.998333,,266,3682,5493,0.36486655,0.9310581,1662.5,5.110835,-2.75,0,0,58.27413,11484.8,200,59.214035,235.09749,47.766872,2003,0.2097156,0,1,0,1,0,0,0,0,0,0,0,0,0,0,0,0,0,0,0,0,1,1,0.25,1,3.191833461,4,-155.3041687|19.82916641,1,-155.3041687,19.82916641
S4541,1254,121.61694,3193.9346,176.5835,24.396688,20,751,4018,3778,0.4215162,0.9067608,1941,5.4097967,2,0,0,8.919644,9833.6,199.96217,45.98457,166.13841,55.210518,2003,0.20980686,0,1,0,1,0,0,0,0,0,0,0,0,0,0,0,0,0,0,0,0,1,1,0.25,2,3.295466419,4,-155.3291626|19.82083321,1,-155.3291626,19.82083321
S7081,735,60.5,695.017,212.51685,34.101673,29,739,3439,3038,0.22804508,0.31622797,42.5,1.1673896,-0.375,0,0,114.606575,4635,200,61.07548,137.31459,50.11888,833,0.5210264,1,0,0,1,0,0,0,0,0,0,0,0,0,0,0,0,0,0,0,1,0,1,0.25,4,2.302585093,4,27.26250076|58.29583359,7,27.26250076,58.29583359
S4399,1157,60.500244,622.0508,267.5332,106.49835,63,2069,677,769,0.3965899,0.6039394,245,1.4258142,1.8125,100,4.1793585,39.846222,3040.4,200,35.935272,46.594322,61.10591,860,0.3832094,0,1,0,1,0,0,0,0,0,1,0,0,0,0,0,0,0,0,0,0,0,100,0.5,4,3.21699402,5,125.4375|43.78749847,7,125.4375,43.78749847
S1314,1795,247.5,1123.9833,330.5166,86.3,6,533,2793,3781,-0.5359539,0.16876933,31.5,0.23693585,-0.25,28.846153,0,50.7776,8135.8,200,64.31024,15.506631,60.37478,1099.3003,0.23135284,1,0,0,1,0,0,0,0,0,0,0,0,0,0,0,0,0,0,0,1,0,1,0.25,7,1.386294361,7,34.37083435|-18.94583321,4,34.37083435,-18.94583321
S4958,1021.99994,-1.3825684,1379.0079,187.63428,22.596657,,1769,1322,2437,0.53414994,0.7705729,2094.5,18.36282,-15.4375,0,0,1.0808889,1251.4,61.5736,43.513676,120.381424,57.67844,1018,0.48781145,1,0,0,1,0,0,0,0,0,0,0,0,0,0,0,0,0,0,1,0,0,1,0.25,5,2.079316543,3,-113.3458328|48.46250153,2,-113.3458328,48.46250153
S5859,674,62.5,610.10016,186.48315,29.7,,961,964,1965,0.46054667,0.52532357,17,1.3315935,0.75,0,0.031560797,89.382935,6652.2,142.64383,63.288723,92.9792,55.291878,742,0.6547216,0,1,0,1,0,0,0,0,0,0,0,0,0,0,0,0,0,0,0,1,0,1,0.265,4,3.156830206,6,19.92083359|60.34583282,9,19.92083359,60.34583282
S1723,1853,160.4834,744.1505,249.4834,80.50167,25,2210,4404,1738,-0.16555858,0.69061923,1574,1.4352865,-0.9375,26.923079,0,12.767111,3380.8,199.92352,62.251503,19.064392,60.43762,963,0.2177934,0,1,0,1,0,1,0,0,0,0,0,0,0,0,0,0,0,0,0,0,0,1600,0.5,10,4.01186834,4,29.20416641|-26.00416756,9,29.20416641,-26.00416756
S5657,1795,247.5,1123.9833,330.5166,86.3,6,533,2793,3781,-0.5359539,0.16876933,31.5,0.23693585,-0.25,28.846153,0,50.7776,8135.8,200,64.31024,15.506631,60.37478,1099.3003,0.23135284,1,0,0,1,0,0,0,0,0,0,0,0,0,0,0,0,0,0,0,1,0,1,0.25,7,1.098612289,8,34.37083435|-18.94583321,4,34.37083435,-18.94583321
S6042,1260,126.59985,3311.0686,180.5664,24.298332,,266,-809,5397,0.1786791,0.98317844,1849,5.4882984,-1.25,0,0,12.071645,11000.8,200,47.679646,182.91426,52.51077,2003,0.20980686,0,1,0,1,0,0,0,0,0,0,0,0,0,0,0,0,0,0,0,0,1,1,0.25,2,2.196891213,5,-155.3208313|19.82083321,1,-155.3208313,19.82083321
S1129,1828.0001,128.38281,516.28375,226.38281,70.10335,,920,4702,3289,0.854362,-0.35461086,2462.5,8.126297,-9.5,0,0,45.243557,6354,141.49638,41.61006,32.468075,67.167244,2263,0.2688809,0,1,0,1,0,0,0,0,0,0,0,0,0,0,0,0,0,0,0,0,1,100,2,3,3.569504543,4,-100.9124985|25.24583244,5,-100.9124985,25.24583244
S7294,950,30.466553,532.05023,217.4497,48.999996,,646,1154,3665,-0.986119,-0.013771035,807.5,3.7609158,-4.5,0,0,52.426132,4766.8,200,45.815044,186.80515,53.958958,707,0.7212237,0,1,0,1,0,0,0,0,0,0,0,0,0,0,0,0,0,0,0,0,1,1,0.25,6,1.609437912,8,-119.6958313|54.8125,6,-119.6958313,54.8125
S2696,2355.0002,216.48413,186.11694,337.48413,69.79832,,595,2891,8499,-0.80017865,-0.29171932,1531,6.294025,18.125,0,0,0,,78.0921,52.21803,6,81.31266,774,0.24450614,0,1,0,1,0,0,0,0,0,0,0,0,0,0,0,0,0,0,0,0,1,100,2,8,4.110873864,1,58.89583206|22.92916679,9,58.89583206,22.92916679
S1351,2452,257.5,490.9665,330.51685,163.09334,100,539,399,3391,-0.60296625,0.7973014,16,0.3825667,0.0625,0,0.4528213,10.950045,5529.4,200,63.716263,10.48631,63.0887,682,0.1771178,0,1,0,1,0,0,0,0,0,0,0,0,0,0,0,0,0,0,0,0,1,100,5,7,3.743604354,9,-17.02083397|14.57916641,6,-17.02083397,14.57916641
S3006,960,28.58252,571.8347,211.58276,59.99668,,1131,1369,1834,0.9384476,0.32424355,918.5,4.269425,-0.3125,0,0,112.54293,6079.6,200,35.83787,178.93925,53.73654,729,0.7403752,0,1,0,1,0,0,0,0,0,0,0,0,0,0,0,0,0,0,0,0,1,1,0.25,5,2.707983505,4,-118.7624969|54.51250076,8,-118.7624969,54.51250076
S3846,1176,185.51636,1544.9668,331.51636,41.198345,100,865,3407,2064,0.8974673,-0.44010708,125,1.8917987,0.6875,0,8.61727,3.3258667,4330,200,31.193157,17.314802,63.765278,1979,0.33031636,0,1,0,1,0,0,0,0,0,1,0,0,0,0,0,0,0,0,0,0,0,400,1.5,1,3.102342009,5,111.8708344|26.76250076,5,111.8708344,26.76250076
S4754,1254,121.61694,3193.9346,176.5835,24.396688,20,751,4018,3778,0.4215162,0.9067608,1941,5.4097967,2,0,0,8.919644,9833.6,199.96217,45.98457,166.13841,55.210518,2003,0.20980686,0,1,0,1,0,0,0,0,0,0,0,0,0,0,0,0,0,0,0,0,1,1,0.25,2,2.302585093,6,-155.3291626|19.82083321,1,-155.3291626,19.82083321
S2908,1267,181.51685,1790.014,333.50024,47.498344,66,700,152,2241,0.76459086,0.6442678,109.5,1.4126865,-0.125,0,1.2708666,21.871822,8254,200,35.347973,19.38689,56.851418,2200,0.3572287,0,1,0,1,0,0,0,0,0,1,0,0,0,0,0,0,0,0,0,0,0,400,1.5,1,3.113515309,6,119.5958328|28.99583244,3,119.5958328,28.99583244
S1993,1730,253.50024,1404.9663,313.5,50.19666,,919,4875,2313,0.08847557,0.99351716,12,0.65471804,0.3125,0,0,110.24427,14348.8,95.24659,43.736202,65.71104,72.457886,1542,0.14450379,0,1,0,1,0,0,0,0,0,0,0,0,0,0,0,0,0,0,0,1,0,1,0.25,1,3.663536019,7,-87.20417023|21.21249962,8,-87.20417023,21.21249962
S2965,1254,121.61694,3193.9346,176.5835,24.396688,20,751,4018,3778,0.4215162,0.9067608,1941,5.4097967,2,0,0,8.919644,9833.6,199.96217,45.98457,166.13841,55.210518,2003,0.20980686,0,1,0,1,0,0,0,0,0,0,0,0,0,0,0,0,0,0,0,0,1,1,0.25,2,3.637375627,7,-155.3291626|19.82083321,1,-155.3291626,19.82083321
S6201,1266,136.55005,3570.5193,186.5498,23.998333,,266,3682,5493,0.36486655,0.9310581,1662.5,5.110835,-2.75,0,0,58.27413,11484.8,200,59.214035,235.09749,47.766872,2003,0.2097156,0,1,0,1,0,0,0,0,0,0,0,0,0,0,0,0,0,0,0,0,1,1,0.25,1,2.079191529,8,-155.3041687|19.82916641,1,-155.3041687,19.82916641
S2606,1388,127.5,669.0166,302.5,103.20003,100,922,1708,2103,-0.95941305,-0.27938125,30.5,0.18300791,-0.125,0,0.07422336,0.15928888,6044.8,200,42.64926,10.199916,72.14087,1259,0.41124362,0,1,0,1,0,0,0,0,0,1,0,0,0,0,0,0,0,0,0,0,0,10000,0.5,4,4.021505013,7,120.0124969|36.69583511,2,120.0124969,36.69583511
S1640,1414,146.5,548.96674,318.5,102.999985,100,1893,2040,1244,-0.026647806,-0.35507363,51,0.33562478,0.6875,0,25.137833,0.43235555,3315,200,26.794722,10.645612,80.97129,1038,0.4305759,0,1,1,0,0,0,0,0,0,1,0,0,0,0,0,0,0,0,0,0,0,10000,0.5,4,4.428433044,8,115.0458298|36.22916794,4,115.0458298,36.22916794
S4603,1429,149.48315,660.0164,312.5,94.79835,100,549,2583,3400,-0.31622744,-0.19611552,66,0.11079043,-0.1875,0,5.350306,0,3098.8,200,24.564615,15.790176,83.820564,1169,0.41194895,1,0,0,1,0,0,0,0,0,1,0,0,0,0,0,0,0,0,0,0,0,47.5,0.5,4,3.405288973,9,114.5625|35.01250076,9,114.5625,35.01250076
S4218,1588,237.5166,1957.2351,319.4834,70.60167,59,365,-443,3647,0.7517489,-0.59853035,183,1.259913,0.4375,0,2.2867556,50.944534,7720.8,200,54.1918,18.703066,52.591488,3112,0.21040747,0,1,1,0,0,0,0,0,0,1,0,0,0,0,0,0,0,0,0,0,0,100,0.25,1,3.891759105,9,109.5791702|19.42916679,2,109.5791702,19.42916679
S7562,1260,126.59985,3311.0686,180.5664,24.298332,,266,-809,5397,0.1786791,0.98317844,1849,5.4882984,-1.25,0,0,12.071645,11000.8,200,47.679646,182.91426,52.51077,2003,0.20980686,0,1,0,1,0,0,0,0,0,0,0,0,0,0,0,0,0,0,0,0,1,1,0.25,2,1.603621018,8,-155.3208313|19.82083321,1,-155.3208313,19.82083321
S6670,1254,121.61694,3193.9346,176.5835,24.396688,20,751,4018,3778,0.4215162,0.9067608,1941,5.4097967,2,0,0,8.919644,9833.6,199.96217,45.98457,166.13841,55.210518,2003,0.20980686,0,1,0,1,0,0,0,0,0,0,0,0,0,0,0,0,0,0,0,0,1,1,0.25,2,2.830267823,9,-155.3291626|19.82083321,1,-155.3291626,19.82083321
S6202,1795,247.5,1123.9833,330.5166,86.3,6,533,2793,3781,-0.5359539,0.16876933,31.5,0.23693585,-0.25,28.846153,0,50.7776,8135.8,200,64.31024,15.506631,60.37478,1099.3003,0.23135284,1,0,0,1,0,0,0,0,0,0,0,0,0,0,0,0,0,0,0,1,0,1,0.25,7,1.609437912,10,34.37083435|-18.94583321,4,34.37083435,-18.94583321
S4361,1267,131.61621,3437.4023,183.5664,24.196665,,261,3851,6205,0.39932412,0.9167687,1745,5.119382,0.375,0,0,18.65031,6519.2,200,53.640045,224.0743,50.686573,2003,0.2097156,0,1,0,1,0,0,0,0,0,0,0,0,0,0,0,0,0,0,0,0,1,1,0.25,1,2.564795511,10,-155.3125|19.82916641,1,-155.3125,19.82916641
S5368,1254,121.61694,3193.9346,176.5835,24.396688,20,751,4018,3778,0.4215162,0.9067608,1941,5.4097967,2,0,0,8.919644,9833.6,199.96217,45.98457,166.13841,55.210518,2003,0.20980686,0,1,0,1,0,0,0,0,0,0,0,0,0,0,0,0,0,0,0,0,1,1,0.25,2,2.525568643,10,-155.3291626|19.82083321,1,-155.3291626,19.82083321
S5723,975,21.55127,1124.3365,221.58447,37.799984,,857,4353,2460,0.60387856,0.7965844,643.5,15.18313,-2.8125,0,0,96.24409,5112.4,181.9153,35.27511,147.64526,56.226067,1082,0.29663292,0,1,0,1,0,0,0,0,0,0,0,0,0,0,0,0,0,0,0,0,1,100,2,8,2.564487746,2,83.03749847|51.12083435,8,83.03749847,51.12083435
S1649,1365,176.5,1743.864,326.5,46.199974,100,575,3615,3060,0.9093131,0.31324893,40,1.2074372,-0.0625,0,3.4024177,0.5575111,3527.6,200,24.517826,16.358006,59.38554,2138,0.39387298,0,1,0,1,0,1,0,0,0,0,0,0,0,0,0,0,0,0,0,0,0,100,0.5,4,3.597312261,10,115.7208328|29.28750038,6,115.7208328,29.28750038
S905,1538,253.51636,1387.0503,321.5166,48.10003,78,330,1140,3618,0.16270289,0.13121963,233,1.5943131,0.5625,0,0.041057333,83.57387,8198.2,200,59.868458,18.661396,55.783028,1322,0.21374775,0,1,0,1,0,0,1,0,0,0,0,0,0,0,0,0,0,0,0,0,0,113,0.25,1,4.737294339,1,-5.854166508|6.129166603,8,-5.854166508,6.129166603
S2894,1439,83.5166,349.94986,295.5166,106.90167,100,1428,1022,2266,-0.7071065,0.7071071,478,0.36226156,-0.75,0,3.5245235,0,2742,200,45.33217,10.795137,83.21156,1036,0.43122086,0,1,1,0,0,0,0,0,0,0,0,0,0,0,0,1,0,0,0,0,0,400,1,4,2.673803754,1,119.4458313|42.46250153,4,119.4458313,42.46250153
S1259,1844,159.5166,740.16724,248.5166,80.50167,73,2365,4380,1673,0.49023277,0.73735833,1586.5,1.00878,1.0625,25,0,16.385067,3637.4,199.92664,62.511913,18.272524,59.61592,963,0.21783036,0,1,0,1,0,1,0,0,0,0,0,0,0,0,0,0,0,0,0,0,0,1600,0.5,10,4.394449155,5,29.19583321|-26.00416756,9,29.19583321,-26.00416756
S5063,1109.0001,101.61499,2394.5881,167.61499,70.696655,33,638,2971,4007,0.4880534,0.6821961,2439.5,11.0271845,8.875,9.615385,0,49.069332,8745.8,167.87073,45.968704,66.399216,49.94791,2709,0.18371606,0,1,0,1,0,0,0,0,0,0,0,0,0,0,0,0,0,0,0,0,1,100,2,7,3.30809477,1,-44.67083359|-22.39583397,9,-44.67083359,-22.39583397
S1274,1970,154.54932,754.118,237.54956,84.89165,18,722,2862,3107,-0.06983586,0.8681407,1381,4.9943886,-8.875,9.615385,0.08442164,33.833954,5451.8,156.76173,49.827633,26.385468,59.90404,1505,0.16926943,0,1,0,1,0,0,0,0,0,0,0,0,0,0,0,0,0,0,0,0,1,100,5,7,4.098502572,2,-65.87916565|-28.1875,5,-65.87916565,-28.1875
S1905,674,64.5,576.9665,193.5,28.200027,6,1243,3619,2126,-0.25617212,0.4637413,0.5,0.5309193,-1,0,0.040785387,65.57244,6465.6,150.15236,58.503414,91.94949,55.672367,,0.6442544,0,1,0,1,0,0,0,0,0,0,0,0,0,0,0,0,0,0,0,1,0,1,0.265,4,3.495840692,2,19.59583282|60.23749924,9,19.59583282,60.23749924
S3671,735,86.58301,1082.9514,185.5498,15.003321,,397,1861,2672,0.9518386,-0.30655062,267,6.4824824,3.75,0,0.3594057,59.397156,9899.8,200,40.348446,83.517845,54.229843,1010,0.5016941,0,1,0,1,0,0,0,0,0,0,0,0,0,0,0,0,0,0,0,0,1,100,2,4,2.3950731,3,-2.212500095|53.12083435,2,-2.212500095,53.12083435
S2791,1017,68.60083,428.69788,235.60083,80.2,30,666,2793,4242,0.4770159,0.14343779,2110.5,6.352394,13.8125,0,0,0,2680.2,200,30.118563,21.153673,79.19761,1196,0.37703997,1,0,0,1,0,0,1,0,0,0,0,0,0,0,0,0,0,0,0,0,0,100,0.5,10,4.157538453,6,104.6958313|35.41249847,9,104.6958313,35.41249847
S4483,1260,126.59985,3311.0686,180.5664,24.298332,,266,-809,5397,0.1786791,0.98317844,1849,5.4882984,-1.25,0,0,12.071645,11000.8,200,47.679646,182.91426,52.51077,2003,0.20980686,0,1,0,1,0,0,0,0,0,0,0,0,0,0,0,0,0,0,0,0,1,1,0.25,2,2.861915174,1,-155.3208313|19.82083321,1,-155.3208313,19.82083321
S5264,1145,102.56616,670.035,273.53296,83.395004,69,958,1534,2598,-0.31920707,0.2720523,1384.5,8.644741,12.6875,0,1.7709147,0.96746665,4267,200,28.215963,15.9814415,79.119225,1046,0.3843189,1,0,1,0,0,0,0,0,0,0,0,0,0,0,1,0,0,0,0,0,0,400,1,4,0.6931471806,4,107.4124985|35.12083435,6,107.4124985,35.12083435
S6460,934,16.516846,602.066,206.51685,65.298355,,986,3801,2360,0.939626,-0.3421963,1161.5,2.0621483,-0.875,0,0,82.95734,5789,200,36.06001,164.98785,54.173958,854,0.76550436,0,1,0,1,0,0,0,0,0,0,0,0,0,0,0,0,0,0,0,0,1,1,0.25,5,1.609437912,5,-117.3291702|53.80416489,8,-117.3291702,53.80416489
S6246,931,8.46582,651.1013,197.48267,62.20167,,1094,3364,2820,-0.7231017,0.61035085,1349,1.7221339,-3,0,0,101.56942,5861,199.9991,34.476727,178.27522,56.037964,854,0.73323566,0,1,0,1,0,0,0,0,0,0,0,0,0,0,0,0,0,0,0,0,1,1,0.25,5,1.098612289,6,-117.3291702|53.41249847,9,-117.3291702,53.41249847
S1177,1595,209.56738,1996.5653,278.53467,83.30003,,667,3531,3790,0.26765049,0.96335626,1141.5,6.404005,-3.5625,30.769232,0,30.081955,7399.6,193.54935,56.107628,36.790546,51.823425,1651,0.3517473,0,1,0,1,0,0,0,0,0,0,0,0,0,0,0,0,0,0,0,0,1,100,2,7,3.33220451,3,-47.47916794|-13.63749981,8,-47.47916794,-13.63749981
S2312,788,75.55005,923.1687,208.5498,21.495003,23,337,2957,4168,0.2377738,0.7446875,719.5,2.840636,4.875,0,0,94.26364,6773.6,200,25.25613,52.291485,56.456364,1291,0.49599174,1,0,0,1,0,0,0,0,0,0,0,0,0,1,0,0,0,0,0,0,0,1,0.6,4,3.401197382,5,9.462499619|48.46250153,7,9.462499619,48.46250153
S3782,642.99994,83.802,3197.4287,164.7688,51.49998,24,610,2070,3315,0.9479704,0.31338564,2891,22.047075,-5.625,0,0,62.705246,4390.2,166.91235,33.28728,142.20335,45.75473,3347,0.26129723,0,1,0,1,0,0,0,0,0,0,0,0,0,0,0,0,0,0,0,0,1,100,2,1,2.193104972,2,121.2958298|24.13750076,6,121.2958298,24.13750076
S7400,1266,136.55005,3570.5193,186.5498,23.998333,,266,3682,5493,0.36486655,0.9310581,1662.5,5.110835,-2.75,0,0,58.27413,11484.8,200,59.214035,235.09749,47.766872,2003,0.2097156,0,1,0,1,0,0,0,0,0,0,0,0,0,0,0,0,0,0,0,0,1,1,0.25,1,2.077690016,3,-155.3041687|19.82916641,1,-155.3041687,19.82916641
S3605,1749,253.5,1451.2523,293.5166,82.701706,71,2407,2491,1189,0.96818835,-0.15566528,22,0.87167645,-0.375,100,0.027959388,0.0256,5651.6,200,54.72443,29.136122,57.20509,2110,0.21162039,0,1,1,0,0,0,0,0,0,1,0,0,0,0,0,0,0,0,0,0,0,100,0.25,1,4.046483951,4,108.7958298|18.54583359,8,108.7958298,18.54583359
S5401,1462,222.48364,2004.4532,308.5166,64.196655,91,270,161,4772,-0.564999,-0.7321312,147.5,3.1047506,-0.6875,0,0.15548337,30.191822,5528.6,200,42.447414,21.262276,60.51351,2184,0.2580588,0,1,1,0,0,0,0,0,0,1,0,0,0,0,0,0,0,0,0,0,0,100,0.25,1,4.068941262,5,110.3041687|22.63750076,10,110.3041687,22.63750076
S5458,1254,121.61694,3193.9346,176.5835,24.396688,20,751,4018,3778,0.4215162,0.9067608,1941,5.4097967,2,0,0,8.919644,9833.6,199.96217,45.98457,166.13841,55.210518,2003,0.20980686,0,1,0,1,0,0,0,0,0,0,0,0,0,0,0,0,0,0,0,0,1,1,0.25,2,3.421653418,2,-155.3291626|19.82083321,1,-155.3291626,19.82083321
S3652,1254,121.61694,3193.9346,176.5835,24.396688,20,751,4018,3778,0.4215162,0.9067608,1941,5.4097967,2,0,0,8.919644,9833.6,199.96217,45.98457,166.13841,55.210518,2003,0.20980686,0,1,0,1,0,0,0,0,0,0,0,0,0,0,0,0,0,0,0,0,1,1,0.25,2,3.449638289,3,-155.3291626|19.82083321,1,-155.3291626,19.82083321
S6684,1254,121.61694,3193.9346,176.5835,24.396688,20,751,4018,3778,0.4215162,0.9067608,1941,5.4097967,2,0,0,8.919644,9833.6,199.96217,45.98457,166.13841,55.210518,2003,0.20980686,0,1,0,1,0,0,0,0,0,0,0,0,0,0,0,0,0,0,0,0,1,1,0.25,2,2.56410287,4,-155.3291626|19.82083321,1,-155.3291626,19.82083321
S4149,1254,121.61694,3193.9346,176.5835,24.396688,20,751,4018,3778,0.4215162,0.9067608,1941,5.4097967,2,0,0,8.919644,9833.6,199.96217,45.98457,166.13841,55.210518,2003,0.20980686,0,1,0,1,0,0,0,0,0,0,0,0,0,0,0,0,0,0,0,0,1,1,0.25,2,2.813370738,5,-155.3291626|19.82083321,1,-155.3291626,19.82083321
S3184,665,64.5,576.0332,188.5332,28.103323,25,1778,2585,1856,-0.5812388,-0.81373304,0,0,0,0,1.3258114,75.46382,6740.6,133.2625,60.801952,93.11905,56.34699,,0.6434266,0,1,0,1,0,0,0,0,0,0,0,0,0,0,0,0,0,0,0,1,0,1,0.265,4,2.63898587,6,19.54583359|60.23749924,9,19.54583359,60.23749924
S6745,1266,136.55005,3570.5193,186.5498,23.998333,,266,3682,5493,0.36486655,0.9310581,1662.5,5.110835,-2.75,0,0,58.27413,11484.8,200,59.214035,235.09749,47.766872,2003,0.2097156,0,1,0,1,0,0,0,0,0,0,0,0,0,0,0,0,0,0,0,0,1,1,0.25,1,2.672630234,6,-155.3041687|19.82916641,1,-155.3041687,19.82916641
S1078,1787,232.58252,1660.1885,257.56616,38.49334,2,362,725,2914,-0.015198069,0.63945305,556,10.78511,-14.625,0,0,147.66737,14937.2,199.89091,25.457497,79.931625,50.077267,2821,0.15691376,0,1,0,1,0,0,0,0,0,0,0,0,0,0,0,0,0,0,0,0,1,100,5,1,3.314186005,7,-61.72916794|16.17916679,10,-61.72916794,16.17916679
S3629,1447.9999,100.66748,543.4977,273.68433,41.39668,,492,1602,5658,0.6802275,-0.7045553,1652,15.049555,5.9375,0,0,70.813515,5953.8,190.95566,45.089645,39.135887,64.03502,2083,0.28689593,1,0,0,1,0,0,0,0,0,0,0,0,0,0,0,0,0,0,0,1,0,1,0.5,12,1.609437912,3,-2.837500095|37.40416718,10,-2.837500095,37.40416718
S5241,804,83.56665,660.8661,216.5669,12.998352,47,880,3692,2171,0.9940065,-0.10653193,299.5,8.257263,-3.5,0,0,82.03502,6324,200,29.824488,38.11028,60.180016,1122,0.4942212,1,0,0,1,0,0,0,0,0,0,0,0,1,0,0,0,0,0,0,0,0,1,1,4,1.791759469,7,10.40416622|50.97083282,10,10.40416622,50.97083282
S7629,1447.9999,100.66748,543.4977,273.68433,41.39668,,492,1602,5658,0.6802275,-0.7045553,1652,15.049555,5.9375,0,0,70.813515,5953.8,190.95566,45.089645,39.135887,64.03502,2083,0.28689593,1,0,0,1,0,0,0,0,0,0,0,0,0,0,0,0,0,0,0,1,0,1,0.5,12,2.63905733,4,-2.837500095|37.40416718,10,-2.837500095,37.40416718
S3285,1585,239.51636,1997.5651,320.5332,71.39996,44,459,2773,3592,0.9097073,0.34183684,177.5,1.6658216,1.25,0,0.01237509,67.137245,7425.6,199.48221,53.079338,20.491901,51.25759,3112,0.21614479,0,1,1,0,0,0,0,0,0,1,0,0,0,0,0,0,0,0,0,0,0,100,0.25,1,3.601822647,8,109.5291672|19.47083282,2,109.5291672,19.47083282
S4379,1267,131.61621,3437.4023,183.5664,24.196665,,261,3851,6205,0.39932412,0.9167687,1745,5.119382,0.375,0,0,18.65031,6519.2,200,53.640045,224.0743,50.686573,2003,0.2097156,0,1,0,1,0,0,0,0,0,0,0,0,0,0,0,0,0,0,0,0,1,1,0.25,1,2.44226004,9,-155.3125|19.82916641,1,-155.3125,19.82916641
S4974,1261,130.56738,3436.2678,183.53369,24.196665,,296,-647,4310,0.58436203,0.811493,1773.5,4.9342194,-0.5,0,0,66.01315,5316.4,200,53.722668,205.09613,49.632347,2003,0.20980686,0,1,0,1,0,0,0,0,0,0,0,0,0,0,0,0,0,0,0,0,1,1,0.25,1,2.483906142,10,-155.3125|19.82083321,1,-155.3125,19.82083321
S4254,955,15.516602,645.0501,248.5166,102.3,,290,1614,4150,-0.2749055,0.4836743,349.5,1.6176977,1.3125,0,0,51.41209,4744.8,200,39.240532,76.95135,55.68089,765,0.31864816,0,1,0,1,0,0,0,0,0,1,0,0,0,0,0,0,0,0,0,0,0,100,0.5,4,3.406715474,8,127.5791702|47.6875,2,127.5791702,47.6875
S4251,1433,89.5,378.98343,276.5,89.59997,48,2343,1581,1582,0.8944272,0.40930206,1333,0.1383553,0,0,9.667462,0,1932.8,200,47.46646,10.36286,83.66532,931,0.34396037,1,0,0,1,0,0,1,0,0,0,0,0,0,0,0,0,0,0,0,0,0,100,0.5,10,3.51142598,7,108.8375015|37.60416794,9,108.8375015,37.60416794
S2052,855,100.5,884.9665,218.5,10.9,59,1100,4876,2073,-0.9397932,0.14142188,123.5,1.3453984,0.0625,0,4.6108713,127.76391,7452.8,200,17.596498,24.059332,50.343822,1099,0.5052544,0,1,0,1,0,0,0,0,0,0,0,0,0,0,0,0,0,0,0,0,1,100,2,4,2.63905733,9,4.495833397|50.79583359,6,4.495833397,50.79583359
S2427,1260,126.59985,3311.0686,180.5664,24.298332,,266,-809,5397,0.1786791,0.98317844,1849,5.4882984,-1.25,0,0,12.071645,11000.8,200,47.679646,182.91426,52.51077,2003,0.20980686,0,1,0,1,0,0,0,0,0,0,0,0,0,0,0,0,0,0,0,0,1,1,0.25,2,3.056356895,6,-155.3208313|19.82083321,1,-155.3208313,19.82083321
S6213,719,82.46655,735.0334,196.48315,18.300028,63,646,713,2157,-0.98785925,-0.15535057,64.5,2.3190417,1.0625,0,0.6577644,5.538133,7308.6,200,54.987797,41.46269,60.00388,1061,0.5560752,0,1,0,1,0,0,0,0,0,0,0,0,0,0,0,0,0,0,0,0,1,100,5,4,2.079441542,10,10.21249962|56.08750153,2,10.21249962,56.08750153
S3346,1857,260.48364,7137.0244,342.51685,133.61002,6,468,1984,3831,-0.16370326,0.94552433,94.5,3.666547,-5.75,0,0.26666358,91.3184,8023.8,189.08917,45.156925,39.559692,51.83202,1702,0.777481,0,1,0,1,0,0,0,0,0,0,0,0,0,0,0,0,0,0,0,0,1,100,2,1,3.944664438,1,75.02083588|13.52083302,3,75.02083588,13.52083302
S3507,1254,121.61694,3193.9346,176.5835,24.396688,20,751,4018,3778,0.4215162,0.9067608,1941,5.4097967,2,0,0,8.919644,9833.6,199.96217,45.98457,166.13841,55.210518,2003,0.20980686,0,1,0,1,0,0,0,0,0,0,0,0,0,0,0,0,0,0,0,0,1,1,0.25,2,3.295207031,7,-155.3291626|19.82083321,1,-155.3291626,19.82083321
S1088,1563,256.5166,1310.9493,320.5332,46.799973,100,403,4419,3945,-0.28363478,0.1429353,155,1.2392213,1.0625,0,0.3970939,42.318222,6148.8,200,65.569664,16.075277,54.349266,1386,0.21136695,0,1,0,1,0,0,1,0,0,0,0,0,0,0,0,0,0,0,0,0,0,113,0.25,1,4.665013324,2,-6.537499905|5.854166508,8,-6.537499905,5.854166508
S4267,1354,154.5,945.98364,311.49976,80.70003,100,987,3661,2601,-0.19611683,-0.91854167,56,0.24773365,-0.1875,0,7.9854445,0,4196.6,200,23.886251,13.129889,78.62872,1329,0.40053383,0,1,0,1,0,0,0,0,0,1,0,0,0,0,0,0,0,0,0,0,0,10000,0.5,4,4.044331183,1,114.1875|33.36249924,3,114.1875,33.36249924
S3355,1254,121.61694,3193.9346,176.5835,24.396688,20,751,4018,3778,0.4215162,0.9067608,1941,5.4097967,2,0,0,8.919644,9833.6,199.96217,45.98457,166.13841,55.210518,2003,0.20980686,0,1,0,1,0,0,0,0,0,0,0,0,0,0,0,0,0,0,0,0,1,1,0.25,2,3.555290948,8,-155.3291626|19.82083321,1,-155.3291626,19.82083321
S1185,1576,246.5,2606.864,323.5,68.09832,28,709,1840,2399,0.4697485,0.4425064,58,2.4825113,-2.25,0,0.13015917,32.8592,6758.4,200,41.50527,20.772224,54.355976,2175,0.22453712,0,1,1,0,0,0,0,0,0,1,0,0,0,0,0,0,0,0,0,0,0,100,0.25,1,4.304024574,3,110.6291656|19.60416603,2,110.6291656,19.60416603
S7408,986,85.5,1211.318,261.48364,7.9,,473,818,2870,-0.91299415,0.40752846,325,1.7175539,-1.1875,0,2.2223876,78.33369,8275.4,200,56.90684,107.66652,49.993156,1173,0.6622795,0,1,0,1,0,0,0,0,0,0,0,0,0,0,0,0,0,0,0,1,0,100,0.25,4,1.203872783,2,-72.1875|42.48749924,3,-72.1875,42.48749924
S5389,2346,262.51685,1376.7473,353.55005,108.796646,17,1599,5020,2901,-0.1374082,-0.7131498,243,1.9438295,1.4375,32.692307,0,7.2686224,3325.6,185.79216,67.62979,11.778461,59.088554,1138,0.15468602,0,1,0,1,0,0,0,0,0,0,0,0,0,0,0,0,0,0,0,0,1,100,2,7,3.760711626,4,131.8208313|-13.83749962,6,131.8208313,-13.83749962
S5006,1290,182.51685,1617.431,334.5332,47.603325,90,942,520,2303,-0.0053114817,0.2737802,82,0.93682885,2.0625,100,1.6019228,14.691911,4957,200,34.458828,17.975796,58.365345,2148,0.39485013,0,1,0,1,0,0,0,0,0,1,0,0,0,0,0,0,0,0,0,0,0,400,1.5,1,2.903891116,4,119.4958344|29.02916718,3,119.4958344,29.02916718
S4115,1267,131.61621,3437.4023,183.5664,24.196665,,261,3851,6205,0.39932412,0.9167687,1745,5.119382,0.375,0,0,18.65031,6519.2,200,53.640045,224.0743,50.686573,2003,0.2097156,0,1,0,1,0,0,0,0,0,0,0,0,0,0,0,0,0,0,0,0,1,1,0.25,1,2.995482284,5,-155.3125|19.82916641,1,-155.3125,19.82916641
S4846,672,64.5,569.9665,197.50024,28.401676,,1258,4590,1246,-0.7439879,6.28e-07,1,0.4455837,-0.25,100,0.05189327,70.7968,6269.6,142.56906,55.12964,110.08702,56.12549,,0.6450463,0,1,0,1,0,0,0,0,0,0,0,0,0,0,0,0,0,0,0,1,0,1,0.265,3,3.298832352,5,19.67083359|60.21250153,9,19.67083359,60.21250153
S5056,1283,205.43213,1126.6891,295.43213,79.30335,36,210,-1489,4314,0.032900333,-0.34163457,643.5,14.73798,5.8125,0,0.073886834,45.046223,6411.8,194.28722,32.690987,24.019896,61.8505,2292,0.30616584,0,1,1,0,0,0,0,0,0,1,0,0,0,0,0,0,0,0,0,0,0,100,0.25,1,4.318221182,6,106.2125015|24.36249924,3,106.2125015,24.36249924
S2917,865,105.5,809.0496,224.5,11.501673,61,919,3801,3088,0.487353,0.22629812,37,0.61984015,-0.25,0,2.1767347,44.05529,9033.2,200,39.535904,20.211758,60.658054,1024,0.50589156,0,1,0,1,0,0,0,0,0,1,0,0,0,0,0,0,0,0,0,0,0,4,0.25,4,2.079441542,3,4.987500191|50.87083435,6,4.987500191,50.87083435
S6637,576,24.433105,1273.0164,181.40039,34.89834,,820,788,1754,-0.93145335,0.36369985,76.5,4.4805384,-1.625,0,0.11731243,90.53511,4158.8,198.39342,49.524784,120.59553,49.038464,571,0.43197513,0,1,0,1,0,0,0,0,0,0,0,0,0,0,0,0,0,0,0,0,1,100,2,11,2.397895273,8,-149.5041656|60.99583435,4,-149.5041656,60.99583435
S5896,1560,223.49976,1114.1012,260.49976,33.698315,,1096,4509,2554,0.4064843,-0.91363394,54,3.562436,-0.375,25,0.05689712,92.91893,18564.2,167.03294,64.906395,36.43841,57.297173,1698,0.1300146,0,1,0,1,0,0,0,0,0,0,0,0,0,0,0,0,0,0,0,0,1,100,2,1,3.113470888,7,32.47916794|-28.26250076,9,32.47916794,-28.26250076
S3461,1792,247.5,1122.983,331.5,86.30165,29,686,2925,2235,-0.10905862,0.38172087,28.5,0.3553965,-0.3125,26.923079,0,38.029865,7577.2,200,66.693214,13.15846,61.03452,1579.8047,0.23161153,1,0,0,1,0,0,0,0,0,0,0,0,0,0,0,0,0,0,0,1,0,1,0.25,7,3.135450761,5,34.37916565|-18.9375,4,34.37916565,-18.9375
S7687,1933.9998,227.56665,2950.6462,248.5498,17.9,,270,1755,3805,0.74400765,0.6681686,49.5,5.9855947,-4,0,0.09063805,121.70809,16026.4,200,29.373148,81.71923,54.94825,1723,0.19560494,1,0,0,1,0,0,0,0,0,0,0,0,0,0,0,0,0,0,1,0,0,100,0.25,1,1.580420987,8,-156.0375061|20.79583359,2,-156.0375061,20.79583359
S1097,1158,47.5,531.9998,270.5,108.49998,72,1684,2467,1739,-0.7071073,-0.40386167,141,0.2209244,-0.1875,0,15.997959,0,3000.8,200,31.801802,31.20312,73.425186,690,0.36074892,0,1,0,1,0,0,0,0,0,1,0,0,0,0,0,0,0,0,0,0,0,100,0.5,4,3.417726684,4,126.3458328|45.63750076,8,126.3458328,45.63750076
S7616,1021.99994,-1.3825684,1379.0079,187.63428,22.596657,,1769,1322,2437,0.53414994,0.7705729,2094.5,18.36282,-15.4375,0,0,1.0808889,1251.4,61.5736,43.513676,120.381424,57.67844,1018,0.48781145,1,0,0,1,0,0,0,0,0,0,0,0,0,0,0,0,0,0,1,0,0,1,0.25,5,1.94132823,7,-113.3458328|48.46250153,2,-113.3458328,48.46250153
S3217,788,75.55005,923.1687,208.5498,21.495003,23,337,2957,4168,0.2377738,0.7446875,719.5,2.840636,4.875,0,0,94.26364,6773.6,200,25.25613,52.291485,56.456364,1291,0.49599174,1,0,0,1,0,0,0,0,0,0,0,0,0,1,0,0,0,0,0,0,0,1,0.6,4,3.409496184,5,9.462499619|48.46250153,7,9.462499619,48.46250153
S4881,1254,121.61694,3193.9346,176.5835,24.396688,20,751,4018,3778,0.4215162,0.9067608,1941,5.4097967,2,0,0,8.919644,9833.6,199.96217,45.98457,166.13841,55.210518,2003,0.20980686,0,1,0,1,0,0,0,0,0,0,0,0,0,0,0,0,0,0,0,0,1,1,0.25,2,2.583922047,9,-155.3291626|19.82083321,1,-155.3291626,19.82083321
S1939,1244,142.5,606.9831,298.4668,77.69829,100,1548,2660,1145,-0.9095323,-0.35334596,517,1.1950842,1,0,140.00677,0,,200,29.076893,15.165628,79.2258,1724,0.48846725,0,1,1,0,0,0,0,0,0,1,0,0,0,0,0,0,0,0,0,0,0,16,1.5,4,3.228826156,6,108.0625|34.28749847,6,108.0625,34.28749847
S3871,1254,121.61694,3193.9346,176.5835,24.396688,20,751,4018,3778,0.4215162,0.9067608,1941,5.4097967,2,0,0,8.919644,9833.6,199.96217,45.98457,166.13841,55.210518,2003,0.20980686,0,1,0,1,0,0,0,0,0,0,0,0,0,0,0,0,0,0,0,0,1,1,0.25,2,2.952981342,10,-155.3291626|19.82083321,1,-155.3291626,19.82083321
S2004,1495,168.5503,1240.169,240.53345,22.801655,30,591,1000,3718,0.898221,-0.011135578,189.5,3.186821,5.5,0,2.2302165,103.44836,18733.6,196.88043,61.309174,34.503952,56.7694,1017,0.14602283,0,1,0,1,0,0,0,0,0,0,0,0,0,0,0,0,0,0,0,0,1,100,5,4,2.014903021,7,151.2124939|-33.67916489,4,151.2124939,-33.67916489
S4184,1374,74.416504,417.1671,262.44946,89.49667,89,1003,2580,2101,-0.6796748,-0.22632773,1293.5,2.247028,-3,0,2.2993238,0.07964444,2929.8,200,44.85779,15.262389,78.76913,1202,0.39002377,1,0,0,1,0,0,1,0,0,0,0,0,0,0,0,0,0,0,0,0,0,100,0.5,4,3.258058097,8,111.7125015|38.39583206,4,111.7125015,38.39583206
S4145,1104,44.500244,552.9497,268.50024,104.90167,100,593,328,3673,-0.1473479,-0.57735026,139,0.7270266,0.9375,0,6.7388964,0,2997.4,200,28.339163,30.600622,66.377945,868,0.34728733,0,1,1,0,0,0,0,0,0,1,0,0,0,0,0,0,0,0,0,0,0,60,0.25,4,2.862200881,9,126.8458328|45.84583282,8,126.8458328,45.84583282
S1329,961,27.533203,662.06683,208.50024,62.898327,,922,3366,2554,0.93858004,0.34380913,951,0.8845985,-1,0,0,139.66524,5736.4,196.43079,35.776035,226.97191,50.313286,729,0.7495963,0,1,0,1,0,0,0,0,0,0,0,0,0,0,0,0,0,0,0,0,1,1,0.25,5,2.197224577,8,-117.9708328|54.57916641,8,-117.9708328,54.57916641
S934,877,60.5,1188.2676,239.51636,10.699972,38,677,2424,2132,0.7814988,-0.53485775,71.5,1.6019797,-0.25,0,0,19.317688,6491.6,200,50.008995,83.808784,47.082775,900,0.70945853,0,1,0,1,0,0,0,0,0,0,0,0,0,0,0,0,0,0,0,0,1,100,5,4,3.941581808,10,-66.48750305|45.6875,7,-66.48750305,45.6875
S5589,922,26.516357,592.917,214.5166,61.203316,,884,3874,2619,-0.26371658,0.5859906,1097,1.7206337,2.875,0,0,100.16907,5082.2,200,36.78136,139.2888,59.93956,854,0.74147415,0,1,0,1,0,0,0,0,0,0,0,0,0,0,0,0,0,0,0,0,1,1,0.25,5,2.079441542,9,-116.9208298|53.33750153,9,-116.9208298,53.33750153
S2003,865,105.5,809.0496,224.5,11.501673,61,919,3801,3088,0.487353,0.22629812,37,0.61984015,-0.25,0,2.1767347,44.05529,9033.2,200,39.535904,20.211758,60.658054,1024,0.50589156,0,1,0,1,0,0,0,0,0,1,0,0,0,0,0,0,0,0,0,0,0,4,0.25,4,2.772588722,1,4.987500191|50.87083435,6,4.987500191,50.87083435
S4536,1267,131.61621,3437.4023,183.5664,24.196665,,261,3851,6205,0.39932412,0.9167687,1745,5.119382,0.375,0,0,18.65031,6519.2,200,53.640045,224.0743,50.686573,2003,0.2097156,0,1,0,1,0,0,0,0,0,0,0,0,0,0,0,0,0,0,0,0,1,1,0.25,1,3.432340669,9,-155.3125|19.82916641,1,-155.3125,19.82916641
S6536,1266,136.55005,3570.5193,186.5498,23.998333,,266,3682,5493,0.36486655,0.9310581,1662.5,5.110835,-2.75,0,0,58.27413,11484.8,200,59.214035,235.09749,47.766872,2003,0.2097156,0,1,0,1,0,0,0,0,0,0,0,0,0,0,0,0,0,0,0,0,1,1,0.25,1,3.416020309,10,-155.3041687|19.82916641,1,-155.3041687,19.82916641
S5062,788,75.55005,923.1687,208.5498,21.495003,23,337,2957,4168,0.2377738,0.7446875,719.5,2.840636,4.875,0,0,94.26364,6773.6,200,25.25613,52.291485,56.456364,1291,0.49599174,1,0,0,1,0,0,0,0,0,0,0,0,0,1,0,0,0,0,0,0,0,1,0.6,4,3.533657383,2,9.462499619|48.46250153,7,9.462499619,48.46250153
S2831,1793,247.5166,1121.9666,331.5,86.298355,37,493,4036,3747,0.9023962,-0.2561731,26,0.23116592,0.0625,19.23077,0,31.976534,7664.4,200,64.93718,14.499379,61.733574,1588,0.23161153,1,0,1,0,0,0,0,0,0,0,0,0,0,0,0,0,0,0,0,1,0,1,0.25,7,1.791759469,6,34.37916565|-18.92916679,4,34.37916565,-18.92916679
S1244,1837,158.5332,735.184,247.5332,80.50003,54,1652,3359,2629,0.20956373,0.7538591,1592,0.6104131,0.5,23.076923,0,32.954666,4813.6,200,62.098392,17.773172,58.467587,963,0.21783036,0,1,0,1,0,1,0,0,0,0,0,0,0,0,0,0,0,0,0,0,0,1600,0.5,10,3.935094789,8,29.1875|-26.00416756,9,29.1875,-26.00416756
S5245,665,64.5,576.0332,188.5332,28.103323,25,1778,2585,1856,-0.5812388,-0.81373304,0,0,0,0,1.3258114,75.46382,6740.6,133.2625,60.801952,93.11905,56.34699,,0.6434266,0,1,0,1,0,0,0,0,0,0,0,0,0,0,0,0,0,0,0,1,0,1,0.265,4,2.772463723,3,19.54583359|60.23749924,9,19.54583359,60.23749924
S7184,1261,130.56738,3436.2678,183.53369,24.196665,,296,-647,4310,0.58436203,0.811493,1773.5,4.9342194,-0.5,0,0,66.01315,5316.4,200,53.722668,205.09613,49.632347,2003,0.20980686,0,1,0,1,0,0,0,0,0,0,0,0,0,0,0,0,0,0,0,0,1,1,0.25,1,2.302585093,1,-155.3125|19.82083321,1,-155.3125,19.82083321
S3231,813,83.499756,628.3523,216.48315,14.298355,72,754,3960,1958,0.9513384,0.054338474,294.5,2.8189611,1.4375,0,0.498069,39.86969,6268,200,27.55997,33.30711,64.04292,1228,0.48777267,1,0,0,1,0,0,0,0,0,0,0,0,1,0,0,0,0,0,0,0,0,1,1,4,2.970414466,4,10.42083359|51.27083206,10,10.42083359,51.27083206
S5611,735,60.5,695.017,212.51685,34.101673,29,739,3439,3038,0.22804508,0.31622797,42.5,1.1673896,-0.375,0,0,114.606575,4635,200,61.07548,137.31459,50.11888,833,0.5210264,1,0,0,1,0,0,0,0,0,0,0,0,0,0,0,0,0,0,0,1,0,1,0.25,4,2.079441542,5,27.26250076|58.29583359,7,27.26250076,58.29583359
S4153,1266,136.55005,3570.5193,186.5498,23.998333,,266,3682,5493,0.36486655,0.9310581,1662.5,5.110835,-2.75,0,0,58.27413,11484.8,200,59.214035,235.09749,47.766872,2003,0.2097156,0,1,0,1,0,0,0,0,0,0,0,0,0,0,0,0,0,0,0,0,1,1,0.25,1,2.63905733,2,-155.3041687|19.82916641,1,-155.3041687,19.82916641
S1203,1565,256.48364,1301.1503,320.5,46.9,80,265,2606,4095,-0.34300113,-0.75622094,155,1.0957148,0.875,0,0.0012648199,38.665245,8108.4,200,63.51679,16.239063,52.111427,1386,0.22197957,0,1,0,1,0,0,1,0,0,0,0,0,0,0,0,0,0,0,0,0,0,113,0.25,1,4.432802918,3,-6.554166794|5.837500095,8,-6.554166794,5.837500095
S4329,1100,39.549805,394.96646,251.5498,62.90165,85,1388,2058,1353,0.9864293,0.16007537,807,0.74635416,1.25,0,0.017561192,0,4538,200,41.777393,24.815668,68.62485,603,0.624223,1,0,1,0,0,0,0,0,0,0,0,0,0,0,0,1,0,0,0,0,0,100,1,8,1.981001469,3,-107.6875|50.29583359,4,-107.6875,50.29583359
S952,2045,116.4834,53.983273,335.5,70.190025,,578,-1181,7312,0.77812064,-0.6264936,1166.5,0.96281576,-0.25,0,0,0,,200,50.243607,6,82.063354,333,0.36343926,0,1,1,0,0,0,0,0,0,0,0,0,0,0,0,1,0,0,0,0,0,400,1,13,1.098612289,7,95.1791687|40.21250153,4,95.1791687,40.21250153
S4193,788,75.55005,923.1687,208.5498,21.495003,23,337,2957,4168,0.2377738,0.7446875,719.5,2.840636,4.875,0,0,94.26364,6773.6,200,25.25613,52.291485,56.456364,1291,0.49599174,1,0,0,1,0,0,0,0,0,0,0,0,0,1,0,0,0,0,0,0,0,1,0.6,4,3.198673118,6,9.462499619|48.46250153,7,9.462499619,48.46250153
S6685,674,62.5,610.10016,186.48315,29.7,,961,964,1965,0.46054667,0.52532357,17,1.3315935,0.75,0,0.031560797,89.382935,6652.2,142.64383,63.288723,92.9792,55.291878,742,0.6547216,0,1,0,1,0,0,0,0,0,0,0,0,0,0,0,0,0,0,0,1,0,1,0.265,4,3.34955314,7,19.92083359|60.34583282,9,19.92083359,60.34583282
S3057,1732,251.5,1588.1504,294.5005,80.19836,89,232,-85,5328,-0.65946394,0.7517351,38.5,3.2502275,-2.125,0,0.14008012,0.35306665,7058.2,199.10904,57.427326,21.086325,59.40331,2110,0.2079932,0,1,1,0,0,0,0,0,0,1,0,0,0,0,0,0,0,0,0,0,0,100,0.25,1,4.268297891,4,108.9791641|18.44583321,8,108.9791641,18.44583321
S6382,913,24.516846,614.91595,211.48364,66.39833,,590,1459,3239,0.930042,-0.36734322,937,1.9805799,-1,0,0,83.06382,5517.6,200,36.838867,227.44196,49.637634,680,0.7674839,0,1,0,1,0,0,0,0,0,0,0,0,0,0,0,0,0,0,0,0,1,1,0.25,5,1.499846224,10,-116.6041641|54.23749924,9,-116.6041641,54.23749924
S2848,873,105.483154,813.0501,224.48315,11.5,59,788,3436,1770,-0.68436384,0.4183836,37,0.53044504,-1.125,0,0.27997532,32.833424,6597.2,200,27.496218,18.358847,61.38324,1024,0.5058858,0,1,0,1,0,0,0,0,0,1,0,0,0,0,0,0,0,0,0,0,0,4,0.25,4,2.803360381,8,4.962500095|50.86249924,6,4.962500095,50.86249924
S5112,1261,130.56738,3436.2678,183.53369,24.196665,,296,-647,4310,0.58436203,0.811493,1773.5,4.9342194,-0.5,0,0,66.01315,5316.4,200,53.722668,205.09613,49.632347,2003,0.20980686,0,1,0,1,0,0,0,0,0,0,0,0,0,0,0,0,0,0,0,0,1,1,0.25,1,2.707916869,5,-155.3125|19.82083321,1,-155.3125,19.82083321
S1468,1420,146.5,553,319.5,103.89999,100,1201,1538,1352,0.44721296,-0.2561731,52,0.16907111,-0.125,0,9.119071,1.2117333,3335.6,200,25.678463,9.741294,81.09618,1038,0.43088305,0,1,1,0,0,0,0,0,0,1,0,0,0,0,0,0,0,0,0,0,0,10000,0.5,4,4.281280459,9,114.9625015|36.22916794,4,114.9625015,36.22916794
S1093,1021.99994,-1.3825684,1379.0079,187.63428,22.596657,,1769,1322,2437,0.53414994,0.7705729,2094.5,18.36282,-15.4375,0,0,1.0808889,1251.4,61.5736,43.513676,120.381424,57.67844,1018,0.48781145,1,0,0,1,0,0,0,0,0,0,0,0,0,0,0,0,0,0,1,0,0,1,0.25,5,2.48490665,1,-113.3458328|48.46250153,2,-113.3458328,48.46250153
S5443,788,75.55005,923.1687,208.5498,21.495003,23,337,2957,4168,0.2377738,0.7446875,719.5,2.840636,4.875,0,0,94.26364,6773.6,200,25.25613,52.291485,56.456364,1291,0.49599174,1,0,0,1,0,0,0,0,0,0,0,0,0,1,0,0,0,0,0,0,0,1,0.6,4,3.586929812,10,9.462499619|48.46250153,7,9.462499619,48.46250153
S1075,1385,128.5,673.00006,303.5,102.40332,100,777,693,1642,-9.42e-07,-0.7823006,21.5,0.180393,-0.125,0,4.5777183,0,5882,200,47.37135,11.907825,71.92285,1259,0.3739985,0,1,1,0,0,0,0,0,0,1,0,0,0,0,0,0,0,0,0,0,0,10000,0.5,4,4.0507061,1,119.9958344|36.62916565,2,119.9958344,36.62916565
S3185,1296,219.36572,1113.7845,310.36572,78.90335,27,241,395,5182,-0.48942587,-0.8718356,415,11.4927845,3.9375,0,0.96275103,47.66258,7648.2,199.13287,31.63836,21.911125,63.66025,2292,0.3121201,0,1,1,0,0,0,0,0,0,1,0,0,0,0,0,0,0,0,0,0,0,100,0.25,1,4.330680736,6,106.2041702|24.32916641,3,106.2041702,24.32916641
S6175,1402,196.37012,1358.1185,257.35376,44.898346,36,572,5287,2749,-0.8577648,-0.38309282,1602,16.034164,-1.125,0,0.90805143,140.328,17756.4,199.66145,32.45236,41.033855,51.555855,2045,0.25908867,0,1,0,1,0,0,0,0,0,0,0,0,0,0,0,0,0,0,0,0,1,100,2,1,3.055886186,7,30.11249924|-0.3708333373,10,30.11249924,-0.3708333373
S2756,788,75.55005,923.1687,208.5498,21.495003,23,337,2957,4168,0.2377738,0.7446875,719.5,2.840636,4.875,0,0,94.26364,6773.6,200,25.25613,52.291485,56.456364,1291,0.49599174,1,0,0,1,0,0,0,0,0,0,0,0,0,1,0,0,0,0,0,0,0,1,0.6,4,3.61078274,2,9.462499619|48.46250153,7,9.462499619,48.46250153
S4067,1104,44.500244,552.9497,268.50024,104.90167,100,593,328,3673,-0.1473479,-0.57735026,139,0.7270266,0.9375,0,6.7388964,0,2997.4,200,28.339163,30.600622,66.377945,868,0.34728733,0,1,1,0,0,0,0,0,0,1,0,0,0,0,0,0,0,0,0,0,0,60,0.25,4,2.9956823,3,126.8458328|45.84583282,8,126.8458328,45.84583282
S7676,1363,137.50024,3417.952,190.5332,40.30334,43,589,3893,3381,0.4768024,0.54343444,2636,3.7615554,-5.625,0,0.010087319,19.306667,8634.6,200,42.31619,122.51683,52.023502,2463,0.3708584,0,1,0,1,0,0,0,0,0,0,0,0,0,0,0,0,0,0,0,0,1,100,2,1,1.575467381,8,-75.46250153|6.704166889,7,-75.46250153,6.704166889
S2105,1254,121.61694,3193.9346,176.5835,24.396688,20,751,4018,3778,0.4215162,0.9067608,1941,5.4097967,2,0,0,8.919644,9833.6,199.96217,45.98457,166.13841,55.210518,2003,0.20980686,0,1,0,1,0,0,0,0,0,0,0,0,0,0,0,0,0,0,0,0,1,1,0.25,2,2.197224577,1,-155.3291626|19.82083321,1,-155.3291626,19.82083321
S3931,1267,131.61621,3437.4023,183.5664,24.196665,,261,3851,6205,0.39932412,0.9167687,1745,5.119382,0.375,0,0,18.65031,6519.2,200,53.640045,224.0743,50.686573,2003,0.2097156,0,1,0,1,0,0,0,0,0,0,0,0,0,0,0,0,0,0,0,0,1,1,0.25,1,2.724513901,9,-155.3125|19.82916641,1,-155.3125,19.82916641
S6555,1266,136.55005,3570.5193,186.5498,23.998333,,266,3682,5493,0.36486655,0.9310581,1662.5,5.110835,-2.75,0,0,58.27413,11484.8,200,59.214035,235.09749,47.766872,2003,0.2097156,0,1,0,1,0,0,0,0,0,0,0,0,0,0,0,0,0,0,0,0,1,1,0.25,1,2.772213679,10,-155.3041687|19.82916641,1,-155.3041687,19.82916641
S4382,1266,136.55005,3570.5193,186.5498,23.998333,,266,3682,5493,0.36486655,0.9310581,1662.5,5.110835,-2.75,0,0,58.27413,11484.8,200,59.214035,235.09749,47.766872,2003,0.2097156,0,1,0,1,0,0,0,0,0,0,0,0,0,0,0,0,0,0,0,0,1,1,0.25,1,3.066889486,1,-155.3041687|19.82916641,1,-155.3041687,19.82916641
S3776,1254,121.61694,3193.9346,176.5835,24.396688,20,751,4018,3778,0.4215162,0.9067608,1941,5.4097967,2,0,0,8.919644,9833.6,199.96217,45.98457,166.13841,55.210518,2003,0.20980686,0,1,0,1,0,0,0,0,0,0,0,0,0,0,0,0,0,0,0,0,1,1,0.25,2,2.944438979,2,-155.3291626|19.82083321,1,-155.3291626,19.82083321
S2286,1350,217.63281,1267.8339,308.61597,72.70335,33,552,5453,3649,0.81717336,0.48762035,338.5,7.1914263,7.3125,0,1.8993081,63.847466,8838.4,199.38931,33.137455,24.063112,62.323654,2185,0.3078169,0,1,1,0,0,0,0,0,0,1,0,0,0,0,0,0,0,0,0,0,0,100,0.25,1,4.424786783,2,106.5041656|24.05416679,3,106.5041656,24.05416679
S5138,960,28.58252,571.8347,211.58276,59.99668,,1131,1369,1834,0.9384476,0.32424355,918.5,4.269425,-0.3125,0,0,112.54293,6079.6,200,35.83787,178.93925,53.73654,729,0.7403752,0,1,0,1,0,0,0,0,0,0,0,0,0,0,0,0,0,0,0,0,1,1,0.25,5,2.079441542,2,-118.7624969|54.51250076,8,-118.7624969,54.51250076
S2923,1791,258.5,1337.9166,293.48364,48.9,,127,1818,6088,-0.25617278,-0.43050766,12,0.19064319,0.1875,0,0.21010369,76.67822,9253.2,105.85239,41.15413,83.200264,73.99096,1157,0.14804493,0,1,0,1,0,0,0,0,0,0,0,0,0,0,0,0,0,0,0,0,1,100,2,1,2.708050201,3,-87.47916412|20.19583321,8,-87.47916412,20.19583321
S3331,1261,130.56738,3436.2678,183.53369,24.196665,,296,-647,4310,0.58436203,0.811493,1773.5,4.9342194,-0.5,0,0,66.01315,5316.4,200,53.722668,205.09613,49.632347,2003,0.20980686,0,1,0,1,0,0,0,0,0,0,0,0,0,0,0,0,0,0,0,0,1,1,0.25,1,3.217755202,4,-155.3125|19.82083321,1,-155.3125,19.82083321
S4586,955,15.516602,645.0501,248.5166,102.3,,290,1614,4150,-0.2749055,0.4836743,349.5,1.6176977,1.3125,0,0,51.41209,4744.8,200,39.240532,76.95135,55.68089,765,0.31864816,0,1,0,1,0,0,0,0,0,1,0,0,0,0,0,0,0,0,0,0,0,100,0.5,4,2.9956823,4,127.5791702|47.6875,2,127.5791702,47.6875
S6773,1266,136.55005,3570.5193,186.5498,23.998333,,266,3682,5493,0.36486655,0.9310581,1662.5,5.110835,-2.75,0,0,58.27413,11484.8,200,59.214035,235.09749,47.766872,2003,0.2097156,0,1,0,1,0,0,0,0,0,0,0,0,0,0,0,0,0,0,0,0,1,1,0.25,1,3.364602582,5,-155.3041687|19.82916641,1,-155.3041687,19.82916641
S2674,866,105.483154,813.99994,224.5,11.6,55,770,4447,2237,-0.5974419,0.73766434,37.5,0.60897267,0.125,0,1.0061384,11.715734,7011.8,200,30.887264,20.363865,62.56101,1024,0.5062358,0,1,0,1,0,0,0,0,0,1,0,0,0,0,0,0,0,0,0,0,0,4,0.25,4,3.349904087,5,4.987500191|50.87916565,6,4.987500191,50.87916565
S4358,1261,130.56738,3436.2678,183.53369,24.196665,,296,-647,4310,0.58436203,0.811493,1773.5,4.9342194,-0.5,0,0,66.01315,5316.4,200,53.722668,205.09613,49.632347,2003,0.20980686,0,1,0,1,0,0,0,0,0,0,0,0,0,0,0,0,0,0,0,0,1,1,0.25,1,2.772463723,6,-155.3125|19.82083321,1,-155.3125,19.82083321
S1302,1066,33.5,576,262.5,104.396645,100,509,2816,3940,0.8125285,-0.12875327,170,0.50503564,0.875,0,0.035231154,0,2744.4,200,25.807323,57.041042,68.75721,678,0.33719638,0,1,0,1,0,0,0,0,0,1,0,0,0,0,0,0,0,0,0,0,0,100,0.5,4,3.320204236,6,127.1791687|46.60416794,2,127.1791687,46.60416794
S2629,869,105.48364,810.06635,224.48364,11.5,58,678,3764,2143,0.33217663,0.011625347,35,0.47824094,-0.75,0,0.8808151,13.5296,6920.8,200,30.551527,18.917398,61.76763,1024,0.5058858,0,1,0,1,0,0,0,0,0,1,0,0,0,0,0,0,0,0,0,0,0,4,0.25,4,2.772526195,7,4.970833302|50.86249924,6,4.970833302,50.86249924
S5737,788,75.55005,923.1687,208.5498,21.495003,23,337,2957,4168,0.2377738,0.7446875,719.5,2.840636,4.875,0,0,94.26364,6773.6,200,25.25613,52.291485,56.456364,1291,0.49599174,1,0,0,1,0,0,0,0,0,0,0,0,0,1,0,0,0,0,0,0,0,1,0.6,4,3.610755723,8,9.462499619|48.46250153,7,9.462499619,48.46250153
S6983,932,18.6167,422.59857,223.71631,45.70502,,834,3918,2295,0.9264581,0.112966165,644.5,4.045503,4.5625,0,0.002423702,116.87911,6537.4,199.87587,33.51485,212.29474,59.648636,659,0.7286248,0,1,0,1,0,0,0,0,0,0,0,0,0,0,0,0,0,0,0,0,1,1,0.25,6,2.600539206,9,-119.0958328|56.26250076,7,-119.0958328,56.26250076
S2921,680,61.5,593.9835,170.48315,31.2,,665,471,3171,0.7441618,0.3550735,12,0.684587,-0.75,0,0.068785675,93.25458,7329,116.70523,61.117477,106.09773,52.756992,,0.62720597,0,1,0,1,0,0,0,0,0,0,0,0,0,0,0,0,0,0,0,1,0,1,0.265,4,3.741543016,9,20.27916718|60.12916565,9,20.27916718,60.12916565
S5243,1267,131.61621,3437.4023,183.5664,24.196665,,261,3851,6205,0.39932412,0.9167687,1745,5.119382,0.375,0,0,18.65031,6519.2,200,53.640045,224.0743,50.686573,2003,0.2097156,0,1,0,1,0,0,0,0,0,0,0,0,0,0,0,0,0,0,0,0,1,1,0.25,1,3.015485888,7,-155.3125|19.82916641,1,-155.3125,19.82916641
S1370,1254,121.61694,3193.9346,176.5835,24.396688,20,751,4018,3778,0.4215162,0.9067608,1941,5.4097967,2,0,0,8.919644,9833.6,199.96217,45.98457,166.13841,55.210518,2003,0.20980686,0,1,0,1,0,0,0,0,0,0,0,0,0,0,0,0,0,0,0,0,1,1,0.25,2,3.008055983,3,-155.3291626|19.82083321,1,-155.3291626,19.82083321
S6239,961,27.533203,662.06683,208.50024,62.898327,,922,3366,2554,0.93858004,0.34380913,951,0.8845985,-1,0,0,139.66524,5736.4,196.43079,35.776035,226.97191,50.313286,729,0.7495963,0,1,0,1,0,0,0,0,0,0,0,0,0,0,0,0,0,0,0,0,1,1,0.25,5,1.386294361,3,-117.9708328|54.57916641,8,-117.9708328,54.57916641
S5729,1261,130.56738,3436.2678,183.53369,24.196665,,296,-647,4310,0.58436203,0.811493,1773.5,4.9342194,-0.5,0,0,66.01315,5316.4,200,53.722668,205.09613,49.632347,2003,0.20980686,0,1,0,1,0,0,0,0,0,0,0,0,0,0,0,0,0,0,0,0,1,1,0.25,1,2.302185042,8,-155.3125|19.82083321,1,-155.3125,19.82083321
S4691,1145,102.56616,670.035,273.53296,83.395004,69,958,1534,2598,-0.31920707,0.2720523,1384.5,8.644741,12.6875,0,1.7709147,0.96746665,4267,200,28.215963,15.9814415,79.119225,1046,0.3843189,1,0,1,0,0,0,0,0,0,0,0,0,0,0,1,0,0,0,0,0,0,400,1,4,2.638843002,10,107.4124985|35.12083435,6,107.4124985,35.12083435
S899,1563,256.5166,1310.9493,320.5332,46.799973,100,403,4419,3945,-0.28363478,0.1429353,155,1.2392213,1.0625,0,0.3970939,42.318222,6148.8,200,65.569664,16.075277,54.349266,1386,0.21136695,0,1,0,1,0,0,1,0,0,0,0,0,0,0,0,0,0,0,0,0,0,113,0.25,1,4.579852378,9,-6.537499905|5.854166508,8,-6.537499905,5.854166508
S1966,1771,242.5,1133.319,324.4834,85.8,,128,-1674,5903,-0.51026034,-0.22177547,120.5,2.755228,-1.125,30.769232,0,56.788445,8348.8,188.10933,64.91112,16.186789,59.68965,1588,0.23701541,1,0,0,1,0,0,0,0,0,0,0,0,0,0,0,0,0,0,0,1,0,1,0.25,7,1.791759469,7,34.1875|-19.02083397,4,34.1875,-19.02083397
S3740,1933.9998,227.56665,2950.6462,248.5498,17.9,,270,1755,3805,0.74400765,0.6681686,49.5,5.9855947,-4,0,0.09063805,121.70809,16026.4,200,29.373148,81.71923,54.94825,1723,0.19560494,1,0,0,1,0,0,0,0,0,0,0,0,0,0,0,0,0,0,1,0,0,100,0.25,1,1.609437912,10,-156.0375061|20.79583359,2,-156.0375061,20.79583359
S2877,665,64.5,576.0332,188.5332,28.103323,25,1778,2585,1856,-0.5812388,-0.81373304,0,0,0,0,1.3258114,75.46382,6740.6,133.2625,60.801952,93.11905,56.34699,,0.6434266,0,1,0,1,0,0,0,0,0,0,0,0,0,0,0,0,0,0,0,1,0,1,0.265,4,4.060356782,1,19.54583359|60.23749924,9,19.54583359,60.23749924
S1861,680,61.5,593.9835,170.48315,31.2,,665,471,3171,0.7441618,0.3550735,12,0.684587,-0.75,0,0.068785675,93.25458,7329,116.70523,61.117477,106.09773,52.756992,,0.62720597,0,1,0,1,0,0,0,0,0,0,0,0,0,0,0,0,0,0,0,1,0,1,0.265,4,4.043033733,2,20.27916718|60.12916565,9,20.27916718,60.12916565
S1783,1764,247.5,1120.9666,331.5,86.6,18,357,1970,3870,0.31622726,0.35355365,28,0.18031488,0.25,40.384613,0,42.555023,8064.2,200,66.57472,12.886098,60.340347,1091,0.23175979,1,0,1,0,0,0,0,0,0,0,0,0,0,0,0,0,0,0,0,1,0,1,0.25,7,1.098612289,8,34.45416641|-18.9375,4,34.45416641,-18.9375
S6862,1021.99994,-1.3825684,1379.0079,187.63428,22.596657,,1769,1322,2437,0.53414994,0.7705729,2094.5,18.36282,-15.4375,0,0,1.0808889,1251.4,61.5736,43.513676,120.381424,57.67844,1018,0.48781145,1,0,0,1,0,0,0,0,0,0,0,0,0,0,0,0,0,0,1,0,0,1,0.25,5,2.014102695,4,-113.3458328|48.46250153,2,-113.3458328,48.46250153
S2310,788,75.55005,923.1687,208.5498,21.495003,23,337,2957,4168,0.2377738,0.7446875,719.5,2.840636,4.875,0,0,94.26364,6773.6,200,25.25613,52.291485,56.456364,1291,0.49599174,1,0,0,1,0,0,0,0,0,0,0,0,0,1,0,0,0,0,0,0,0,1,0.6,4,3.560051296,3,9.462499619|48.46250153,7,9.462499619,48.46250153
S2590,1285,211.50122,2388.2417,296.5349,64.09496,4,392,2911,4764,-0.51543915,0.3193583,370,9.578581,-10,0,0,98.89956,3024.6,198.96468,48.84922,40.156616,53.114693,2067,0.26495403,0,1,0,1,0,0,0,0,0,0,0,0,0,0,0,1,0,0,0,0,0,100,0.5,1,3.423154561,1,112.5291672|23.17083359,8,112.5291672,23.17083359
S4137,1266,136.55005,3570.5193,186.5498,23.998333,,266,3682,5493,0.36486655,0.9310581,1662.5,5.110835,-2.75,0,0,58.27413,11484.8,200,59.214035,235.09749,47.766872,2003,0.2097156,0,1,0,1,0,0,0,0,0,0,0,0,0,0,0,0,0,0,0,0,1,1,0.25,1,3.088493765,2,-155.3041687|19.82916641,1,-155.3041687,19.82916641
S7190,1260,126.59985,3311.0686,180.5664,24.298332,,266,-809,5397,0.1786791,0.98317844,1849,5.4882984,-1.25,0,0,12.071645,11000.8,200,47.679646,182.91426,52.51077,2003,0.20980686,0,1,0,1,0,0,0,0,0,0,0,0,0,0,0,0,0,0,0,0,1,1,0.25,2,1.943192165,4,-155.3208313|19.82083321,1,-155.3208313,19.82083321
S1461,1526,138.5,590,316.5,103.50167,100,640,735,2129,0.5547004,0.7071071,12,0.11079043,0.1875,0,2.8509276,0,3318.6,200,21.563467,10.816221,77.74571,1277,0.3890382,0,1,1,0,0,0,0,0,0,1,0,0,0,0,0,0,0,0,0,0,0,10000,0.5,4,4.194687514,4,117.7041702|37.02916718,2,117.7041702,37.02916718
S7210,1447.9999,100.66748,543.4977,273.68433,41.39668,,492,1602,5658,0.6802275,-0.7045553,1652,15.049555,5.9375,0,0,70.813515,5953.8,190.95566,45.089645,39.135887,64.03502,2083,0.28689593,1,0,0,1,0,0,0,0,0,0,0,0,0,0,0,0,0,0,0,1,0,1,0.5,12,3.339676493,5,-2.837500095|37.40416718,10,-2.837500095,37.40416718
S1566,417.00003,-15.58374,1760.8413,107.41626,24.89665,,2399,2895,2138,-0.8982464,-0.43799376,1425.5,2.9895275,-4.9375,0,0,0.84355557,1091.6,107.2045,54.55537,148.66061,53.370655,685,0.44479918,0,1,0,1,0,0,0,0,0,0,0,0,0,0,0,0,0,0,0,0,1,100,2,11,3.828619669,9,7.545833111|60.61249924,2,7.545833111,60.61249924
S3648,1254,121.61694,3193.9346,176.5835,24.396688,20,751,4018,3778,0.4215162,0.9067608,1941,5.4097967,2,0,0,8.919644,9833.6,199.96217,45.98457,166.13841,55.210518,2003,0.20980686,0,1,0,1,0,0,0,0,0,0,0,0,0,0,0,0,0,0,0,0,1,1,0.25,2,3.039701319,5,-155.3291626|19.82083321,1,-155.3291626,19.82083321
S2377,1267,131.61621,3437.4023,183.5664,24.196665,,261,3851,6205,0.39932412,0.9167687,1745,5.119382,0.375,0,0,18.65031,6519.2,200,53.640045,224.0743,50.686573,2003,0.2097156,0,1,0,1,0,0,0,0,0,0,0,0,0,0,0,0,0,0,0,0,1,1,0.25,1,3.367054423,3,-155.3125|19.82916641,1,-155.3125,19.82916641
S1996,1298,151.55005,1260.0837,305.55005,59.7,8,442,1703,3728,0.25878167,0.96590745,155.5,5.980219,1.125,0,0.063535385,64.49707,6394.6,200,26.194801,30.921658,59.14651,1641,0.42680907,0,1,0,0,1,0,0,0,0,0,1,0,0,0,0,0,0,0,0,0,0,100,0.5,4,4.051767566,5,118.2791672|32.27916718,10,118.2791672,32.27916718
S5619,1688,257.5166,2959.9495,293.53345,56.304985,,142,65,5961,-0.41344553,0.7215339,88,4.020423,1.4375,0,0,156.95395,9391,200,37.658844,74.15421,52.18274,1881,0.33074528,1,0,0,1,0,0,0,0,0,0,0,0,0,0,0,0,0,0,1,0,0,400,0.025,1,2.351279976,4,-79.84583282|9.112500191,4,-79.84583282,9.112500191
S1402,1368,176.5,1750.9644,325.51685,46.2,90,777,4744,3068,-0.047540598,-0.285125,60.5,1.1911206,2.125,0,12.18677,1.3155556,3297.6,200,26.787823,15.979309,57.84551,2138,0.3938757,0,1,0,1,0,1,0,0,0,0,0,0,0,0,0,0,0,0,0,0,0,100,0.5,4,3.737645822,6,115.7125015|29.27916718,6,115.7125015,29.27916718
S6767,1266,136.55005,3570.5193,186.5498,23.998333,,266,3682,5493,0.36486655,0.9310581,1662.5,5.110835,-2.75,0,0,58.27413,11484.8,200,59.214035,235.09749,47.766872,2003,0.2097156,0,1,0,1,0,0,0,0,0,0,0,0,0,0,0,0,0,0,0,0,1,1,0.25,1,3.228152654,5,-155.3041687|19.82916641,1,-155.3041687,19.82916641
S4967,1763,247.5166,1115.9498,332.5,86.6,7,488,3544,3554,0.948683,0.16876869,22.5,0.16907111,-0.1875,34.615387,0.028670317,10.5856,7290,200,56.644527,10.473095,59.942245,1091,0.23159234,1,0,1,0,0,0,0,0,0,0,0,0,0,0,0,0,0,0,0,1,0,1,0.25,7,1.609237907,9,34.47083282|-18.92083359,4,34.47083282,-18.92083359
S1224,2145,172.46704,96.04998,312.50024,98.49838,,374,2641,8660,-0.32420594,0.6175424,811,0.8428402,-1.5625,0,0.008671744,0,,199.49622,51.668476,6,80.125,782,0.19895811,0,1,0,1,0,0,0,0,0,0,0,0,0,0,0,0,0,0,0,0,1,100,5,13,3.258096538,8,34.74583435|30.61249924,5,34.74583435,30.61249924
S1228,1025,32.483154,404.03375,236.5,64.09833,38,1007,958,2405,-0.09805776,0.8234227,790,0.2551134,0.375,0,0,0.25315556,4883.4,200,44.75016,38.24416,69.311455,670,0.67238224,0,1,0,1,0,0,0,0,0,0,0,0,0,0,0,0,0,0,0,0,1,100,5,8,4.559105316,4,-111.5625|52.08750153,4,-111.5625,52.08750153
S2295,788,75.55005,923.1687,208.5498,21.495003,23,337,2957,4168,0.2377738,0.7446875,719.5,2.840636,4.875,0,0,94.26364,6773.6,200,25.25613,52.291485,56.456364,1291,0.49599174,1,0,0,1,0,0,0,0,0,0,0,0,0,1,0,0,0,0,0,0,0,1,0.6,4,3.784121487,7,9.462499619|48.46250153,7,9.462499619,48.46250153
S1590,1747,255.51636,1336.0334,299.51636,48.698357,,210,1214,4344,-0.19611683,0.55470014,18,0.15774922,-0.5,0,0,93.89813,10742,115.78659,43.172848,98.31163,71.17757,1542,0.15034056,0,1,0,1,0,0,0,0,0,0,0,0,0,0,0,0,0,0,0,1,0,1,0.25,1,3.749433524,6,-87.35416412|20.44583321,8,-87.35416412,20.44583321
S4133,1254,121.61694,3193.9346,176.5835,24.396688,20,751,4018,3778,0.4215162,0.9067608,1941,5.4097967,2,0,0,8.919644,9833.6,199.96217,45.98457,166.13841,55.210518,2003,0.20980686,0,1,0,1,0,0,0,0,0,0,0,0,0,0,0,0,0,0,0,0,1,1,0.25,2,2.862086542,6,-155.3291626|19.82083321,1,-155.3291626,19.82083321
S7765,958,28.516846,639.08325,209.50024,63.49833,,547,973,2292,0.5409653,-0.6394192,942.5,1.0374277,1,0,0,146.53316,5793.6,194.46332,36.886803,203.28877,50.125595,729,0.7500424,0,1,0,1,0,0,0,0,0,0,0,0,0,0,0,0,0,0,0,0,1,1,0.25,5,0.6931471806,5,-118.0458298|54.5625,8,-118.0458298,54.5625
S1740,1425,177.41724,779.73157,286.417,48.401672,58,783,278,2545,-0.7760674,0.6298202,76,2.8819964,-4.5,0,0.34398142,19.1616,8441,200,36.834293,20.159712,74.93907,1965,0.18426913,0,1,0,1,0,0,0,0,0,0,0,0,0,0,0,0,0,0,0,1,0,1,0.25,12,4.085976313,6,3.020833254|39.83750153,4,3.020833254,39.83750153
S1004,1730,253.50024,1404.9663,313.5,50.19666,,919,4875,2313,0.08847557,0.99351716,12,0.65471804,0.3125,0,0,110.24427,14348.8,95.24659,43.736202,65.71104,72.457886,1542,0.14450379,0,1,0,1,0,0,0,0,0,0,0,0,0,0,0,0,0,0,0,1,0,1,0.25,1,3.531231008,7,-87.20417023|21.21249962,8,-87.20417023,21.21249962
S4767,932,18.6167,422.59857,223.71631,45.70502,,834,3918,2295,0.9264581,0.112966165,644.5,4.045503,4.5625,0,0.002423702,116.87911,6537.4,199.87587,33.51485,212.29474,59.648636,659,0.7286248,0,1,0,1,0,0,0,0,0,0,0,0,0,0,0,0,0,0,0,0,1,1,0.25,6,2.707383297,10,-119.0958328|56.26250076,7,-119.0958328,56.26250076
S1974,1771,242.5,1133.319,324.4834,85.8,,128,-1674,5903,-0.51026034,-0.22177547,120.5,2.755228,-1.125,30.769232,0,56.788445,8348.8,188.10933,64.91112,16.186789,59.68965,1588,0.23701541,1,0,0,1,0,0,0,0,0,0,0,0,0,0,0,0,0,0,0,1,0,1,0.25,7,3.135450761,10,34.1875|-19.02083397,4,34.1875,-19.02083397
S3808,1762,247.5,1126.0165,330.5,86.40165,,321,177,3407,0.90308774,-0.378517,36,0.23910196,-0.25,34.615387,0.027353775,28.696356,7758,200,64.23846,15.340126,61.27091,1091,0.23215778,1,0,0,1,0,0,0,0,0,0,0,0,0,0,0,0,0,0,0,1,0,1,0.25,7,2.97036321,1,34.36249924|-18.97083282,4,34.36249924,-18.97083282
S2360,1176,185.51636,1544.9668,331.51636,41.198345,100,865,3407,2064,0.8974673,-0.44010708,125,1.8917987,0.6875,0,8.61727,3.3258667,4330,200,31.193157,17.314802,63.765278,1979,0.33031636,0,1,0,1,0,0,0,0,0,1,0,0,0,0,0,0,0,0,0,0,0,400,1.5,1,3.267627914,8,111.8708344|26.76250076,5,111.8708344,26.76250076
S4639,2482,204.5,313.0335,363.5166,48.593315,,416,125,6607,0.20346758,0.81320417,341,0.3590357,-0.0625,0,0.0124662295,6.0892444,1546.4,94.54994,69.42859,17.805063,74.10372,750,0.15693498,0,1,0,1,0,1,0,0,0,0,0,0,0,0,0,0,0,0,0,0,0,1,0.5,12,0.6931471806,7,116.7458344|-29.19583321,8,116.7458344,-29.19583321
S3609,667.5718,64.5,575.0168,187.51685,28.103323,,,,,,,0,0,0,100,0.3658309,17.775467,4804.6,125.248116,57.884518,117.21346,58.67241,,0.6431824,0,1,0,1,0,0,0,0,0,0,0,0,0,0,0,0,0,0,0,1,0,1,0.265,4,3.540785381,8,19.53750038|60.22083282,9,19.53750038,60.22083282
S5757,869,105.48364,810.06635,224.48364,11.5,58,678,3764,2143,0.33217663,0.011625347,35,0.47824094,-0.75,0,0.8808151,13.5296,6920.8,200,30.551527,18.917398,61.76763,1024,0.5058858,0,1,0,1,0,0,0,0,0,1,0,0,0,0,0,0,0,0,0,0,0,4,0.25,4,2.944175831,9,4.970833302|50.86249924,6,4.970833302,50.86249924
S4196,1260,126.59985,3311.0686,180.5664,24.298332,,266,-809,5397,0.1786791,0.98317844,1849,5.4882984,-1.25,0,0,12.071645,11000.8,200,47.679646,182.91426,52.51077,2003,0.20980686,0,1,0,1,0,0,0,0,0,0,0,0,0,0,0,0,0,0,0,0,1,1,0.25,2,3.067773802,7,-155.3208313|19.82083321,1,-155.3208313,19.82083321
S4035,1441,84.4834,329.98276,275.4834,90.00333,,1240,2873,3622,-0.7733382,0.62517935,1509,1.8138783,-1.1875,0,0,0,1606.8,200,47.052544,7.655205,83.962265,634,0.34272555,1,0,0,1,0,0,1,0,0,0,0,0,0,0,0,0,0,0,0,0,0,100,0.5,10,3.36698541,9,107.2208328|37.77083206,4,107.2208328,37.77083206
S3608,1214,169.46729,1571.1934,307.45093,56.201653,41,765,475,2557,0.12217592,0.3102813,198,3.6310296,-4.8125,0,13.268652,22.345955,6789,200,36.171932,22.22334,61.78308,2146,0.3659008,1,0,0,1,0,0,1,0,0,0,0,0,0,0,0,0,0,0,0,0,0,1,0.5,1,3.496265125,9,111.0374985|29.65416718,3,111.0374985,29.65416718
S4356,1254,121.61694,3193.9346,176.5835,24.396688,20,751,4018,3778,0.4215162,0.9067608,1941,5.4097967,2,0,0,8.919644,9833.6,199.96217,45.98457,166.13841,55.210518,2003,0.20980686,0,1,0,1,0,0,0,0,0,0,0,0,0,0,0,0,0,0,0,0,1,1,0.25,2,2.302185042,8,-155.3291626|19.82083321,1,-155.3291626,19.82083321
S906,1520,257.5,1500.9165,290.51636,68.39667,100,629,4325,2651,-0.52737343,0.45420784,19,2.0147512,1.0625,0,2.1687336,38.871643,8082.2,200,61.924675,19.536886,52.44133,1501,0.19196343,0,1,0,1,0,0,1,0,0,0,0,0,0,0,0,0,0,0,0,0,0,113,0.25,1,4.503502844,10,-6.712500095|4.762499809,8,-6.712500095,4.762499809
S5454,1260,126.59985,3311.0686,180.5664,24.298332,,266,-809,5397,0.1786791,0.98317844,1849,5.4882984,-1.25,0,0,12.071645,11000.8,200,47.679646,182.91426,52.51077,2003,0.20980686,0,1,0,1,0,0,0,0,0,0,0,0,0,0,0,0,0,0,0,0,1,1,0.25,2,1.945910149,9,-155.3208313|19.82083321,1,-155.3208313,19.82083321
S3098,1296,219.36572,1113.7845,310.36572,78.90335,27,241,395,5182,-0.48942587,-0.8718356,415,11.4927845,3.9375,0,0.96275103,47.66258,7648.2,199.13287,31.63836,21.911125,63.66025,2292,0.3121201,0,1,1,0,0,0,0,0,0,1,0,0,0,0,0,0,0,0,0,0,0,100,0.25,1,3.516488437,1,106.2041702|24.32916641,3,106.2041702,24.32916641
S1186,1569,149.5,1214.9331,249.53345,69.69497,9,1141,3242,2404,0.5502255,-0.81811035,170,2.91312,2.6875,0,0,170.6384,19009.8,200,77.793785,48.321507,53.858177,1559,0.07227088,0,1,0,1,0,0,0,0,0,0,0,0,0,0,0,0,0,0,0,0,1,100,5,12,3.091042453,8,115.9208298|-34.47083282,5,115.9208298,-34.47083282
S1954,1244,142.5,606.9831,298.4668,77.69829,100,1548,2660,1145,-0.9095323,-0.35334596,517,1.1950842,1,0,140.00677,0,,200,29.076893,15.165628,79.2258,1724,0.48846725,0,1,1,0,0,0,0,0,0,1,0,0,0,0,0,0,0,0,0,0,0,16,1.5,4,3.624314281,10,108.0625|34.28749847,6,108.0625,34.28749847
S5095,934,16.516846,602.066,206.51685,65.298355,,986,3801,2360,0.939626,-0.3421963,1161.5,2.0621483,-0.875,0,0,82.95734,5789,200,36.06001,164.98785,54.173958,854,0.76550436,0,1,0,1,0,0,0,0,0,0,0,0,0,0,0,0,0,0,0,0,1,1,0.25,5,1.791426104,6,-117.3291702|53.80416489,8,-117.3291702,53.80416489
S5005,1261,130.56738,3436.2678,183.53369,24.196665,,296,-647,4310,0.58436203,0.811493,1773.5,4.9342194,-0.5,0,0,66.01315,5316.4,200,53.722668,205.09613,49.632347,2003,0.20980686,0,1,0,1,0,0,0,0,0,0,0,0,0,0,0,0,0,0,0,0,1,1,0.25,1,2.647804684,2,-155.3125|19.82083321,1,-155.3125,19.82083321
S4591,1260,126.59985,3311.0686,180.5664,24.298332,,266,-809,5397,0.1786791,0.98317844,1849,5.4882984,-1.25,0,0,12.071645,11000.8,200,47.679646,182.91426,52.51077,2003,0.20980686,0,1,0,1,0,0,0,0,0,0,0,0,0,0,0,0,0,0,0,0,1,1,0.25,2,2.995632228,10,-155.3208313|19.82083321,1,-155.3208313,19.82083321
S2061,788,75.55005,923.1687,208.5498,21.495003,23,337,2957,4168,0.2377738,0.7446875,719.5,2.840636,4.875,0,0,94.26364,6773.6,200,25.25613,52.291485,56.456364,1291,0.49599174,1,0,0,1,0,0,0,0,0,0,0,0,0,1,0,0,0,0,0,0,0,1,0.6,4,3.384254671,1,9.462499619|48.46250153,7,9.462499619,48.46250153
S5924,1254,121.61694,3193.9346,176.5835,24.396688,20,751,4018,3778,0.4215162,0.9067608,1941,5.4097967,2,0,0,8.919644,9833.6,199.96217,45.98457,166.13841,55.210518,2003,0.20980686,0,1,0,1,0,0,0,0,0,0,0,0,0,0,0,0,0,0,0,0,1,1,0.25,2,3.63476644,1,-155.3291626|19.82083321,1,-155.3291626,19.82083321
S6559,1254,121.61694,3193.9346,176.5835,24.396688,20,751,4018,3778,0.4215162,0.9067608,1941,5.4097967,2,0,0,8.919644,9833.6,199.96217,45.98457,166.13841,55.210518,2003,0.20980686,0,1,0,1,0,0,0,0,0,0,0,0,0,0,0,0,0,0,0,0,1,1,0.25,2,2.917175978,2,-155.3291626|19.82083321,1,-155.3291626,19.82083321
S6237,919,27.533203,588.917,215.5332,60.803314,,1163,2262,3008,-0.97101945,0.23842725,1088.5,1.7231948,1.6875,0,0,124.79769,5613,200,37.465572,154.22768,57.287178,854,0.73052317,0,1,0,1,0,0,0,0,0,0,0,0,0,0,0,0,0,0,0,0,1,1,0.25,5,1.609437912,7,-116.9708328|53.32083511,9,-116.9708328,53.32083511
S6163,735,60.5,695.017,212.51685,34.101673,29,739,3439,3038,0.22804508,0.31622797,42.5,1.1673896,-0.375,0,0,114.606575,4635,200,61.07548,137.31459,50.11888,833,0.5210264,1,0,0,1,0,0,0,0,0,0,0,0,0,0,0,0,0,0,0,1,0,1,0.25,4,2.646245705,2,27.26250076|58.29583359,7,27.26250076,58.29583359
S913,1555,251.5332,1616.933,311.5,52.196686,88,321,2928,4293,0.096841976,0.8473873,119,1.1047732,-0.25,0,0,108.00214,8142,200,67.83327,17.430332,48.721912,1386,0.19722825,0,1,0,1,0,0,1,0,0,0,0,0,0,0,0,0,0,0,0,0,0,113,0.25,1,4.408242477,3,-6.504166603|5.254166603,8,-6.504166603,5.254166603
S1796,680,61.5,593.9835,170.48315,31.2,,665,471,3171,0.7441618,0.3550735,12,0.684587,-0.75,0,0.068785675,93.25458,7329,116.70523,61.117477,106.09773,52.756992,,0.62720597,0,1,0,1,0,0,0,0,0,0,0,0,0,0,0,0,0,0,0,1,0,1,0.265,4,3.433954964,3,20.27916718|60.12916565,9,20.27916718,60.12916565
S7307,777,17.449219,1010.96857,208.39868,25.498356,,924,3948,2163,-0.8217461,-0.16924533,585.5,8.331348,-11.6875,0,0,142.34364,3306.6,199.85045,36.050304,180.24225,51.708748,985,0.44340116,0,1,0,1,0,0,0,0,0,0,0,0,0,0,0,0,0,0,0,0,1,100,5,6,0.6931471806,1,57.40416718|54.28749847,8,57.40416718,54.28749847
S5249,1168,111.467285,522.86664,285.45068,82.39997,100,586,2606,4155,-0.42362964,-0.78068966,1205.5,9.640537,0.625,0,0,0,4662.6,200,32.976185,17.228657,79.48687,1046,0.36919,1,0,0,1,0,0,1,0,0,0,0,0,0,0,0,0,0,0,0,0,0,100,0.5,4,3.439135216,4,107.3708344|35.3125,6,107.3708344,35.3125
S1944,622,-53.516846,513.05005,219.48315,43.703346,,550,3623,4479,-0.9731662,-0.22992295,436.5,2.0347893,1.125,0,0,121.25066,3967.2,198.1875,32.88685,120.04855,52.54479,441,0.36142448,0,1,0,1,0,0,0,0,0,0,0,0,0,0,0,0,0,0,0,0,1,100,5,6,1.098612289,2,111.7708359|60.37916565,7,111.7708359,60.37916565
S1927,1260,126.59985,3311.0686,180.5664,24.298332,,266,-809,5397,0.1786791,0.98317844,1849,5.4882984,-1.25,0,0,12.071645,11000.8,200,47.679646,182.91426,52.51077,2003,0.20980686,0,1,0,1,0,0,0,0,0,0,0,0,0,0,0,0,0,0,0,0,1,1,0.25,2,2.724382745,3,-155.3208313|19.82083321,1,-155.3208313,19.82083321
S7471,1803,248.5,1113.9668,331.5,86.201645,26,210,1886,5660,0.27938193,0.7071069,24,0.18562283,0,42.307693,0.018228868,12.357689,7157.2,200,61.031387,9.750987,60.669865,1588,0.19701445,1,0,1,0,0,0,0,0,0,0,0,0,0,0,0,0,0,0,0,1,0,1,0.25,7,1.098612289,2,34.41249847|-18.88750076,4,34.41249847,-18.88750076
S4941,931,17.5,447.79868,220.51685,45.40332,,520,1847,2230,0.8691163,-0.48879364,688,0.56365883,-0.1875,0,0.2083459,93.97315,6244.2,200,41.30245,163.83438,58.138805,659,0.707645,0,1,0,1,0,0,0,0,0,0,0,0,0,0,0,0,0,0,0,0,1,1,0.25,6,2.197224577,3,-119.0958328|56.24583435,7,-119.0958328,56.24583435
S4376,1267,131.61621,3437.4023,183.5664,24.196665,,261,3851,6205,0.39932412,0.9167687,1745,5.119382,0.375,0,0,18.65031,6519.2,200,53.640045,224.0743,50.686573,2003,0.2097156,0,1,0,1,0,0,0,0,0,0,0,0,0,0,0,0,0,0,0,0,1,1,0.25,1,2.707983505,4,-155.3125|19.82916641,1,-155.3125,19.82916641
S2733,1254,121.61694,3193.9346,176.5835,24.396688,20,751,4018,3778,0.4215162,0.9067608,1941,5.4097967,2,0,0,8.919644,9833.6,199.96217,45.98457,166.13841,55.210518,2003,0.20980686,0,1,0,1,0,0,0,0,0,0,0,0,0,0,0,0,0,0,0,0,1,1,0.25,2,2.397531597,4,-155.3291626|19.82083321,1,-155.3291626,19.82083321
S1258,1365,176.5,1743.864,326.5,46.199974,100,575,3615,3060,0.9093131,0.31324893,40,1.2074372,-0.0625,0,3.4024177,0.5575111,3527.6,200,24.517826,16.358006,59.38554,2138,0.39387298,0,1,0,1,0,1,0,0,0,0,0,0,0,0,0,0,0,0,0,0,0,100,0.5,4,3.135494216,5,115.7208328|29.28750038,6,115.7208328,29.28750038
S1797,1222,257.4668,3282.7012,297.5,26.998331,14,272,4633,5340,-0.9358799,0.023783322,90,0.90095544,0.0625,0,0.33373183,283.76517,8313.2,200,40.19739,36.332607,42.77865,1423,0.28110325,0,1,0,1,0,0,0,0,0,0,0,0,0,0,0,0,0,0,0,0,1,100,5,1,3.949299489,5,-70.36250305|-3.770833254,4,-70.36250305,-3.770833254
S1313,1732,251.5,1588.1504,294.5005,80.19836,89,232,-85,5328,-0.65946394,0.7517351,38.5,3.2502275,-2.125,0,0.14008012,0.35306665,7058.2,199.10904,57.427326,21.086325,59.40331,2110,0.2079932,0,1,1,0,0,0,0,0,0,1,0,0,0,0,0,0,0,0,0,0,0,100,0.25,1,4.3424929,6,108.9791641|18.44583321,8,108.9791641,18.44583321
S4567,1327,191.5,1941.051,336.51636,57.60003,100,999,2618,2242,0.5091826,-0.7932427,43.5,0.5334732,-0.9375,0,3.2383745,7.4304,4882.4,200,39.634926,14.325562,52.512775,2054,0.37538487,0,1,0,1,0,0,0,0,0,1,0,0,0,0,0,0,0,0,0,0,0,400,1.5,4,3.319372519,6,116.9124985|28.25416756,7,116.9124985,28.25416756
S1089,1563,254.53296,1302.8162,318.5,48,100,488,2914,2944,0.41637707,0.014054149,137.5,1.1058408,0.125,0,0.65147305,119.9376,8231.6,200,66.59977,16.667501,53.02627,1386,0.19993058,0,1,0,1,0,0,1,0,0,0,0,0,0,0,0,0,0,0,0,0,0,113,0.25,1,4.702750514,7,-6.654166698|5.595833302,8,-6.654166698,5.595833302
S3799,921,66.5,1030.0669,257.4834,14.9,76,384,-542,2795,-0.31622744,0.7071071,17.5,0.13480535,-0.0625,0,0.6216277,0.86844444,4559.8,200,37.614765,99.281906,62.548576,1233,0.7181875,1,0,1,0,0,0,0,0,0,0,0,0,0,0,0,0,0,1,0,0,0,100,0.5,4,2.801783379,7,-73.37083435|45.72083282,10,-73.37083435,45.72083282
S2214,788,75.55005,923.1687,208.5498,21.495003,23,337,2957,4168,0.2377738,0.7446875,719.5,2.840636,4.875,0,0,94.26364,6773.6,200,25.25613,52.291485,56.456364,1291,0.49599174,1,0,0,1,0,0,0,0,0,0,0,0,0,1,0,0,0,0,0,0,0,1,0.6,4,3.314186005,8,9.462499619|48.46250153,7,9.462499619,48.46250153
S4501,922,26.516357,592.917,214.5166,61.203316,,884,3874,2619,-0.26371658,0.5859906,1097,1.7206337,2.875,0,0,100.16907,5082.2,200,36.78136,139.2888,59.93956,854,0.74147415,0,1,0,1,0,0,0,0,0,0,0,0,0,0,0,0,0,0,0,0,1,1,0.25,5,2.139948518,8,-116.9208298|53.33750153,9,-116.9208298,53.33750153
S6674,1266,136.55005,3570.5193,186.5498,23.998333,,266,3682,5493,0.36486655,0.9310581,1662.5,5.110835,-2.75,0,0,58.27413,11484.8,200,59.214035,235.09749,47.766872,2003,0.2097156,0,1,0,1,0,0,0,0,0,0,0,0,0,0,0,0,0,0,0,0,1,1,0.25,1,2.672492094,8,-155.3041687|19.82916641,1,-155.3041687,19.82916641
S5216,1267,131.61621,3437.4023,183.5664,24.196665,,261,3851,6205,0.39932412,0.9167687,1745,5.119382,0.375,0,0,18.65031,6519.2,200,53.640045,224.0743,50.686573,2003,0.2097156,0,1,0,1,0,0,0,0,0,0,0,0,0,0,0,0,0,0,0,0,1,1,0.25,1,3.102072286,9,-155.3125|19.82916641,1,-155.3125,19.82916641
S5274,1267,131.61621,3437.4023,183.5664,24.196665,,261,3851,6205,0.39932412,0.9167687,1745,5.119382,0.375,0,0,18.65031,6519.2,200,53.640045,224.0743,50.686573,2003,0.2097156,0,1,0,1,0,0,0,0,0,0,0,0,0,0,0,0,0,0,0,0,1,1,0.25,1,2.767576185,10,-155.3125|19.82916641,1,-155.3125,19.82916641
S4210,1254,121.61694,3193.9346,176.5835,24.396688,20,751,4018,3778,0.4215162,0.9067608,1941,5.4097967,2,0,0,8.919644,9833.6,199.96217,45.98457,166.13841,55.210518,2003,0.20980686,0,1,0,1,0,0,0,0,0,0,0,0,0,0,0,0,0,0,0,0,1,1,0.25,2,3.433083574,5,-155.3291626|19.82083321,1,-155.3291626,19.82083321
S3908,1016,27.5,611.9833,260.5,101.90165,82,447,-1838,3579,0.948683,0.22603233,181,0.4860368,-0.625,0,1.3502684,2.2652445,2804,200,23.753923,72.93048,62.35313,877,0.32716268,0,1,0,1,0,0,0,0,0,1,0,0,0,0,0,0,0,0,0,0,0,100,0.5,4,2.890149527,9,127.6541672|46.94583511,2,127.6541672,46.94583511
S2266,1576,246.5,2606.864,323.5,68.09832,28,709,1840,2399,0.4697485,0.4425064,58,2.4825113,-2.25,0,0.13015917,32.8592,6758.4,200,41.50527,20.772224,54.355976,2175,0.22453712,0,1,1,0,0,0,0,0,0,1,0,0,0,0,0,0,0,0,0,0,0,100,0.25,1,4.533609754,1,110.6291656|19.60416603,2,110.6291656,19.60416603
S3805,1216,167.50024,1653.9944,305.4839,56.296684,41,457,537,2838,0.54097223,0.1759602,236.5,3.777348,-5.125,0,2.2950344,23.691023,7240.8,200,35.17795,22.184742,61.59865,2146,0.3658854,1,0,0,1,0,0,1,0,0,0,0,0,0,0,0,0,0,0,0,0,0,1,0.5,1,2.917716706,2,111.0208359|29.64583397,3,111.0208359,29.64583397
S2993,1454,142.5,486.0168,323.5,107.6017,100,2210,4536,1606,-0.76042014,-0.25724745,40,0.20937705,0.125,0,14.784127,0.47786668,3595.6,200,35.351025,10.974536,80.46401,1082,0.40786666,0,1,0,1,0,0,0,0,0,1,0,0,0,0,0,0,0,0,0,0,0,10000,0.5,4,4.255527647,10,114.8874969|37.77083206,4,114.8874969,37.77083206
S6738,1267,131.61621,3437.4023,183.5664,24.196665,,261,3851,6205,0.39932412,0.9167687,1745,5.119382,0.375,0,0,18.65031,6519.2,200,53.640045,224.0743,50.686573,2003,0.2097156,0,1,0,1,0,0,0,0,0,0,0,0,0,0,0,0,0,0,0,0,1,1,0.25,1,2.563255592,3,-155.3125|19.82916641,1,-155.3125,19.82916641
S4728,1033,-24.550049,476.20084,155.48315,96.99332,19,520,432,2271,-0.97477365,0.15759811,3120,0.8318443,-0.5625,0,4.8240147,0,3378,200,41.59771,63.80629,75.210915,1225,0.2967517,1,0,0,1,0,0,0,0,0,0,0,1,0,0,0,0,0,0,0,0,0,4,0.25,10,2.942331449,10,101.1958313|37.62083435,9,101.1958313,37.62083435
S2344,788,75.55005,923.1687,208.5498,21.495003,23,337,2957,4168,0.2377738,0.7446875,719.5,2.840636,4.875,0,0,94.26364,6773.6,200,25.25613,52.291485,56.456364,1291,0.49599174,1,0,0,1,0,0,0,0,0,0,0,0,0,1,0,0,0,0,0,0,0,1,0.6,4,3.891636631,1,9.462499619|48.46250153,7,9.462499619,48.46250153
S3564,1442,222.4331,1826.404,313.4165,62.398357,75,441,2952,3712,-0.9194056,-0.027527515,113,4.3003097,-6.5,0,9.077479,38.298843,5111,200,43.80757,21.32992,59.214134,2259,0.26926702,0,1,1,0,0,0,0,0,0,1,0,0,0,0,0,0,0,0,0,0,0,100,0.25,1,4.066133706,4,110.0958328|23.07916641,10,110.0958328,23.07916641
S3484,893,20.500244,736.86584,252.53345,82.19668,36,1109,2310,2198,0.7177665,-0.6907065,58.5,2.159046,1.9375,0,1.2965565,53.435734,4907.8,199.99535,35.366016,163.15271,56.35765,937,0.2762884,0,1,0,1,0,0,0,0,0,0,0,0,0,0,0,0,0,0,0,0,1,100,2,9,4.143087132,1,134.8125|48.30416489,8,134.8125,48.30416489
S2383,740,69.500244,697.9329,190.51685,29.9,3,856,1783,2002,0.96379954,-0.14747351,61,1.9215747,-1.5625,0,0.13924704,109.86187,8056,164.59369,60.187393,97.16588,50.613045,760,0.59577745,0,1,0,1,0,0,0,0,0,0,0,0,0,0,0,0,0,0,0,0,1,100,2,4,3.899950455,2,22.28750038|57.62916565,7,22.28750038,57.62916565
S2154,1337,148.55005,833.7314,266.51685,46.3,27,,,,-0.5060037,0.86247516,35.5,4.6019077,-0.8125,100,28.395636,30.954311,,197.5159,37.56033,34.360565,67.677345,1562,0.2232472,0,1,0,1,0,0,0,0,0,0,0,0,0,0,0,0,0,0,0,0,1,100,2,4,3.295836866,3,29.05416679|41.10416794,6,29.05416679,41.10416794
S3896,1763,241.49976,1166.5187,323.48315,85.698326,18,164,2152,7027,0.0061715585,-0.9445145,137.5,2.6046526,1.625,32.692307,0,64.32036,7795.4,182.74548,67.90622,20.794518,59.11045,1588,0.23701023,1,0,0,1,0,0,0,0,0,0,0,0,0,0,0,0,0,0,0,1,0,1,0.25,7,2.63905733,3,34.19583511|-19.00416756,4,34.19583511,-19.00416756
S4552,1214,169.46729,1571.1934,307.45093,56.201653,41,765,475,2557,0.12217592,0.3102813,198,3.6310296,-4.8125,0,13.268652,22.345955,6789,200,36.171932,22.22334,61.78308,2146,0.3659008,1,0,0,1,0,0,1,0,0,0,0,0,0,0,0,0,0,0,0,0,0,1,0.5,1,2.484739981,5,111.0374985|29.65416718,3,111.0374985,29.65416718
S2205,788,75.55005,923.1687,208.5498,21.495003,23,337,2957,4168,0.2377738,0.7446875,719.5,2.840636,4.875,0,0,94.26364,6773.6,200,25.25613,52.291485,56.456364,1291,0.49599174,1,0,0,1,0,0,0,0,0,0,0,0,0,1,0,0,0,0,0,0,0,1,0.6,4,3.401164066,4,9.462499619|48.46250153,7,9.462499619,48.46250153
S1707,1365,176.5,1743.864,326.5,46.199974,100,575,3615,3060,0.9093131,0.31324893,40,1.2074372,-0.0625,0,3.4024177,0.5575111,3527.6,200,24.517826,16.358006,59.38554,2138,0.39387298,0,1,0,1,0,1,0,0,0,0,0,0,0,0,0,0,0,0,0,0,0,100,0.5,4,3.555348061,5,115.7208328|29.28750038,6,115.7208328,29.28750038
S6882,735,60.5,695.017,212.51685,34.101673,29,739,3439,3038,0.22804508,0.31622797,42.5,1.1673896,-0.375,0,0,114.606575,4635,200,61.07548,137.31459,50.11888,833,0.5210264,1,0,0,1,0,0,0,0,0,0,0,0,0,0,0,0,0,0,0,1,0,1,0.25,4,2.01436952,6,27.26250076|58.29583359,7,27.26250076,58.29583359
S4455,930,5.5168457,657.9165,195.51685,62.301674,,1484,4636,2134,-0.52575064,-0.4759143,1394.5,2.2448254,2,0,0,73.896,5772,200,35.689667,182.23006,55.13674,854,0.7296108,0,1,0,1,0,0,0,0,0,0,0,0,0,0,0,0,0,0,0,0,1,1,0.25,5,1.945910149,9,-117.3291702|53.42083359,9,-117.3291702,53.42083359
S893,894.99994,-49.467773,823.51465,118.51587,67.29167,22,612,1251,2559,0.66325283,-0.4683752,3447,6.4627595,-2.25,0,0,0,2182.6,121.16731,39.09707,130.3324,58.49457,1140,0.30655563,0,1,0,1,0,0,0,0,0,0,0,0,0,0,0,0,0,0,0,0,1,100,2,10,2.995732274,1,75.42082977|41.91249847,4,75.42082977,41.91249847
S7771,909,26.466797,621.1509,213.46655,66.99833,,1019,2372,2803,-0.96363586,-0.081362695,911,2.931128,2.5625,0,0,93.60818,5528.8,200,34.626884,222.31874,53.22273,680,0.77110505,0,1,0,1,0,0,0,0,0,0,0,0,0,0,0,0,0,0,0,0,1,1,0.25,5,0.6931471806,10,-116.5958328|54.20416641,9,-116.5958328,54.20416641
S3994,1254,121.61694,3193.9346,176.5835,24.396688,20,751,4018,3778,0.4215162,0.9067608,1941,5.4097967,2,0,0,8.919644,9833.6,199.96217,45.98457,166.13841,55.210518,2003,0.20980686,0,1,0,1,0,0,0,0,0,0,0,0,0,0,0,0,0,0,0,0,1,1,0.25,2,3.218835846,6,-155.3291626|19.82083321,1,-155.3291626,19.82083321
S4154,1254,121.61694,3193.9346,176.5835,24.396688,20,751,4018,3778,0.4215162,0.9067608,1941,5.4097967,2,0,0,8.919644,9833.6,199.96217,45.98457,166.13841,55.210518,2003,0.20980686,0,1,0,1,0,0,0,0,0,0,0,0,0,0,0,0,0,0,0,0,1,1,0.25,2,2.708050201,7,-155.3291626|19.82083321,1,-155.3291626,19.82083321
S1876,864,104.5,817.96674,224.48315,11.6,62,428,2111,3285,-0.25686583,0.29191923,40,0.42182255,-1.5,0,0.92368823,28.662045,6700.8,200,29.53292,16.30196,61.06855,1024,0.5062358,0,1,0,1,0,0,0,0,0,1,0,0,0,0,0,0,0,0,0,0,0,4,0.25,4,2.917716706,7,4.987500191|50.88750076,6,4.987500191,50.88750076
S6535,1254,121.61694,3193.9346,176.5835,24.396688,20,751,4018,3778,0.4215162,0.9067608,1941,5.4097967,2,0,0,8.919644,9833.6,199.96217,45.98457,166.13841,55.210518,2003,0.20980686,0,1,0,1,0,0,0,0,0,0,0,0,0,0,0,0,0,0,0,0,1,1,0.25,2,2.505525937,8,-155.3291626|19.82083321,1,-155.3291626,19.82083321
S4134,1266,136.55005,3570.5193,186.5498,23.998333,,266,3682,5493,0.36486655,0.9310581,1662.5,5.110835,-2.75,0,0,58.27413,11484.8,200,59.214035,235.09749,47.766872,2003,0.2097156,0,1,0,1,0,0,0,0,0,0,0,0,0,0,0,0,0,0,0,0,1,1,0.25,1,3.375229821,6,-155.3041687|19.82916641,1,-155.3041687,19.82916641
S3354,921,66.5,1030.0669,257.4834,14.9,76,384,-542,2795,-0.31622744,0.7071071,17.5,0.13480535,-0.0625,0,0.6216277,0.86844444,4559.8,200,37.614765,99.281906,62.548576,1233,0.7181875,1,0,1,0,0,0,0,0,0,0,0,0,0,0,0,0,0,1,0,0,0,100,0.5,4,3.46564214,8,-73.37083435|45.72083282,10,-73.37083435,45.72083282
S1350,1933.9998,227.56665,2950.6462,248.5498,17.9,,270,1755,3805,0.74400765,0.6681686,49.5,5.9855947,-4,0,0.09063805,121.70809,16026.4,200,29.373148,81.71923,54.94825,1723,0.19560494,1,0,0,1,0,0,0,0,0,0,0,0,0,0,0,0,0,0,1,0,0,100,0.25,1,3.218795789,7,-156.0375061|20.79583359,2,-156.0375061,20.79583359
S2455,674,62.5,610.10016,186.48315,29.7,,961,964,1965,0.46054667,0.52532357,17,1.3315935,0.75,0,0.031560797,89.382935,6652.2,142.64383,63.288723,92.9792,55.291878,742,0.6547216,0,1,0,1,0,0,0,0,0,0,0,0,0,0,0,0,0,0,0,1,0,1,0.265,4,3.120910114,9,19.92083359|60.34583282,9,19.92083359,60.34583282
S4608,464,68.47217,5601.8057,108.47217,34.105007,28,1109,3344,2741,-0.6022751,-0.028059132,3698.5,20.100887,44.125,0,0.05058488,95.51573,2825,116.335846,42.508846,201.56622,53.01545,3059,0.27766055,0,1,0,1,0,0,0,0,0,0,0,0,0,0,0,0,0,0,0,0,1,100,2,10,2.63905733,2,145.0541687|-5.787499905,3,145.0541687,-5.787499905
S4206,813,83.499756,628.3523,216.48315,14.298355,72,754,3960,1958,0.9513384,0.054338474,294.5,2.8189611,1.4375,0,0.498069,39.86969,6268,200,27.55997,33.30711,64.04292,1228,0.48777267,1,0,0,1,0,0,0,0,0,0,0,0,1,0,0,0,0,0,0,0,0,1,1,4,2.302585093,10,10.42083359|51.27083206,10,10.42083359,51.27083206
S2193,1260,37.516846,377.0332,248.5,104.70003,48,746,3307,3786,0.99033046,0.085675746,1343,0.9043521,-0.625,0,0.004994868,0,2068.2,200,49.571487,14.233843,79.75255,888,0.3697996,1,0,0,1,0,0,0,0,0,0,0,0,0,0,0,0,0,0,0,1,0,100,0.5,8,3.562323645,5,116.2791672|42.02916718,9,116.2791672,42.02916718
S1334,1737,252.53296,1428.087,292.53296,82.701675,89,769,544,3350,0.2944964,0.891281,35,1.5555387,-0.375,0,0.10100136,0.5688889,7302,200,57.635246,27.247858,56.747547,2110,0.18316995,0,1,1,0,0,0,0,0,0,1,0,0,0,0,0,0,0,0,0,0,0,100,0.25,1,4.139732108,8,108.7791672|18.54583359,8,108.7791672,18.54583359
S4758,1267,131.61621,3437.4023,183.5664,24.196665,,261,3851,6205,0.39932412,0.9167687,1745,5.119382,0.375,0,0,18.65031,6519.2,200,53.640045,224.0743,50.686573,2003,0.2097156,0,1,0,1,0,0,0,0,0,0,0,0,0,0,0,0,0,0,0,0,1,1,0.25,1,3.17742866,9,-155.3125|19.82916641,1,-155.3125,19.82916641
S6766,1266,136.55005,3570.5193,186.5498,23.998333,,266,3682,5493,0.36486655,0.9310581,1662.5,5.110835,-2.75,0,0,58.27413,11484.8,200,59.214035,235.09749,47.766872,2003,0.2097156,0,1,0,1,0,0,0,0,0,0,0,0,0,0,0,0,0,0,0,0,1,1,0.25,1,2.692530393,10,-155.3041687|19.82916641,1,-155.3041687,19.82916641
S4783,1273,182.5,1732.1478,333.53345,47.50167,53,1421,969,1174,0.7838823,-0.019811742,94,1.3082895,1.25,0,0.61262494,26.9792,3980.4,200,34.9169,20.5226,57.7983,2200,0.3663975,0,1,0,1,0,0,0,0,0,1,0,0,0,0,0,0,0,0,0,0,0,400,1.5,1,3.215510182,1,119.5958328|29.00416756,3,119.5958328,29.00416756
S6443,953,31.466797,529.0332,217.46704,49.198322,,598,3200,4121,-0.90916264,0.41643113,803,2.488282,-0.5625,0,0,100.69778,4763.4,200,45.198517,191.8483,53.461014,707,0.7212237,0,1,0,1,0,0,0,0,0,0,0,0,0,0,0,0,0,0,0,0,1,1,0.25,6,1.502743164,4,-119.6791687|54.8125,6,-119.6791687,54.8125
S2124,1805,268.5,1177.4192,367.5332,90.09999,21,326,-105,4068,-0.3804976,0.62395006,326.5,1.3408642,1.3125,11.538462,0.00010151729,74.408714,5335.6,200,63.105183,13.134679,60.30972,980,0.30372122,0,1,0,1,0,0,0,0,0,0,0,0,0,0,0,0,0,0,0,0,1,100,2,7,4.317421481,4,2.1875|9.262499809,5,2.1875,9.262499809
S3262,1100,39.549805,394.96646,251.5498,62.90165,85,1388,2058,1353,0.9864293,0.16007537,807,0.74635416,1.25,0,0.017561192,0,4538,200,41.777393,24.815668,68.62485,603,0.624223,1,0,1,0,0,0,0,0,0,0,0,0,0,0,0,1,0,0,0,0,0,100,1,8,1.608437389,6,-107.6875|50.29583359,4,-107.6875,50.29583359
S2107,750,65.5,665.0667,187.51685,31.201645,23,953,2039,1984,0.9365692,-0.053244792,7,0.46915835,0.125,100,0.0007552557,60.105957,6096.6,185.71782,52.855045,69.216866,59.659035,894,0.5578785,0,1,0,1,0,0,0,0,0,0,0,0,0,0,0,0,0,0,0,0,1,100,5,4,3.737645822,1,23.57083321|58.58750153,7,23.57083321,58.58750153
S3269,1794,268.5166,1034.0333,360.5166,64.00167,,324,2584,4644,0.34915483,-0.15822619,237,1.0023677,1.8125,19.23077,0,38.5344,4521.8,200,51.84038,18.076101,60.941216,945,0.25616312,0,1,0,1,0,0,0,0,0,0,0,0,0,0,0,0,0,0,0,0,1,100,2,7,2.833213344,5,-3.762500048|8.762499809,8,-3.762500048,8.762499809
S5186,1254,121.61694,3193.9346,176.5835,24.396688,20,751,4018,3778,0.4215162,0.9067608,1941,5.4097967,2,0,0,8.919644,9833.6,199.96217,45.98457,166.13841,55.210518,2003,0.20980686,0,1,0,1,0,0,0,0,0,0,0,0,0,0,0,0,0,0,0,0,1,1,0.25,2,3.113515309,9,-155.3291626|19.82083321,1,-155.3291626,19.82083321
S7683,1267,131.61621,3437.4023,183.5664,24.196665,,261,3851,6205,0.39932412,0.9167687,1745,5.119382,0.375,0,0,18.65031,6519.2,200,53.640045,224.0743,50.686573,2003,0.2097156,0,1,0,1,0,0,0,0,0,0,0,0,0,0,0,0,0,0,0,0,1,1,0.25,1,0.6931471806,2,-155.3125|19.82916641,1,-155.3125,19.82916641
S4780,1021.99994,-1.3825684,1379.0079,187.63428,22.596657,,1769,1322,2437,0.53414994,0.7705729,2094.5,18.36282,-15.4375,0,0,1.0808889,1251.4,61.5736,43.513676,120.381424,57.67844,1018,0.48781145,1,0,0,1,0,0,0,0,0,0,0,0,0,0,0,0,0,0,1,0,0,1,0.25,5,2.525088409,1,-113.3458328|48.46250153,2,-113.3458328,48.46250153
S4449,1266,136.55005,3570.5193,186.5498,23.998333,,266,3682,5493,0.36486655,0.9310581,1662.5,5.110835,-2.75,0,0,58.27413,11484.8,200,59.214035,235.09749,47.766872,2003,0.2097156,0,1,0,1,0,0,0,0,0,0,0,0,0,0,0,0,0,0,0,0,1,1,0.25,1,3.257750294,3,-155.3041687|19.82916641,1,-155.3041687,19.82916641
S2386,1571,139.41675,647.5178,265.5669,89.40003,19,1217,2163,2015,-0.5262463,-0.8033522,205.5,8.986496,-6.875,0,9.332913,147.19449,,195.17812,45.166164,34.115593,58.576218,1197,0.21143512,0,1,0,1,0,0,0,0,0,0,0,0,0,0,0,0,0,0,0,0,1,100,2,12,3.695085172,9,-122.2458344|37.87083435,5,-122.2458344,37.87083435
S925,1544,253.5332,1646.1675,309.5166,58.29666,100,600,3331,2658,-0.745687,-0.21421802,57.5,0.9880488,0.1875,0,40.788925,49.4032,5269.4,200,62.742184,20.8349,51.305363,1501,0.19821069,0,1,0,1,0,0,1,0,0,0,0,0,0,0,0,0,0,0,0,0,0,113,0.25,1,4.62595271,4,-6.545833111|5.020833492,8,-6.545833111,5.020833492
S2095,1420,146.5,553,319.5,103.89999,100,1201,1538,1352,0.44721296,-0.2561731,52,0.16907111,-0.125,0,9.119071,1.2117333,3335.6,200,25.678463,9.741294,81.09618,1038,0.43088305,0,1,0,1,0,0,0,0,0,1,0,0,0,0,0,0,0,0,0,0,0,10000,0.5,4,4.371509043,2,114.9625015|36.22916794,4,114.9625015,36.22916794
S1159,1325,191.50024,2007.9335,337.5,57.6,75,761,298,3690,0.4969598,0.7796282,45.5,0.4650057,0.4375,0,41.505493,7.123911,4587.2,200,41.91382,15.936318,52.365612,2054,0.3694445,0,1,0,1,0,0,0,0,0,1,0,0,0,0,0,0,0,0,0,0,0,400,1.5,4,3.406715474,3,116.9291687|28.20416641,7,116.9291687,28.20416641
S7509,793,55.483643,619.2173,231.48364,30.6,,591,2999,4272,-0.5133586,0.8580829,152,1.1074951,-0.5625,0,0,171.00746,5309.2,200,54.3547,128.89195,49.404236,838,0.49628568,0,1,0,1,0,0,0,0,0,0,0,0,0,0,0,0,0,0,0,0,1,100,5,4,0.6931471806,4,37.63750076|54.87083435,6,37.63750076,54.87083435
S1325,921,66.5,1030.0669,257.4834,14.9,76,384,-542,2795,-0.31622744,0.7071071,17.5,0.13480535,-0.0625,0,0.6216277,0.86844444,4559.8,200,37.614765,99.281906,62.548576,1233,0.7181875,1,0,1,0,0,0,0,0,0,0,0,0,0,0,0,0,0,1,0,0,0,100,0.5,4,2.525568643,5,-73.37083435|45.72083282,10,-73.37083435,45.72083282
S6295,943,18.5,600.9491,201.4834,44.805016,,642,-900,3294,0.884689,0.39487228,1066,2.6907244,-2.0625,0,0,122.768715,5186.4,200,39.759064,187.37015,54.21263,707,0.6929289,0,1,0,1,0,0,0,0,0,0,0,0,0,0,0,0,0,0,0,0,1,1,0.25,5,1.098612289,2,-119.9958344|54.67083359,6,-119.9958344,54.67083359
S6727,1266,136.55005,3570.5193,186.5498,23.998333,,266,3682,5493,0.36486655,0.9310581,1662.5,5.110835,-2.75,0,0,58.27413,11484.8,200,59.214035,235.09749,47.766872,2003,0.2097156,0,1,0,1,0,0,0,0,0,0,0,0,0,0,0,0,0,0,0,0,1,1,0.25,1,2.751237377,5,-155.3041687|19.82916641,1,-155.3041687,19.82916641
S4085,1214,161.5,907.0667,311.5,62.005035,100,821,720,2604,-0.8287461,0.48085517,135.5,0.2209244,0.375,0,7.01771,0,4641.6,200,24.630434,11.925235,71.8125,1678,0.36472446,0,1,0,1,0,0,0,0,0,1,0,0,0,0,0,0,0,0,0,0,0,10000,0.5,4,4.110627942,6,111.8874969|32.52916718,6,111.8874969,32.52916718
S1776,610,13.516846,870.6993,142.5,19.501703,,1426,520,2216,0.97088385,0.23935781,16,3.1720703,-1,100,0,4.9002666,2928.2,200,52.707752,131.9147,55.238834,473,0.5634643,0,1,0,1,0,0,0,0,0,0,0,0,0,0,0,0,0,0,0,0,1,100,2,11,2.995732274,10,24.62083244|70.61250305,10,24.62083244,70.61250305
S1180,1601,246.4834,2205.302,323.4834,69.99997,88,776,5107,2506,-0.9469061,-0.1650163,36,1.2230806,0.125,0,2.1836524,31.796621,7068.4,200,42.181496,19.212774,54.58783,1991,0.2197157,0,1,1,0,0,0,0,0,0,1,0,0,0,0,0,0,0,0,0,0,0,100,0.25,1,3.531113879,6,110.1958313|19.76250076,2,110.1958313,19.76250076
S3390,1314,225.45093,2194.9697,314.46753,63.696648,80,1194,1114,1853,-0.8742497,0.32050675,15.5,4.7889504,-2.9375,100,15.645796,34.783287,4414.2,200,42.469406,21.522049,57.10191,2067,0.26481214,0,1,0,1,0,0,0,0,0,1,0,0,0,0,0,0,0,0,0,0,0,400,1.5,1,2.772526195,7,112.5541687|23.16250038,8,112.5541687,23.16250038
S2352,788,75.55005,923.1687,208.5498,21.495003,23,337,2957,4168,0.2377738,0.7446875,719.5,2.840636,4.875,0,0,94.26364,6773.6,200,25.25613,52.291485,56.456364,1291,0.49599174,1,0,0,1,0,0,0,0,0,0,0,0,0,1,0,0,0,0,0,0,0,1,0.6,4,3.437979243,7,9.462499619|48.46250153,7,9.462499619,48.46250153
S1276,921,66.5,1030.0669,257.4834,14.9,76,384,-542,2795,-0.31622744,0.7071071,17.5,0.13480535,-0.0625,0,0.6216277,0.86844444,4559.8,200,37.614765,99.281906,62.548576,1233,0.7181875,1,0,1,0,0,0,0,0,0,0,0,0,0,0,0,0,0,1,0,0,0,100,0.5,4,3.17805383,8,-73.37083435|45.72083282,10,-73.37083435,45.72083282
S1886,921,66.5,1030.0669,257.4834,14.9,76,384,-542,2795,-0.31622744,0.7071071,17.5,0.13480535,-0.0625,0,0.6216277,0.86844444,4559.8,200,37.614765,99.281906,62.548576,1233,0.7181875,1,0,1,0,0,0,0,0,0,0,0,0,0,0,0,0,0,1,0,0,0,100,0.5,4,3.156830206,9,-73.37083435|45.72083282,10,-73.37083435,45.72083282
S3590,1762,247.5,1126.0165,330.5,86.40165,,321,177,3407,0.90308774,-0.378517,36,0.23910196,-0.25,34.615387,0.027353775,28.696356,7758,200,64.23846,15.340126,61.27091,1091,0.23215778,1,0,0,1,0,0,0,0,0,0,0,0,0,0,0,0,0,0,0,1,0,1,0.25,7,3.637401933,6,34.36249924|-18.97083282,4,34.36249924,-18.97083282
S5355,867,105.48364,808.01666,224.48364,11.5,74,763,4001,2662,0.7016457,-0.41915107,35,0.7733285,-1.3125,0,1.1196091,17.368177,6235.6,200,25.698122,17.714739,63.268166,1024,0.5058858,0,1,0,1,0,0,0,0,0,1,0,0,0,0,0,0,0,0,0,0,0,4,0.25,4,2.302285022,10,4.979166508|50.86249924,6,4.979166508,50.86249924
S6757,1254,121.61694,3193.9346,176.5835,24.396688,20,751,4018,3778,0.4215162,0.9067608,1941,5.4097967,2,0,0,8.919644,9833.6,199.96217,45.98457,166.13841,55.210518,2003,0.20980686,0,1,0,1,0,0,0,0,0,0,0,0,0,0,0,0,0,0,0,0,1,1,0.25,2,2.07831593,10,-155.3291626|19.82083321,1,-155.3291626,19.82083321
S4442,1762,247.5,1126.0165,330.5,86.40165,,321,177,3407,0.90308774,-0.378517,36,0.23910196,-0.25,34.615387,0.027353775,28.696356,7758,200,64.23846,15.340126,61.27091,1091,0.23215778,1,0,0,1,0,0,0,0,0,0,0,0,0,0,0,0,0,0,0,1,0,1,0.25,7,3.433954964,7,34.36249924|-18.97083282,4,34.36249924,-18.97083282
S6839,1601,246.4834,2205.302,323.4834,69.99997,88,776,5107,2506,-0.9469061,-0.1650163,36,1.2230806,0.125,0,2.1836524,31.796621,7068.4,200,42.181496,19.212774,54.58783,1991,0.2197157,0,1,1,0,0,0,0,0,0,1,0,0,0,0,0,0,0,0,0,0,0,100,0.25,1,3.256980557,8,110.1958313|19.76250076,2,110.1958313,19.76250076
S4147,1266,136.55005,3570.5193,186.5498,23.998333,,266,3682,5493,0.36486655,0.9310581,1662.5,5.110835,-2.75,0,0,58.27413,11484.8,200,59.214035,235.09749,47.766872,2003,0.2097156,0,1,0,1,0,0,0,0,0,0,0,0,0,0,0,0,0,0,0,0,1,1,0.25,1,2.916147757,9,-155.3041687|19.82916641,1,-155.3041687,19.82916641
S3672,826.00006,4.8867188,1584.0513,162.86938,12.610051,,718,4528,4330,-0.12726328,0.8928879,2335.5,14.659204,7.125,0,0,61.282845,3836.6,109.63463,43.679913,135.77727,50.622433,1251,0.4580936,0,1,0,1,0,0,0,0,0,0,0,0,0,0,0,0,0,0,0,0,1,100,2,4,3.367261366,1,42.72083282|43.07916641,10,42.72083282,43.07916641
S6747,1267,131.61621,3437.4023,183.5664,24.196665,,261,3851,6205,0.39932412,0.9167687,1745,5.119382,0.375,0,0,18.65031,6519.2,200,53.640045,224.0743,50.686573,2003,0.2097156,0,1,0,1,0,0,0,0,0,0,0,0,0,0,0,0,0,0,0,0,1,1,0.25,1,3.524623779,10,-155.3125|19.82916641,1,-155.3125,19.82916641
S2721,804,83.56665,660.8661,216.5669,12.998352,47,880,3692,2171,0.9940065,-0.10653193,299.5,8.257263,-3.5,0,0,82.03502,6324,200,29.824488,38.11028,60.180016,1122,0.4942212,1,0,0,1,0,0,0,0,0,0,0,0,1,0,0,0,0,0,0,0,0,1,1,4,2.708050201,2,10.40416622|50.97083282,10,10.40416622,50.97083282
S5075,1354,154.5,946.96655,311.5,80.801674,100,823,3362,2657,0.88272566,0.017231165,54,0.5055779,0.0625,0,6.8054237,0,4930,200,24.329462,13.452157,79.334946,1329,0.40240216,0,1,1,0,0,0,0,0,0,1,0,0,0,0,0,0,0,0,0,0,0,10000,0.5,4,4.432660322,3,114.2291641|33.37083435,3,114.2291641,33.37083435
S2980,1128,22.331055,499.65533,225.33105,104.90169,35,830,5194,3435,-0.0415957,0.89784,1374,8.122833,-9.25,0,0.0675555,5.2672,,199.29158,43.57107,49.01486,67.30178,1078.6874,0.38294464,1,0,0,1,0,0,1,0,0,0,0,0,0,0,0,0,0,0,0,0,0,100,0.5,4,3.766789145,4,117.5124969|42.29583359,9,117.5124969,42.29583359
S5819,921,66.5,1030.0669,257.4834,14.9,76,384,-542,2795,-0.31622744,0.7071071,17.5,0.13480535,-0.0625,0,0.6216277,0.86844444,4559.8,200,37.614765,99.281906,62.548576,1233,0.7181875,1,0,1,0,0,0,0,0,0,0,0,0,0,0,0,0,0,1,0,0,0,100,0.5,4,2.740710993,5,-73.37083435|45.72083282,10,-73.37083435,45.72083282
S5838,1447.9999,100.66748,543.4977,273.68433,41.39668,,492,1602,5658,0.6802275,-0.7045553,1652,15.049555,5.9375,0,0,70.813515,5953.8,190.95566,45.089645,39.135887,64.03502,2083,0.28689593,1,0,0,1,0,0,0,0,0,0,0,0,0,0,0,0,0,0,0,1,0,1,0.5,12,2.250238589,10,-2.837500095|37.40416718,10,-2.837500095,37.40416718
S5328,921,66.5,1030.0669,257.4834,14.9,76,384,-542,2795,-0.31622744,0.7071071,17.5,0.13480535,-0.0625,0,0.6216277,0.86844444,4559.8,200,37.614765,99.281906,62.548576,1233,0.7181875,1,0,1,0,0,0,0,0,0,0,0,0,0,0,0,0,0,1,0,0,0,100,0.5,4,3.481209337,6,-73.37083435|45.72083282,10,-73.37083435,45.72083282
S3463,1021.99994,-50.98242,983.7177,125.15039,42.203377,,1849,1099,2341,-0.06362614,0.5400648,3941.5,10.028063,-21.5,0,0.0016898739,0,,105.75871,57.596054,113.67637,61.41374,692,0.4620124,0,1,0,1,0,0,0,0,0,0,0,0,0,0,0,0,0,0,0,0,1,100,2,10,3.068052935,3,77.11250305|32.80416489,5,77.11250305,32.80416489
S4395,1254,121.61694,3193.9346,176.5835,24.396688,20,751,4018,3778,0.4215162,0.9067608,1941,5.4097967,2,0,0,8.919644,9833.6,199.96217,45.98457,166.13841,55.210518,2003,0.20980686,0,1,0,1,0,0,0,0,0,0,0,0,0,0,0,0,0,0,0,0,1,1,0.25,2,2.832683802,1,-155.3291626|19.82083321,1,-155.3291626,19.82083321
S6269,919,27.533203,588.917,215.5332,60.803314,,1163,2262,3008,-0.97101945,0.23842725,1088.5,1.7231948,1.6875,0,0,124.79769,5613,200,37.465572,154.22768,57.287178,854,0.73052317,0,1,0,1,0,0,0,0,0,0,0,0,0,0,0,0,0,0,0,0,1,1,0.25,5,1.943192165,3,-116.9708328|53.32083511,9,-116.9708328,53.32083511
S5091,672,63.5,590.0335,194.5,29.001675,,1275,3328,2435,-0.70336676,-0.3646894,15,1.1449437,1.1875,0,0,82.64089,6353,118.7757,59.116756,98.4681,54.86442,,0.6560382,0,1,0,1,0,0,0,0,0,0,0,0,0,0,0,0,0,0,0,1,0,1,0.265,3,2.684918009,6,19.80416679|60.33750153,9,19.80416679,60.33750153
S6106,1266,136.55005,3570.5193,186.5498,23.998333,,266,3682,5493,0.36486655,0.9310581,1662.5,5.110835,-2.75,0,0,58.27413,11484.8,200,59.214035,235.09749,47.766872,2003,0.2097156,0,1,0,1,0,0,0,0,0,0,0,0,0,0,0,0,0,0,0,0,1,1,0.25,1,3.134928818,1,-155.3041687|19.82916641,1,-155.3041687,19.82916641
S6870,932,18.6167,422.59857,223.71631,45.70502,,834,3918,2295,0.9264581,0.112966165,644.5,4.045503,4.5625,0,0.002423702,116.87911,6537.4,199.87587,33.51485,212.29474,59.648636,659,0.7286248,0,1,0,1,0,0,0,0,0,0,0,0,0,0,0,0,0,0,0,0,1,1,0.25,6,1.386294361,5,-119.0958328|56.26250076,7,-119.0958328,56.26250076
S3173,1365,176.5,1743.864,326.5,46.199974,100,575,3615,3060,0.9093131,0.31324893,40,1.2074372,-0.0625,0,3.4024177,0.5575111,3527.6,200,24.517826,16.358006,59.38554,2138,0.39387298,0,1,0,1,0,1,0,0,0,0,0,0,0,0,0,0,0,0,0,0,0,100,0.5,4,3.583463412,7,115.7208328|29.28750038,6,115.7208328,29.28750038
S3107,1266,136.55005,3570.5193,186.5498,23.998333,,266,3682,5493,0.36486655,0.9310581,1662.5,5.110835,-2.75,0,0,58.27413,11484.8,200,59.214035,235.09749,47.766872,2003,0.2097156,0,1,0,1,0,0,0,0,0,0,0,0,0,0,0,0,0,0,0,0,1,1,0.25,1,2.9956823,2,-155.3041687|19.82916641,1,-155.3041687,19.82916641
S1285,1461,120.670166,1926.3585,252.68701,62.78488,20,289,3082,5552,0.012268972,0.995644,1931.5,17.20348,-12.0625,0,4.842883,169.7223,4397.8,173.63281,26.85935,62.749645,58.81666,1859,0.36075014,0,1,0,1,0,0,0,0,0,0,0,0,0,0,0,0,0,0,0,0,1,100,2,4,3.473518043,8,73.40416718|33.92916489,10,73.40416718,33.92916489
S1210,1150,83.5,414.96683,287.5,16.998325,49,396,4387,5523,0.3873337,-0.89980847,83,0.45360857,-0.0625,0,0,0,1829,200,21.34082,27.140648,70.88895,762,0.4406397,0,1,0,1,0,0,0,0,0,0,0,0,0,0,0,0,0,0,0,0,1,100,5,8,4.516338972,7,44.12083435|49.11249924,9,44.12083435,49.11249924
S5129,804,83.56665,660.8661,216.5669,12.998352,47,880,3692,2171,0.9940065,-0.10653193,299.5,8.257263,-3.5,0,0,82.03502,6324,200,29.824488,38.11028,60.180016,1122,0.4942212,1,0,0,1,0,0,0,0,0,0,0,0,1,0,0,0,0,0,0,0,0,1,1,4,2.772588722,9,10.40416622|50.97083282,10,10.40416622,50.97083282
S7250,932,18.6167,422.59857,223.71631,45.70502,,834,3918,2295,0.9264581,0.112966165,644.5,4.045503,4.5625,0,0.002423702,116.87911,6537.4,199.87587,33.51485,212.29474,59.648636,659,0.7286248,0,1,0,1,0,0,0,0,0,0,0,0,0,0,0,0,0,0,0,0,1,1,0.25,6,2.224191057,6,-119.0958328|56.26250076,7,-119.0958328,56.26250076
S6774,1254,121.61694,3193.9346,176.5835,24.396688,20,751,4018,3778,0.4215162,0.9067608,1941,5.4097967,2,0,0,8.919644,9833.6,199.96217,45.98457,166.13841,55.210518,2003,0.20980686,0,1,0,1,0,0,0,0,0,0,0,0,0,0,0,0,0,0,0,0,1,1,0.25,2,3.007512588,2,-155.3291626|19.82083321,1,-155.3291626,19.82083321
S7089,1447.9999,100.66748,543.4977,273.68433,41.39668,,492,1602,5658,0.6802275,-0.7045553,1652,15.049555,5.9375,0,0,70.813515,5953.8,190.95566,45.089645,39.135887,64.03502,2083,0.28689593,1,0,0,1,0,0,0,0,0,0,0,0,0,0,0,0,0,0,0,1,0,1,0.5,12,2.366779815,1,-2.837500095|37.40416718,10,-2.837500095,37.40416718
S6672,1266,136.55005,3570.5193,186.5498,23.998333,,266,3682,5493,0.36486655,0.9310581,1662.5,5.110835,-2.75,0,0,58.27413,11484.8,200,59.214035,235.09749,47.766872,2003,0.2097156,0,1,0,1,0,0,0,0,0,0,0,0,0,0,0,0,0,0,0,0,1,1,0.25,1,3.613670909,3,-155.3041687|19.82916641,1,-155.3041687,19.82916641
S4331,1760,244.48364,1222.2501,326.48364,85.90001,,324,260,4038,-0.18569498,0.86760217,95.5,1.0685066,-0.5,48.076923,0.27658707,42.833424,7585.6,199.90366,69.647675,17.959805,60.28013,1588,0.23592591,1,0,0,1,0,0,0,0,0,0,0,0,0,0,0,0,0,0,0,1,0,1,0.25,7,3.610809755,8,34.22916794|-19.00416756,4,34.22916794,-19.00416756
S2394,1216,167.50024,1653.9944,305.4839,56.296684,41,457,537,2838,0.54097223,0.1759602,236.5,3.777348,-5.125,0,2.2950344,23.691023,7240.8,200,35.17795,22.184742,61.59865,2146,0.3658854,1,0,0,1,0,0,1,0,0,0,0,0,0,0,0,0,0,0,0,0,0,1,0.5,1,2.80317853,4,111.0208359|29.64583397,3,111.0208359,29.64583397
S1292,1444,75.5,335.89932,278.5,104.5,29,1335,1241,2526,0.45420775,0.88831884,1295,0.27141964,-0.25,0,0.09492927,0,1502.6,200,52.242252,11.476553,84.35047,710,0.39320078,1,0,0,1,0,0,1,0,0,0,0,0,0,0,0,0,0,0,0,0,0,100,0.5,10,2.813370738,4,109.7541656|39.49583435,4,109.7541656,39.49583435
S4880,1267,131.61621,3437.4023,183.5664,24.196665,,261,3851,6205,0.39932412,0.9167687,1745,5.119382,0.375,0,0,18.65031,6519.2,200,53.640045,224.0743,50.686573,2003,0.2097156,0,1,0,1,0,0,0,0,0,0,0,0,0,0,0,0,0,0,0,0,1,1,0.25,1,2.719056104,5,-155.3125|19.82916641,1,-155.3125,19.82916641
S6916,1447.9999,100.66748,543.4977,273.68433,41.39668,,492,1602,5658,0.6802275,-0.7045553,1652,15.049555,5.9375,0,0,70.813515,5953.8,190.95566,45.089645,39.135887,64.03502,2083,0.28689593,1,0,0,1,0,0,0,0,0,0,0,0,0,0,0,0,0,0,0,1,0,1,0.5,12,3.329343281,2,-2.837500095|37.40416718,10,-2.837500095,37.40416718
S2754,1158,47.5,531.9998,270.5,108.49998,72,1684,2467,1739,-0.7071073,-0.40386167,141,0.2209244,-0.1875,0,15.997959,0,3000.8,200,31.801802,31.20312,73.425186,690,0.36074892,0,1,0,1,0,0,0,0,0,1,0,0,0,0,0,0,0,0,0,0,0,100,0.5,4,3.583463412,10,126.3458328|45.63750076,8,126.3458328,45.63750076
S2043,1285,211.50122,2388.2417,296.5349,64.09496,4,392,2911,4764,-0.51543915,0.3193583,370,9.578581,-10,0,0,98.89956,3024.6,198.96468,48.84922,40.156616,53.114693,2067,0.26495403,0,1,0,1,0,0,0,0,0,0,0,0,0,0,0,1,0,0,0,0,0,100,0.5,1,3.717612682,6,112.5291672|23.17083359,8,112.5291672,23.17083359
S2874,1183,67.5,575.93317,271.5332,107.50165,100,599,-1521,2540,0.7071065,0.15811387,176,0.09783207,0.125,0,0.8649479,0.27306667,2967.6,200,29.19399,37.859787,70.690895,816,0.3885432,0,1,0,1,0,0,0,0,0,1,0,0,0,0,0,0,0,0,0,0,0,100,0.5,4,4.025280231,1,124.6958313|43.49583435,7,124.6958313,43.49583435
S6266,531.00006,-57.55005,804.6339,139.50024,55.501656,,2909,3487,793,-0.981627,-0.16812092,542.5,14.542088,8.125,0,0,2.6805334,2511.4,70.87092,44.30207,155.04678,50.124058,606,0.29815227,0,1,0,1,0,0,0,0,0,0,0,0,0,0,0,0,0,0,0,0,1,100,5,6,2.251291799,7,150.7208405|59.67916489,5,150.7208405,59.67916489
S6368,919,27.533203,588.917,215.5332,60.803314,,1163,2262,3008,-0.97101945,0.23842725,1088.5,1.7231948,1.6875,0,0,124.79769,5613,200,37.465572,154.22768,57.287178,854,0.73052317,0,1,0,1,0,0,0,0,0,0,0,0,0,0,0,0,0,0,0,0,1,1,0.25,5,2.191206516,4,-116.9708328|53.32083511,9,-116.9708328,53.32083511
S3968,1764,247.5,1120.9666,331.5,86.6,18,357,1970,3870,0.31622726,0.35355365,28,0.18031488,0.25,40.384613,0,42.555023,8064.2,200,66.57472,12.886098,60.340347,1091,0.23175979,1,0,0,1,0,0,0,0,0,0,0,0,0,0,0,0,0,0,0,1,0,1,0.25,7,1.945910149,9,34.45416641|-18.9375,4,34.45416641,-18.9375
S7166,1266,136.55005,3570.5193,186.5498,23.998333,,266,3682,5493,0.36486655,0.9310581,1662.5,5.110835,-2.75,0,0,58.27413,11484.8,200,59.214035,235.09749,47.766872,2003,0.2097156,0,1,0,1,0,0,0,0,0,0,0,0,0,0,0,0,0,0,0,0,1,1,0.25,1,2.668616137,7,-155.3041687|19.82916641,1,-155.3041687,19.82916641
S6741,1266,136.55005,3570.5193,186.5498,23.998333,,266,3682,5493,0.36486655,0.9310581,1662.5,5.110835,-2.75,0,0,58.27413,11484.8,200,59.214035,235.09749,47.766872,2003,0.2097156,0,1,0,1,0,0,0,0,0,0,0,0,0,0,0,0,0,0,0,0,1,1,0.25,1,3.347163524,8,-155.3041687|19.82916641,1,-155.3041687,19.82916641
S5271,1267,131.61621,3437.4023,183.5664,24.196665,,261,3851,6205,0.39932412,0.9167687,1745,5.119382,0.375,0,0,18.65031,6519.2,200,53.640045,224.0743,50.686573,2003,0.2097156,0,1,0,1,0,0,0,0,0,0,0,0,0,0,0,0,0,0,0,0,1,1,0.25,1,3.277107017,9,-155.3125|19.82916641,1,-155.3125,19.82916641
S4377,1260,126.59985,3311.0686,180.5664,24.298332,,266,-809,5397,0.1786791,0.98317844,1849,5.4882984,-1.25,0,0,12.071645,11000.8,200,47.679646,182.91426,52.51077,2003,0.20980686,0,1,0,1,0,0,0,0,0,0,0,0,0,0,0,0,0,0,0,0,1,1,0.25,2,3.928152222,3,-155.3208313|19.82083321,1,-155.3208313,19.82083321
S3914,1266,136.55005,3570.5193,186.5498,23.998333,,266,3682,5493,0.36486655,0.9310581,1662.5,5.110835,-2.75,0,0,58.27413,11484.8,200,59.214035,235.09749,47.766872,2003,0.2097156,0,1,0,1,0,0,0,0,0,0,0,0,0,0,0,0,0,0,0,0,1,1,0.25,1,2.48490665,10,-155.3041687|19.82916641,1,-155.3041687,19.82916641
S1376,1244,142.5,606.9831,298.4668,77.69829,100,1548,2660,1145,-0.9095323,-0.35334596,517,1.1950842,1,0,140.00677,0,,200,29.076893,15.165628,79.2258,1724,0.48846725,0,1,1,0,0,0,0,0,0,1,0,0,0,0,0,0,0,0,0,0,0,16,1.5,4,3.36729583,2,108.0625|34.28749847,6,108.0625,34.28749847
S1083,1728,253.5,1401.9666,313.5,50.198326,,234,1960,4771,-0.7071065,0.61080176,15.5,0.09783207,0.25,0,0,118.8544,14049.4,60.65107,42.211273,75.85825,72.34954,1542,0.14517352,0,1,0,1,0,0,0,0,0,0,0,0,0,0,0,0,0,0,0,1,0,1,0.25,1,3.283426839,1,-87.21250153|21.21249962,8,-87.21250153,21.21249962
S7455,1260,126.59985,3311.0686,180.5664,24.298332,,266,-809,5397,0.1786791,0.98317844,1849,5.4882984,-1.25,0,0,12.071645,11000.8,200,47.679646,182.91426,52.51077,2003,0.20980686,0,1,0,1,0,0,0,0,0,0,0,0,0,0,0,0,0,0,0,0,1,1,0.25,2,1.609437912,4,-155.3208313|19.82083321,1,-155.3208313,19.82083321
S4551,788,75.55005,923.1687,208.5498,21.495003,23,337,2957,4168,0.2377738,0.7446875,719.5,2.840636,4.875,0,0,94.26364,6773.6,200,25.25613,52.291485,56.456364,1291,0.49599174,1,0,0,1,0,0,0,0,0,0,0,0,0,1,0,0,0,0,0,0,0,1,0.6,4,3.295836866,3,9.462499619|48.46250153,7,9.462499619,48.46250153
S3449,788,75.55005,923.1687,208.5498,21.495003,23,337,2957,4168,0.2377738,0.7446875,719.5,2.840636,4.875,0,0,94.26364,6773.6,200,25.25613,52.291485,56.456364,1291,0.49599174,1,0,0,1,0,0,0,0,0,0,0,0,0,1,0,0,0,0,0,0,0,1,0.6,4,3.068052935,4,9.462499619|48.46250153,7,9.462499619,48.46250153
S1774,1386,128.5,667.00006,303.5,102.801674,100,1147,-456,995,-0.5144961,-0.09805745,24,0.19566356,0.375,0,4.905541,0,5356,200,47.202003,10.502928,71.253746,1259,0.37465638,0,1,1,0,0,0,0,0,0,1,0,0,0,0,0,0,0,0,0,0,0,10000,0.5,4,4.094294588,5,119.9791641|36.66249847,2,119.9791641,36.66249847
S1519,1633,156.49854,2415.7485,266.51587,55.901695,23,586,2473,2957,0.70239896,-0.021136247,326,4.839942,-7.125,9.615385,0.00064788427,87.24427,7532.4,172.05397,57.420326,32.612675,61.936592,1952,0.07784722,0,1,0,1,0,0,0,0,0,0,0,0,0,0,0,0,0,0,0,0,1,100,5,12,3.713572067,3,18.95416641|-33.98749924,8,18.95416641,-33.98749924
S5195,873,105.483154,813.0501,224.48315,11.5,59,788,3436,1770,-0.68436384,0.4183836,37,0.53044504,-1.125,0,0.27997532,32.833424,6597.2,200,27.496218,18.358847,61.38324,1024,0.5058858,0,1,0,1,0,0,0,0,0,1,0,0,0,0,0,0,0,0,0,0,0,4,0.25,4,3.349869018,6,4.962500095|50.86249924,6,4.962500095,50.86249924
S5371,1254,121.61694,3193.9346,176.5835,24.396688,20,751,4018,3778,0.4215162,0.9067608,1941,5.4097967,2,0,0,8.919644,9833.6,199.96217,45.98457,166.13841,55.210518,2003,0.20980686,0,1,0,1,0,0,0,0,0,0,0,0,0,0,0,0,0,0,0,0,1,1,0.25,2,2.916905453,5,-155.3291626|19.82083321,1,-155.3291626,19.82083321
S5185,1266,136.55005,3570.5193,186.5498,23.998333,,266,3682,5493,0.36486655,0.9310581,1662.5,5.110835,-2.75,0,0,58.27413,11484.8,200,59.214035,235.09749,47.766872,2003,0.2097156,0,1,0,1,0,0,0,0,0,0,0,0,0,0,0,0,0,0,0,0,1,1,0.25,1,3.156021188,2,-155.3041687|19.82916641,1,-155.3041687,19.82916641
S1657,788,75.55005,923.1687,208.5498,21.495003,23,337,2957,4168,0.2377738,0.7446875,719.5,2.840636,4.875,0,0,94.26364,6773.6,200,25.25613,52.291485,56.456364,1291,0.49599174,1,0,0,1,0,0,0,0,0,0,0,0,0,1,0,0,0,0,0,0,0,1,0.6,4,3.341093458,7,9.462499619|48.46250153,7,9.462499619,48.46250153
S3937,1254,121.61694,3193.9346,176.5835,24.396688,20,751,4018,3778,0.4215162,0.9067608,1941,5.4097967,2,0,0,8.919644,9833.6,199.96217,45.98457,166.13841,55.210518,2003,0.20980686,0,1,0,1,0,0,0,0,0,0,0,0,0,0,0,0,0,0,0,0,1,1,0.25,2,2.970158065,6,-155.3291626|19.82083321,1,-155.3291626,19.82083321
S7308,909,26.466797,621.1509,213.46655,66.99833,,1019,2372,2803,-0.96363586,-0.081362695,911,2.931128,2.5625,0,0,93.60818,5528.8,200,34.626884,222.31874,53.22273,680,0.77110505,0,1,0,1,0,0,0,0,0,0,0,0,0,0,0,0,0,0,0,0,1,1,0.25,5,1.386294361,5,-116.5958328|54.20416641,9,-116.5958328,54.20416641
S3545,1261,130.56738,3436.2678,183.53369,24.196665,,296,-647,4310,0.58436203,0.811493,1773.5,4.9342194,-0.5,0,0,66.01315,5316.4,200,53.722668,205.09613,49.632347,2003,0.20980686,0,1,0,1,0,0,0,0,0,0,0,0,0,0,0,0,0,0,0,0,1,1,0.25,1,3.020376131,3,-155.3125|19.82083321,1,-155.3125,19.82083321
S4456,1176,185.4834,1564.9667,331.4834,41.09999,100,304,2406,5488,0.845404,-0.53045785,136.5,2.8523145,-3.4375,0,4.2143083,5.0496,3371.4,200,32.049606,17.692919,64.26363,1979,0.32752734,0,1,0,1,0,0,0,0,0,1,0,0,0,0,0,0,0,0,0,0,0,400,1.5,1,3.056356895,4,111.8791656|26.76250076,5,111.8791656,26.76250076
S945,1155,62.5,368.91595,280.51685,18.60165,57,940,-217,2176,-0.30722877,0.93001616,53,0.9965452,-1.125,0,2.4940636,0.8192,1730.2,200,32.829815,32.554905,72.49004,685,0.45890373,0,1,0,1,0,0,0,0,0,0,0,0,0,0,0,0,0,0,0,0,1,100,5,8,3.881563798,8,51.26250076|51.1875,8,51.26250076,51.1875
S3702,1267,131.61621,3437.4023,183.5664,24.196665,,261,3851,6205,0.39932412,0.9167687,1745,5.119382,0.375,0,0,18.65031,6519.2,200,53.640045,224.0743,50.686573,2003,0.2097156,0,1,0,1,0,0,0,0,0,0,0,0,0,0,0,0,0,0,0,0,1,1,0.25,1,3.067727302,5,-155.3125|19.82916641,1,-155.3125,19.82916641
S4129,1267,131.61621,3437.4023,183.5664,24.196665,,261,3851,6205,0.39932412,0.9167687,1745,5.119382,0.375,0,0,18.65031,6519.2,200,53.640045,224.0743,50.686573,2003,0.2097156,0,1,0,1,0,0,0,0,0,0,0,0,0,0,0,0,0,0,0,0,1,1,0.25,1,3.102252081,6,-155.3125|19.82916641,1,-155.3125,19.82916641
S6908,1260,126.59985,3311.0686,180.5664,24.298332,,266,-809,5397,0.1786791,0.98317844,1849,5.4882984,-1.25,0,0,12.071645,11000.8,200,47.679646,182.91426,52.51077,2003,0.20980686,0,1,0,1,0,0,0,0,0,0,0,0,0,0,0,0,0,0,0,0,1,1,0.25,2,1.791759469,7,-155.3208313|19.82083321,1,-155.3208313,19.82083321
S2359,868,104.483154,828.0504,223.48315,11.400028,56,611,4080,2934,0.31622803,0.84098816,54,0.39512232,0.4375,0,0.14379153,10.126223,6841.4,200,21.990282,13.275723,63.534966,1024,0.50427854,0,1,0,1,0,0,0,0,0,1,0,0,0,0,0,0,0,0,0,0,0,4,0.25,4,3.258096538,8,4.904166698|50.86249924,6,4.904166698,50.86249924
S4161,1254,121.61694,3193.9346,176.5835,24.396688,20,751,4018,3778,0.4215162,0.9067608,1941,5.4097967,2,0,0,8.919644,9833.6,199.96217,45.98457,166.13841,55.210518,2003,0.20980686,0,1,0,1,0,0,0,0,0,0,0,0,0,0,0,0,0,0,0,0,1,1,0.25,2,2.577637777,8,-155.3291626|19.82083321,1,-155.3291626,19.82083321
S5829,1266,136.55005,3570.5193,186.5498,23.998333,,266,3682,5493,0.36486655,0.9310581,1662.5,5.110835,-2.75,0,0,58.27413,11484.8,200,59.214035,235.09749,47.766872,2003,0.2097156,0,1,0,1,0,0,0,0,0,0,0,0,0,0,0,0,0,0,0,0,1,1,0.25,1,3.217915357,7,-155.3041687|19.82916641,1,-155.3041687,19.82916641
S2566,1100,39.549805,394.96646,251.5498,62.90165,85,1388,2058,1353,0.9864293,0.16007537,807,0.74635416,1.25,0,0.017561192,0,4538,200,41.777393,24.815668,68.62485,603,0.624223,1,0,1,0,0,0,0,0,0,0,0,0,0,0,0,1,0,0,0,0,0,100,1,8,2.197224577,9,-107.6875|50.29583359,4,-107.6875,50.29583359
S983,1415,146.5,546.96674,318.5,103.69999,100,895,2310,2696,-0.7071065,0.3162282,49.5,0.118093684,0.125,0,2.2466455,0.21191111,3668.6,200,23.316341,10.5141,81.731346,1038,0.43007684,0,1,0,1,0,0,0,0,0,1,0,0,0,0,0,0,0,0,0,0,0,10000,0.5,4,4.167626007,9,115.0374985|36.28749847,4,115.0374985,36.28749847
S2751,1368,176.5,1750.9644,325.51685,46.2,90,777,4744,3068,-0.047540598,-0.285125,60.5,1.1911206,2.125,0,12.18677,1.3155556,3297.6,200,26.787823,15.979309,57.84551,2138,0.3938757,0,1,0,1,0,1,0,0,0,0,0,0,0,0,0,0,0,0,0,0,0,100,0.5,4,3.044522438,10,115.7125015|29.27916718,6,115.7125015,29.27916718
S7182,1266,136.55005,3570.5193,186.5498,23.998333,,266,3682,5493,0.36486655,0.9310581,1662.5,5.110835,-2.75,0,0,58.27413,11484.8,200,59.214035,235.09749,47.766872,2003,0.2097156,0,1,0,1,0,0,0,0,0,0,0,0,0,0,0,0,0,0,0,0,1,1,0.25,1,2.582638165,8,-155.3041687|19.82916641,1,-155.3041687,19.82916641
S7447,932,18.6167,422.59857,223.71631,45.70502,,834,3918,2295,0.9264581,0.112966165,644.5,4.045503,4.5625,0,0.002423702,116.87911,6537.4,199.87587,33.51485,212.29474,59.648636,659,0.7286248,0,1,0,1,0,0,0,0,0,0,0,0,0,0,0,0,0,0,0,0,1,1,0.25,6,3.039557749,8,-119.0958328|56.26250076,7,-119.0958328,56.26250076
S2951,1747,255.51636,1336.0334,299.51636,48.698357,,210,1214,4344,-0.19611683,0.55470014,18,0.15774922,-0.5,0,0,93.89813,10742,115.78659,43.172848,98.31163,71.17757,1542,0.15034056,0,1,0,1,0,0,0,0,0,0,0,0,0,0,0,0,0,0,0,1,0,1,0.25,1,3.470910005,9,-87.35416412|20.44583321,8,-87.35416412,20.44583321
S5369,1254,121.61694,3193.9346,176.5835,24.396688,20,751,4018,3778,0.4215162,0.9067608,1941,5.4097967,2,0,0,8.919644,9833.6,199.96217,45.98457,166.13841,55.210518,2003,0.20980686,0,1,0,1,0,0,0,0,0,0,0,0,0,0,0,0,0,0,0,0,1,1,0.25,2,2.833154495,9,-155.3291626|19.82083321,1,-155.3291626,19.82083321
S6061,922,26.516357,592.917,214.5166,61.203316,,884,3874,2619,-0.26371658,0.5859906,1097,1.7206337,2.875,0,0,100.16907,5082.2,200,36.78136,139.2888,59.93956,854,0.74147415,0,1,0,1,0,0,0,0,0,0,0,0,0,0,0,0,0,0,0,0,1,1,0.25,5,1.098612289,6,-116.9208298|53.33750153,9,-116.9208298,53.33750153
S2803,1749,256.48364,1340.0331,299.48364,48.601646,,182,415,5377,0.5547004,0.5144957,18,0.1383553,0.0625,0,0,90.40711,10552.2,115.72513,42.2999,94.40621,71.63743,1542,0.15034056,0,1,0,1,0,0,0,0,0,0,0,0,0,0,0,0,0,0,0,1,0,1,0.25,1,2.724579503,10,-87.34583282|20.44583321,8,-87.34583282,20.44583321
S4414,1251.9999,216.5503,2997.5286,270.51733,45.901665,,231,3364,5209,0.95463306,-0.2154741,85.5,10.146722,-9.9375,0,0,154.23894,17833,185.69342,45.925877,48.832138,48.324455,2759,0.18934186,0,1,0,1,0,0,0,0,0,0,0,0,0,0,0,0,0,0,0,0,1,100,5,1,1.252762968,1,-47.92916489|-25.10416603,9,-47.92916489,-25.10416603
S6772,1267,131.61621,3437.4023,183.5664,24.196665,,261,3851,6205,0.39932412,0.9167687,1745,5.119382,0.375,0,0,18.65031,6519.2,200,53.640045,224.0743,50.686573,2003,0.2097156,0,1,0,1,0,0,0,0,0,0,0,0,0,0,0,0,0,0,0,0,1,1,0.25,1,2.077690016,2,-155.3125|19.82916641,1,-155.3125,19.82916641
S1373,2010.0001,230.5332,278.93225,258.58423,158.69662,37,695,4414,3019,0.87216157,0.45184678,769.5,21.763899,1,0,0.0019719945,20.227556,4318.8,126.70375,34.039135,44.28702,67.97376,1132,0.13031283,0,1,0,1,0,0,0,0,0,0,0,0,0,0,0,0,0,0,0,0,1,100,5,2,3.828641396,10,-23.6875|15.17916679,3,-23.6875,15.17916679
S1268,1038,19.5,569.9996,255.48364,111.90165,100,601,4150,3047,-0.8606355,0.42631954,274,1.5590643,-1.5,0,2.208178,0.3982222,2736.2,200,30.088587,42.52899,67.12788,603,0.32189474,0,1,0,1,0,0,0,0,0,1,0,0,0,0,0,0,0,0,0,0,0,100,0.5,4,3.634951152,1,126.1125031|47.9375,2,126.1125031,47.9375
S7559,931,17.5,447.79868,220.51685,45.40332,,520,1847,2230,0.8691163,-0.48879364,688,0.56365883,-0.1875,0,0.2083459,93.97315,6244.2,200,41.30245,163.83438,58.138805,659,0.707645,0,1,0,1,0,0,0,0,0,0,0,0,0,0,0,0,0,0,0,0,1,1,0.25,6,1.386294361,9,-119.0958328|56.24583435,7,-119.0958328,56.24583435
S6298,932,18.6167,422.59857,223.71631,45.70502,,834,3918,2295,0.9264581,0.112966165,644.5,4.045503,4.5625,0,0.002423702,116.87911,6537.4,199.87587,33.51485,212.29474,59.648636,659,0.7286248,0,1,0,1,0,0,0,0,0,0,0,0,0,0,0,0,0,0,0,0,1,1,0.25,6,2.989814798,10,-119.0958328|56.26250076,7,-119.0958328,56.26250076
S2226,1145,102.56616,670.035,273.53296,83.395004,69,958,1534,2598,-0.31920707,0.2720523,1384.5,8.644741,12.6875,0,1.7709147,0.96746665,4267,200,28.215963,15.9814415,79.119225,1046,0.3843189,1,0,1,0,0,0,0,0,0,0,0,0,0,0,1,0,0,0,0,0,0,400,1,4,2.45667866,2,107.4124985|35.12083435,6,107.4124985,35.12083435
S4579,953,31.466797,529.0332,217.46704,49.198322,,598,3200,4121,-0.90916264,0.41643113,803,2.488282,-0.5625,0,0,100.69778,4763.4,200,45.198517,191.8483,53.461014,707,0.7212237,0,1,0,1,0,0,0,0,0,0,0,0,0,0,0,0,0,0,0,0,1,1,0.25,6,1.791759469,1,-119.6791687|54.8125,6,-119.6791687,54.8125
S3153,1267,131.61621,3437.4023,183.5664,24.196665,,261,3851,6205,0.39932412,0.9167687,1745,5.119382,0.375,0,0,18.65031,6519.2,200,53.640045,224.0743,50.686573,2003,0.2097156,0,1,0,1,0,0,0,0,0,0,0,0,0,0,0,0,0,0,0,0,1,1,0.25,1,3.295688718,3,-155.3125|19.82916641,1,-155.3125,19.82916641
S2720,1792,247.5,1122.983,331.5,86.30165,29,686,2925,2235,-0.10905862,0.38172087,28.5,0.3553965,-0.3125,26.923079,0,38.029865,7577.2,200,66.693214,13.15846,61.03452,1579.8047,0.23161153,1,0,0,1,0,0,0,0,0,0,0,0,0,0,0,0,0,0,0,1,0,1,0.25,7,3.295762759,10,34.37916565|-18.9375,4,34.37916565,-18.9375
S1390,1425,177.41724,779.73157,286.417,48.401672,58,783,278,2545,-0.7760674,0.6298202,76,2.8819964,-4.5,0,0.34398142,19.1616,8441,200,36.834293,20.159712,74.93907,1965,0.18426913,0,1,0,1,0,0,0,0,0,0,0,0,0,0,0,0,0,0,0,1,0,1,0.25,12,3.749504076,4,3.020833254|39.83750153,4,3.020833254,39.83750153
S3183,1314,95.600586,396.89847,275.6006,88.7,20,797,1474,4693,-0.8506829,0.5254717,1350.5,9.235089,7.5,0,1.3992635,0,2217,200,37.34929,13.542555,82.78578,794,0.35026836,1,0,0,1,0,0,1,0,0,0,0,0,0,0,0,0,0,0,0,0,0,100,0.5,10,3.044427157,5,107.1791687|36.72083282,4,107.1791687,36.72083282
S1956,1336,105.41699,639.63715,260.417,80.80335,41,326,2662,3921,0.11802153,0.5354624,1008,16.676365,-27.125,0,0,48.507732,1656.2,198.61172,38.33275,36.83697,66.363075,1567,0.4313808,0,1,0,1,0,0,0,0,0,1,0,0,0,0,0,0,0,0,0,0,0,1,0.05,4,3.610917913,3,112.2874985|35.20416641,9,112.2874985,35.20416641
S7152,931,17.5,447.79868,220.51685,45.40332,,520,1847,2230,0.8691163,-0.48879364,688,0.56365883,-0.1875,0,0.2083459,93.97315,6244.2,200,41.30245,163.83438,58.138805,659,0.707645,0,1,0,1,0,0,0,0,0,0,0,0,0,0,0,0,0,0,0,0,1,1,0.25,6,2.250870688,2,-119.0958328|56.24583435,7,-119.0958328,56.24583435
S4622,804,83.56665,660.8661,216.5669,12.998352,47,880,3692,2171,0.9940065,-0.10653193,299.5,8.257263,-3.5,0,0,82.03502,6324,200,29.824488,38.11028,60.180016,1122,0.4942212,1,0,0,1,0,0,0,0,0,0,0,0,1,0,0,0,0,0,0,0,0,1,1,4,2.197224577,4,10.40416622|50.97083282,10,10.40416622,50.97083282
S1821,1443,131.50049,533.91614,289.5005,79.303345,90,512,2854,4154,-0.8382572,0.49474084,522,3.819716,-0.5,0,1.9619538,3.3086221,3787,200,33.41264,17.492609,76.04894,1567,0.42972898,0,1,0,1,0,0,0,0,0,1,0,0,0,0,0,0,0,0,0,0,0,1,0.05,4,3.951243719,5,112.2791672|35.09583282,9,112.2791672,35.09583282
S6545,1516.0001,209.71924,3178.4302,257.73608,20.596666,26,473,3181,2336,-0.87626684,0.37952226,1057.5,14.432914,5.125,0,0,231.24036,9924.2,190.33255,34.36462,72.64212,49.3965,4135,0.2538528,0,1,0,1,0,0,0,0,0,0,0,0,0,0,0,0,0,0,0,0,1,100,2,1,0.6931471806,4,116.1041641|5.404166698,2,116.1041641,5.404166698
S5703,1771,242.5,1133.319,324.4834,85.8,,128,-1674,5903,-0.51026034,-0.22177547,120.5,2.755228,-1.125,30.769232,0,56.788445,8348.8,188.10933,64.91112,16.186789,59.68965,1588,0.23701541,1,0,0,1,0,0,0,0,0,0,0,0,0,0,0,0,0,0,0,1,0,1,0.25,7,2.831093437,1,34.1875|-19.02083397,4,34.1875,-19.02083397
S4176,1266,136.55005,3570.5193,186.5498,23.998333,,266,3682,5493,0.36486655,0.9310581,1662.5,5.110835,-2.75,0,0,58.27413,11484.8,200,59.214035,235.09749,47.766872,2003,0.2097156,0,1,0,1,0,0,0,0,0,0,0,0,0,0,0,0,0,0,0,0,1,1,0.25,1,2.889760478,5,-155.3041687|19.82916641,1,-155.3041687,19.82916641
S4343,1764,247.5,1120.9666,331.5,86.6,18,357,1970,3870,0.31622726,0.35355365,28,0.18031488,0.25,40.384613,0,42.555023,8064.2,200,66.57472,12.886098,60.340347,1091,0.23175979,1,0,0,1,0,0,0,0,0,0,0,0,0,0,0,0,0,0,0,1,0,1,0.25,7,1.791592801,2,34.45416641|-18.9375,4,34.45416641,-18.9375
S3807,1585,239.51636,1997.5651,320.5332,71.39996,44,459,2773,3592,0.9097073,0.34183684,177.5,1.6658216,1.25,0,0.01237509,67.137245,7425.6,199.48221,53.079338,20.491901,51.25759,3112,0.21614479,0,1,1,0,0,0,0,0,0,1,0,0,0,0,0,0,0,0,0,0,0,100,0.25,1,3.387740608,6,109.5291672|19.47083282,2,109.5291672,19.47083282
S5539,1260,126.59985,3311.0686,180.5664,24.298332,,266,-809,5397,0.1786791,0.98317844,1849,5.4882984,-1.25,0,0,12.071645,11000.8,200,47.679646,182.91426,52.51077,2003,0.20980686,0,1,0,1,0,0,0,0,0,0,0,0,0,0,0,0,0,0,0,0,1,1,0.25,2,2.74077548,1,-155.3208313|19.82083321,1,-155.3208313,19.82083321
S6225,1266,136.55005,3570.5193,186.5498,23.998333,,266,3682,5493,0.36486655,0.9310581,1662.5,5.110835,-2.75,0,0,58.27413,11484.8,200,59.214035,235.09749,47.766872,2003,0.2097156,0,1,0,1,0,0,0,0,0,0,0,0,0,0,0,0,0,0,0,0,1,1,0.25,1,2.484323149,7,-155.3041687|19.82916641,1,-155.3041687,19.82916641
S3933,864,104.5,817.96674,224.48315,11.6,62,428,2111,3285,-0.25686583,0.29191923,40,0.42182255,-1.5,0,0.92368823,28.662045,6700.8,200,29.53292,16.30196,61.06855,1024,0.5062358,0,1,0,1,0,0,0,0,0,1,0,0,0,0,0,0,0,0,0,0,0,4,0.25,4,3.737622024,6,4.987500191|50.88750076,6,4.987500191,50.88750076
S1779,1437,225.5166,1862.2842,310.48364,71.59833,90,408,571,4061,-0.6819443,0.29850993,68.5,0.8141887,-2.25,0,1.2044475,19.366222,5170.2,200,40.999283,26.948431,59.499744,2063,0.24840274,0,1,1,0,0,0,0,0,0,1,0,0,0,0,0,0,0,0,0,0,0,100,0.25,1,4.343792442,8,109.1875|22.41250038,10,109.1875,22.41250038
S5220,1254,121.61694,3193.9346,176.5835,24.396688,20,751,4018,3778,0.4215162,0.9067608,1941,5.4097967,2,0,0,8.919644,9833.6,199.96217,45.98457,166.13841,55.210518,2003,0.20980686,0,1,0,1,0,0,0,0,0,0,0,0,0,0,0,0,0,0,0,0,1,1,0.25,2,3.120689542,2,-155.3291626|19.82083321,1,-155.3291626,19.82083321
S6361,958,28.500244,663.0674,208.5332,62.79833,,360,909,4753,0.8497753,0.5271443,940,0.9274568,0.0625,0,0,141.32605,5795.8,196.95668,35.36112,214.89134,49.861366,729,0.75116986,0,1,0,1,0,0,0,0,0,0,0,0,0,0,0,0,0,0,0,0,1,1,0.25,5,0.6931471806,7,-117.9708328|54.58750153,8,-117.9708328,54.58750153
S5318,1354,154.5,945.98364,311.49976,80.70003,100,987,3661,2601,-0.19611683,-0.91854167,56,0.24773365,-0.1875,0,7.9854445,0,4196.6,200,23.886251,13.129889,78.62872,1329,0.40053383,0,1,1,0,0,0,0,0,0,1,0,0,0,0,0,0,0,0,0,0,0,10000,0.5,4,4.069881077,7,114.1875|33.36249924,3,114.1875,33.36249924
S5798,1254,121.61694,3193.9346,176.5835,24.396688,20,751,4018,3778,0.4215162,0.9067608,1941,5.4097967,2,0,0,8.919644,9833.6,199.96217,45.98457,166.13841,55.210518,2003,0.20980686,0,1,0,1,0,0,0,0,0,0,0,0,0,0,0,0,0,0,0,0,1,1,0.25,2,2.95745914,3,-155.3291626|19.82083321,1,-155.3291626,19.82083321
S1221,1590,264.4668,1109.084,336.5,55.20167,28,836,2921,2078,0.5601797,0.25455636,72.5,1.1614165,-1.75,13.461539,2.0196016,35.48409,8260.2,200,51.880962,16.049908,56.970467,1228,0.20542255,0,1,0,1,0,0,0,0,0,0,0,0,0,0,0,0,0,0,0,0,1,100,5,1,4.241326753,9,-5.029166698|6.212500095,8,-5.029166698,6.212500095
S5381,788,75.55005,923.1687,208.5498,21.495003,23,337,2957,4168,0.2377738,0.7446875,719.5,2.840636,4.875,0,0,94.26364,6773.6,200,25.25613,52.291485,56.456364,1291,0.49599174,1,0,0,1,0,0,0,0,0,0,0,0,0,1,0,0,0,0,0,0,0,1,0.6,4,3.417661081,8,9.462499619|48.46250153,7,9.462499619,48.46250153
S3657,958,28.500244,663.0674,208.5332,62.79833,,360,909,4753,0.8497753,0.5271443,940,0.9274568,0.0625,0,0,141.32605,5795.8,196.95668,35.36112,214.89134,49.861366,729,0.75116986,0,1,0,1,0,0,0,0,0,0,0,0,0,0,0,0,0,0,0,0,1,1,0.25,5,2.833154495,8,-117.9708328|54.58750153,8,-117.9708328,54.58750153
S4355,1254,121.61694,3193.9346,176.5835,24.396688,20,751,4018,3778,0.4215162,0.9067608,1941,5.4097967,2,0,0,8.919644,9833.6,199.96217,45.98457,166.13841,55.210518,2003,0.20980686,0,1,0,1,0,0,0,0,0,0,0,0,0,0,0,0,0,0,0,0,1,1,0.25,2,3.156787668,4,-155.3291626|19.82083321,1,-155.3291626,19.82083321
S956,1336,105.41699,639.63715,260.417,80.80335,41,326,2662,3921,0.11802153,0.5354624,1008,16.676365,-27.125,0,0,48.507732,1656.2,198.61172,38.33275,36.83697,66.363075,1567,0.4313808,0,1,0,1,0,0,0,0,0,1,0,0,0,0,0,0,0,0,0,0,0,1,0.05,4,4.269683471,9,112.2874985|35.20416641,9,112.2874985,35.20416641
S7318,1266,136.55005,3570.5193,186.5498,23.998333,,266,3682,5493,0.36486655,0.9310581,1662.5,5.110835,-2.75,0,0,58.27413,11484.8,200,59.214035,235.09749,47.766872,2003,0.2097156,0,1,0,1,0,0,0,0,0,0,0,0,0,0,0,0,0,0,0,0,1,1,0.25,1,2.078566162,10,-155.3041687|19.82916641,1,-155.3041687,19.82916641
S961,1021.99994,-1.3825684,1379.0079,187.63428,22.596657,,1769,1322,2437,0.53414994,0.7705729,2094.5,18.36282,-15.4375,0,0,1.0808889,1251.4,61.5736,43.513676,120.381424,57.67844,1018,0.48781145,1,0,0,1,0,0,0,0,0,0,0,0,0,0,0,0,0,0,1,0,0,1,0.25,5,2.525728644,9,-113.3458328|48.46250153,2,-113.3458328,48.46250153
S2634,669,64.4668,594.0667,193.44995,29.000027,,617,-1691,2624,-0.80664515,-0.55662215,0,0.23026973,-0.3125,100,0.08949767,42.418312,6185.6,139.22382,58.24528,107.4457,55.40129,742,0.6560527,0,1,0,1,0,0,0,0,0,0,0,0,0,0,0,0,0,0,0,1,0,1,0.265,4,3.496507561,10,19.78750038|60.36249924,9,19.78750038,60.36249924
S2315,788,75.55005,923.1687,208.5498,21.495003,23,337,2957,4168,0.2377738,0.7446875,719.5,2.840636,4.875,0,0,94.26364,6773.6,200,25.25613,52.291485,56.456364,1291,0.49599174,1,0,0,1,0,0,0,0,0,0,0,0,0,1,0,0,0,0,0,0,0,1,0.6,4,3.617598282,1,9.462499619|48.46250153,7,9.462499619,48.46250153
S3186,3237,255.5,115.0335,418.5,101.49831,,345,2136,9653,-0.8779792,-0.39279136,629,1.0142148,0.375,0,0.026004408,0,,200,90.970665,3.2845328,80.61122,353,0.4310128,0,1,0,1,0,0,0,0,0,0,0,0,0,0,0,0,0,0,0,0,1,100,5,13,1.098612289,9,46.85416794|24.97916603,5,46.85416794,24.97916603
S1139,1245,142.48315,577.0167,299.5,76.39997,100,1418,724,981,-0.9970023,6.28e-07,537.5,0.69549346,0,0,34.961853,0,5317.4,200,29.581915,17.220928,77.82496,1373,0.47095197,0,1,0,1,0,0,0,0,0,1,0,0,0,0,0,0,0,0,0,0,0,100,0.25,4,3.17805383,2,108.1624985|34.34583282,6,108.1624985,34.34583282
S1240,672,62.5,581.9997,170.5,30.803324,19,922,1151,1944,-0.37644893,0.8944273,9,0.26455182,-0.1875,0,0.01292554,60.14471,6486.6,136.90356,59.23632,101.14881,54.743504,742,0.63427305,0,1,0,1,0,0,0,0,0,0,0,0,0,0,0,0,0,0,0,1,0,1,0.265,4,3.814035248,3,20.16250038|60.07083511,9,20.16250038,60.07083511
S1408,,262.5,1888.8165,292.48364,132.70334,8,,,,-0.498964,0.8666227,0,1.2277509,-1,100,0,20.9712,,200,54.44289,77.78305,52.39096,,0.22678019,0,1,0,1,0,0,0,0,0,0,0,0,0,0,0,0,0,0,0,0,1,100,5,7,3.772760938,3,-15.82916641|11.27083302,6,-15.82916641,11.27083302
S2837,1867,218.4834,1124.0824,314.4834,106.1,19,339,1679,4231,0.7376634,-0.07842751,1179,0.9543874,-1.4375,13.461539,1.601601,60.548088,6829,200,55.43147,15.124243,54.05082,944,0.23803908,0,1,0,1,0,0,0,0,0,0,0,0,0,0,0,0,0,0,0,0,1,100,2,7,3.906829565,4,27.66250038|-11.47916698,8,27.66250038,-11.47916698
S3698,788,75.55005,923.1687,208.5498,21.495003,23,337,2957,4168,0.2377738,0.7446875,719.5,2.840636,4.875,0,0,94.26364,6773.6,200,25.25613,52.291485,56.456364,1291,0.49599174,1,0,0,1,0,0,0,0,0,0,0,0,0,1,0,0,0,0,0,0,0,1,0.6,4,3.569532696,4,9.462499619|48.46250153,7,9.462499619,48.46250153
S4103,813,83.499756,628.3523,216.48315,14.298355,72,754,3960,1958,0.9513384,0.054338474,294.5,2.8189611,1.4375,0,0.498069,39.86969,6268,200,27.55997,33.30711,64.04292,1228,0.48777267,1,0,0,1,0,0,0,0,0,0,0,0,1,0,0,0,0,0,0,0,0,1,1,4,3.120777743,5,10.42083359|51.27083206,10,10.42083359,51.27083206
S1482,1401.0001,202.56885,1562.0497,259.56885,52.601673,,655,2727,2654,-0.49888927,-0.70573974,1074.5,14.405498,14.3125,0,0,115.5712,15810.6,187.25659,40.28312,53.55988,53.014156,2406,0.1681129,0,1,0,1,0,0,0,0,0,0,0,0,0,0,0,0,0,0,0,0,1,100,2,1,3.637401933,1,-75.62083435|20.00416756,6,-75.62083435,20.00416756
S4104,1066,128.51929,2443.5862,192.55249,76.4849,19,707,2613,2978,-0.96017635,0.27467045,2082.5,16.724472,-6.5,0,0,125.00942,13097.4,161.9709,34.467495,108.227295,52.34248,3014,0.2553629,0,1,0,1,0,0,0,0,0,0,0,0,0,0,0,0,0,0,0,0,1,100,2,1,3.569053757,2,103.7874985|22.32083321,7,103.7874985,22.32083321
S5793,1260,126.59985,3311.0686,180.5664,24.298332,,266,-809,5397,0.1786791,0.98317844,1849,5.4882984,-1.25,0,0,12.071645,11000.8,200,47.679646,182.91426,52.51077,2003,0.20980686,0,1,0,1,0,0,0,0,0,0,0,0,0,0,0,0,0,0,0,0,1,1,0.25,2,2.52468814,5,-155.3208313|19.82083321,1,-155.3208313,19.82083321
S2019,1183,52.483154,537.067,267.48315,106.400024,100,574,699,3605,-0.5423503,-0.6765239,189,0.540221,-0.875,0,2.475264,0,3367,200,25.646847,37.747196,68.53522,690,0.37937596,0,1,0,1,0,0,0,0,0,1,0,0,0,0,0,0,0,0,0,0,0,100,0.5,4,3.500288284,6,126.0374985|44.87083435,8,126.0374985,44.87083435
S4938,1176,185.51636,1544.9668,331.51636,41.198345,100,865,3407,2064,0.8974673,-0.44010708,125,1.8917987,0.6875,0,8.61727,3.3258667,4330,200,31.193157,17.314802,63.765278,1979,0.33031636,0,1,0,1,0,0,0,0,0,1,0,0,0,0,0,0,0,0,0,0,0,400,1.5,1,3.432469896,3,111.8708344|26.76250076,5,111.8708344,26.76250076
S1057,1490,216.53345,990.0324,273.50024,50.99665,42,228,2720,6142,0.7125208,0.5232616,1336.5,1.2374876,-1,44.230766,0,13.1447115,7544.2,200,48.808273,25.219305,57.827084,1171,0.23960914,0,1,0,1,0,0,0,0,0,0,0,0,0,0,0,0,0,0,0,0,1,100,5,7,4.094344562,5,30.6875|-1.654166698,10,30.6875,-1.654166698
S4457,788,75.55005,923.1687,208.5498,21.495003,23,337,2957,4168,0.2377738,0.7446875,719.5,2.840636,4.875,0,0,94.26364,6773.6,200,25.25613,52.291485,56.456364,1291,0.49599174,1,0,0,1,0,0,0,0,0,0,0,0,0,1,0,0,0,0,0,0,0,1,0.6,4,3.433954964,7,9.462499619|48.46250153,7,9.462499619,48.46250153
S3085,1311.9999,56.617188,404.83185,260.61694,102.40167,33,816,2293,3177,0.95507574,-0.054065924,955.5,8.6304,-0.6875,0,0,0.1664,2817.2,200,46.050133,29.560154,73.50008,1013,0.42161176,1,0,0,1,0,0,1,0,0,0,0,0,0,0,0,0,0,0,0,0,0,100,0.5,4,3.17805383,8,118.2208328|42.12916565,9,118.2208328,42.12916565
S4983,1066,33.5,576,262.5,104.396645,100,509,2816,3940,0.8125285,-0.12875327,170,0.50503564,0.875,0,0.035231154,0,2744.4,200,25.807323,57.041042,68.75721,678,0.33719638,0,1,0,1,0,0,0,0,0,1,0,0,0,0,0,0,0,0,0,0,0,100,0.5,4,2.772401188,9,127.1791687|46.60416794,2,127.1791687,46.60416794
S1470,1417,146.5,549.95,318.51685,104.30166,100,300,417,4527,3.14e-07,0.19611676,52,0.13480535,-0.6875,0,0.58913255,2.0826666,3752.2,200,32.964287,10.362067,80.498955,1038,0.43003824,0,1,1,0,0,0,0,0,0,1,0,0,0,0,0,0,0,0,0,0,0,10000,0.5,4,4.252060308,10,114.9791641|36.28749847,4,114.9791641,36.28749847
S4407,1261,130.56738,3436.2678,183.53369,24.196665,,296,-647,4310,0.58436203,0.811493,1773.5,4.9342194,-0.5,0,0,66.01315,5316.4,200,53.722668,205.09613,49.632347,2003,0.20980686,0,1,0,1,0,0,0,0,0,0,0,0,0,0,0,0,0,0,0,0,1,1,0.25,1,2.707516701,4,-155.3125|19.82083321,1,-155.3125,19.82083321
S3817,1467,80.5,355,294.5,103.8,23,2156,4631,2292,-0.9753616,-0.17603864,252.5,0.27842772,-0.6875,0,0.5163696,0,2540.6,200,56.76501,21.310266,84.29843,859,0.40061226,1,0,0,1,0,0,1,0,0,0,0,0,0,0,0,0,0,0,0,0,0,100,0.5,4,2.5648724,1,121.3541641|43.32083511,4,121.3541641,43.32083511
S1469,1453,142.5,490.03354,324.5,108.10002,100,1184,2330,3454,0.3162265,0.44721395,43,0.18533525,0.125,0,18.327076,0,3991.8,200,36.813442,11.350295,80.67854,1082,0.40972546,0,1,0,1,0,0,0,0,0,1,0,0,0,0,0,0,0,0,0,0,0,10000,0.5,4,4.33072019,2,114.8874969|37.82916641,4,114.8874969,37.82916641
S1303,1038,19.5,569.9996,255.48364,111.90165,100,601,4150,3047,-0.8606355,0.42631954,274,1.5590643,-1.5,0,2.208178,0.3982222,2736.2,200,30.088587,42.52899,67.12788,603,0.32189474,0,1,0,1,0,0,0,0,0,1,0,0,0,0,0,0,0,0,0,0,0,100,0.5,4,3.787955271,3,126.1125031|47.9375,2,126.1125031,47.9375
S7012,735,60.5,695.017,212.51685,34.101673,29,739,3439,3038,0.22804508,0.31622797,42.5,1.1673896,-0.375,0,0,114.606575,4635,200,61.07548,137.31459,50.11888,833,0.5210264,1,0,0,1,0,0,0,0,0,0,0,0,0,0,0,0,0,0,0,1,0,1,0.25,4,2.638771595,4,27.26250076|58.29583359,7,27.26250076,58.29583359
S1433,2080,230.5,89.01674,262.5,160.09169,,514,-487,9081,-0.9693178,-0.20250559,40,4.1553793,-4.0625,0,0,0,,159.4662,48.702213,29.744675,77.64566,353,0.12419099,0,1,0,1,0,0,0,0,0,0,0,0,0,0,0,0,0,0,0,0,1,100,5,2,2.079441542,6,-22.92083359|16.80416679,3,-22.92083359,16.80416679
S1632,693.00006,-2.532959,2583.9822,134.55054,32.49668,31,1376,3740,2872,0.88854426,0.40747595,2013,36.970734,29.3125,0,0.013045832,53.591465,1911.2,128.27946,49.562412,164.15639,54.342808,1949,0.4844142,0,1,0,1,0,0,0,0,0,0,0,0,0,0,0,0,0,0,0,0,1,100,2,5,3.020376131,10,13.0625|47.5625,4,13.0625,47.5625
S3772,1467,85.48364,393.99985,286.51685,95.10166,48,1013,1900,3045,-0.8137332,0.5478674,1001,0.2625094,-0.125,0,1.4603757,0,1938.8,200,51.947666,9,81.97664,988,0.39217323,1,0,0,1,0,0,1,0,0,0,0,0,0,0,0,0,0,0,0,0,0,100,0.5,4,3.46564214,5,113.1708298|39.82916641,10,113.1708298,39.82916641
S6952,1254,121.61694,3193.9346,176.5835,24.396688,20,751,4018,3778,0.4215162,0.9067608,1941,5.4097967,2,0,0,8.919644,9833.6,199.96217,45.98457,166.13841,55.210518,2003,0.20980686,0,1,0,1,0,0,0,0,0,0,0,0,0,0,0,0,0,0,0,0,1,1,0.25,2,1.791759469,7,-155.3291626|19.82083321,1,-155.3291626,19.82083321
S2760,1426,81.53296,424.7994,286.53296,103.3,48,1827,5545,2277,0.6798669,0.7292322,1106.5,2.4663982,0,0,0.42906877,0,2020.4,200,45.874157,11.759872,80.91214,772,0.37550867,1,0,0,1,0,0,1,0,0,0,0,0,0,0,0,0,0,0,0,0,0,100,0.5,10,2.351375257,6,111.1041641|39.77083206,4,111.1041641,39.77083206
S6847,1266,136.55005,3570.5193,186.5498,23.998333,,266,3682,5493,0.36486655,0.9310581,1662.5,5.110835,-2.75,0,0,58.27413,11484.8,200,59.214035,235.09749,47.766872,2003,0.2097156,0,1,0,1,0,0,0,0,0,0,0,0,0,0,0,0,0,0,0,0,1,1,0.25,1,2.19455433,5,-155.3041687|19.82916641,1,-155.3041687,19.82916641
S5409,1266,136.55005,3570.5193,186.5498,23.998333,,266,3682,5493,0.36486655,0.9310581,1662.5,5.110835,-2.75,0,0,58.27413,11484.8,200,59.214035,235.09749,47.766872,2003,0.2097156,0,1,0,1,0,0,0,0,0,0,0,0,0,0,0,0,0,0,0,0,1,1,0.25,1,2.943912513,6,-155.3041687|19.82916641,1,-155.3041687,19.82916641
S1760,1519,138.5,593.9833,316.5,103.798355,100,1486,1860,1566,-0.61394095,-0.14142065,14,0.2187583,0,0,7.465837,0.17066666,3619,200,24.90461,10.239088,76.72603,1277,0.3877967,0,1,1,0,0,0,0,0,0,1,0,0,0,0,0,0,0,0,0,0,0,10000,0.5,4,4.045224353,6,117.6291656|37.00416565,2,117.6291656,37.00416565
S6156,1267,131.61621,3437.4023,183.5664,24.196665,,261,3851,6205,0.39932412,0.9167687,1745,5.119382,0.375,0,0,18.65031,6519.2,200,53.640045,224.0743,50.686573,2003,0.2097156,0,1,0,1,0,0,0,0,0,0,0,0,0,0,0,0,0,0,0,0,1,1,0.25,1,2.813370738,7,-155.3125|19.82916641,1,-155.3125,19.82916641
S2444,1021.99994,-1.3825684,1379.0079,187.63428,22.596657,,1769,1322,2437,0.53414994,0.7705729,2094.5,18.36282,-15.4375,0,0,1.0808889,1251.4,61.5736,43.513676,120.381424,57.67844,1018,0.48781145,1,0,0,1,0,0,0,0,0,0,0,0,0,0,0,0,0,0,1,0,0,1,0.25,5,2.196891213,1,-113.3458328|48.46250153,2,-113.3458328,48.46250153
S7401,1163,95.6167,915.0841,221.56714,46.498344,26,414,3390,3141,-0.43317968,0.8565866,1472.5,7.471167,3.75,0,0,113.22169,9370.4,195.80003,35.796,43.74225,57.1265,2503,0.19185787,0,1,0,1,0,0,0,0,0,0,0,0,0,0,0,0,0,0,0,0,1,100,2,12,2.076186246,5,14.65416622|37.90416718,6,14.65416622,37.90416718
S5281,1266,136.55005,3570.5193,186.5498,23.998333,,266,3682,5493,0.36486655,0.9310581,1662.5,5.110835,-2.75,0,0,58.27413,11484.8,200,59.214035,235.09749,47.766872,2003,0.2097156,0,1,0,1,0,0,0,0,0,0,0,0,0,0,0,0,0,0,0,0,1,1,0.25,1,2.8476382,8,-155.3041687|19.82916641,1,-155.3041687,19.82916641
S7671,943,18.5,600.9491,201.4834,44.805016,,642,-900,3294,0.884689,0.39487228,1066,2.6907244,-2.0625,0,0,122.768715,5186.4,200,39.759064,187.37015,54.21263,707,0.6929289,0,1,0,1,0,0,0,0,0,0,0,0,0,0,0,0,0,0,0,0,1,1,0.25,5,1.609437912,2,-119.9958344|54.67083359,6,-119.9958344,54.67083359
S4385,669,64.4668,594.0667,193.44995,29.000027,,617,-1691,2624,-0.80664515,-0.55662215,0,0.23026973,-0.3125,100,0.08949767,42.418312,6185.6,139.22382,58.24528,107.4457,55.40129,742,0.6560527,0,1,0,1,0,0,0,0,0,0,0,0,0,0,0,0,0,0,0,1,0,1,0.265,4,3.37564023,7,19.78750038|60.36249924,9,19.78750038,60.36249924
S6822,735,60.5,695.017,212.51685,34.101673,29,739,3439,3038,0.22804508,0.31622797,42.5,1.1673896,-0.375,0,0,114.606575,4635,200,61.07548,137.31459,50.11888,833,0.5210264,1,0,0,1,0,0,0,0,0,0,0,0,0,0,0,0,0,0,0,1,0,1,0.25,4,2.412604748,8,27.26250076|58.29583359,7,27.26250076,58.29583359
S3081,1302,214.6167,1077.7468,306.60034,84.298325,68,855,824,2883,0.23097806,0.9576607,580.5,17.277765,-5.5,0,0.95464814,26.233955,5569,198.2268,32.285313,26.140823,63.120663,2580.0105,0.30463535,0,1,1,0,0,0,0,0,0,1,0,0,0,0,0,0,0,0,0,0,0,100,0.25,1,4.107326603,9,105.4791641|24.8125,3,105.4791641,24.8125
S1453,960,28.58252,571.8347,211.58276,59.99668,,1131,1369,1834,0.9384476,0.32424355,918.5,4.269425,-0.3125,0,0,112.54293,6079.6,200,35.83787,178.93925,53.73654,729,0.7403752,0,1,0,1,0,0,0,0,0,0,0,0,0,0,0,0,0,0,0,0,1,1,0.25,5,2.442347035,3,-118.7624969|54.51250076,8,-118.7624969,54.51250076
S1474,1526,138.5,590,316.5,103.50167,100,640,735,2129,0.5547004,0.7071071,12,0.11079043,0.1875,0,2.8509276,0,3318.6,200,21.563467,10.816221,77.74571,1277,0.3890382,0,1,0,1,0,0,0,0,0,1,0,0,0,0,0,0,0,0,0,0,0,10000,0.5,4,4.21635573,9,117.7041702|37.02916718,2,117.7041702,37.02916718
S2783,1163,59.5,616.94965,269.5,106.7,97,478,1613,3515,0.94868326,-0.12592776,206,1.0982395,0.5,0,1.6168607,0.3527111,2949.2,200,29.290388,31.741165,68.41622,860,0.3854416,0,1,0,1,0,0,0,0,0,1,0,0,0,0,0,0,0,0,0,0,0,100,0.5,4,3.526272334,10,125.6708298|44.00416565,7,125.6708298,44.00416565
S4621,1416,97.40112,426.1338,280.40112,90.69667,68,439,3043,5751,0.7906673,-0.44464105,1199.5,10.972146,-7.75,0,0.03608752,0.007111111,2772.6,200,45.25336,18.186739,78.612854,931,0.34921804,1,0,0,1,0,0,1,0,0,0,0,0,0,0,0,0,0,0,0,0,0,100,0.5,10,3.17805383,7,109.3208313|36.97083282,9,109.3208313,36.97083282
S2125,1336,105.41699,639.63715,260.417,80.80335,41,326,2662,3921,0.11802153,0.5354624,1008,16.676365,-27.125,0,0,48.507732,1656.2,198.61172,38.33275,36.83697,66.363075,1567,0.4313808,0,1,0,1,0,0,0,0,0,1,0,0,0,0,0,0,0,0,0,0,0,1,0.05,4,4.113591486,1,112.2874985|35.20416641,9,112.2874985,35.20416641
S2249,1277,98.4668,224.89969,279.48364,89.09832,,805,2080,4443,-0.8242794,-0.3968857,1725,2.6565092,-2.1875,0,0,0,1507.8,200,44.526073,12.019583,82.701454,1251,0.36565703,1,0,0,1,0,0,1,0,0,0,0,0,0,0,0,0,0,0,0,0,0,100,0.5,13,3.789697168,10,103.9541702|36.36249924,9,103.9541702,36.36249924
S1133,1386,154.5,939.95,311.5,75.505,100,414,-1032,3684,0.7604197,-0.09805776,34,0.20721093,0.375,9.615385,0.98324424,6.575111,4447.8,200,16.195478,13.144553,78.878815,1271,0.41327733,0,1,0,1,0,0,0,0,0,1,0,0,0,0,0,0,0,0,0,0,0,10000,0.5,4,4.132490984,2,115.6291656|33.22916794,3,115.6291656,33.22916794
S1277,1524,115.67041,3019.8438,222.65356,121.58327,39,805,3772,3845,0.26624417,0.06646295,2197,22.269539,4.3125,0,0.16401154,67.211914,7556.4,149.33238,35.250195,59.277454,58.588593,2050,0.486668,0,1,0,1,0,0,0,0,0,0,0,0,0,0,0,0,0,0,0,0,1,100,2,1,3.845562635,10,78.14583588|30.45416641,5,78.14583588,30.45416641
S5922,1254,121.61694,3193.9346,176.5835,24.396688,20,751,4018,3778,0.4215162,0.9067608,1941,5.4097967,2,0,0,8.919644,9833.6,199.96217,45.98457,166.13841,55.210518,2003,0.20980686,0,1,0,1,0,0,0,0,0,0,0,0,0,0,0,0,0,0,0,0,1,1,0.25,2,2.268097189,8,-155.3291626|19.82083321,1,-155.3291626,19.82083321
S7709,735,60.5,695.017,212.51685,34.101673,29,739,3439,3038,0.22804508,0.31622797,42.5,1.1673896,-0.375,0,0,114.606575,4635,200,61.07548,137.31459,50.11888,833,0.5210264,1,0,0,1,0,0,0,0,0,0,0,0,0,0,0,0,0,0,0,1,0,1,0.25,4,0.6931471806,3,27.26250076|58.29583359,7,27.26250076,58.29583359
S1863,921,66.5,1030.0669,257.4834,14.9,76,384,-542,2795,-0.31622744,0.7071071,17.5,0.13480535,-0.0625,0,0.6216277,0.86844444,4559.8,200,37.614765,99.281906,62.548576,1233,0.7181875,1,0,1,0,0,0,0,0,0,0,0,0,0,0,0,0,0,1,0,0,0,100,0.5,4,3.135494216,4,-73.37083435|45.72083282,10,-73.37083435,45.72083282
S7628,958,28.516846,639.08325,209.50024,63.49833,,547,973,2292,0.5409653,-0.6394192,942.5,1.0374277,1,0,0,146.53316,5793.6,194.46332,36.886803,203.28877,50.125595,729,0.7500424,0,1,0,1,0,0,0,0,0,0,0,0,0,0,0,0,0,0,0,0,1,1,0.25,5,1.252762968,4,-118.0458298|54.5625,8,-118.0458298,54.5625
S3907,1365,243.5,1805.2838,305.5,26.5,,122,1568,6446,-0.31622875,-0.8974891,470,0.403191,0.5,0,0,250.50809,11646.4,200,62.894325,34.41928,43.7741,1061,0.2619563,0,1,0,1,0,0,0,0,0,0,0,0,0,0,0,0,0,0,0,0,1,100,2,1,1.945910149,1,25.30416679|0.2958333194,5,25.30416679,0.2958333194
S6573,955,16.5,563.10065,252.50024,104.4,66,661,251,2071,0.98370004,-0.17981732,295.5,2.2579837,-0.625,7.692308,0,3.4972444,3189,200,33.344532,73.1017,60.28853,680,0.2960719,0,1,0,1,0,0,0,0,0,1,0,0,0,0,0,0,0,0,0,0,0,100,0.5,4,3.540640387,5,126.8291702|48.33750153,2,126.8291702,48.33750153
S2292,788,75.55005,923.1687,208.5498,21.495003,23,337,2957,4168,0.2377738,0.7446875,719.5,2.840636,4.875,0,0,94.26364,6773.6,200,25.25613,52.291485,56.456364,1291,0.49599174,1,0,0,1,0,0,0,0,0,0,0,0,0,1,0,0,0,0,0,0,0,1,0.6,4,3.218875825,6,9.462499619|48.46250153,7,9.462499619,48.46250153
S1002,1416,146.5,549.9832,319.49976,103.701645,100,922,620,1697,-0.3817209,0.31822816,51,0.32860252,0,7.692308,8.195582,0.42097777,3081.2,200,25.673851,9.897209,82.28916,1038,0.43007913,0,1,1,0,0,0,0,0,0,1,0,0,0,0,0,0,0,0,0,0,0,10000,0.5,4,4.443486192,7,115.0041656|36.25416565,4,115.0041656,36.25416565
S6011,735,60.5,695.017,212.51685,34.101673,29,739,3439,3038,0.22804508,0.31622797,42.5,1.1673896,-0.375,0,0,114.606575,4635,200,61.07548,137.31459,50.11888,833,0.5210264,1,0,0,1,0,0,0,0,0,0,0,0,0,0,0,0,0,0,0,1,0,1,0.25,4,2.889482432,8,27.26250076|58.29583359,7,27.26250076,58.29583359
S4583,909,26.466797,621.1509,213.46655,66.99833,,1019,2372,2803,-0.96363586,-0.081362695,911,2.931128,2.5625,0,0,93.60818,5528.8,200,34.626884,222.31874,53.22273,680,0.77110505,0,1,0,1,0,0,0,0,0,0,0,0,0,0,0,0,0,0,0,0,1,1,0.25,5,1.609437912,5,-116.5958328|54.20416641,9,-116.5958328,54.20416641
S4408,1267,131.61621,3437.4023,183.5664,24.196665,,261,3851,6205,0.39932412,0.9167687,1745,5.119382,0.375,0,0,18.65031,6519.2,200,53.640045,224.0743,50.686573,2003,0.2097156,0,1,0,1,0,0,0,0,0,0,0,0,0,0,0,0,0,0,0,0,1,1,0.25,1,2.674010719,2,-155.3125|19.82916641,1,-155.3125,19.82916641
S1048,1853,160.4834,744.1505,249.4834,80.50167,25,2210,4404,1738,-0.16555858,0.69061923,1574,1.4352865,-0.9375,26.923079,0,12.767111,3380.8,199.92352,62.251503,19.064392,60.43762,963,0.2177934,0,1,0,1,0,1,0,0,0,0,0,0,0,0,0,0,0,0,0,0,0,1600,0.5,10,3.828641396,8,29.20416641|-26.00416756,9,29.20416641,-26.00416756
S2065,1508,101.416016,362.017,298.3828,93.60332,21,3275,4785,2969,-0.6719521,-0.7396244,999.5,4.593792,-1.625,0,6.7646894,0,2332.4,200,45.512882,15.913079,81.99937,874,0.36195496,1,0,0,1,0,0,1,0,0,0,0,0,0,0,0,0,0,0,0,0,0,100,0.5,10,1.609437912,9,109.7874985|38.10416794,9,109.7874985,38.10416794
S4332,1999,187.48364,683.0997,275.5,95.89668,11,446,5719,5240,-0.79242516,0.2503656,1306,0.8151109,1.0625,0,0,56.664177,4845.6,200,69.261734,15.439556,60.372597,779,0.23834543,0,1,0,1,0,0,0,0,0,0,0,0,0,0,0,0,0,0,0,0,1,100,2,7,2.48490665,6,29.47916603|-20.02083397,2,29.47916603,-20.02083397
S6739,1267,131.61621,3437.4023,183.5664,24.196665,,261,3851,6205,0.39932412,0.9167687,1745,5.119382,0.375,0,0,18.65031,6519.2,200,53.640045,224.0743,50.686573,2003,0.2097156,0,1,0,1,0,0,0,0,0,0,0,0,0,0,0,0,0,0,0,0,1,1,0.25,1,2.888481061,3,-155.3125|19.82916641,1,-155.3125,19.82916641
S1946,961,27.533203,662.06683,208.50024,62.898327,,922,3366,2554,0.93858004,0.34380913,951,0.8845985,-1,0,0,139.66524,5736.4,196.43079,35.776035,226.97191,50.313286,729,0.7495963,0,1,0,1,0,0,0,0,0,0,0,0,0,0,0,0,0,0,0,0,1,1,0.25,5,2.772526195,6,-117.9708328|54.57916641,8,-117.9708328,54.57916641
S6705,1254,121.61694,3193.9346,176.5835,24.396688,20,751,4018,3778,0.4215162,0.9067608,1941,5.4097967,2,0,0,8.919644,9833.6,199.96217,45.98457,166.13841,55.210518,2003,0.20980686,0,1,0,1,0,0,0,0,0,0,0,0,0,0,0,0,0,0,0,0,1,1,0.25,2,3.658703733,9,-155.3291626|19.82083321,1,-155.3291626,19.82083321
S5219,1254,121.61694,3193.9346,176.5835,24.396688,20,751,4018,3778,0.4215162,0.9067608,1941,5.4097967,2,0,0,8.919644,9833.6,199.96217,45.98457,166.13841,55.210518,2003,0.20980686,0,1,0,1,0,0,0,0,0,0,0,0,0,0,0,0,0,0,0,0,1,1,0.25,2,2.978891275,10,-155.3291626|19.82083321,1,-155.3291626,19.82083321
S5515,909,26.466797,621.1509,213.46655,66.99833,,1019,2372,2803,-0.96363586,-0.081362695,911,2.931128,2.5625,0,0,93.60818,5528.8,200,34.626884,222.31874,53.22273,680,0.77110505,0,1,0,1,0,0,0,0,0,0,0,0,0,0,0,0,0,0,0,0,1,1,0.25,5,2.944281058,7,-116.5958328|54.20416641,9,-116.5958328,54.20416641
S3102,1159,189.43433,2199.902,242.45093,44.499992,15,294,3711,4343,0.09158969,0.35910884,836,4.2023516,-4.8125,0,0,154.30667,17520.6,194.50816,51.432735,47.97979,47.75104,2872,0.13248041,0,1,0,1,0,0,0,0,0,0,0,0,0,0,0,0,0,0,0,0,1,100,5,1,1.386294361,4,-45.22083282|-23.4375,9,-45.22083282,-23.4375
S2785,1724,244.46729,1706.5138,294.48413,80.19832,92,703,1160,1594,-0.7242019,-0.109783724,150,4.269892,-1.875,0,0.8940074,9.1728,6909.6,199.99495,52.0199,20.969316,55.07304,2110,0.2099742,0,1,1,0,0,0,0,0,0,1,0,0,0,0,0,0,0,0,0,0,0,100,0.25,1,4.025351691,5,109.4124985|18.32916641,8,109.4124985,18.32916641
S6372,946,2.4833984,675.0496,188.4834,58.10665,,1010,2426,2843,0.5651144,-0.8190206,1389.5,2.6913278,-1.5,0,0,65.72142,4791.4,199.49501,38.83834,188.2464,50.884747,855,0.70079404,0,1,0,1,0,0,0,0,0,0,0,0,0,0,0,0,0,0,0,0,1,1,0.25,5,0.6931471806,8,-118.6708298|53.98749924,8,-118.6708298,53.98749924
S3638,1214,169.46729,1571.1934,307.45093,56.201653,41,765,475,2557,0.12217592,0.3102813,198,3.6310296,-4.8125,0,13.268652,22.345955,6789,200,36.171932,22.22334,61.78308,2146,0.3659008,1,0,0,1,0,0,1,0,0,0,0,0,0,0,0,0,0,0,0,0,0,1,0.5,1,2.833154495,6,111.0374985|29.65416718,3,111.0374985,29.65416718
S1932,1532,221.48315,897.1499,276.5,52.99997,70,529,445,4070,0.036599226,0.91914505,1301,1.7771618,-1.125,100,0,66.361244,11494.6,200,45.515793,23.270403,57.41039,1171,0.2411586,0,1,0,1,0,0,0,0,0,0,0,0,0,0,0,0,0,0,0,0,1,100,5,7,3.96081317,7,30.73749924|-1.879166722,10,30.73749924,-1.879166722
S4851,1266,136.55005,3570.5193,186.5498,23.998333,,266,3682,5493,0.36486655,0.9310581,1662.5,5.110835,-2.75,0,0,58.27413,11484.8,200,59.214035,235.09749,47.766872,2003,0.2097156,0,1,0,1,0,0,0,0,0,0,0,0,0,0,0,0,0,0,0,0,1,1,0.25,1,3.696574722,7,-155.3041687|19.82916641,1,-155.3041687,19.82916641
S6419,604,60.64868,1102.3727,150.64868,22.398325,19,797,4915,3156,0.8127955,0.55979747,476,11.70363,-4.4375,0,0,79.074135,3355.2,167.71086,60.976257,162.09456,47.362328,935,0.564504,0,1,0,1,0,0,0,0,0,0,0,0,0,0,0,0,0,0,0,0,1,100,2,5,2.442086109,9,-3.470833302|57.00416565,2,-3.470833302,57.00416565
S4759,1260,126.59985,3311.0686,180.5664,24.298332,,266,-809,5397,0.1786791,0.98317844,1849,5.4882984,-1.25,0,0,12.071645,11000.8,200,47.679646,182.91426,52.51077,2003,0.20980686,0,1,0,1,0,0,0,0,0,0,0,0,0,0,0,0,0,0,0,0,1,1,0.25,2,2.638843002,1,-155.3208313|19.82083321,1,-155.3208313,19.82083321
S2618,1094,98.499756,1236.0505,280.4995,7.100028,37,960,293,1252,3.14e-07,0.85749304,78,0.8289146,0.375,0,0,93.1472,8519,200,60.23179,105.35357,52.507145,1173,0.6937127,0,1,0,1,0,0,0,0,0,0,0,0,0,0,0,0,0,0,0,0,1,100,2,4,3.955982504,9,-71.63749695|42.52083206,3,-71.63749695,42.52083206
S1900,1744,254.5,1419.2351,292.5,81.7,34,,,,-0.9493637,-0.26568404,0,0.6912664,0,100,0.020977085,0.4664889,,200,49.273285,16.209812,59.91296,2110,0.18310465,0,1,1,0,0,0,0,0,0,1,0,0,0,0,0,0,0,0,0,0,0,100,0.25,1,4.472746752,8,108.7958298|18.47916603,8,108.7958298,18.47916603
S5224,788,75.55005,923.1687,208.5498,21.495003,23,337,2957,4168,0.2377738,0.7446875,719.5,2.840636,4.875,0,0,94.26364,6773.6,200,25.25613,52.291485,56.456364,1291,0.49599174,1,0,0,1,0,0,0,0,0,0,0,0,0,1,0,0,0,0,0,0,0,1,0.6,4,3.349904087,10,9.462499619|48.46250153,7,9.462499619,48.46250153
S4089,1475,114.49951,368.89975,307.51636,90.8983,5,1759,2256,2142,0.59214026,0.6389176,807,3.3087318,-4,0,11.593144,0,2520.4,200,41.892887,17.791348,82.42711,975.1638,0.37165534,1,0,0,1,0,0,1,0,0,0,0,0,0,0,0,0,0,0,0,0,0,100,0.5,4,2.970414466,1,110.2874985|37.46250153,9,110.2874985,37.46250153
S2518,1462,222.48364,2004.4532,308.5166,64.196655,91,270,161,4772,-0.564999,-0.7321312,147.5,3.1047506,-0.6875,0,0.15548337,30.191822,5528.6,200,42.447414,21.262276,60.51351,2184,0.2580588,0,1,1,0,0,0,0,0,0,1,0,0,0,0,0,0,0,0,0,0,0,100,0.25,1,4.087168864,9,110.3041687|22.63750076,10,110.3041687,22.63750076
S3240,1260,126.59985,3311.0686,180.5664,24.298332,,266,-809,5397,0.1786791,0.98317844,1849,5.4882984,-1.25,0,0,12.071645,11000.8,200,47.679646,182.91426,52.51077,2003,0.20980686,0,1,0,1,0,0,0,0,0,0,0,0,0,0,0,0,0,0,0,0,1,1,0.25,2,3.156872742,2,-155.3208313|19.82083321,1,-155.3208313,19.82083321
S7425,986,85.5,1211.318,261.48364,7.9,,473,818,2870,-0.91299415,0.40752846,325,1.7175539,-1.1875,0,2.2223876,78.33369,8275.4,200,56.90684,107.66652,49.993156,1173,0.6622795,0,1,0,1,0,0,0,0,0,0,0,0,0,0,0,0,0,0,0,1,0,100,0.25,4,1.580420987,2,-72.1875|42.48749924,3,-72.1875,42.48749924
S1321,1675,187.3982,1097.7877,253.4148,53.493317,26,493,1870,3623,-0.72563803,-0.6720847,1867.5,3.16891,-2.125,0,7.800834,34.49547,11605.4,200,50.852448,21.587921,65.78181,1261,0.20792572,0,1,0,1,0,0,0,0,0,0,0,0,0,0,0,0,0,0,0,0,1,100,2,7,3.993602992,8,35.38750076|-1.604166627,7,35.38750076,-1.604166627
S1509,1744,254.5,1419.2351,292.5,81.7,34,,,,-0.9493637,-0.26568404,0,0.6912664,0,100,0.020977085,0.4664889,,200,49.273285,16.209812,59.91296,2110,0.18310465,0,1,1,0,0,0,0,0,0,1,0,0,0,0,0,0,0,0,0,0,0,100,0.25,1,4.395744653,10,108.7958298|18.47916603,8,108.7958298,18.47916603
S5036,788,75.55005,923.1687,208.5498,21.495003,23,337,2957,4168,0.2377738,0.7446875,719.5,2.840636,4.875,0,0,94.26364,6773.6,200,25.25613,52.291485,56.456364,1291,0.49599174,1,0,0,1,0,0,0,0,0,0,0,0,0,1,0,0,0,0,0,0,0,1,0.6,4,4.016112725,3,9.462499619|48.46250153,7,9.462499619,48.46250153
S1084,1542,254.51636,1661.1172,309.5332,58.79831,100,566,-869,1739,0.39610597,0.46497732,47.5,1.0901538,1.25,0,0.6428492,63.20569,8268.4,200,64.61186,17.398132,50.570114,1501,0.19866212,0,1,0,1,0,0,1,0,0,0,0,0,0,0,0,0,0,0,0,0,0,113,0.25,1,4.504244284,1,-6.529166698|5.012499809,8,-6.529166698,5.012499809
S3350,931,17.5,447.79868,220.51685,45.40332,,520,1847,2230,0.8691163,-0.48879364,688,0.56365883,-0.1875,0,0.2083459,93.97315,6244.2,200,41.30245,163.83438,58.138805,659,0.707645,0,1,0,1,0,0,0,0,0,0,0,0,0,0,0,0,0,0,0,0,1,1,0.25,6,2.079441542,3,-119.0958328|56.24583435,7,-119.0958328,56.24583435
S3641,1642,179.44995,530.14996,278.46655,24.00005,,487,155,4253,-0.05255869,-0.7570205,272.5,7.506491,-1.6875,0,0,82.2848,10918.6,160.03207,59.315254,27.005356,60.216583,1318,0.108775005,0,1,0,1,0,0,0,0,0,0,0,0,0,0,0,0,0,0,0,0,1,100,2,12,3.784189634,6,26.20416641|-33.48749924,3,26.20416641,-33.48749924
S1761,1245,142.48315,577.0167,299.5,76.39997,100,1418,724,981,-0.9970023,6.28e-07,537.5,0.69549346,0,0,34.961853,0,5317.4,200,29.581915,17.220928,77.82496,1373,0.47095197,0,1,0,1,0,0,0,0,0,1,0,0,0,0,0,0,0,0,0,0,0,100,0.25,4,3.178012186,4,108.1624985|34.34583282,6,108.1624985,34.34583282
S6784,1254,121.61694,3193.9346,176.5835,24.396688,20,751,4018,3778,0.4215162,0.9067608,1941,5.4097967,2,0,0,8.919644,9833.6,199.96217,45.98457,166.13841,55.210518,2003,0.20980686,0,1,0,1,0,0,0,0,0,0,0,0,0,0,0,0,0,0,0,0,1,1,0.25,2,2.986994218,3,-155.3291626|19.82083321,1,-155.3291626,19.82083321
S1985,1104,44.500244,552.9497,268.50024,104.90167,100,593,328,3673,-0.1473479,-0.57735026,139,0.7270266,0.9375,0,6.7388964,0,2997.4,200,28.339163,30.600622,66.377945,868,0.34728733,0,1,1,0,0,0,0,0,0,1,0,0,0,0,0,0,0,0,0,0,0,60,0.25,4,2.708050201,5,126.8458328|45.84583282,8,126.8458328,45.84583282
S6227,1260,126.59985,3311.0686,180.5664,24.298332,,266,-809,5397,0.1786791,0.98317844,1849,5.4882984,-1.25,0,0,12.071645,11000.8,200,47.679646,182.91426,52.51077,2003,0.20980686,0,1,0,1,0,0,0,0,0,0,0,0,0,0,0,0,0,0,0,0,1,1,0.25,2,2.351184777,4,-155.3208313|19.82083321,1,-155.3208313,19.82083321
S2500,1336,105.41699,639.63715,260.417,80.80335,41,326,2662,3921,0.11802153,0.5354624,1008,16.676365,-27.125,0,0,48.507732,1656.2,198.61172,38.33275,36.83697,66.363075,1567,0.4313808,0,1,0,1,0,0,0,0,0,1,0,0,0,0,0,0,0,0,0,0,0,1,0.05,4,4.48860268,6,112.2874985|35.20416641,9,112.2874985,35.20416641
S5827,1266,136.55005,3570.5193,186.5498,23.998333,,266,3682,5493,0.36486655,0.9310581,1662.5,5.110835,-2.75,0,0,58.27413,11484.8,200,59.214035,235.09749,47.766872,2003,0.2097156,0,1,0,1,0,0,0,0,0,0,0,0,0,0,0,0,0,0,0,0,1,1,0.25,1,2.251081265,2,-155.3041687|19.82916641,1,-155.3041687,19.82916641
S2201,1331,191.51685,1954.0513,337.48364,57.601677,100,614,4107,2972,-0.3917283,0.72617435,38,0.76404834,-1,0,2.2072465,0.4152889,4883,200,36.15002,14.130707,51.375,2054,0.37162274,0,1,0,1,0,0,0,0,0,1,0,0,0,0,0,0,0,0,0,0,0,400,1.5,4,3.761130384,7,116.9208298|28.24583244,7,116.9208298,28.24583244
S2602,1447.9999,100.66748,543.4977,273.68433,41.39668,,492,1602,5658,0.6802275,-0.7045553,1652,15.049555,5.9375,0,0,70.813515,5953.8,190.95566,45.089645,39.135887,64.03502,2083,0.28689593,1,0,0,1,0,0,0,0,0,0,0,0,0,0,0,0,0,0,0,1,0,1,0.5,12,2.564333755,7,-2.837500095|37.40416718,10,-2.837500095,37.40416718
S5553,2616,221.53369,137.88332,400.55054,76.708244,,410,48,7783,0.70796716,0.70264983,283,5.7587543,-3.3125,0,0,0,1181.2,132.77594,57.552193,4.9126368,80.45014,1465,0.20985402,0,1,0,1,0,0,0,0,0,0,0,0,0,0,0,0,0,0,0,0,1,100,5,13,1.791759469,1,-116.3791656|33.65416718,10,-116.3791656,33.65416718
S4409,1266,136.55005,3570.5193,186.5498,23.998333,,266,3682,5493,0.36486655,0.9310581,1662.5,5.110835,-2.75,0,0,58.27413,11484.8,200,59.214035,235.09749,47.766872,2003,0.2097156,0,1,0,1,0,0,0,0,0,0,0,0,0,0,0,0,0,0,0,0,1,1,0.25,1,2.564564659,3,-155.3041687|19.82916641,1,-155.3041687,19.82916641
S5287,958,54.70044,652.2971,216.7168,87.80333,48,1146,5413,3438,0.32344288,0.9002583,2141.5,9.813257,-4.875,0,0,0,4016,200,35.483723,42.783764,74.72228,1362,0.368166,1,0,0,1,0,0,1,0,0,0,0,0,0,0,0,0,0,0,0,0,0,100,0.5,10,4.015932441,10,106.2375031|35.6875,4,106.2375031,35.6875
S1839,1830,232.71655,1483.2053,257.7002,39.19331,3,541,3998,2907,0.49796087,0.8249842,539,13.591677,0.25,0,0,196.49565,15333.2,188.35225,30.759441,59.73151,52.780796,2821,0.15691376,0,1,0,1,0,0,0,0,0,0,0,0,0,0,0,0,0,0,0,0,1,100,2,1,3.669849487,4,-61.74583435|16.1875,10,-61.74583435,16.1875
S5897,950,30.466553,532.05023,217.4497,48.999996,,646,1154,3665,-0.986119,-0.013771035,807.5,3.7609158,-4.5,0,0,52.426132,4766.8,200,45.815044,186.80515,53.958958,707,0.7212237,0,1,0,1,0,0,0,0,0,0,0,0,0,0,0,0,0,0,0,0,1,1,0.25,6,1.791759469,4,-119.6958313|54.8125,6,-119.6958313,54.8125
S5893,788,75.55005,923.1687,208.5498,21.495003,23,337,2957,4168,0.2377738,0.7446875,719.5,2.840636,4.875,0,0,94.26364,6773.6,200,25.25613,52.291485,56.456364,1291,0.49599174,1,0,0,1,0,0,0,0,0,0,0,0,0,1,0,0,0,0,0,0,0,1,0.6,4,3.405355392,8,9.462499619|48.46250153,7,9.462499619,48.46250153
S2630,1244,142.5,606.9831,298.4668,77.69829,100,1548,2660,1145,-0.9095323,-0.35334596,517,1.1950842,1,0,140.00677,0,,200,29.076893,15.165628,79.2258,1724,0.48846725,0,1,1,0,0,0,0,0,0,1,0,0,0,0,0,0,0,0,0,0,0,16,1.5,4,3.044522438,9,108.0625|34.28749847,6,108.0625,34.28749847
S1889,921,66.5,1030.0669,257.4834,14.9,76,384,-542,2795,-0.31622744,0.7071071,17.5,0.13480535,-0.0625,0,0.6216277,0.86844444,4559.8,200,37.614765,99.281906,62.548576,1233,0.7181875,1,0,1,0,0,0,0,0,0,0,0,0,0,0,0,0,0,1,0,0,0,100,0.5,4,3.531172501,10,-73.37083435|45.72083282,10,-73.37083435,45.72083282
S5825,1254,121.61694,3193.9346,176.5835,24.396688,20,751,4018,3778,0.4215162,0.9067608,1941,5.4097967,2,0,0,8.919644,9833.6,199.96217,45.98457,166.13841,55.210518,2003,0.20980686,0,1,0,1,0,0,0,0,0,0,0,0,0,0,0,0,0,0,0,0,1,1,0.25,2,2.90416508,5,-155.3291626|19.82083321,1,-155.3291626,19.82083321
S1380,1376,154.5,941.9665,311.5,75.201706,100,772,1593,2172,0.85749227,-0.5144969,34.5,0.20721093,0,7.692308,4.5509214,3.7237334,4585.8,200,18.827013,12.98033,79.31286,1257,0.40955758,0,1,1,0,0,0,0,0,0,1,0,0,0,0,0,0,0,0,0,0,0,10000,0.5,4,4.3424929,1,115.5041656|33.22083282,3,115.5041656,33.22083282
S2632,1368,176.5,1750.9644,325.51685,46.2,90,777,4744,3068,-0.047540598,-0.285125,60.5,1.1911206,2.125,0,12.18677,1.3155556,3297.6,200,26.787823,15.979309,57.84551,2138,0.3938757,0,1,0,1,0,1,0,0,0,0,0,0,0,0,0,0,0,0,0,0,0,100,0.5,4,3.140914283,2,115.7125015|29.27916718,6,115.7125015,29.27916718
S6726,1266,136.55005,3570.5193,186.5498,23.998333,,266,3682,5493,0.36486655,0.9310581,1662.5,5.110835,-2.75,0,0,58.27413,11484.8,200,59.214035,235.09749,47.766872,2003,0.2097156,0,1,0,1,0,0,0,0,0,0,0,0,0,0,0,0,0,0,0,0,1,1,0.25,1,3.198019812,5,-155.3041687|19.82916641,1,-155.3041687,19.82916641
S1534,1839,159.5,741.1339,248.5,80.50332,45,2575,3478,1955,0.011427979,0.96680707,1589.5,1.2024026,0.8125,30.769232,0,17.565866,3214,198.18483,60.75757,18.997484,59.12576,963,0.21533445,0,1,0,1,0,1,0,0,0,0,0,0,0,0,0,0,0,0,0,0,0,1600,0.5,10,4.119037175,1,29.1875|-25.99583244,9,29.1875,-25.99583244
S1930,1390,129.5,665.98364,304.5,102.20332,100,488,-676,2823,-0.7071073,-0.51166743,16,0.09266788,-0.0625,0,0.78396946,0,5944.8,200,45.52617,11.726461,72.83904,1259,0.37522298,0,1,1,0,0,0,0,0,0,1,0,0,0,0,0,0,0,0,0,0,0,10000,0.5,4,4.168817943,3,119.9375|36.62083435,2,119.9375,36.62083435
S4151,1260,126.59985,3311.0686,180.5664,24.298332,,266,-809,5397,0.1786791,0.98317844,1849,5.4882984,-1.25,0,0,12.071645,11000.8,200,47.679646,182.91426,52.51077,2003,0.20980686,0,1,0,1,0,0,0,0,0,0,0,0,0,0,0,0,0,0,0,0,1,1,0.25,2,3.050409861,6,-155.3208313|19.82083321,1,-155.3208313,19.82083321
S4037,1104,44.500244,552.9497,268.50024,104.90167,100,593,328,3673,-0.1473479,-0.57735026,139,0.7270266,0.9375,0,6.7388964,0,2997.4,200,28.339163,30.600622,66.377945,868,0.34728733,0,1,1,0,0,0,0,0,0,1,0,0,0,0,0,0,0,0,0,0,0,60,0.25,4,3.028489856,4,126.8458328|45.84583282,8,126.8458328,45.84583282
S7372,1747,168.5166,923.96594,284.5166,72.298355,100,1123,2322,1402,-0.40181726,0.90030533,467,0.45562643,0.1875,0,0.88196427,0.33706668,3499.2,200,52.530132,12.861359,64.791435,1101,0.18077233,0,1,0,1,0,0,0,0,0,1,0,0,0,0,0,0,0,0,0,0,0,1,0.5,8,1.584120104,10,-64.1875|-31.5625,9,-64.1875,-31.5625
S6768,1260,126.59985,3311.0686,180.5664,24.298332,,266,-809,5397,0.1786791,0.98317844,1849,5.4882984,-1.25,0,0,12.071645,11000.8,200,47.679646,182.91426,52.51077,2003,0.20980686,0,1,0,1,0,0,0,0,0,0,0,0,0,0,0,0,0,0,0,0,1,1,0.25,2,2.875427299,7,-155.3208313|19.82083321,1,-155.3208313,19.82083321
S5507,946,2.4833984,675.0496,188.4834,58.10665,,1010,2426,2843,0.5651144,-0.8190206,1389.5,2.6913278,-1.5,0,0,65.72142,4791.4,199.49501,38.83834,188.2464,50.884747,855,0.70079404,0,1,0,1,0,0,0,0,0,0,0,0,0,0,0,0,0,0,0,0,1,1,0.25,5,1.098612289,10,-118.6708298|53.98749924,8,-118.6708298,53.98749924
S7457,943,18.5,600.9491,201.4834,44.805016,,642,-900,3294,0.884689,0.39487228,1066,2.6907244,-2.0625,0,0,122.768715,5186.4,200,39.759064,187.37015,54.21263,707,0.6929289,0,1,0,1,0,0,0,0,0,0,0,0,0,0,0,0,0,0,0,0,1,1,0.25,5,2.079441542,1,-119.9958344|54.67083359,6,-119.9958344,54.67083359
S994,1323,49.483643,469.93317,262.5166,124.50499,49,418,2213,4399,0.40594703,0.91384673,467.5,4.09223,-4.375,0,1.0435827,0.15928888,2430.4,199.63078,37.435623,23.525505,72.45579,777,0.35170615,1,0,0,1,0,0,1,0,0,0,0,0,0,0,0,0,0,0,0,0,0,100,0.5,8,3.135494216,1,121.4375|45.57083511,5,121.4375,45.57083511
S4471,909,26.466797,621.1509,213.46655,66.99833,,1019,2372,2803,-0.96363586,-0.081362695,911,2.931128,2.5625,0,0,93.60818,5528.8,200,34.626884,222.31874,53.22273,680,0.77110505,0,1,0,1,0,0,0,0,0,0,0,0,0,0,0,0,0,0,0,0,1,1,0.25,5,1.791759469,2,-116.5958328|54.20416641,9,-116.5958328,54.20416641
S1593,1730,253.51636,1407.8999,313.4834,50.096657,,935,4058,2275,-0.07071145,-0.7200713,4,0.24536157,0,0,0.19319648,78.5792,15087,160.78421,44.314053,61.490696,70.815544,1542,0.14450379,0,1,0,1,0,0,0,0,0,0,0,0,0,0,0,0,0,0,0,0,1,100,2,1,3.526213424,6,-87.1958313|21.21249962,8,-87.1958313,21.21249962
S2481,1430,66.5,424.00024,279.4834,102.89998,64,1284,2329,3227,-0.19611683,-0.96957725,1108,0.32585788,0.125,0,0.050528146,0,2452.6,200,48.50345,14.166305,79.69597,930,0.36292928,1,0,0,1,0,0,1,0,0,0,0,0,0,0,0,0,0,0,0,0,0,100,0.5,8,3.855410348,2,111.9208298|40.77916718,10,111.9208298,40.77916718
S2428,1285,212.39966,1101.651,304.39966,84.50333,64,390,2268,3493,-0.3359251,-0.94127095,600.5,10.440117,5.25,7.692308,1.3116001,25.969421,8134,199.20496,33.08216,22.973726,63.68096,2575.2415,0.3041404,0,1,1,0,0,0,0,0,0,1,0,0,0,0,0,0,0,0,0,0,0,100,0.25,1,4.278899777,7,105.4791641|24.75416756,3,105.4791641,24.75416756
S2648,1383,154.5,934.96686,311.5,75.805,100,915,5049,2583,-0.57715976,0.19611639,34,0.1383553,-0.125,9.615385,0.6008136,0.049777776,4014.8,200,16.00578,12.323097,81.44416,1257,0.41057223,0,1,1,0,0,0,0,0,0,1,0,0,0,0,0,0,0,0,0,0,0,10000,0.5,4,4.56563903,5,115.5708313|33.25416565,3,115.5708313,33.25416565
S4927,1254,121.61694,3193.9346,176.5835,24.396688,20,751,4018,3778,0.4215162,0.9067608,1941,5.4097967,2,0,0,8.919644,9833.6,199.96217,45.98457,166.13841,55.210518,2003,0.20980686,0,1,0,1,0,0,0,0,0,0,0,0,0,0,0,0,0,0,0,0,1,1,0.25,2,3.375845404,8,-155.3291626|19.82083321,1,-155.3291626,19.82083321
S4202,1267,131.61621,3437.4023,183.5664,24.196665,,261,3851,6205,0.39932412,0.9167687,1745,5.119382,0.375,0,0,18.65031,6519.2,200,53.640045,224.0743,50.686573,2003,0.2097156,0,1,0,1,0,0,0,0,0,0,0,0,0,0,0,0,0,0,0,0,1,1,0.25,1,2.782972116,8,-155.3125|19.82916641,1,-155.3125,19.82916641
S6413,950,30.466553,532.05023,217.4497,48.999996,,646,1154,3665,-0.986119,-0.013771035,807.5,3.7609158,-4.5,0,0,52.426132,4766.8,200,45.815044,186.80515,53.958958,707,0.7212237,0,1,0,1,0,0,0,0,0,0,0,0,0,0,0,0,0,0,0,0,1,1,0.25,6,1.386294361,5,-119.6958313|54.8125,6,-119.6958313,54.8125
S5163,872,104.500244,809.06665,223.51685,11.4,64,978,4425,2119,0.8157692,-0.5783669,44,1.1553187,-1.25,0,1.6614289,10.637156,6488.2,200,24.18042,17.929396,63.8059,1024,0.50734645,0,1,0,1,0,0,0,0,0,1,0,0,0,0,0,0,0,0,0,0,0,4,0.25,4,3.135363761,6,4.9375|50.84583282,6,4.9375,50.84583282
S5985,1260,126.59985,3311.0686,180.5664,24.298332,,266,-809,5397,0.1786791,0.98317844,1849,5.4882984,-1.25,0,0,12.071645,11000.8,200,47.679646,182.91426,52.51077,2003,0.20980686,0,1,0,1,0,0,0,0,0,0,0,0,0,0,0,0,0,0,0,0,1,1,0.25,2,3.098288855,9,-155.3208313|19.82083321,1,-155.3208313,19.82083321
S2284,1747,168.5166,923.96594,284.5166,72.298355,100,1123,2322,1402,-0.40181726,0.90030533,467,0.45562643,0.1875,0,0.88196427,0.33706668,3499.2,200,52.530132,12.861359,64.791435,1101,0.18077233,0,1,0,1,0,0,0,0,0,1,0,0,0,0,0,0,0,0,0,0,0,1,0.5,8,3.500167473,3,-64.1875|-31.5625,9,-64.1875,-31.5625
S2527,2071,166.61597,568.152,332.63257,40.003334,52,652,2423,4539,0.44536278,-0.6517869,985,7.8611126,-1.3125,0,0,6.177422,2844.8,173.00702,44.749672,20.509007,75.30483,1677,0.20142014,0,1,0,1,0,0,0,0,0,0,0,0,0,0,0,0,0,0,0,0,1,100,2,12,4.077520504,8,-6.695833206|32.02083206,7,-6.695833206,32.02083206
S3527,1090,152.33447,2033.6171,306.28467,48.996674,19,488,2573,3473,-0.033583008,-0.85039705,386.5,10.55393,-21.4375,0,0.61882514,58.59947,6579.4,199.875,34.843086,27.404722,58.774426,2083,0.3857706,0,1,0,1,0,0,0,0,0,0,0,0,0,0,0,0,0,0,0,0,1,100,2,4,3.218715824,7,119.4458313|30.32083321,3,119.4458313,30.32083321
S1818,873,105.483154,813.0501,224.48315,11.5,59,788,3436,1770,-0.68436384,0.4183836,37,0.53044504,-1.125,0,0.27997532,32.833424,6597.2,200,27.496218,18.358847,61.38324,1024,0.5058858,0,1,0,1,0,0,0,0,0,1,0,0,0,0,0,0,0,0,0,0,0,4,0.25,4,3.33811559,8,4.962500095|50.86249924,6,4.962500095,50.86249924
S4318,788,75.55005,923.1687,208.5498,21.495003,23,337,2957,4168,0.2377738,0.7446875,719.5,2.840636,4.875,0,0,94.26364,6773.6,200,25.25613,52.291485,56.456364,1291,0.49599174,1,0,0,1,0,0,0,0,0,0,0,0,0,1,0,0,0,0,0,0,0,1,0.6,4,3.056356895,9,9.462499619|48.46250153,7,9.462499619,48.46250153
S1179,1575,245.50024,2616.8984,322.50024,68.10164,49,697,2280,2248,-0.0240685,0.70971423,79,1.1260417,2.875,0,0.1518507,31.999289,6930.6,200,41.6475,19.00152,53.831303,2175,0.22356746,0,1,1,0,0,0,0,0,0,1,0,0,0,0,0,0,0,0,0,0,0,100,0.25,1,4.268269895,9,110.6208344|19.59583282,2,110.6208344,19.59583282
S2492,1370,87.5,246.96661,269.5,89.00497,,2398,2590,3244,0.47959524,-0.8321446,1715.5,2.5086691,0.875,0,0.16305056,0,1732.2,200,42.15536,7.7705207,83.8125,814,0.34373456,1,0,0,1,0,0,1,0,0,0,0,0,0,0,0,0,0,0,0,0,0,100,0.5,10,2.833213344,2,104.8708344|36.99583435,9,104.8708344,36.99583435
S4171,1254,121.61694,3193.9346,176.5835,24.396688,20,751,4018,3778,0.4215162,0.9067608,1941,5.4097967,2,0,0,8.919644,9833.6,199.96217,45.98457,166.13841,55.210518,2003,0.20980686,0,1,0,1,0,0,0,0,0,0,0,0,0,0,0,0,0,0,0,0,1,1,0.25,2,3.815600192,10,-155.3291626|19.82083321,1,-155.3291626,19.82083321
S5923,1266,136.55005,3570.5193,186.5498,23.998333,,266,3682,5493,0.36486655,0.9310581,1662.5,5.110835,-2.75,0,0,58.27413,11484.8,200,59.214035,235.09749,47.766872,2003,0.2097156,0,1,0,1,0,0,0,0,0,0,0,0,0,0,0,0,0,0,0,0,1,1,0.25,1,3.294984625,10,-155.3041687|19.82916641,1,-155.3041687,19.82916641
S6031,880,107.4668,691.0667,228.4668,13.501674,,237,911,3907,-0.4388673,-0.89832354,87,4.7174864,-0.5,0,0,207.52995,7436.4,200,37.909145,39.71356,48.80086,1248,0.46707582,0,1,0,1,0,0,0,0,0,0,0,0,0,0,0,0,0,0,0,0,1,100,5,4,1.386294361,10,2.887500048|49.40416718,6,2.887500048,49.40416718
S3032,670,62.500244,610.10016,186.4668,29.701675,,1066,1206,1917,-0.42582887,0.5810578,3,0.9653414,-0.4375,100,0.58432454,66.11253,6498.2,158.41222,57.197666,99.02958,54.450024,742,0.6547216,0,1,0,1,0,0,0,0,0,0,0,0,0,0,0,0,0,0,0,1,0,1,0.265,4,2.926757249,1,19.92916679|60.34583282,9,19.92916679,60.34583282
S1357,1266,136.55005,3570.5193,186.5498,23.998333,,266,3682,5493,0.36486655,0.9310581,1662.5,5.110835,-2.75,0,0,58.27413,11484.8,200,59.214035,235.09749,47.766872,2003,0.2097156,0,1,0,1,0,0,0,0,0,0,0,0,0,0,0,0,0,0,0,0,1,1,0.25,1,2.903397666,1,-155.3041687|19.82916641,1,-155.3041687,19.82916641
S6733,1266,136.55005,3570.5193,186.5498,23.998333,,266,3682,5493,0.36486655,0.9310581,1662.5,5.110835,-2.75,0,0,58.27413,11484.8,200,59.214035,235.09749,47.766872,2003,0.2097156,0,1,0,1,0,0,0,0,0,0,0,0,0,0,0,0,0,0,0,0,1,1,0.25,1,2.685327321,2,-155.3041687|19.82916641,1,-155.3041687,19.82916641
S6754,1267,131.61621,3437.4023,183.5664,24.196665,,261,3851,6205,0.39932412,0.9167687,1745,5.119382,0.375,0,0,18.65031,6519.2,200,53.640045,224.0743,50.686573,2003,0.2097156,0,1,0,1,0,0,0,0,0,0,0,0,0,0,0,0,0,0,0,0,1,1,0.25,1,2.979552121,3,-155.3125|19.82916641,1,-155.3125,19.82916641
S4390,1266,136.55005,3570.5193,186.5498,23.998333,,266,3682,5493,0.36486655,0.9310581,1662.5,5.110835,-2.75,0,0,58.27413,11484.8,200,59.214035,235.09749,47.766872,2003,0.2097156,0,1,0,1,0,0,0,0,0,0,0,0,0,0,0,0,0,0,0,0,1,1,0.25,1,2.68539548,4,-155.3041687|19.82916641,1,-155.3041687,19.82916641
S4291,672,62.5,581.9997,170.5,30.803324,19,922,1151,1944,-0.37644893,0.8944273,9,0.26455182,-0.1875,0,0.01292554,60.14471,6486.6,136.90356,59.23632,101.14881,54.743504,742,0.63427305,0,1,0,1,0,0,0,0,0,0,0,0,0,0,0,0,0,0,0,1,0,1,0.265,4,2.995732274,2,20.16250038|60.07083511,9,20.16250038,60.07083511
S3436,1261,130.56738,3436.2678,183.53369,24.196665,,296,-647,4310,0.58436203,0.811493,1773.5,4.9342194,-0.5,0,0,66.01315,5316.4,200,53.722668,205.09613,49.632347,2003,0.20980686,0,1,0,1,0,0,0,0,0,0,0,0,0,0,0,0,0,0,0,0,1,1,0.25,1,2.840772917,5,-155.3125|19.82083321,1,-155.3125,19.82083321
S3161,1104,44.500244,552.9497,268.50024,104.90167,100,593,328,3673,-0.1473479,-0.57735026,139,0.7270266,0.9375,0,6.7388964,0,2997.4,200,28.339163,30.600622,66.377945,868,0.34728733,0,1,1,0,0,0,0,0,0,1,0,0,0,0,0,0,0,0,0,0,0,60,0.25,4,2.944438979,3,126.8458328|45.84583282,8,126.8458328,45.84583282
S6149,1214,169.46729,1571.1934,307.45093,56.201653,41,765,475,2557,0.12217592,0.3102813,198,3.6310296,-4.8125,0,13.268652,22.345955,6789,200,36.171932,22.22334,61.78308,2146,0.3659008,1,0,0,1,0,0,1,0,0,0,0,0,0,0,0,0,0,0,0,0,0,1,0.5,1,2.397895273,6,111.0374985|29.65416718,3,111.0374985,29.65416718
S4542,1254,121.61694,3193.9346,176.5835,24.396688,20,751,4018,3778,0.4215162,0.9067608,1941,5.4097967,2,0,0,8.919644,9833.6,199.96217,45.98457,166.13841,55.210518,2003,0.20980686,0,1,0,1,0,0,0,0,0,0,0,0,0,0,0,0,0,0,0,0,1,1,0.25,2,2.772401188,1,-155.3291626|19.82083321,1,-155.3291626,19.82083321
S6866,1100,39.549805,394.96646,251.5498,62.90165,85,1388,2058,1353,0.9864293,0.16007537,807,0.74635416,1.25,0,0.017561192,0,4538,200,41.777393,24.815668,68.62485,603,0.624223,1,0,1,0,0,0,0,0,0,0,0,0,0,0,0,1,0,0,0,0,0,100,1,8,2.479475295,4,-107.6875|50.29583359,4,-107.6875,50.29583359
S2571,1260,37.516846,377.0332,248.5,104.70003,48,746,3307,3786,0.99033046,0.085675746,1343,0.9043521,-0.625,0,0.004994868,0,2068.2,200,49.571487,14.233843,79.75255,888,0.3697996,1,0,0,1,0,0,0,0,0,0,0,0,0,0,0,0,0,0,0,1,0,100,0.5,8,3.855325651,5,116.2791672|42.02916718,9,116.2791672,42.02916718
S5774,368.00003,-110.39966,1452.7942,134.73413,32.59664,,3178,4534,1826,0.74305487,0.6677865,674.5,5.2503715,5.4375,0,0,0.19626667,666.6,123.72797,51.379684,165.57748,52.57744,351,0.4051613,0,1,0,1,0,0,0,0,0,0,0,0,0,0,0,0,0,0,0,0,1,100,5,11,2.483071608,1,90.91249847|68.96250153,10,90.91249847,68.96250153
S2014,1104,44.500244,552.9497,268.50024,104.90167,100,593,328,3673,-0.1473479,-0.57735026,139,0.7270266,0.9375,0,6.7388964,0,2997.4,200,28.339163,30.600622,66.377945,868,0.34728733,0,1,1,0,0,0,0,0,0,1,0,0,0,0,0,0,0,0,0,0,0,60,0.25,4,3.401097368,4,126.8458328|45.84583282,8,126.8458328,45.84583282
S1045,1425,177.41724,779.73157,286.417,48.401672,58,783,278,2545,-0.7760674,0.6298202,76,2.8819964,-4.5,0,0.34398142,19.1616,8441,200,36.834293,20.159712,74.93907,1965,0.18426913,0,1,0,1,0,0,0,0,0,0,0,0,0,0,0,0,0,0,0,1,0,1,0.25,12,3.831355102,9,3.020833254|39.83750153,4,3.020833254,39.83750153
S3581,1218,161.5,905.01654,311.5,63.110004,95,833,3383,3241,-0.27938253,-0.8658246,128,0.19957565,-0.1875,0,6.337818,0.09386667,4327.6,200,24.755342,11.129356,72.24215,1678,0.36250934,0,1,1,0,0,0,0,0,0,1,0,0,0,0,0,0,0,0,0,0,0,10000,0.5,4,3.804304178,5,111.9458313|32.52083206,6,111.9458313,32.52083206
S7506,921,66.5,1030.0669,257.4834,14.9,76,384,-542,2795,-0.31622744,0.7071071,17.5,0.13480535,-0.0625,0,0.6216277,0.86844444,4559.8,200,37.614765,99.281906,62.548576,1233,0.7181875,1,0,1,0,0,0,0,0,0,0,0,0,0,0,0,0,0,1,0,0,0,100,0.5,4,1.580420987,6,-73.37083435|45.72083282,10,-73.37083435,45.72083282
S4222,1764,247.5,1120.9666,331.5,86.6,18,357,1970,3870,0.31622726,0.35355365,28,0.18031488,0.25,40.384613,0,42.555023,8064.2,200,66.57472,12.886098,60.340347,1091,0.23175979,1,0,0,1,0,0,0,0,0,0,0,0,0,0,0,0,0,0,0,1,0,1,0.25,7,2.397804323,9,34.45416641|-18.9375,4,34.45416641,-18.9375
S897,1552,256.4834,1404.184,321.4834,47.101643,100,581,1947,2739,0.56720686,0.285155,219.5,1.7455003,2.1875,0,6.558103,71.30009,7938.6,200,63.427197,16.77229,54.996998,1152,0.23194365,0,1,0,1,0,0,1,0,0,0,0,0,0,0,0,0,0,0,0,0,0,113,0.25,1,4.608026135,7,-6.504166603|6.129166603,8,-6.504166603,6.129166603
S4179,669,64.4668,594.0667,193.44995,29.000027,,617,-1691,2624,-0.80664515,-0.55662215,0,0.23026973,-0.3125,100,0.08949767,42.418312,6185.6,139.22382,58.24528,107.4457,55.40129,742,0.6560527,0,1,0,1,0,0,0,0,0,0,0,0,0,0,0,0,0,0,0,1,0,1,0.265,4,3.276540749,7,19.78750038|60.36249924,9,19.78750038,60.36249924
S2997,1266,136.55005,3570.5193,186.5498,23.998333,,266,3682,5493,0.36486655,0.9310581,1662.5,5.110835,-2.75,0,0,58.27413,11484.8,200,59.214035,235.09749,47.766872,2003,0.2097156,0,1,0,1,0,0,0,0,0,0,0,0,0,0,0,0,0,0,0,0,1,1,0.25,1,2.833095699,8,-155.3041687|19.82916641,1,-155.3041687,19.82916641
S5217,1267,131.61621,3437.4023,183.5664,24.196665,,261,3851,6205,0.39932412,0.9167687,1745,5.119382,0.375,0,0,18.65031,6519.2,200,53.640045,224.0743,50.686573,2003,0.2097156,0,1,0,1,0,0,0,0,0,0,0,0,0,0,0,0,0,0,0,0,1,1,0.25,1,2.904000669,9,-155.3125|19.82916641,1,-155.3125,19.82916641
S2836,1747,168.5166,923.96594,284.5166,72.298355,100,1123,2322,1402,-0.40181726,0.90030533,467,0.45562643,0.1875,0,0.88196427,0.33706668,3499.2,200,52.530132,12.861359,64.791435,1101,0.18077233,0,1,0,1,0,0,0,0,0,1,0,0,0,0,0,0,0,0,0,0,0,1,0.5,8,3.1353203,6,-64.1875|-31.5625,9,-64.1875,-31.5625
S6242,947,7.5510254,635.83105,188.56787,45.006683,,392,1285,5127,-0.651819,-0.582153,1256,2.9863443,3.25,0,0,62.047466,4187.8,198.99896,38.967064,189.34702,50.787273,707,0.679487,0,1,0,1,0,0,0,0,0,0,0,0,0,0,0,0,0,0,0,0,1,1,0.25,5,0.6931471806,3,-119.9708328|54.63750076,6,-119.9708328,54.63750076
S5687,958,28.500244,663.0674,208.5332,62.79833,,360,909,4753,0.8497753,0.5271443,940,0.9274568,0.0625,0,0,141.32605,5795.8,196.95668,35.36112,214.89134,49.861366,729,0.75116986,0,1,0,1,0,0,0,0,0,0,0,0,0,0,0,0,0,0,0,0,1,1,0.25,5,1.945910149,4,-117.9708328|54.58750153,8,-117.9708328,54.58750153
S6052,1249,255.51685,3046.1172,280.48364,58.800007,,258,4064,4846,0.7776387,0.6285329,45,1.0940995,0.0625,0,0.001149052,302.71735,8991,200,46.593067,106.34653,48.621006,1788,0.21550141,0,1,0,1,0,0,0,0,0,0,0,0,0,0,0,0,0,0,0,0,1,100,2,14,3.112492532,2,9.337499619|0.5791666508,9,9.337499619,0.5791666508
S3004,1176,185.51636,1544.9668,331.51636,41.198345,100,865,3407,2064,0.8974673,-0.44010708,125,1.8917987,0.6875,0,8.61727,3.3258667,4330,200,31.193157,17.314802,63.765278,1979,0.33031636,0,1,0,1,0,0,0,0,0,1,0,0,0,0,0,0,0,0,0,0,0,400,1.5,1,3.091042453,10,111.8708344|26.76250076,5,111.8708344,26.76250076
S5225,735,60.5,695.017,212.51685,34.101673,29,739,3439,3038,0.22804508,0.31622797,42.5,1.1673896,-0.375,0,0,114.606575,4635,200,61.07548,137.31459,50.11888,833,0.5210264,1,0,0,1,0,0,0,0,0,0,0,0,0,0,0,0,0,0,0,1,0,1,0.25,4,3.21815558,8,27.26250076|58.29583359,7,27.26250076,58.29583359
S1674,669,64.4668,594.0667,193.44995,29.000027,,617,-1691,2624,-0.80664515,-0.55662215,0,0.23026973,-0.3125,100,0.08949767,42.418312,6185.6,139.22382,58.24528,107.4457,55.40129,742,0.6560527,0,1,0,1,0,0,0,0,0,0,0,0,0,0,0,0,0,0,0,1,0,1,0.265,4,3.574085661,9,19.78750038|60.36249924,9,19.78750038,60.36249924
S1386,921,66.5,1030.0669,257.4834,14.9,76,384,-542,2795,-0.31622744,0.7071071,17.5,0.13480535,-0.0625,0,0.6216277,0.86844444,4559.8,200,37.614765,99.281906,62.548576,1233,0.7181875,1,0,0,1,0,0,0,0,0,0,0,0,0,0,0,0,0,1,0,0,0,100,0.5,4,3.743580698,10,-73.37083435|45.72083282,10,-73.37083435,45.72083282
S1060,1372,97.46704,465.91537,287.46704,103.501686,77,660,21,1786,-0.65355366,-0.7535528,357.5,0.30936944,-0.6875,0,2.379597,1.0225778,2991.8,200,44.090343,21.871191,75.88279,1142,0.45049304,1,0,0,1,0,0,1,0,0,0,0,0,0,0,0,0,0,0,0,0,0,100,0.5,4,3.433954964,1,118.2458344|40.92916489,9,118.2458344,40.92916489
S6229,1261,130.56738,3436.2678,183.53369,24.196665,,296,-647,4310,0.58436203,0.811493,1773.5,4.9342194,-0.5,0,0,66.01315,5316.4,200,53.722668,205.09613,49.632347,2003,0.20980686,0,1,0,1,0,0,0,0,0,0,0,0,0,0,0,0,0,0,0,0,1,1,0.25,1,2.139830859,1,-155.3125|19.82083321,1,-155.3125,19.82083321
S2835,788,75.55005,923.1687,208.5498,21.495003,23,337,2957,4168,0.2377738,0.7446875,719.5,2.840636,4.875,0,0,94.26364,6773.6,200,25.25613,52.291485,56.456364,1291,0.49599174,1,0,0,1,0,0,0,0,0,0,0,0,0,1,0,0,0,0,0,0,0,1,0.6,4,3.637507253,2,9.462499619|48.46250153,7,9.462499619,48.46250153
S1446,680,61.5,593.9835,170.48315,31.2,,665,471,3171,0.7441618,0.3550735,12,0.684587,-0.75,0,0.068785675,93.25458,7329,116.70523,61.117477,106.09773,52.756992,,0.62720597,0,1,0,1,0,0,0,0,0,0,0,0,0,0,0,0,0,0,0,1,0,1,0.265,4,4.150976886,3,20.27916718|60.12916565,9,20.27916718,60.12916565
S6442,953,31.466797,529.0332,217.46704,49.198322,,598,3200,4121,-0.90916264,0.41643113,803,2.488282,-0.5625,0,0,100.69778,4763.4,200,45.198517,191.8483,53.461014,707,0.7212237,0,1,0,1,0,0,0,0,0,0,0,0,0,0,0,0,0,0,0,0,1,1,0.25,6,1.609437912,6,-119.6791687|54.8125,6,-119.6791687,54.8125
S5617,932,18.6167,422.59857,223.71631,45.70502,,834,3918,2295,0.9264581,0.112966165,644.5,4.045503,4.5625,0,0.002423702,116.87911,6537.4,199.87587,33.51485,212.29474,59.648636,659,0.7286248,0,1,0,1,0,0,0,0,0,0,0,0,0,0,0,0,0,0,0,0,1,1,0.25,6,2.302585093,7,-119.0958328|56.26250076,7,-119.0958328,56.26250076
S2200,1450,142.5,484.03354,324.5,107.603355,100,940,745,1601,-0.9067859,0.16876933,42,0.14805226,-0.1875,0,7.9062295,0.22897778,3646,200,33.804752,14.318171,81.48038,1082,0.40882203,0,1,0,1,0,0,0,0,0,1,0,0,0,0,0,0,0,0,0,0,0,10000,0.5,4,3.871138543,4,114.8541641|37.80416489,4,114.8541641,37.80416489
S4096,958,28.500244,663.0674,208.5332,62.79833,,360,909,4753,0.8497753,0.5271443,940,0.9274568,0.0625,0,0,141.32605,5795.8,196.95668,35.36112,214.89134,49.861366,729,0.75116986,0,1,0,1,0,0,0,0,0,0,0,0,0,0,0,0,0,0,0,0,1,1,0.25,5,2.970260594,5,-117.9708328|54.58750153,8,-117.9708328,54.58750153
S7673,930,5.5168457,657.9165,195.51685,62.301674,,1484,4636,2134,-0.52575064,-0.4759143,1394.5,2.2448254,2,0,0,73.896,5772,200,35.689667,182.23006,55.13674,854,0.7296108,0,1,0,1,0,0,0,0,0,0,0,0,0,0,0,0,0,0,0,0,1,1,0.25,5,1.203872783,6,-117.3291702|53.42083359,9,-117.3291702,53.42083359
S3380,672,63.5,590.0335,194.5,29.001675,,1275,3328,2435,-0.70336676,-0.3646894,15,1.1449437,1.1875,0,0,82.64089,6353,118.7757,59.116756,98.4681,54.86442,,0.6560382,0,1,0,1,0,0,0,0,0,0,0,0,0,0,0,0,0,0,0,1,0,1,0.265,3,3.496386351,7,19.80416679|60.33750153,9,19.80416679,60.33750153
S3241,1260,126.59985,3311.0686,180.5664,24.298332,,266,-809,5397,0.1786791,0.98317844,1849,5.4882984,-1.25,0,0,12.071645,11000.8,200,47.679646,182.91426,52.51077,2003,0.20980686,0,1,0,1,0,0,0,0,0,0,0,0,0,0,0,0,0,0,0,0,1,1,0.25,2,3.188416617,2,-155.3208313|19.82083321,1,-155.3208313,19.82083321
S5420,865,105.5,809.0496,224.5,11.501673,61,919,3801,3088,0.487353,0.22629812,37,0.61984015,-0.25,0,2.1767347,44.05529,9033.2,200,39.535904,20.211758,60.658054,1024,0.50589156,0,1,0,1,0,0,0,0,0,1,0,0,0,0,0,0,0,0,0,0,0,4,0.25,4,2.139948518,5,4.987500191|50.87083435,6,4.987500191,50.87083435
S3215,1217,170.3186,1484.144,308.28564,56.301678,51,420,2605,3683,-0.76546705,0.5538962,156.5,11.692974,-8.125,0,1.7802253,23.257778,7355,200,37.906075,22.567251,61.0164,2146,0.3654785,1,0,0,1,0,0,1,0,0,0,0,0,0,0,0,0,0,0,0,0,0,1,0.5,1,3.806551349,2,111.0541687|29.67083359,3,111.0541687,29.67083359
S4855,931,17.5,447.79868,220.51685,45.40332,,520,1847,2230,0.8691163,-0.48879364,688,0.56365883,-0.1875,0,0.2083459,93.97315,6244.2,200,41.30245,163.83438,58.138805,659,0.707645,0,1,0,1,0,0,0,0,0,0,0,0,0,0,0,0,0,0,0,0,1,1,0.25,6,2.351184777,8,-119.0958328|56.24583435,7,-119.0958328,56.24583435
S4159,1266,136.55005,3570.5193,186.5498,23.998333,,266,3682,5493,0.36486655,0.9310581,1662.5,5.110835,-2.75,0,0,58.27413,11484.8,200,59.214035,235.09749,47.766872,2003,0.2097156,0,1,0,1,0,0,0,0,0,0,0,0,0,0,0,0,0,0,0,0,1,1,0.25,1,2.917770732,3,-155.3041687|19.82916641,1,-155.3041687,19.82916641
S2528,1021.99994,-1.3825684,1379.0079,187.63428,22.596657,,1769,1322,2437,0.53414994,0.7705729,2094.5,18.36282,-15.4375,0,0,1.0808889,1251.4,61.5736,43.513676,120.381424,57.67844,1018,0.48781145,1,0,0,1,0,0,0,0,0,0,0,0,0,0,0,0,0,0,1,0,0,1,0.25,5,2.917716706,7,-113.3458328|48.46250153,2,-113.3458328,48.46250153
S5586,935,14.516602,610.05,201.53296,63.1,,380,1916,5744,0.020566715,-0.8690771,1229,3.7300544,4.5625,0,0,111.34951,4667.6,194.80841,40.039696,183.47733,51.4844,855,0.7535415,0,1,0,1,0,0,0,0,0,0,0,0,0,0,0,0,0,0,0,0,1,1,0.25,5,1.609437912,8,-117.7291641|53.94583511,8,-117.7291641,53.94583511
S1981,1460,219.4336,2044.05,307.44995,63.698326,85,234,-1120,5118,-0.17521918,-0.8702965,158,5.353694,-15.1875,0,0.4949942,38.99609,2511.4,199.98944,41.95785,24.320602,57.857857,2184,0.26386258,0,1,1,0,0,0,0,0,0,1,0,0,0,0,0,0,0,0,0,0,0,100,0.25,1,4.55384533,4,110.4041672|22.71249962,10,110.4041672,22.71249962
S3498,1261,130.56738,3436.2678,183.53369,24.196665,,296,-647,4310,0.58436203,0.811493,1773.5,4.9342194,-0.5,0,0,66.01315,5316.4,200,53.722668,205.09613,49.632347,2003,0.20980686,0,1,0,1,0,0,0,0,0,0,0,0,0,0,0,0,0,0,0,0,1,1,0.25,1,2.397804323,5,-155.3125|19.82083321,1,-155.3125,19.82083321
S1267,1285,211.50122,2388.2417,296.5349,64.09496,4,392,2911,4764,-0.51543915,0.3193583,370,9.578581,-10,0,0,98.89956,3024.6,198.96468,48.84922,40.156616,53.114693,2067,0.26495403,0,1,0,1,0,0,0,0,0,0,0,0,0,0,0,1,0,0,0,0,0,100,0.5,1,3.729685457,6,112.5291672|23.17083359,8,112.5291672,23.17083359
S4130,1261,130.56738,3436.2678,183.53369,24.196665,,296,-647,4310,0.58436203,0.811493,1773.5,4.9342194,-0.5,0,0,66.01315,5316.4,200,53.722668,205.09613,49.632347,2003,0.20980686,0,1,0,1,0,0,0,0,0,0,0,0,0,0,0,0,0,0,0,0,1,1,0.25,1,2.8476382,7,-155.3125|19.82083321,1,-155.3125,19.82083321
S3029,1747,255.51636,1336.0334,299.51636,48.698357,,210,1214,4344,-0.19611683,0.55470014,18,0.15774922,-0.5,0,0,93.89813,10742,115.78659,43.172848,98.31163,71.17757,1542,0.15034056,0,1,0,1,0,0,0,0,0,0,0,0,0,0,0,0,0,0,0,1,0,1,0.25,1,3.465673376,8,-87.35416412|20.44583321,8,-87.35416412,20.44583321
S3533,1285,211.50122,2388.2417,296.5349,64.09496,4,392,2911,4764,-0.51543915,0.3193583,370,9.578581,-10,0,0,98.89956,3024.6,198.96468,48.84922,40.156616,53.114693,2067,0.26495403,0,1,0,1,0,0,0,0,0,0,0,0,0,0,0,1,0,0,0,0,0,100,0.5,1,3.871138543,9,112.5291672|23.17083359,8,112.5291672,23.17083359
S4027,1688,257.5166,2959.9495,293.53345,56.304985,,142,65,5961,-0.41344553,0.7215339,88,4.020423,1.4375,0,0,156.95395,9391,200,37.658844,74.15421,52.18274,1881,0.33074528,1,0,0,1,0,0,0,0,0,0,0,0,0,0,0,0,0,0,1,0,0,400,0.025,1,3.724150088,10,-79.84583282|9.112500191,4,-79.84583282,9.112500191
S5237,1654,223.59912,2431.6335,274.61572,45.699974,10,421,3386,3643,0.69688404,0.19808918,750,14.790446,8.3125,0,0,143.06204,13864,193.73563,26.907284,79.28726,52.760517,2919,0.19622658,0,1,0,1,0,0,0,0,0,0,0,0,0,0,0,0,0,0,0,0,1,100,2,1,3.817646426,1,-66.97083282|18.14583397,6,-66.97083282,18.14583397
S1154,1336,105.41699,639.63715,260.417,80.80335,41,326,2662,3921,0.11802153,0.5354624,1008,16.676365,-27.125,0,0,48.507732,1656.2,198.61172,38.33275,36.83697,66.363075,1567,0.4313808,0,1,0,1,0,0,0,0,0,1,0,0,0,0,0,0,0,0,0,0,0,1,0.05,4,4.043051268,6,112.2874985|35.20416641,9,112.2874985,35.20416641
S3242,1267,131.61621,3437.4023,183.5664,24.196665,,261,3851,6205,0.39932412,0.9167687,1745,5.119382,0.375,0,0,18.65031,6519.2,200,53.640045,224.0743,50.686573,2003,0.2097156,0,1,0,1,0,0,0,0,0,0,0,0,0,0,0,0,0,0,0,0,1,1,0.25,1,3.135450761,2,-155.3125|19.82916641,1,-155.3125,19.82916641
S2719,921,66.5,1030.0669,257.4834,14.9,76,384,-542,2795,-0.31622744,0.7071071,17.5,0.13480535,-0.0625,0,0.6216277,0.86844444,4559.8,200,37.614765,99.281906,62.548576,1233,0.7181875,1,0,0,1,0,0,0,0,0,0,0,0,0,0,0,0,0,1,0,0,0,100,0.5,4,3.188416617,7,-73.37083435|45.72083282,10,-73.37083435,45.72083282
S5346,667.5718,64.5,575.0168,187.51685,28.103323,,,,,,,0,0,0,100,0.3658309,17.775467,4804.6,125.248116,57.884518,117.21346,58.67241,,0.6431824,0,1,0,1,0,0,0,0,0,0,0,0,0,0,0,0,0,0,0,1,0,1,0.265,4,3.04418905,8,19.53750038|60.22083282,9,19.53750038,60.22083282
S2272,1021.99994,-1.3825684,1379.0079,187.63428,22.596657,,1769,1322,2437,0.53414994,0.7705729,2094.5,18.36282,-15.4375,0,0,1.0808889,1251.4,61.5736,43.513676,120.381424,57.67844,1018,0.48781145,1,0,0,1,0,0,0,0,0,0,0,0,0,0,0,0,0,0,1,0,0,1,0.25,5,2.707116436,9,-113.3458328|48.46250153,2,-113.3458328,48.46250153
S2656,1260,126.59985,3311.0686,180.5664,24.298332,,266,-809,5397,0.1786791,0.98317844,1849,5.4882984,-1.25,0,0,12.071645,11000.8,200,47.679646,182.91426,52.51077,2003,0.20980686,0,1,0,1,0,0,0,0,0,0,0,0,0,0,0,0,0,0,0,0,1,1,0.25,2,2.788092909,3,-155.3208313|19.82083321,1,-155.3208313,19.82083321
S2788,788,75.55005,923.1687,208.5498,21.495003,23,337,2957,4168,0.2377738,0.7446875,719.5,2.840636,4.875,0,0,94.26364,6773.6,200,25.25613,52.291485,56.456364,1291,0.49599174,1,0,0,1,0,0,0,0,0,0,0,0,0,1,0,0,0,0,0,0,0,1,0.6,4,3.663459035,9,9.462499619|48.46250153,7,9.462499619,48.46250153
S2050,921,66.5,1030.0669,257.4834,14.9,76,384,-542,2795,-0.31622744,0.7071071,17.5,0.13480535,-0.0625,0,0.6216277,0.86844444,4559.8,200,37.614765,99.281906,62.548576,1233,0.7181875,1,0,1,0,0,0,0,0,0,0,0,0,0,0,0,0,0,1,0,0,0,100,0.5,4,3.135450761,10,-73.37083435|45.72083282,10,-73.37083435,45.72083282
S1054,1520,257.5,1500.9165,290.51636,68.39667,100,629,4325,2651,-0.52737343,0.45420784,19,2.0147512,1.0625,0,2.1687336,38.871643,8082.2,200,61.924675,19.536886,52.44133,1501,0.19196343,0,1,0,1,0,0,1,0,0,0,0,0,0,0,0,0,0,0,0,0,0,113,0.25,1,4.709530201,3,-6.712500095|4.762499809,8,-6.712500095,4.762499809
S2042,1365,176.5,1743.864,326.5,46.199974,100,575,3615,3060,0.9093131,0.31324893,40,1.2074372,-0.0625,0,3.4024177,0.5575111,3527.6,200,24.517826,16.358006,59.38554,2138,0.39387298,0,1,0,1,0,1,0,0,0,0,0,0,0,0,0,0,0,0,0,0,0,100,0.5,4,2.957511061,1,115.7208328|29.28750038,6,115.7208328,29.28750038
S4172,1254,121.61694,3193.9346,176.5835,24.396688,20,751,4018,3778,0.4215162,0.9067608,1941,5.4097967,2,0,0,8.919644,9833.6,199.96217,45.98457,166.13841,55.210518,2003,0.20980686,0,1,0,1,0,0,0,0,0,0,0,0,0,0,0,0,0,0,0,0,1,1,0.25,2,3.433470918,4,-155.3291626|19.82083321,1,-155.3291626,19.82083321
S1233,1267,131.61621,3437.4023,183.5664,24.196665,,261,3851,6205,0.39932412,0.9167687,1745,5.119382,0.375,0,0,18.65031,6519.2,200,53.640045,224.0743,50.686573,2003,0.2097156,0,1,0,1,0,0,0,0,0,0,0,0,0,0,0,0,0,0,0,0,1,1,0.25,1,2.801419129,4,-155.3125|19.82916641,1,-155.3125,19.82916641
S5339,958,28.500244,663.0674,208.5332,62.79833,,360,909,4753,0.8497753,0.5271443,940,0.9274568,0.0625,0,0,141.32605,5795.8,196.95668,35.36112,214.89134,49.861366,729,0.75116986,0,1,0,1,0,0,0,0,0,0,0,0,0,0,0,0,0,0,0,0,1,1,0.25,5,2.917608543,10,-117.9708328|54.58750153,8,-117.9708328,54.58750153
S3917,1260,126.59985,3311.0686,180.5664,24.298332,,266,-809,5397,0.1786791,0.98317844,1849,5.4882984,-1.25,0,0,12.071645,11000.8,200,47.679646,182.91426,52.51077,2003,0.20980686,0,1,0,1,0,0,0,0,0,0,0,0,0,0,0,0,0,0,0,0,1,1,0.25,2,2.707983505,5,-155.3208313|19.82083321,1,-155.3208313,19.82083321
S1872,1260,126.59985,3311.0686,180.5664,24.298332,,266,-809,5397,0.1786791,0.98317844,1849,5.4882984,-1.25,0,0,12.071645,11000.8,200,47.679646,182.91426,52.51077,2003,0.20980686,0,1,0,1,0,0,0,0,0,0,0,0,0,0,0,0,0,0,0,0,1,1,0.25,2,2.813370738,6,-155.3208313|19.82083321,1,-155.3208313,19.82083321
S3433,1267,131.61621,3437.4023,183.5664,24.196665,,261,3851,6205,0.39932412,0.9167687,1745,5.119382,0.375,0,0,18.65031,6519.2,200,53.640045,224.0743,50.686573,2003,0.2097156,0,1,0,1,0,0,0,0,0,0,0,0,0,0,0,0,0,0,0,0,1,1,0.25,1,2.139948518,5,-155.3125|19.82916641,1,-155.3125,19.82916641
S4374,1266,136.55005,3570.5193,186.5498,23.998333,,266,3682,5493,0.36486655,0.9310581,1662.5,5.110835,-2.75,0,0,58.27413,11484.8,200,59.214035,235.09749,47.766872,2003,0.2097156,0,1,0,1,0,0,0,0,0,0,0,0,0,0,0,0,0,0,0,0,1,1,0.25,1,2.803360381,6,-155.3041687|19.82916641,1,-155.3041687,19.82916641
S5575,1266,136.55005,3570.5193,186.5498,23.998333,,266,3682,5493,0.36486655,0.9310581,1662.5,5.110835,-2.75,0,0,58.27413,11484.8,200,59.214035,235.09749,47.766872,2003,0.2097156,0,1,0,1,0,0,0,0,0,0,0,0,0,0,0,0,0,0,0,0,1,1,0.25,1,2.484739981,7,-155.3041687|19.82916641,1,-155.3041687,19.82916641
S4030,1267,131.61621,3437.4023,183.5664,24.196665,,261,3851,6205,0.39932412,0.9167687,1745,5.119382,0.375,0,0,18.65031,6519.2,200,53.640045,224.0743,50.686573,2003,0.2097156,0,1,0,1,0,0,0,0,0,0,0,0,0,0,0,0,0,0,0,0,1,1,0.25,1,3.375264012,8,-155.3125|19.82916641,1,-155.3125,19.82916641
S6782,1260,126.59985,3311.0686,180.5664,24.298332,,266,-809,5397,0.1786791,0.98317844,1849,5.4882984,-1.25,0,0,12.071645,11000.8,200,47.679646,182.91426,52.51077,2003,0.20980686,0,1,0,1,0,0,0,0,0,0,0,0,0,0,0,0,0,0,0,0,1,1,0.25,2,1.943335391,7,-155.3208313|19.82083321,1,-155.3208313,19.82083321
S1398,1763,241.49976,1166.5187,323.48315,85.698326,18,164,2152,7027,0.0061715585,-0.9445145,137.5,2.6046526,1.625,32.692307,0,64.32036,7795.4,182.74548,67.90622,20.794518,59.11045,1588,0.23701023,1,0,0,1,0,0,0,0,0,0,0,0,0,0,0,0,0,0,0,1,0,1,0.25,7,3.044474844,10,34.19583511|-19.00416756,4,34.19583511,-19.00416756
S6794,725,-8.285156,1065.3622,224.73145,74.694984,,1157,2126,1863,0.9119433,0.41030705,533,15.298032,4.25,0,0,116.0336,6242.4,177.68402,41.027885,229.3201,48.377747,1015,0.32596365,0,1,0,1,0,0,0,0,0,0,0,0,0,0,0,0,0,0,0,0,1,100,2,6,2.564718542,9,137.9375|49.32083511,8,137.9375,49.32083511
S6217,1100,39.549805,394.96646,251.5498,62.90165,85,1388,2058,1353,0.9864293,0.16007537,807,0.74635416,1.25,0,0.017561192,0,4538,200,41.777393,24.815668,68.62485,603,0.624223,1,0,1,0,0,0,0,0,0,0,0,0,0,0,0,1,0,0,0,0,0,100,1,8,1.87149446,7,-107.6875|50.29583359,4,-107.6875,50.29583359
S3667,1267,131.61621,3437.4023,183.5664,24.196665,,261,3851,6205,0.39932412,0.9167687,1745,5.119382,0.375,0,0,18.65031,6519.2,200,53.640045,224.0743,50.686573,2003,0.2097156,0,1,0,1,0,0,0,0,0,0,0,0,0,0,0,0,0,0,0,0,1,1,0.25,1,3.177928812,9,-155.3125|19.82916641,1,-155.3125,19.82916641
S5596,1254,121.61694,3193.9346,176.5835,24.396688,20,751,4018,3778,0.4215162,0.9067608,1941,5.4097967,2,0,0,8.919644,9833.6,199.96217,45.98457,166.13841,55.210518,2003,0.20980686,0,1,0,1,0,0,0,0,0,0,0,0,0,0,0,0,0,0,0,0,1,1,0.25,2,3.349518059,8,-155.3291626|19.82083321,1,-155.3291626,19.82083321
S2549,1037,77.51611,429.00092,241.53296,83.005,48,562,2265,4545,-0.86308813,0.4584255,1827.5,8.419848,-6.25,0,1.0986795,0,3614.6,200,33.749454,24.827986,79.398254,1281,0.3639283,1,0,0,1,0,0,1,0,0,0,0,0,0,0,0,0,0,0,0,0,0,100,0.5,10,2.862200881,3,105.6708298|35.54583359,4,105.6708298,35.54583359
S4174,1254,121.61694,3193.9346,176.5835,24.396688,20,751,4018,3778,0.4215162,0.9067608,1941,5.4097967,2,0,0,8.919644,9833.6,199.96217,45.98457,166.13841,55.210518,2003,0.20980686,0,1,0,1,0,0,0,0,0,0,0,0,0,0,0,0,0,0,0,0,1,1,0.25,2,2.89003834,9,-155.3291626|19.82083321,1,-155.3291626,19.82083321
S2597,680,61.5,593.9835,170.48315,31.2,,665,471,3171,0.7441618,0.3550735,12,0.684587,-0.75,0,0.068785675,93.25458,7329,116.70523,61.117477,106.09773,52.756992,,0.62720597,0,1,0,1,0,0,0,0,0,0,0,0,0,0,0,0,0,0,0,1,0,1,0.265,4,2.302285022,2,20.27916718|60.12916565,9,20.27916718,60.12916565
S910,1365,176.5,1743.864,326.5,46.199974,100,575,3615,3060,0.9093131,0.31324893,40,1.2074372,-0.0625,0,3.4024177,0.5575111,3527.6,200,24.517826,16.358006,59.38554,2138,0.39387298,0,1,0,1,0,1,0,0,0,0,0,0,0,0,0,0,0,0,0,0,0,100,0.5,4,2.674148649,3,115.7208328|29.28750038,6,115.7208328,29.28750038
S5436,1100,39.549805,394.96646,251.5498,62.90165,85,1388,2058,1353,0.9864293,0.16007537,807,0.74635416,1.25,0,0.017561192,0,4538,200,41.777393,24.815668,68.62485,603,0.624223,1,0,1,0,0,0,0,0,0,0,0,0,0,0,0,1,0,0,0,0,0,100,1,8,2.638771595,8,-107.6875|50.29583359,4,-107.6875,50.29583359
S3580,1244,142.5,606.9831,298.4668,77.69829,100,1548,2660,1145,-0.9095323,-0.35334596,517,1.1950842,1,0,140.00677,0,,200,29.076893,15.165628,79.2258,1724,0.48846725,0,1,1,0,0,0,0,0,0,1,0,0,0,0,0,0,0,0,0,0,0,16,1.5,4,2.970414466,4,108.0625|34.28749847,6,108.0625,34.28749847
S4036,1183,120.500244,1223.0668,291.50024,20.8,,170,2169,5250,-0.79658186,0.28868142,276,2.2631612,-0.125,0,0.02788159,147.82045,5641.8,200,19.150917,31.678106,50.5634,1179,0.6136322,0,1,0,1,0,0,0,0,0,0,0,0,0,0,0,0,0,0,0,0,1,100,5,4,1.791759469,5,-86.21250153|39.24583435,9,-86.21250153,39.24583435
S5857,735,60.5,695.017,212.51685,34.101673,29,739,3439,3038,0.22804508,0.31622797,42.5,1.1673896,-0.375,0,0,114.606575,4635,200,61.07548,137.31459,50.11888,833,0.5210264,1,0,0,1,0,0,0,0,0,0,0,0,0,0,0,0,0,0,0,1,0,1,0.25,4,1.945910149,6,27.26250076|58.29583359,7,27.26250076,58.29583359
S1980,1493,260.48315,2055.1604,308.48315,24.40335,,164,540,6209,-0.7071073,-0.6572779,128,0.7463044,0.75,0,0,306.69992,7368.6,200,46.373528,65.17018,46.779194,2752,0.35862508,0,1,0,1,0,0,0,0,0,0,0,0,0,0,0,0,0,0,0,0,1,100,2,1,1.791759469,10,102.3125|2.979166746,8,102.3125,2.979166746
S3429,735,60.5,695.017,212.51685,34.101673,29,739,3439,3038,0.22804508,0.31622797,42.5,1.1673896,-0.375,0,0,114.606575,4635,200,61.07548,137.31459,50.11888,833,0.5210264,1,0,0,1,0,0,0,0,0,0,0,0,0,0,0,0,0,0,0,1,0,1,0.25,4,1.703292507,7,27.26250076|58.29583359,7,27.26250076,58.29583359
S2560,1498,90.483154,354.06677,286.48315,96.70003,21,3897,4822,2082,-0.3233875,-0.887533,1167.5,1.5455835,-0.125,0,0.48314512,0,1971,200,50.42288,10.900316,82.0019,756,0.40096432,1,0,0,1,0,0,1,0,0,0,0,0,0,0,0,0,0,0,0,0,0,100,0.5,10,2.484823279,4,109.6541672|38.55416489,9,109.6541672,38.55416489
S2538,1350,217.63281,1267.8339,308.61597,72.70335,33,552,5453,3649,0.81717336,0.48762035,338.5,7.1914263,7.3125,0,1.8993081,63.847466,8838.4,199.38931,33.137455,24.063112,62.323654,2185,0.3078169,0,1,1,0,0,0,0,0,0,1,0,0,0,0,0,0,0,0,0,0,0,100,0.25,1,3.999301039,1,106.5041656|24.05416679,3,106.5041656,24.05416679
S5417,1747,255.51636,1336.0334,299.51636,48.698357,,210,1214,4344,-0.19611683,0.55470014,18,0.15774922,-0.5,0,0,93.89813,10742,115.78659,43.172848,98.31163,71.17757,1542,0.15034056,0,1,0,1,0,0,0,0,0,0,0,0,0,0,0,0,0,0,0,1,0,1,0.25,1,2.903507377,2,-87.35416412|20.44583321,8,-87.35416412,20.44583321
S3210,1021.99994,-1.3825684,1379.0079,187.63428,22.596657,,1769,1322,2437,0.53414994,0.7705729,2094.5,18.36282,-15.4375,0,0,1.0808889,1251.4,61.5736,43.513676,120.381424,57.67844,1018,0.48781145,1,0,0,1,0,0,0,0,0,0,0,0,0,0,0,0,0,0,1,0,0,1,0.25,5,2.564949357,1,-113.3458328|48.46250153,2,-113.3458328,48.46250153
S2268,1583,244.5,2053.8145,308.4668,67.09997,100,991,4005,2188,-0.6507491,-0.3951639,12,0.33365238,-0.125,0,0.56096065,29.2288,4746.4,200,38.670532,34.235203,57.372044,2175,0.18616831,0,1,1,0,0,0,0,0,0,1,0,0,0,0,0,0,0,0,0,0,0,100,0.25,1,4.050026851,3,110.5291672|19.95416641,2,110.5291672,19.95416641
S7535,930,5.5168457,657.9165,195.51685,62.301674,,1484,4636,2134,-0.52575064,-0.4759143,1394.5,2.2448254,2,0,0,73.896,5772,200,35.689667,182.23006,55.13674,854,0.7296108,0,1,0,1,0,0,0,0,0,0,0,0,0,0,0,0,0,0,0,0,1,1,0.25,5,2.075308011,2,-117.3291702|53.42083359,9,-117.3291702,53.42083359
S3051,1733,251.5,1586.235,295.5,80.00168,100,705,-149,2644,0.92268175,-0.24398871,36,0.74591506,-0.5625,0,1.8449624,0.27733332,6916.8,200,56.49613,20.884802,60.302635,2110,0.20654473,0,1,1,0,0,0,0,0,0,1,0,0,0,0,0,0,0,0,0,0,0,100,0.25,1,4.471615949,4,108.9791641|18.46249962,8,108.9791641,18.46249962
S3703,813,83.499756,628.3523,216.48315,14.298355,72,754,3960,1958,0.9513384,0.054338474,294.5,2.8189611,1.4375,0,0.498069,39.86969,6268,200,27.55997,33.30711,64.04292,1228,0.48777267,1,0,0,1,0,0,0,0,0,0,0,0,1,0,0,0,0,0,0,0,0,1,1,4,1.386294361,8,10.42083359|51.27083206,10,10.42083359,51.27083206
S2106,1439,83.5166,349.94986,295.5166,106.90167,100,1428,1022,2266,-0.7071065,0.7071071,478,0.36226156,-0.75,0,3.5245235,0,2742,200,45.33217,10.795137,83.21156,1036,0.43122086,0,1,1,0,0,0,0,0,0,0,0,0,0,0,0,1,0,0,0,0,0,400,1,4,3.257904244,9,119.4458313|42.46250153,4,119.4458313,42.46250153
S3418,2045,116.4834,53.983273,335.5,70.190025,,578,-1181,7312,0.77812064,-0.6264936,1166.5,0.96281576,-0.25,0,0,0,,200,50.243607,6,82.063354,333,0.36343926,0,1,1,0,0,0,0,0,0,0,0,0,0,0,0,1,0,0,0,0,0,400,1,13,2.197002347,2,95.1791687|40.21250153,4,95.1791687,40.21250153
S1826,1261,130.56738,3436.2678,183.53369,24.196665,,296,-647,4310,0.58436203,0.811493,1773.5,4.9342194,-0.5,0,0,66.01315,5316.4,200,53.722668,205.09613,49.632347,2003,0.20980686,0,1,0,1,0,0,0,0,0,0,0,0,0,0,0,0,0,0,0,0,1,1,0.25,1,3.146090091,5,-155.3125|19.82083321,1,-155.3125,19.82083321
S2881,1749,253.5,1451.2523,293.5166,82.701706,71,2407,2491,1189,0.96818835,-0.15566528,22,0.87167645,-0.375,100,0.027959388,0.0256,5651.6,200,54.72443,29.136122,57.20509,2110,0.21162039,0,1,1,0,0,0,0,0,0,1,0,0,0,0,0,0,0,0,0,0,0,100,0.25,1,3.808793566,6,108.7958298|18.54583359,8,108.7958298,18.54583359
S5926,1267,131.61621,3437.4023,183.5664,24.196665,,261,3851,6205,0.39932412,0.9167687,1745,5.119382,0.375,0,0,18.65031,6519.2,200,53.640045,224.0743,50.686573,2003,0.2097156,0,1,0,1,0,0,0,0,0,0,0,0,0,0,0,0,0,0,0,0,1,1,0.25,1,2.638628697,7,-155.3125|19.82916641,1,-155.3125,19.82916641
S4101,958,28.500244,663.0674,208.5332,62.79833,,360,909,4753,0.8497753,0.5271443,940,0.9274568,0.0625,0,0,141.32605,5795.8,196.95668,35.36112,214.89134,49.861366,729,0.75116986,0,1,0,1,0,0,0,0,0,0,0,0,0,0,0,0,0,0,0,0,1,1,0.25,5,2.724317193,3,-117.9708328|54.58750153,8,-117.9708328,54.58750153
S4699,482,-98.4668,472.75012,148.54956,83.901665,,574,2167,3180,0.6757248,0.737154,733,1.3693303,0,0,0,0.9393778,2355,184.34921,35.373703,299.1866,52.061504,487,0.3462257,0,1,0,1,0,0,0,0,0,0,0,0,0,0,0,0,0,0,0,0,1,100,2,11,1.098612289,2,-149.5958405|68.62083435,3,-149.5958405,68.62083435
S2459,1425,177.41724,779.73157,286.417,48.401672,58,783,278,2545,-0.7760674,0.6298202,76,2.8819964,-4.5,0,0.34398142,19.1616,8441,200,36.834293,20.159712,74.93907,1965,0.18426913,0,1,0,1,0,0,0,0,0,0,0,0,0,0,0,0,0,0,0,1,0,1,0.25,12,3.569532696,10,3.020833254|39.83750153,4,3.020833254,39.83750153
S4740,788,75.55005,923.1687,208.5498,21.495003,23,337,2957,4168,0.2377738,0.7446875,719.5,2.840636,4.875,0,0,94.26364,6773.6,200,25.25613,52.291485,56.456364,1291,0.49599174,1,0,0,1,0,0,0,0,0,0,0,0,0,1,0,0,0,0,0,0,0,1,0.6,4,3.628731306,10,9.462499619|48.46250153,7,9.462499619,48.46250153
S1758,1244,142.5,606.9831,298.4668,77.69829,100,1548,2660,1145,-0.9095323,-0.35334596,517,1.1950842,1,0,140.00677,0,,200,29.076893,15.165628,79.2258,1724,0.48846725,0,1,1,0,0,0,0,0,0,1,0,0,0,0,0,0,0,0,0,0,0,16,1.5,4,2.63905733,1,108.0625|34.28749847,6,108.0625,34.28749847
S1005,1557,251.5,1616.9838,310.50024,52.200005,88,384,1604,2919,0.16437896,0.45157003,128,1.081267,-1.8125,0,0.006931816,103.7376,7471.8,200,66.70248,18.107698,47.56366,1386,0.19858012,0,1,0,1,0,0,1,0,0,0,0,0,0,0,0,0,0,0,0,0,0,113,0.25,1,4.787491743,8,-6.512499809|5.245833397,8,-6.512499809,5.245833397
S4776,1334,83.4834,586.0841,273.4834,104.698326,100,602,814,2763,0.4200393,-0.4059896,653.5,1.9293913,-0.5,0,4.612226,2.469689,3182.2,200,42.772217,23.201887,74.267395,1142,0.40491402,1,0,0,1,0,0,1,0,0,0,0,0,0,0,0,0,0,0,0,0,0,100,0.5,4,2.397895273,2,117.4291687|40.84583282,9,117.4291687,40.84583282
S1050,1576,221.53296,1785.6991,287.5161,82.4,36,1110,5280,2091,0.13802658,0.98329556,1008.5,2.7401066,-3.4375,7.692308,0.0033209831,13.735111,8669.8,200,43.742012,18.327003,53.962257,1643,0.305519,0,1,0,1,0,0,0,0,0,0,0,0,0,0,0,0,0,0,0,0,1,100,5,7,3.895202335,1,-47.55416489|-14.79583359,8,-47.55416489,-14.79583359
S974,1555,255.49976,1415.1167,320.49976,47.101643,100,488,2840,3170,-0.24558485,-0.6228659,224,1.8501278,-0.5625,0,0.038029123,89.21991,7572,200,61.42071,17.48563,54.185505,1152,0.23367602,0,1,0,1,0,0,1,0,0,0,0,0,0,0,0,0,0,0,0,0,0,113,0.25,1,4.382026635,9,-6.487500191|6.137499809,8,-6.487500191,6.137499809
S3509,1254,121.61694,3193.9346,176.5835,24.396688,20,751,4018,3778,0.4215162,0.9067608,1941,5.4097967,2,0,0,8.919644,9833.6,199.96217,45.98457,166.13841,55.210518,2003,0.20980686,0,1,0,1,0,0,0,0,0,0,0,0,0,0,0,0,0,0,0,0,1,1,0.25,2,2.970311855,10,-155.3291626|19.82083321,1,-155.3291626,19.82083321
S1041,1564,256.51636,1307.9661,321.48364,46.8,100,376,4420,4647,0.5247741,0.8216132,150,1.1153173,-1.8125,0,0,61.581154,6129.4,200,64.59029,16.273777,53.186703,1386,0.21136695,0,1,0,1,0,0,1,0,0,0,0,0,0,0,0,0,0,0,0,0,0,113,0.25,1,4.701616084,10,-6.537499905|5.845833302,8,-6.537499905,5.845833302
S2623,1755,253.5,1352.168,296.5332,83.603325,100,1200,2189,1755,-0.51528215,-0.53459835,11,0.47722763,-0.25,0,2.512591,1.6227555,4037.8,200,60.523582,16.11733,59.769684,3221,0.18406029,0,1,1,0,0,0,0,0,0,1,0,0,0,0,0,0,0,0,0,0,0,100,0.25,1,4.291568433,1,108.7125015|18.62916756,8,108.7125015,18.62916756
S908,1365,176.5,1743.864,326.5,46.199974,100,575,3615,3060,0.9093131,0.31324893,40,1.2074372,-0.0625,0,3.4024177,0.5575111,3527.6,200,24.517826,16.358006,59.38554,2138,0.39387298,0,1,0,1,0,1,0,0,0,0,0,0,0,0,0,0,0,0,0,0,0,100,0.5,4,3.526360525,3,115.7208328|29.28750038,6,115.7208328,29.28750038
S2216,1021.99994,-1.3825684,1379.0079,187.63428,22.596657,,1769,1322,2437,0.53414994,0.7705729,2094.5,18.36282,-15.4375,0,0,1.0808889,1251.4,61.5736,43.513676,120.381424,57.67844,1018,0.48781145,1,0,0,1,0,0,0,0,0,0,0,0,0,0,0,0,0,0,1,0,0,1,0.25,5,2.140066163,4,-113.3458328|48.46250153,2,-113.3458328,48.46250153
S3704,804,83.56665,660.8661,216.5669,12.998352,47,880,3692,2171,0.9940065,-0.10653193,299.5,8.257263,-3.5,0,0,82.03502,6324,200,29.824488,38.11028,60.180016,1122,0.4942212,1,0,0,1,0,0,0,0,0,0,0,0,1,0,0,0,0,0,0,0,0,1,1,4,2.56464164,4,10.40416622|50.97083282,10,10.40416622,50.97083282
S4322,788,75.55005,923.1687,208.5498,21.495003,23,337,2957,4168,0.2377738,0.7446875,719.5,2.840636,4.875,0,0,94.26364,6773.6,200,25.25613,52.291485,56.456364,1291,0.49599174,1,0,0,1,0,0,0,0,0,0,0,0,0,1,0,0,0,0,0,0,0,1,0.6,4,3.135146355,5,9.462499619|48.46250153,7,9.462499619,48.46250153
S4659,921,66.5,1030.0669,257.4834,14.9,76,384,-542,2795,-0.31622744,0.7071071,17.5,0.13480535,-0.0625,0,0.6216277,0.86844444,4559.8,200,37.614765,99.281906,62.548576,1233,0.7181875,1,0,1,0,0,0,0,0,0,0,0,0,0,0,0,0,0,1,0,0,0,100,0.5,4,3.617598282,6,-73.37083435|45.72083282,10,-73.37083435,45.72083282
S2777,2077,177.50024,403.15094,323.51685,108.90167,24,1070,1750,2231,-0.35429114,0.83752507,731.5,8.329732,-3.875,0,0,0,2432.8,199.25,35.136333,11.677294,80.41037,1194,0.1978152,0,1,0,1,0,0,0,0,0,0,0,0,0,0,0,0,0,0,0,0,1,100,2,13,3.617651945,3,35.11249924|31.34583282,5,35.11249924,31.34583282
S1067,1425,177.41724,779.73157,286.417,48.401672,58,783,278,2545,-0.7760674,0.6298202,76,2.8819964,-4.5,0,0.34398142,19.1616,8441,200,36.834293,20.159712,74.93907,1965,0.18426913,0,1,0,1,0,0,0,0,0,0,0,0,0,0,0,0,0,0,0,1,0,1,0.25,12,4.219493007,1,3.020833254|39.83750153,4,3.020833254,39.83750153
S2077,1425,177.41724,779.73157,286.417,48.401672,58,783,278,2545,-0.7760674,0.6298202,76,2.8819964,-4.5,0,0.34398142,19.1616,8441,200,36.834293,20.159712,74.93907,1965,0.18426913,0,1,0,1,0,0,0,0,0,0,0,0,0,0,0,0,0,0,0,1,0,1,0.25,12,3.64414356,2,3.020833254|39.83750153,4,3.020833254,39.83750153
S3489,1267,131.61621,3437.4023,183.5664,24.196665,,261,3851,6205,0.39932412,0.9167687,1745,5.119382,0.375,0,0,18.65031,6519.2,200,53.640045,224.0743,50.686573,2003,0.2097156,0,1,0,1,0,0,0,0,0,0,0,0,0,0,0,0,0,0,0,0,1,1,0.25,1,2.301784735,2,-155.3125|19.82916641,1,-155.3125,19.82916641
S1125,1544,253.5332,1646.1675,309.5166,58.29666,100,600,3331,2658,-0.745687,-0.21421802,57.5,0.9880488,0.1875,0,40.788925,49.4032,5269.4,200,62.742184,20.8349,51.305363,1501,0.19821069,0,1,0,1,0,0,1,0,0,0,0,0,0,0,0,0,0,0,0,0,0,113,0.25,1,4.942534881,3,-6.545833111|5.020833492,8,-6.545833111,5.020833492
S1381,1445,149.5,592.9164,316.5,88.60167,100,710,4537,2545,0.3408786,0.4354644,124,0.20721093,0.125,0,3.7718832,0,3968.6,200,26.641232,11.645044,81.12274,1423,0.43216163,0,1,1,0,0,0,0,0,0,1,0,0,0,0,0,0,0,0,0,0,0,10000,0.5,4,4.280616689,7,113.3541641|34.84583282,9,113.3541641,34.84583282
S7047,1260,126.59985,3311.0686,180.5664,24.298332,,266,-809,5397,0.1786791,0.98317844,1849,5.4882984,-1.25,0,0,12.071645,11000.8,200,47.679646,182.91426,52.51077,2003,0.20980686,0,1,0,1,0,0,0,0,0,0,0,0,0,0,0,0,0,0,0,0,1,1,0.25,2,2.078566162,1,-155.3208313|19.82083321,1,-155.3208313,19.82083321
S3980,2116,206.5,176.96652,360.5,54.60003,,1182,4587,4753,0.62896657,0.7774129,59.5,0.3527766,0.25,0,0.04957823,0,,200,66.34059,3.2373517,82.41239,905,0.20942658,1,0,0,1,0,0,0,0,0,0,0,0,0,0,0,0,1,0,0,0,0,100,3,12,0.6931471806,3,9.637499809|34.37916565,8,9.637499809,34.37916565
S5531,672,64.5,569.9665,197.50024,28.401676,,1258,4590,1246,-0.7439879,6.28e-07,1,0.4455837,-0.25,100,0.05189327,70.7968,6269.6,142.56906,55.12964,110.08702,56.12549,,0.6450463,0,1,0,1,0,0,0,0,0,0,0,0,0,0,0,0,0,0,0,1,0,1,0.265,3,2.716282859,8,19.67083359|60.21250153,9,19.67083359,60.21250153
S4684,953,31.466797,529.0332,217.46704,49.198322,,598,3200,4121,-0.90916264,0.41643113,803,2.488282,-0.5625,0,0,100.69778,4763.4,200,45.198517,191.8483,53.461014,707,0.7212237,0,1,0,1,0,0,0,0,0,0,0,0,0,0,0,0,0,0,0,0,1,1,0.25,6,1.607235505,10,-119.6791687|54.8125,6,-119.6791687,54.8125
S1650,1244,142.5,606.9831,298.4668,77.69829,100,1548,2660,1145,-0.9095323,-0.35334596,517,1.1950842,1,0,140.00677,0,,200,29.076893,15.165628,79.2258,1724,0.48846725,0,1,1,0,0,0,0,0,0,1,0,0,0,0,0,0,0,0,0,0,0,16,1.5,4,2.772588722,8,108.0625|34.28749847,6,108.0625,34.28749847
S3825,1747,168.5166,923.96594,284.5166,72.298355,100,1123,2322,1402,-0.40181726,0.90030533,467,0.45562643,0.1875,0,0.88196427,0.33706668,3499.2,200,52.530132,12.861359,64.791435,1101,0.18077233,0,1,0,1,0,0,0,0,0,1,0,0,0,0,0,0,0,0,0,0,0,1,0.5,8,3.392829132,9,-64.1875|-31.5625,9,-64.1875,-31.5625
S4288,788,75.55005,923.1687,208.5498,21.495003,23,337,2957,4168,0.2377738,0.7446875,719.5,2.840636,4.875,0,0,94.26364,6773.6,200,25.25613,52.291485,56.456364,1291,0.49599174,1,0,0,1,0,0,0,0,0,0,0,0,0,1,0,0,0,0,0,0,0,1,0.6,4,3.860603376,9,9.462499619|48.46250153,7,9.462499619,48.46250153
S6041,1254,121.61694,3193.9346,176.5835,24.396688,20,751,4018,3778,0.4215162,0.9067608,1941,5.4097967,2,0,0,8.919644,9833.6,199.96217,45.98457,166.13841,55.210518,2003,0.20980686,0,1,0,1,0,0,0,0,0,0,0,0,0,0,0,0,0,0,0,0,1,1,0.25,2,2.522443224,2,-155.3291626|19.82083321,1,-155.3291626,19.82083321
S2262,1428,224.5,1759.0676,317.49976,62.00168,45,176,1058,6238,-0.7071065,0.02314768,66,0.73128605,0.6875,0,0.15323946,70.128,6950.6,200,44.63057,17.539751,58.70003,2198,0.27347344,0,1,1,0,0,0,0,0,0,1,0,0,0,0,0,0,0,0,0,0,0,100,0.25,1,4.50070928,4,110.1374969|23.25416756,10,110.1374969,23.25416756
S2805,1104,44.500244,552.9497,268.50024,104.90167,100,593,328,3673,-0.1473479,-0.57735026,139,0.7270266,0.9375,0,6.7388964,0,2997.4,200,28.339163,30.600622,66.377945,868,0.34728733,0,1,1,0,0,0,0,0,0,1,0,0,0,0,0,0,0,0,0,0,0,60,0.25,4,2.97036321,10,126.8458328|45.84583282,8,126.8458328,45.84583282
S2541,807,19.533203,906.9998,209.48315,68.69668,,998,-593,2063,-0.17562023,0.5084568,508.5,2.0255363,-1.375,0,0.13503565,81.55965,4448.8,185.26207,46.76868,179.9026,53.38047,804,0.2910809,0,1,0,1,0,0,0,0,0,0,0,0,0,0,0,0,0,0,0,0,1,100,5,5,2.957511061,5,104.6541672|51.38750076,7,104.6541672,51.38750076
S2258,1388,127.5,669.0166,302.5,103.20003,100,922,1708,2103,-0.95941305,-0.27938125,30.5,0.18300791,-0.125,0,0.07422336,0.15928888,6044.8,200,42.64926,10.199916,72.14087,1259,0.41124362,0,1,1,0,0,0,0,0,0,1,0,0,0,0,0,0,0,0,0,0,0,10000,0.5,4,4.430804901,1,120.0124969|36.69583511,2,120.0124969,36.69583511
S3833,1782,241.48389,2996.1697,282.46704,78.7,6,240,2624,5124,0.87253225,-0.4701751,62,7.2127094,-6.625,0,0.030047469,116.037155,14157,154.60205,50.983906,36.957397,53.23123,2074,0.17686234,0,1,0,1,0,0,0,0,0,0,0,0,0,0,0,0,0,0,0,0,1,100,2,1,3.842951521,5,145.4375|-16.23749924,10,145.4375,-16.23749924
S2767,1085,252.5,1956.4518,306.51636,66.39665,37,579,1454,3012,-0.7352471,0.25025833,102,0.8581809,-0.875,0,0,107.83609,7237.2,200,52.87944,37.83129,50.965683,1731,0.20190637,0,1,0,1,0,0,0,0,0,0,0,0,0,0,0,0,0,0,0,0,1,100,2,7,3.314186005,2,10.92916679|-1.804166675,9,10.92916679,-1.804166675
S2280,1440,133.5503,530.9329,291.5503,79.305,100,642,2841,3403,-0.19333062,0.9810485,481.5,5.605859,2.3125,0,2.4905708,5.9989333,3570.4,200,33.14525,17.289968,76.37885,1567,0.42968133,0,1,0,1,0,0,0,0,0,1,0,0,0,0,0,0,0,0,0,0,0,1,0.05,4,4.264087315,2,112.2874985|35.09583282,9,112.2874985,35.09583282
S1223,868,104.483154,828.0504,223.48315,11.400028,56,611,4080,2934,0.31622803,0.84098816,54,0.39512232,0.4375,0,0.14379153,10.126223,6841.4,200,21.990282,13.275723,63.534966,1024,0.50427854,0,1,0,1,0,0,0,0,0,1,0,0,0,0,0,0,0,0,0,0,0,4,0.25,4,3.020424886,3,4.904166698|50.86249924,6,4.904166698,50.86249924
S1952,1217,170.3186,1484.144,308.28564,56.301678,51,420,2605,3683,-0.76546705,0.5538962,156.5,11.692974,-8.125,0,1.7802253,23.257778,7355,200,37.906075,22.567251,61.0164,2146,0.3654785,1,0,0,1,0,0,1,0,0,0,0,0,0,0,0,0,0,0,0,0,0,1,0.5,1,3.688779409,6,111.0541687|29.67083359,3,111.0541687,29.67083359
S4403,960,28.58252,571.8347,211.58276,59.99668,,1131,1369,1834,0.9384476,0.32424355,918.5,4.269425,-0.3125,0,0,112.54293,6079.6,200,35.83787,178.93925,53.73654,729,0.7403752,0,1,0,1,0,0,0,0,0,0,0,0,0,0,0,0,0,0,0,0,1,1,0.25,5,2.484823279,6,-118.7624969|54.51250076,8,-118.7624969,54.51250076
S7460,1447.9999,100.66748,543.4977,273.68433,41.39668,,492,1602,5658,0.6802275,-0.7045553,1652,15.049555,5.9375,0,0,70.813515,5953.8,190.95566,45.089645,39.135887,64.03502,2083,0.28689593,1,0,0,1,0,0,0,0,0,0,0,0,0,0,0,0,0,0,0,1,0,1,0.5,12,2.395893242,4,-2.837500095|37.40416718,10,-2.837500095,37.40416718
S1316,1218,161.5,905.01654,311.5,63.110004,95,833,3383,3241,-0.27938253,-0.8658246,128,0.19957565,-0.1875,0,6.337818,0.09386667,4327.6,200,24.755342,11.129356,72.24215,1678,0.36250934,0,1,0,1,0,0,0,0,0,1,0,0,0,0,0,0,0,0,0,0,0,10000,0.5,4,3.952819414,4,111.9458313|32.52083206,6,111.9458313,32.52083206
S4243,1261,130.56738,3436.2678,183.53369,24.196665,,296,-647,4310,0.58436203,0.811493,1773.5,4.9342194,-0.5,0,0,66.01315,5316.4,200,53.722668,205.09613,49.632347,2003,0.20980686,0,1,0,1,0,0,0,0,0,0,0,0,0,0,0,0,0,0,0,0,1,1,0.25,1,2.890316231,7,-155.3125|19.82083321,1,-155.3125,19.82083321
S5480,1267,131.61621,3437.4023,183.5664,24.196665,,261,3851,6205,0.39932412,0.9167687,1745,5.119382,0.375,0,0,18.65031,6519.2,200,53.640045,224.0743,50.686573,2003,0.2097156,0,1,0,1,0,0,0,0,0,0,0,0,0,0,0,0,0,0,0,0,1,1,0.25,1,2.48490665,8,-155.3125|19.82916641,1,-155.3125,19.82916641
S4173,1254,121.61694,3193.9346,176.5835,24.396688,20,751,4018,3778,0.4215162,0.9067608,1941,5.4097967,2,0,0,8.919644,9833.6,199.96217,45.98457,166.13841,55.210518,2003,0.20980686,0,1,0,1,0,0,0,0,0,0,0,0,0,0,0,0,0,0,0,0,1,1,0.25,2,3.4497653,3,-155.3291626|19.82083321,1,-155.3291626,19.82083321
S2975,1698.9999,222.25195,2730.0686,240.30151,36.396656,4,579,3399,2783,0.38034844,-0.7303585,824.5,19.692944,13.875,0,0,138.7136,14665.2,183.20522,24.0232,117.83824,48.402607,2534,0.14752306,0,1,0,1,0,0,0,0,0,0,0,0,0,0,0,0,0,0,0,0,1,100,2,1,2.833213344,9,-61.33750153|15.3708334,10,-61.33750153,15.3708334
S2887,1214,169.46729,1571.1934,307.45093,56.201653,41,765,475,2557,0.12217592,0.3102813,198,3.6310296,-4.8125,0,13.268652,22.345955,6789,200,36.171932,22.22334,61.78308,2146,0.3659008,1,0,0,1,0,0,1,0,0,0,0,0,0,0,0,0,0,0,0,0,0,1,0.5,1,2.80323917,10,111.0374985|29.65416718,3,111.0374985,29.65416718
S5787,1266,136.55005,3570.5193,186.5498,23.998333,,266,3682,5493,0.36486655,0.9310581,1662.5,5.110835,-2.75,0,0,58.27413,11484.8,200,59.214035,235.09749,47.766872,2003,0.2097156,0,1,0,1,0,0,0,0,0,0,0,0,0,0,0,0,0,0,0,0,1,1,0.25,1,2.505444268,1,-155.3041687|19.82916641,1,-155.3041687,19.82916641
S6717,1764,247.5,1120.9666,331.5,86.6,18,357,1970,3870,0.31622726,0.35355365,28,0.18031488,0.25,40.384613,0,42.555023,8064.2,200,66.57472,12.886098,60.340347,1091,0.23175979,1,0,0,1,0,0,0,0,0,0,0,0,0,0,0,0,0,0,0,1,0,1,0.25,7,1.386294361,3,34.45416641|-18.9375,4,34.45416641,-18.9375
S6574,1100,39.549805,394.96646,251.5498,62.90165,85,1388,2058,1353,0.9864293,0.16007537,807,0.74635416,1.25,0,0.017561192,0,4538,200,41.777393,24.815668,68.62485,603,0.624223,1,0,1,0,0,0,0,0,0,0,0,0,0,0,0,1,0,0,0,0,0,100,1,8,2.302385087,10,-107.6875|50.29583359,4,-107.6875,50.29583359
S3074,1749,256.48364,1340.0331,299.48364,48.601646,,182,415,5377,0.5547004,0.5144957,18,0.1383553,0.0625,0,0,90.40711,10552.2,115.72513,42.2999,94.40621,71.63743,1542,0.15034056,0,1,0,1,0,0,0,0,0,0,0,0,0,0,0,0,0,0,0,1,0,1,0.25,1,2.995732274,2,-87.34583282|20.44583321,8,-87.34583282,20.44583321
S5856,943,18.5,600.9491,201.4834,44.805016,,642,-900,3294,0.884689,0.39487228,1066,2.6907244,-2.0625,0,0,122.768715,5186.4,200,39.759064,187.37015,54.21263,707,0.6929289,0,1,0,1,0,0,0,0,0,0,0,0,0,0,0,0,0,0,0,0,1,1,0.25,5,2.302585093,7,-119.9958344|54.67083359,6,-119.9958344,54.67083359
S3490,1254,121.61694,3193.9346,176.5835,24.396688,20,751,4018,3778,0.4215162,0.9067608,1941,5.4097967,2,0,0,8.919644,9833.6,199.96217,45.98457,166.13841,55.210518,2003,0.20980686,0,1,0,1,0,0,0,0,0,0,0,0,0,0,0,0,0,0,0,0,1,1,0.25,2,2.936141514,4,-155.3291626|19.82083321,1,-155.3291626,19.82083321
S7481,921,66.5,1030.0669,257.4834,14.9,76,384,-542,2795,-0.31622744,0.7071071,17.5,0.13480535,-0.0625,0,0.6216277,0.86844444,4559.8,200,37.614765,99.281906,62.548576,1233,0.7181875,1,0,1,0,0,0,0,0,0,0,0,0,0,0,0,0,0,1,0,0,0,100,0.5,4,1.866248356,5,-73.37083435|45.72083282,10,-73.37083435,45.72083282
S1394,672,62.5,581.9997,170.5,30.803324,19,922,1151,1944,-0.37644893,0.8944273,9,0.26455182,-0.1875,0,0.01292554,60.14471,6486.6,136.90356,59.23632,101.14881,54.743504,742,0.63427305,0,1,0,1,0,0,0,0,0,0,0,0,0,0,0,0,0,0,0,1,0,1,0.265,4,3.72564526,6,20.16250038|60.07083511,9,20.16250038,60.07083511
S1976,1762,247.5,1126.0165,330.5,86.40165,,321,177,3407,0.90308774,-0.378517,36,0.23910196,-0.25,34.615387,0.027353775,28.696356,7758,200,64.23846,15.340126,61.27091,1091,0.23215778,1,0,0,1,0,0,0,0,0,0,0,0,0,0,0,0,0,0,0,1,0,1,0.25,7,3.17805383,4,34.36249924|-18.97083282,4,34.36249924,-18.97083282
S2458,1440,133.5503,530.9329,291.5503,79.305,100,642,2841,3403,-0.19333062,0.9810485,481.5,5.605859,2.3125,0,2.4905708,5.9989333,3570.4,200,33.14525,17.289968,76.37885,1567,0.42968133,0,1,0,1,0,0,0,0,0,1,0,0,0,0,0,0,0,0,0,0,0,1,0.05,4,3.944799932,7,112.2874985|35.09583282,9,112.2874985,35.09583282
S4884,1260,126.59985,3311.0686,180.5664,24.298332,,266,-809,5397,0.1786791,0.98317844,1849,5.4882984,-1.25,0,0,12.071645,11000.8,200,47.679646,182.91426,52.51077,2003,0.20980686,0,1,0,1,0,0,0,0,0,0,0,0,0,0,0,0,0,0,0,0,1,1,0.25,2,2.484489887,5,-155.3208313|19.82083321,1,-155.3208313,19.82083321
S5727,1254,121.61694,3193.9346,176.5835,24.396688,20,751,4018,3778,0.4215162,0.9067608,1941,5.4097967,2,0,0,8.919644,9833.6,199.96217,45.98457,166.13841,55.210518,2003,0.20980686,0,1,0,1,0,0,0,0,0,0,0,0,0,0,0,0,0,0,0,0,1,1,0.25,2,2.601577931,6,-155.3291626|19.82083321,1,-155.3291626,19.82083321
S5319,2432,168.4668,246.86673,301.48315,64.291595,18,588,4062,6285,-0.69905317,-0.2180512,737,2.8416085,-6.0625,0,0,0,3231.4,80.65243,78.770195,8.885627,69.56667,736,0.11721085,0,1,0,1,0,0,0,0,0,0,0,0,0,0,0,0,0,0,0,0,1,100,5,13,0.6931471806,4,17.92916679|-30.08749962,8,17.92916679,-30.08749962
S4393,1266,136.55005,3570.5193,186.5498,23.998333,,266,3682,5493,0.36486655,0.9310581,1662.5,5.110835,-2.75,0,0,58.27413,11484.8,200,59.214035,235.09749,47.766872,2003,0.2097156,0,1,0,1,0,0,0,0,0,0,0,0,0,0,0,0,0,0,0,0,1,1,0.25,1,2.5648724,3,-155.3041687|19.82916641,1,-155.3041687,19.82916641
S1298,1038,19.5,569.9996,255.48364,111.90165,100,601,4150,3047,-0.8606355,0.42631954,274,1.5590643,-1.5,0,2.208178,0.3982222,2736.2,200,30.088587,42.52899,67.12788,603,0.32189474,0,1,0,1,0,0,0,0,0,1,0,0,0,0,0,0,0,0,0,0,0,100,0.5,4,4.127102144,8,126.1125031|47.9375,2,126.1125031,47.9375
S2795,1285,212.39966,1101.651,304.39966,84.50333,64,390,2268,3493,-0.3359251,-0.94127095,600.5,10.440117,5.25,7.692308,1.3116001,25.969421,8134,199.20496,33.08216,22.973726,63.68096,2575.2415,0.3041404,0,1,1,0,0,0,0,0,0,1,0,0,0,0,0,0,0,0,0,0,0,100,0.25,1,4.616070567,4,105.4791641|24.75416756,3,105.4791641,24.75416756
S4438,1183,67.5,575.93317,271.5332,107.50165,100,599,-1521,2540,0.7071065,0.15811387,176,0.09783207,0.125,0,0.8649479,0.27306667,2967.6,200,29.19399,37.859787,70.690895,816,0.3885432,0,1,0,1,0,0,0,0,0,1,0,0,0,0,0,0,0,0,0,0,0,100,0.5,4,3.513394483,9,124.6958313|43.49583435,7,124.6958313,43.49583435
S1087,1426,81.53296,424.7994,286.53296,103.3,48,1827,5545,2277,0.6798669,0.7292322,1106.5,2.4663982,0,0,0.42906877,0,2020.4,200,45.874157,11.759872,80.91214,772,0.37550867,1,0,0,1,0,0,1,0,0,0,0,0,0,0,0,0,0,0,0,0,0,100,0.5,10,2.995482284,5,111.1041641|39.77083206,4,111.1041641,39.77083206
S2499,1383,43.50049,379.89877,251.46729,105.30165,48,787,2656,3512,0.42288563,0.86042225,1476,2.8924599,-4.5,0,1.9328995,0,1717.4,200,47.529865,12.929355,79.90511,839,0.36324015,1,0,0,1,0,0,1,0,0,0,0,0,0,0,0,0,0,0,0,0,0,100,0.5,8,3.423154561,1,112.9958344|40.99583435,10,112.9958344,40.99583435
S3780,1254,121.61694,3193.9346,176.5835,24.396688,20,751,4018,3778,0.4215162,0.9067608,1941,5.4097967,2,0,0,8.919644,9833.6,199.96217,45.98457,166.13841,55.210518,2003,0.20980686,0,1,0,1,0,0,0,0,0,0,0,0,0,0,0,0,0,0,0,0,1,1,0.25,2,3.17805383,7,-155.3291626|19.82083321,1,-155.3291626,19.82083321
S5686,1260,126.59985,3311.0686,180.5664,24.298332,,266,-809,5397,0.1786791,0.98317844,1849,5.4882984,-1.25,0,0,12.071645,11000.8,200,47.679646,182.91426,52.51077,2003,0.20980686,0,1,0,1,0,0,0,0,0,0,0,0,0,0,0,0,0,0,0,0,1,1,0.25,2,2.4825706,8,-155.3208313|19.82083321,1,-155.3208313,19.82083321
S1666,1761,261.6018,2727.2766,280.6018,59.994972,42,193,2363,4498,-0.05395115,0.6604165,207.5,8.689868,-0.4375,0,0,195.4336,7469.6,196.59616,47.85267,67.217026,49.726818,1640,0.30804408,0,1,0,1,0,0,0,0,0,0,0,0,0,0,0,0,0,0,0,0,1,100,5,14,3.496477275,3,98.38749695|8.037500381,5,98.38749695,8.037500381
S7651,921,66.5,1030.0669,257.4834,14.9,76,384,-542,2795,-0.31622744,0.7071071,17.5,0.13480535,-0.0625,0,0.6216277,0.86844444,4559.8,200,37.614765,99.281906,62.548576,1233,0.7181875,1,0,1,0,0,0,0,0,0,0,0,0,0,0,0,0,0,1,0,0,0,100,0.5,4,1.203872783,10,-73.37083435|45.72083282,10,-73.37083435,45.72083282
S1106,1544,253.5332,1646.1675,309.5166,58.29666,100,600,3331,2658,-0.745687,-0.21421802,57.5,0.9880488,0.1875,0,40.788925,49.4032,5269.4,200,62.742184,20.8349,51.305363,1501,0.19821069,0,1,0,1,0,0,1,0,0,0,0,0,0,0,0,0,0,0,0,0,0,113,0.25,1,4.395473324,5,-6.545833111|5.020833492,8,-6.545833111,5.020833492
S4249,1254,121.61694,3193.9346,176.5835,24.396688,20,751,4018,3778,0.4215162,0.9067608,1941,5.4097967,2,0,0,8.919644,9833.6,199.96217,45.98457,166.13841,55.210518,2003,0.20980686,0,1,0,1,0,0,0,0,0,0,0,0,0,0,0,0,0,0,0,0,1,1,0.25,2,2.525648609,9,-155.3291626|19.82083321,1,-155.3291626,19.82083321
S2246,921,66.5,1030.0669,257.4834,14.9,76,384,-542,2795,-0.31622744,0.7071071,17.5,0.13480535,-0.0625,0,0.6216277,0.86844444,4559.8,200,37.614765,99.281906,62.548576,1233,0.7181875,1,0,1,0,0,0,0,0,0,0,0,0,0,0,0,0,0,1,0,0,0,100,0.5,4,3.008154794,1,-73.37083435|45.72083282,10,-73.37083435,45.72083282
S2015,1752,168.48364,931.98315,283.5,72.49833,100,465,-1405,2547,-0.76041985,0.6441728,484,0.45210418,0.375,0,0.020224636,0.10097778,3022.8,200,51.171482,14.561216,65.60146,827,0.1799958,0,1,0,1,0,0,0,0,0,1,0,0,0,0,0,0,0,0,0,0,0,1,0.5,8,2.833213344,2,-64.21250153|-31.57916641,9,-64.21250153,-31.57916641
S4653,1267,131.61621,3437.4023,183.5664,24.196665,,261,3851,6205,0.39932412,0.9167687,1745,5.119382,0.375,0,0,18.65031,6519.2,200,53.640045,224.0743,50.686573,2003,0.2097156,0,1,0,1,0,0,0,0,0,0,0,0,0,0,0,0,0,0,0,0,1,1,0.25,1,2.847812143,6,-155.3125|19.82916641,1,-155.3125,19.82916641
S7451,961,27.533203,662.06683,208.50024,62.898327,,922,3366,2554,0.93858004,0.34380913,951,0.8845985,-1,0,0,139.66524,5736.4,196.43079,35.776035,226.97191,50.313286,729,0.7495963,0,1,0,1,0,0,0,0,0,0,0,0,0,0,0,0,0,0,0,0,1,1,0.25,5,1.609437912,8,-117.9708328|54.57916641,8,-117.9708328,54.57916641
S3105,1254,121.61694,3193.9346,176.5835,24.396688,20,751,4018,3778,0.4215162,0.9067608,1941,5.4097967,2,0,0,8.919644,9833.6,199.96217,45.98457,166.13841,55.210518,2003,0.20980686,0,1,0,1,0,0,0,0,0,0,0,0,0,0,0,0,0,0,0,0,1,1,0.25,2,3.257827272,10,-155.3291626|19.82083321,1,-155.3291626,19.82083321
S2752,1261,130.56738,3436.2678,183.53369,24.196665,,296,-647,4310,0.58436203,0.811493,1773.5,4.9342194,-0.5,0,0,66.01315,5316.4,200,53.722668,205.09613,49.632347,2003,0.20980686,0,1,0,1,0,0,0,0,0,0,0,0,0,0,0,0,0,0,0,0,1,1,0.25,1,3.610728706,7,-155.3125|19.82083321,1,-155.3125,19.82083321
S1127,1565,254.5332,1292.7991,318.53296,47.999973,100,289,1297,4228,0.35355315,0.1187294,133,1.000066,1.1875,0,2.8668227,121.53458,7983.2,200,66.075485,16.499138,53.647793,1386,0.19993058,0,1,0,1,0,0,1,0,0,0,0,0,0,0,0,0,0,0,0,0,0,113,0.25,1,4.442651256,8,-6.645833492|5.604166508,8,-6.645833492,5.604166508
S7326,1021.99994,-1.3825684,1379.0079,187.63428,22.596657,,1769,1322,2437,0.53414994,0.7705729,2094.5,18.36282,-15.4375,0,0,1.0808889,1251.4,61.5736,43.513676,120.381424,57.67844,1018,0.48781145,1,0,0,1,0,0,0,0,0,0,0,0,0,0,0,0,0,0,1,0,0,1,0.25,5,2.296365766,9,-113.3458328|48.46250153,2,-113.3458328,48.46250153
S6253,919,27.533203,588.917,215.5332,60.803314,,1163,2262,3008,-0.97101945,0.23842725,1088.5,1.7231948,1.6875,0,0,124.79769,5613,200,37.465572,154.22768,57.287178,854,0.73052317,0,1,0,1,0,0,0,0,0,0,0,0,0,0,0,0,0,0,0,0,1,1,0.25,5,1.945910149,10,-116.9708328|53.32083511,9,-116.9708328,53.32083511
S6448,913,24.516846,614.91595,211.48364,66.39833,,590,1459,3239,0.930042,-0.36734322,937,1.9805799,-1,0,0,83.06382,5517.6,200,36.838867,227.44196,49.637634,680,0.7674839,0,1,0,1,0,0,0,0,0,0,0,0,0,0,0,0,0,0,0,0,1,1,0.25,5,1.609437912,1,-116.6041641|54.23749924,9,-116.6041641,54.23749924
S6740,1254,121.61694,3193.9346,176.5835,24.396688,20,751,4018,3778,0.4215162,0.9067608,1941,5.4097967,2,0,0,8.919644,9833.6,199.96217,45.98457,166.13841,55.210518,2003,0.20980686,0,1,0,1,0,0,0,0,0,0,0,0,0,0,0,0,0,0,0,0,1,1,0.25,2,1.098612289,1,-155.3291626|19.82083321,1,-155.3291626,19.82083321
S6558,1267,131.61621,3437.4023,183.5664,24.196665,,261,3851,6205,0.39932412,0.9167687,1745,5.119382,0.375,0,0,18.65031,6519.2,200,53.640045,224.0743,50.686573,2003,0.2097156,0,1,0,1,0,0,0,0,0,0,0,0,0,0,0,0,0,0,0,0,1,1,0.25,1,3.176969949,9,-155.3125|19.82916641,1,-155.3125,19.82916641
S1262,921,66.5,1030.0669,257.4834,14.9,76,384,-542,2795,-0.31622744,0.7071071,17.5,0.13480535,-0.0625,0,0.6216277,0.86844444,4559.8,200,37.614765,99.281906,62.548576,1233,0.7181875,1,0,1,0,0,0,0,0,0,0,0,0,0,0,0,0,0,1,0,0,0,100,0.5,4,3.295651695,2,-73.37083435|45.72083282,10,-73.37083435,45.72083282
S6197,1266,136.55005,3570.5193,186.5498,23.998333,,266,3682,5493,0.36486655,0.9310581,1662.5,5.110835,-2.75,0,0,58.27413,11484.8,200,59.214035,235.09749,47.766872,2003,0.2097156,0,1,0,1,0,0,0,0,0,0,0,0,0,0,0,0,0,0,0,0,1,1,0.25,1,2.944070492,10,-155.3041687|19.82916641,1,-155.3041687,19.82916641
S4156,1254,121.61694,3193.9346,176.5835,24.396688,20,751,4018,3778,0.4215162,0.9067608,1941,5.4097967,2,0,0,8.919644,9833.6,199.96217,45.98457,166.13841,55.210518,2003,0.20980686,0,1,0,1,0,0,0,0,0,0,0,0,0,0,0,0,0,0,0,0,1,1,0.25,2,3.366709444,2,-155.3291626|19.82083321,1,-155.3291626,19.82083321
S4126,1254,121.61694,3193.9346,176.5835,24.396688,20,751,4018,3778,0.4215162,0.9067608,1941,5.4097967,2,0,0,8.919644,9833.6,199.96217,45.98457,166.13841,55.210518,2003,0.20980686,0,1,0,1,0,0,0,0,0,0,0,0,0,0,0,0,0,0,0,0,1,1,0.25,2,2.944175831,3,-155.3291626|19.82083321,1,-155.3291626,19.82083321
S972,1536,254.4668,1379.0671,322.5,48.4,100,253,596,4011,-0.3983299,-0.78069246,227,2.0662236,0,0,0.65358776,46.3664,7992.6,200,60.87514,17.18611,57.34905,1322,0.2138008,0,1,0,1,0,0,1,0,0,0,0,0,0,0,0,0,0,0,0,0,0,113,0.25,1,4.779644336,1,-5.854166508|6.162499905,8,-5.854166508,6.162499905
S2563,804,83.56665,660.8661,216.5669,12.998352,47,880,3692,2171,0.9940065,-0.10653193,299.5,8.257263,-3.5,0,0,82.03502,6324,200,29.824488,38.11028,60.180016,1122,0.4942212,1,0,0,1,0,0,0,0,0,0,0,0,1,0,0,0,0,0,0,0,0,1,1,4,1.609437912,3,10.40416622|50.97083282,10,10.40416622,50.97083282
S5542,665,64.5,576.0332,188.5332,28.103323,25,1778,2585,1856,-0.5812388,-0.81373304,0,0,0,0,1.3258114,75.46382,6740.6,133.2625,60.801952,93.11905,56.34699,,0.6434266,0,1,0,1,0,0,0,0,0,0,0,0,0,0,0,0,0,0,0,1,0,1,0.265,4,3.218715824,4,19.54583359|60.23749924,9,19.54583359,60.23749924
S1160,1566,118.148926,877.5522,250.18262,88.39497,10,678,5003,5358,-0.7925215,-0.6098299,1338,8.347817,-2.25,0,0.00096651807,2.3509333,4706.6,187.44446,36.40849,52.65061,67.99173,2197,0.14704916,0,1,0,1,0,0,0,0,0,0,0,0,0,0,0,0,0,0,0,0,1,100,2,12,3.695085172,5,24.92916679|35.17916489,4,24.92916679,35.17916489
S4319,788,75.55005,923.1687,208.5498,21.495003,23,337,2957,4168,0.2377738,0.7446875,719.5,2.840636,4.875,0,0,94.26364,6773.6,200,25.25613,52.291485,56.456364,1291,0.49599174,1,0,0,1,0,0,0,0,0,0,0,0,0,1,0,0,0,0,0,0,0,1,0.6,4,3.688779409,5,9.462499619|48.46250153,7,9.462499619,48.46250153
S2867,670,62.500244,610.10016,186.4668,29.701675,,1066,1206,1917,-0.42582887,0.5810578,3,0.9653414,-0.4375,100,0.58432454,66.11253,6498.2,158.41222,57.197666,99.02958,54.450024,742,0.6547216,0,1,0,1,0,0,0,0,0,0,0,0,0,0,0,0,0,0,0,1,0,1,0.265,4,3.277144733,6,19.92916679|60.34583282,9,19.92916679,60.34583282
S3476,1157,60.500244,622.0508,267.5332,106.49835,63,2069,677,769,0.3965899,0.6039394,245,1.4258142,1.8125,100,4.1793585,39.846222,3040.4,200,35.935272,46.594322,61.10591,860,0.3832094,0,1,0,1,0,0,0,0,0,1,0,0,0,0,0,0,0,0,0,0,0,100,0.5,4,2.992928358,7,125.4375|43.78749847,7,125.4375,43.78749847
S6762,1261,130.56738,3436.2678,183.53369,24.196665,,296,-647,4310,0.58436203,0.811493,1773.5,4.9342194,-0.5,0,0,66.01315,5316.4,200,53.722668,205.09613,49.632347,2003,0.20980686,0,1,0,1,0,0,0,0,0,0,0,0,0,0,0,0,0,0,0,0,1,1,0.25,1,2.397076772,2,-155.3125|19.82083321,1,-155.3125,19.82083321
S4869,921,66.5,1030.0669,257.4834,14.9,76,384,-542,2795,-0.31622744,0.7071071,17.5,0.13480535,-0.0625,0,0.6216277,0.86844444,4559.8,200,37.614765,99.281906,62.548576,1233,0.7181875,1,0,1,0,0,0,0,0,0,0,0,0,0,0,0,0,0,1,0,0,0,100,0.5,4,3.238521588,8,-73.37083435|45.72083282,10,-73.37083435,45.72083282
S4703,950,30.466553,532.05023,217.4497,48.999996,,646,1154,3665,-0.986119,-0.013771035,807.5,3.7609158,-4.5,0,0,52.426132,4766.8,200,45.815044,186.80515,53.958958,707,0.7212237,0,1,0,1,0,0,0,0,0,0,0,0,0,0,0,0,0,0,0,0,1,1,0.25,6,2.302185042,1,-119.6958313|54.8125,6,-119.6958313,54.8125
S2895,921,66.5,1030.0669,257.4834,14.9,76,384,-542,2795,-0.31622744,0.7071071,17.5,0.13480535,-0.0625,0,0.6216277,0.86844444,4559.8,200,37.614765,99.281906,62.548576,1233,0.7181875,1,0,1,0,0,0,0,0,0,0,0,0,0,0,0,0,0,1,0,0,0,100,0.5,4,3.13540722,9,-73.37083435|45.72083282,10,-73.37083435,45.72083282
S6713,1291,182.5,1634.3641,334.50024,47.601673,89,621,1165,3322,0.5040494,-0.8635901,86.5,0.95993036,0.5,0,0.34200832,25.174755,5178.8,200,33.7508,18.659966,57.19541,2148,0.3949655,0,1,0,1,0,0,0,0,0,1,0,0,0,0,0,0,0,0,0,0,0,400,1.5,1,2.602319238,3,119.4791641|29.02916718,3,119.4791641,29.02916718
S5691,1322,110.48389,616.3341,285.4839,86.10003,64,697,-468,2573,-0.545464,0.7422882,1047,8.166594,6.4375,0,0.29517445,5.1584,4034.6,200,39.41811,21.970211,78.46698,1057,0.36312452,1,0,0,1,0,0,1,0,0,0,0,0,0,0,0,0,0,0,0,0,0,100,0.5,4,3.177928812,10,109.4541702|36.03749847,9,109.4541702,36.03749847
S2129,1460,222.4834,2051.12,310.46655,64.49834,78,520,700,2845,0.26578808,0.57953596,105.5,3.3489714,-10,0,6.9522505,20.990755,5104.2,200,40.438927,21.212065,59.71818,2184,0.25699183,0,1,1,0,0,0,0,0,0,1,0,0,0,0,0,0,0,0,0,0,0,100,0.25,1,4.277651732,4,110.3791656|22.66250038,10,110.3791656,22.66250038
S1936,1244,142.5,606.9831,298.4668,77.69829,100,1548,2660,1145,-0.9095323,-0.35334596,517,1.1950842,1,0,140.00677,0,,200,29.076893,15.165628,79.2258,1724,0.48846725,0,1,1,0,0,0,0,0,0,1,0,0,0,0,0,0,0,0,0,0,0,16,1.5,4,3.135450761,1,108.0625|34.28749847,6,108.0625,34.28749847
S1218,1554,255.5,1406.1501,320.48364,47.09835,100,594,1694,2479,-0.36331916,-0.40708232,230.5,1.5039495,2.625,0,0.76957864,71.164085,8069.4,200,63.01808,15.802091,55.223503,1152,0.23367602,0,1,0,1,0,0,1,0,0,0,0,0,0,0,0,0,0,0,0,0,0,113,0.25,1,4.384111957,5,-6.487500191|6.129166603,8,-6.487500191,6.129166603
S7229,921,66.5,1030.0669,257.4834,14.9,76,384,-542,2795,-0.31622744,0.7071071,17.5,0.13480535,-0.0625,0,0.6216277,0.86844444,4559.8,200,37.614765,99.281906,62.548576,1233,0.7181875,1,0,1,0,0,0,0,0,0,0,0,0,0,0,0,0,0,1,0,0,0,100,0.5,4,1.098612289,2,-73.37083435|45.72083282,10,-73.37083435,45.72083282
S4157,1254,121.61694,3193.9346,176.5835,24.396688,20,751,4018,3778,0.4215162,0.9067608,1941,5.4097967,2,0,0,8.919644,9833.6,199.96217,45.98457,166.13841,55.210518,2003,0.20980686,0,1,0,1,0,0,0,0,0,0,0,0,0,0,0,0,0,0,0,0,1,1,0.25,2,2.970004155,4,-155.3291626|19.82083321,1,-155.3291626,19.82083321
S2776,788,75.55005,923.1687,208.5498,21.495003,23,337,2957,4168,0.2377738,0.7446875,719.5,2.840636,4.875,0,0,94.26364,6773.6,200,25.25613,52.291485,56.456364,1291,0.49599174,1,0,0,1,0,0,0,0,0,0,0,0,0,1,0,0,0,0,0,0,0,1,0.6,4,3.295725739,3,9.462499619|48.46250153,7,9.462499619,48.46250153
S6461,951,1.4501953,678.1486,187.4502,58.403313,,984,4004,3172,0.398789,-0.91698843,1404.5,3.6015131,-0.75,0,0,102.9408,5014.6,199.03268,39.187286,216.91997,51.873882,855,0.693133,0,1,0,1,0,0,0,0,0,0,0,0,0,0,0,0,0,0,0,0,1,1,0.25,5,1.252762968,2,-118.6624985|53.99583435,8,-118.6624985,53.99583435
S3421,1260,37.516846,377.0332,248.5,104.70003,48,746,3307,3786,0.99033046,0.085675746,1343,0.9043521,-0.625,0,0.004994868,0,2068.2,200,49.571487,14.233843,79.75255,888,0.3697996,1,0,0,1,0,0,0,0,0,0,0,0,0,0,0,0,0,0,0,1,0,100,0.5,8,3.737574337,3,116.2791672|42.02916718,9,116.2791672,42.02916718
S4209,813,83.499756,628.3523,216.48315,14.298355,72,754,3960,1958,0.9513384,0.054338474,294.5,2.8189611,1.4375,0,0.498069,39.86969,6268,200,27.55997,33.30711,64.04292,1228,0.48777267,1,0,0,1,0,0,0,0,0,0,0,0,1,0,0,0,0,0,0,0,0,1,1,4,2.564795511,4,10.42083359|51.27083206,10,10.42083359,51.27083206
S3988,1267,131.61621,3437.4023,183.5664,24.196665,,261,3851,6205,0.39932412,0.9167687,1745,5.119382,0.375,0,0,18.65031,6519.2,200,53.640045,224.0743,50.686573,2003,0.2097156,0,1,0,1,0,0,0,0,0,0,0,0,0,0,0,0,0,0,0,0,1,1,0.25,1,3.532634938,6,-155.3125|19.82916641,1,-155.3125,19.82916641
S1538,873,105.483154,813.0501,224.48315,11.5,59,788,3436,1770,-0.68436384,0.4183836,37,0.53044504,-1.125,0,0.27997532,32.833424,6597.2,200,27.496218,18.358847,61.38324,1024,0.5058858,0,1,0,1,0,0,0,0,0,1,0,0,0,0,0,0,0,0,0,0,0,4,0.25,4,3.258096538,5,4.962500095|50.86249924,6,4.962500095,50.86249924
S1611,1021.99994,-1.3825684,1379.0079,187.63428,22.596657,,1769,1322,2437,0.53414994,0.7705729,2094.5,18.36282,-15.4375,0,0,1.0808889,1251.4,61.5736,43.513676,120.381424,57.67844,1018,0.48781145,1,0,0,1,0,0,0,0,0,0,0,0,0,0,0,0,0,0,1,0,0,1,0.25,5,2.772588722,3,-113.3458328|48.46250153,2,-113.3458328,48.46250153
S4364,1260,126.59985,3311.0686,180.5664,24.298332,,266,-809,5397,0.1786791,0.98317844,1849,5.4882984,-1.25,0,0,12.071645,11000.8,200,47.679646,182.91426,52.51077,2003,0.20980686,0,1,0,1,0,0,0,0,0,0,0,0,0,0,0,0,0,0,0,0,1,1,0.25,2,2.970106699,5,-155.3208313|19.82083321,1,-155.3208313,19.82083321
S3511,1266,136.55005,3570.5193,186.5498,23.998333,,266,3682,5493,0.36486655,0.9310581,1662.5,5.110835,-2.75,0,0,58.27413,11484.8,200,59.214035,235.09749,47.766872,2003,0.2097156,0,1,0,1,0,0,0,0,0,0,0,0,0,0,0,0,0,0,0,0,1,1,0.25,1,3.100092323,7,-155.3041687|19.82916641,1,-155.3041687,19.82916641
S2215,921,66.5,1030.0669,257.4834,14.9,76,384,-542,2795,-0.31622744,0.7071071,17.5,0.13480535,-0.0625,0,0.6216277,0.86844444,4559.8,200,37.614765,99.281906,62.548576,1233,0.7181875,1,0,0,1,0,0,0,0,0,0,0,0,0,0,0,0,0,1,0,0,0,100,0.5,4,3.486365388,6,-73.37083435|45.72083282,10,-73.37083435,45.72083282
S4117,1254,121.61694,3193.9346,176.5835,24.396688,20,751,4018,3778,0.4215162,0.9067608,1941,5.4097967,2,0,0,8.919644,9833.6,199.96217,45.98457,166.13841,55.210518,2003,0.20980686,0,1,0,1,0,0,0,0,0,0,0,0,0,0,0,0,0,0,0,0,1,1,0.25,2,3.056356895,6,-155.3291626|19.82083321,1,-155.3291626,19.82083321
S4619,1290,23.49878,437.8666,225.51562,92.60003,89,824,-748,2553,0.83117247,0.2702343,1644,3.1690476,-1.5,0,0.516831,0,2391,200,40.693447,29.94401,74.72268,1020,0.35586497,1,0,0,1,0,0,1,0,0,0,0,0,0,0,0,0,0,0,0,0,0,100,0.5,8,3.617517679,4,115.3958359|41.27083206,10,115.3958359,41.27083206
S3417,1683,88.5,185.96683,307.5,104.40499,36,463,4491,8646,0.9442383,0.14016473,1094,0.6517567,0,0,0,0,,200,53.304558,6,81.27725,604,0.33260658,0,1,1,0,0,0,0,0,0,0,0,0,0,0,0,1,0,0,0,0,0,400,1,10,1.098612289,6,107.6291656|40.54583359,5,107.6291656,40.54583359
S7348,943,18.5,600.9491,201.4834,44.805016,,642,-900,3294,0.884689,0.39487228,1066,2.6907244,-2.0625,0,0,122.768715,5186.4,200,39.759064,187.37015,54.21263,707,0.6929289,0,1,0,1,0,0,0,0,0,0,0,0,0,0,0,0,0,0,0,0,1,1,0.25,5,1.945910149,4,-119.9958344|54.67083359,6,-119.9958344,54.67083359
S1181,1583,244.5,2053.8145,308.4668,67.09997,100,991,4005,2188,-0.6507491,-0.3951639,12,0.33365238,-0.125,0,0.56096065,29.2288,4746.4,200,38.670532,34.235203,57.372044,2175,0.18616831,0,1,1,0,0,0,0,0,0,1,0,0,0,0,0,0,0,0,0,0,0,100,0.25,1,4.408169455,8,110.5291672|19.95416641,2,110.5291672,19.95416641
S995,1382,223.31592,1168.8046,313.28296,73.198296,58,1030,3878,1995,-0.88027996,-0.4744441,194.5,8.660126,-1,0,3.0319655,60.12231,8656.8,199.50392,33.1229,20.630022,63.46886,2185,0.31030858,0,1,1,0,0,0,0,0,0,1,0,0,0,0,0,0,0,0,0,0,0,100,0.25,1,4.370282971,9,106.6624985|23.89583397,3,106.6624985,23.89583397
S5018,1266,136.55005,3570.5193,186.5498,23.998333,,266,3682,5493,0.36486655,0.9310581,1662.5,5.110835,-2.75,0,0,58.27413,11484.8,200,59.214035,235.09749,47.766872,2003,0.2097156,0,1,0,1,0,0,0,0,0,0,0,0,0,0,0,0,0,0,0,0,1,1,0.25,1,2.74064644,10,-155.3041687|19.82916641,1,-155.3041687,19.82916641
S6735,1254,121.61694,3193.9346,176.5835,24.396688,20,751,4018,3778,0.4215162,0.9067608,1941,5.4097967,2,0,0,8.919644,9833.6,199.96217,45.98457,166.13841,55.210518,2003,0.20980686,0,1,0,1,0,0,0,0,0,0,0,0,0,0,0,0,0,0,0,0,1,1,0.25,2,2.904110314,7,-155.3291626|19.82083321,1,-155.3291626,19.82083321
S7531,449.00003,-18.450684,880.4544,139.59937,38.501675,,1556,730,1543,-0.8552519,-0.35163668,694.5,5.460294,10.125,0,0.00020252848,0,1693,130.79547,48.462692,128.817,49.798637,689,0.56844276,0,1,0,1,0,0,0,0,0,0,0,0,0,0,0,0,0,0,0,0,1,100,2,6,1.098612289,2,24.03750038|68.0625,10,24.03750038,68.0625
S2239,1475,114.49951,368.89975,307.51636,90.8983,5,1759,2256,2142,0.59214026,0.6389176,807,3.3087318,-4,0,11.593144,0,2520.4,200,41.892887,17.791348,82.42711,975.1638,0.37165534,1,0,0,1,0,0,1,0,0,0,0,0,0,0,0,0,0,0,0,0,0,100,0.5,4,2.63905733,7,110.2874985|37.46250153,9,110.2874985,37.46250153
S4774,963,95.43384,684.0003,243.43384,30.6017,15,699,490,2682,0.113258116,-0.9367927,326,4.9158955,-2.125,0,1.5749245,113.02507,6875.8,200,38.992718,30.744127,55.057858,1832,0.44037074,0,1,0,1,0,0,0,0,0,0,0,0,0,0,0,0,0,0,0,0,1,100,2,4,2.397895273,8,16.17083359|48.25416565,4,16.17083359,48.25416565
S998,1254,121.61694,3193.9346,176.5835,24.396688,20,751,4018,3778,0.4215162,0.9067608,1941,5.4097967,2,0,0,8.919644,9833.6,199.96217,45.98457,166.13841,55.210518,2003,0.20980686,0,1,0,1,0,0,0,0,0,0,0,0,0,0,0,0,0,0,0,0,1,1,0.25,2,3.737264815,8,-155.3291626|19.82083321,1,-155.3291626,19.82083321
S1279,1382,154.5,927.9833,311.5,76.405,100,549,-137,2204,0.67734927,3.14e-07,36,0.22309053,0.125,7.692308,3.2471783,3.2805333,3925.6,200,17.167015,10.421228,80.07945,1257,0.41285813,0,1,1,0,0,0,0,0,0,1,0,0,0,0,0,0,0,0,0,0,0,10000,0.5,4,4.272016442,9,115.5041656|33.29583359,3,115.5041656,33.29583359
S3042,672,62.5,581.9997,170.5,30.803324,19,922,1151,1944,-0.37644893,0.8944273,9,0.26455182,-0.1875,0,0.01292554,60.14471,6486.6,136.90356,59.23632,101.14881,54.743504,742,0.63427305,0,1,0,1,0,0,0,0,0,0,0,0,0,0,0,0,0,0,0,1,0,1,0.265,4,3.120821925,10,20.16250038|60.07083511,9,20.16250038,60.07083511
S7140,2255,274.5,1675.9996,358.5,102.703354,1,881,3832,1927,0.55714136,-0.5754082,18.5,0.61404634,-0.3125,0,0.03265134,115.55485,5135.6,200,67.30352,22.114933,53.91538,872,0.117059484,0,1,0,1,0,0,0,0,0,0,0,0,0,0,0,0,0,0,0,0,1,100,2,7,3.452777281,5,130.9958344|-12.70416641,6,130.9958344,-12.70416641
S5563,788,75.55005,923.1687,208.5498,21.495003,23,337,2957,4168,0.2377738,0.7446875,719.5,2.840636,4.875,0,0,94.26364,6773.6,200,25.25613,52.291485,56.456364,1291,0.49599174,1,0,0,1,0,0,0,0,0,0,0,0,0,1,0,0,0,0,0,0,0,1,0.6,4,3.384390263,1,9.462499619|48.46250153,7,9.462499619,48.46250153
S1864,1425,177.41724,779.73157,286.417,48.401672,58,783,278,2545,-0.7760674,0.6298202,76,2.8819964,-4.5,0,0.34398142,19.1616,8441,200,36.834293,20.159712,74.93907,1965,0.18426913,0,1,0,1,0,0,0,0,0,0,0,0,0,0,0,0,0,0,0,1,0,1,0.25,12,3.81769036,6,3.020833254|39.83750153,4,3.020833254,39.83750153
S3082,1436,223.4834,1835.4478,315.5,61.6,78,469,1924,3308,0.33933586,-0.8525934,79,1.3757865,-1.0625,0,6.2274337,23.93369,5271.6,200,42.90486,21.401924,58.780148,2259,0.27525127,0,1,1,0,0,0,0,0,0,1,0,0,0,0,0,0,0,0,0,0,0,100,0.25,1,3.921894093,1,110.1374969|23.16250038,10,110.1374969,23.16250038
S2285,867,105.48364,808.01666,224.48364,11.5,74,763,4001,2662,0.7016457,-0.41915107,35,0.7733285,-1.3125,0,1.1196091,17.368177,6235.6,200,25.698122,17.714739,63.268166,1024,0.5058858,0,1,0,1,0,0,0,0,0,1,0,0,0,0,0,0,0,0,0,0,0,4,0.25,4,2.862200881,2,4.979166508|50.86249924,6,4.979166508,50.86249924
S2288,788,75.55005,923.1687,208.5498,21.495003,23,337,2957,4168,0.2377738,0.7446875,719.5,2.840636,4.875,0,0,94.26364,6773.6,200,25.25613,52.291485,56.456364,1291,0.49599174,1,0,0,1,0,0,0,0,0,0,0,0,0,1,0,0,0,0,0,0,0,1,0.6,4,2.803360381,3,9.462499619|48.46250153,7,9.462499619,48.46250153
S7470,1021.99994,-1.3825684,1379.0079,187.63428,22.596657,,1769,1322,2437,0.53414994,0.7705729,2094.5,18.36282,-15.4375,0,0,1.0808889,1251.4,61.5736,43.513676,120.381424,57.67844,1018,0.48781145,1,0,0,1,0,0,0,0,0,0,0,0,0,0,0,0,0,0,1,0,0,1,0.25,5,1.580420987,5,-113.3458328|48.46250153,2,-113.3458328,48.46250153
S1820,1285,211.50122,2388.2417,296.5349,64.09496,4,392,2911,4764,-0.51543915,0.3193583,370,9.578581,-10,0,0,98.89956,3024.6,198.96468,48.84922,40.156616,53.114693,2067,0.26495403,0,1,0,1,0,0,0,0,0,0,0,0,0,0,0,1,0,0,0,0,0,100,0.5,1,3.601877163,2,112.5291672|23.17083359,8,112.5291672,23.17083359
S6228,1260,126.59985,3311.0686,180.5664,24.298332,,266,-809,5397,0.1786791,0.98317844,1849,5.4882984,-1.25,0,0,12.071645,11000.8,200,47.679646,182.91426,52.51077,2003,0.20980686,0,1,0,1,0,0,0,0,0,0,0,0,0,0,0,0,0,0,0,0,1,1,0.25,2,2.196557684,9,-155.3208313|19.82083321,1,-155.3208313,19.82083321
S1721,1712,104.48291,996.3173,219.4834,71.60334,51,793,3747,3549,-0.62745786,0.023043275,1635,2.5723348,-2.8125,0,0,0.09386667,5079.4,199.61945,53.78964,25.41425,61.569958,1110,0.18062682,0,1,0,1,0,0,0,0,0,0,0,0,0,0,0,0,0,0,0,0,1,100,5,7,3.504054767,6,-64.9375|-32.77083206,9,-64.9375,-32.77083206
S2860,1460,145.5,742.9831,305.5,93.703354,100,913,3335,1963,-0.12126862,-0.19611552,46.5,0.18533525,-0.0625,7.692308,34.535835,0.12231111,3710.8,200,30.2224,9.311244,76.2837,1249,0.43660152,0,1,1,0,0,0,0,0,0,1,0,0,0,0,0,0,0,0,0,0,0,10000,0.5,4,3.970103248,4,117.0374985|35.03749847,10,117.0374985,35.03749847
S1264,1176,185.51636,1544.9668,331.51636,41.198345,100,865,3407,2064,0.8974673,-0.44010708,125,1.8917987,0.6875,0,8.61727,3.3258667,4330,200,31.193157,17.314802,63.765278,1979,0.33031636,0,1,0,1,0,0,0,0,0,1,0,0,0,0,0,0,0,0,0,0,0,400,1.5,1,3.931747167,3,111.8708344|26.76250076,5,111.8708344,26.76250076
S3435,1260,126.59985,3311.0686,180.5664,24.298332,,266,-809,5397,0.1786791,0.98317844,1849,5.4882984,-1.25,0,0,12.071645,11000.8,200,47.679646,182.91426,52.51077,2003,0.20980686,0,1,0,1,0,0,0,0,0,0,0,0,0,0,0,0,0,0,0,0,1,1,0.25,2,2.525648609,10,-155.3208313|19.82083321,1,-155.3208313,19.82083321
S5035,1214,169.46729,1571.1934,307.45093,56.201653,41,765,475,2557,0.12217592,0.3102813,198,3.6310296,-4.8125,0,13.268652,22.345955,6789,200,36.171932,22.22334,61.78308,2146,0.3659008,1,0,0,1,0,0,1,0,0,0,0,0,0,0,0,0,0,0,0,0,0,1,0.5,1,3.367192367,4,111.0374985|29.65416718,3,111.0374985,29.65416718
S4238,1792,247.5,1122.983,331.5,86.30165,29,686,2925,2235,-0.10905862,0.38172087,28.5,0.3553965,-0.3125,26.923079,0,38.029865,7577.2,200,66.693214,13.15846,61.03452,1579.8047,0.23161153,1,0,0,1,0,0,0,0,0,0,0,0,0,0,0,0,0,0,0,1,0,1,0.25,7,1.945910149,7,34.37916565|-18.9375,4,34.37916565,-18.9375
S1964,865,105.5,809.0496,224.5,11.501673,61,919,3801,3088,0.487353,0.22629812,37,0.61984015,-0.25,0,2.1767347,44.05529,9033.2,200,39.535904,20.211758,60.658054,1024,0.50589156,0,1,0,1,0,0,0,0,0,1,0,0,0,0,0,0,0,0,0,0,0,4,0.25,4,3.113515309,5,4.987500191|50.87083435,6,4.987500191,50.87083435
S4336,1747,168.5166,923.96594,284.5166,72.298355,100,1123,2322,1402,-0.40181726,0.90030533,467,0.45562643,0.1875,0,0.88196427,0.33706668,3499.2,200,52.530132,12.861359,64.791435,1101,0.18077233,0,1,0,1,0,0,0,0,0,1,0,0,0,0,0,0,0,0,0,0,0,1,0.5,8,2.397713451,5,-64.1875|-31.5625,9,-64.1875,-31.5625
S4624,1804,248.5,1115.9833,331.5,86.09836,30,390,-389,4298,0.40309548,-0.8015435,24,0.26455182,0.1875,44.230766,0,8.126933,6981.2,200,62.839287,14.004452,60.972645,1588,0.19704925,1,0,1,0,0,0,0,0,0,0,0,0,0,0,0,0,0,0,0,1,0,1,0.25,7,2.196780013,8,34.39583206|-18.88750076,4,34.39583206,-18.88750076
S2930,1316,191.5166,1996.9005,337.4834,57.6,94,864,523,2159,-0.629941,0.6944358,44.5,0.8258096,0.0625,100,14.673319,2.9752889,3907.8,200,40.060986,15.3768215,51.649517,2054,0.37153614,0,1,0,1,0,0,0,0,0,1,0,0,0,0,0,0,0,0,0,0,0,400,1.5,4,2.495269437,6,116.9291687|28.21249962,7,116.9291687,28.21249962
S4038,1104,44.500244,552.9497,268.50024,104.90167,100,593,328,3673,-0.1473479,-0.57735026,139,0.7270266,0.9375,0,6.7388964,0,2997.4,200,28.339163,30.600622,66.377945,868,0.34728733,0,1,1,0,0,0,0,0,0,1,0,0,0,0,0,0,0,0,0,0,0,60,0.25,4,3.218875825,7,126.8458328|45.84583282,8,126.8458328,45.84583282
S4061,1002.99994,15.367676,1490.566,180.38428,48.00001,18,1042,5051,2185,0.6425709,-0.7660104,2169,18.381353,-3.5,0,0,101.99858,4649,191.11783,38.08552,71.228035,58.464027,1282,0.30837455,0,1,0,1,0,0,0,0,0,0,0,0,0,0,0,0,0,0,0,0,1,100,5,10,3.36729583,7,76.98750305|43.12916565,4,76.98750305,43.12916565
S1630,2584,196.51636,301.00012,344.51636,32.10335,,344,1059,7108,0.8505766,-0.48925257,429.5,0.47589058,-0.4375,0,0,1.7123556,2024.4,101.0804,72.410736,13.050997,71.56627,630,0.16139762,0,1,0,1,0,0,0,0,0,0,0,0,0,0,0,0,0,0,0,0,1,100,5,13,2.525728644,5,121.0625|-29.66250038,8,121.0625,-29.66250038
S4571,1267,131.61621,3437.4023,183.5664,24.196665,,261,3851,6205,0.39932412,0.9167687,1745,5.119382,0.375,0,0,18.65031,6519.2,200,53.640045,224.0743,50.686573,2003,0.2097156,0,1,0,1,0,0,0,0,0,0,0,0,0,0,0,0,0,0,0,0,1,1,0.25,1,3.090951503,5,-155.3125|19.82916641,1,-155.3125,19.82916641
S1265,1368,176.5,1750.9644,325.51685,46.2,90,777,4744,3068,-0.047540598,-0.285125,60.5,1.1911206,2.125,0,12.18677,1.3155556,3297.6,200,26.787823,15.979309,57.84551,2138,0.3938757,0,1,0,1,0,1,0,0,0,0,0,0,0,0,0,0,0,0,0,0,0,100,0.5,4,3.663536019,8,115.7125015|29.27916718,6,115.7125015,29.27916718
S3419,1145,102.56616,670.035,273.53296,83.395004,69,958,1534,2598,-0.31920707,0.2720523,1384.5,8.644741,12.6875,0,1.7709147,0.96746665,4267,200,28.215963,15.9814415,79.119225,1046,0.3843189,1,0,1,0,0,0,0,0,0,0,0,0,0,0,1,0,0,0,0,0,0,400,1,4,2.139948518,9,107.4124985|35.12083435,6,107.4124985,35.12083435
S1069,2862,219.5,269.0167,365.4834,52.901653,50,614,-543,4776,-0.7071065,0.7071071,556,0.19064319,0.1875,0,0.27625012,0,1130.4,200,76.80739,6.93425,75.6265,735,0.21780027,0,1,0,1,0,0,0,0,0,0,0,0,0,0,0,0,0,0,0,0,1,100,5,13,2.48490665,6,133.8791656|-23.77083397,7,133.8791656,-23.77083397
S3779,1254,121.61694,3193.9346,176.5835,24.396688,20,751,4018,3778,0.4215162,0.9067608,1941,5.4097967,2,0,0,8.919644,9833.6,199.96217,45.98457,166.13841,55.210518,2003,0.20980686,0,1,0,1,0,0,0,0,0,0,0,0,0,0,0,0,0,0,0,0,1,1,0.25,2,3.218395744,1,-155.3291626|19.82083321,1,-155.3291626,19.82083321
S6556,1267,131.61621,3437.4023,183.5664,24.196665,,261,3851,6205,0.39932412,0.9167687,1745,5.119382,0.375,0,0,18.65031,6519.2,200,53.640045,224.0743,50.686573,2003,0.2097156,0,1,0,1,0,0,0,0,0,0,0,0,0,0,0,0,0,0,0,0,1,1,0.25,1,2.847696148,6,-155.3125|19.82916641,1,-155.3125,19.82916641
S6910,1261,130.56738,3436.2678,183.53369,24.196665,,296,-647,4310,0.58436203,0.811493,1773.5,4.9342194,-0.5,0,0,66.01315,5316.4,200,53.722668,205.09613,49.632347,2003,0.20980686,0,1,0,1,0,0,0,0,0,0,0,0,0,0,0,0,0,0,0,0,1,1,0.25,1,2.302084957,7,-155.3125|19.82083321,1,-155.3125,19.82083321
S1190,1384,154.5,924.95,311.5,76.80002,100,669,2593,2497,0.25724813,0.34487456,33,0.17769997,0.1875,7.692308,2.3763075,0.0042666667,4107.4,200,15.532911,11.187645,80.85873,1257.2313,0.41242278,0,1,0,1,0,0,0,0,0,1,0,0,0,0,0,0,0,0,0,0,0,10000,0.5,4,4.32015119,10,115.6041641|33.30416489,3,115.6041641,33.30416489
S2964,1260,126.59985,3311.0686,180.5664,24.298332,,266,-809,5397,0.1786791,0.98317844,1849,5.4882984,-1.25,0,0,12.071645,11000.8,200,47.679646,182.91426,52.51077,2003,0.20980686,0,1,0,1,0,0,0,0,0,0,0,0,0,0,0,0,0,0,0,0,1,1,0.25,2,3.401064049,2,-155.3208313|19.82083321,1,-155.3208313,19.82083321
S914,1565,254.5332,1292.7991,318.53296,47.999973,100,289,1297,4228,0.35355315,0.1187294,133,1.000066,1.1875,0,2.8668227,121.53458,7983.2,200,66.075485,16.499138,53.647793,1386,0.19993058,0,1,0,1,0,0,1,0,0,0,0,0,0,0,0,0,0,0,0,0,0,113,0.25,1,4.516338972,8,-6.645833492|5.604166508,8,-6.645833492,5.604166508
S4888,1260,126.59985,3311.0686,180.5664,24.298332,,266,-809,5397,0.1786791,0.98317844,1849,5.4882984,-1.25,0,0,12.071645,11000.8,200,47.679646,182.91426,52.51077,2003,0.20980686,0,1,0,1,0,0,0,0,0,0,0,0,0,0,0,0,0,0,0,0,1,1,0.25,2,2.442347035,3,-155.3208313|19.82083321,1,-155.3208313,19.82083321
S6615,1266,136.55005,3570.5193,186.5498,23.998333,,266,3682,5493,0.36486655,0.9310581,1662.5,5.110835,-2.75,0,0,58.27413,11484.8,200,59.214035,235.09749,47.766872,2003,0.2097156,0,1,0,1,0,0,0,0,0,0,0,0,0,0,0,0,0,0,0,0,1,1,0.25,1,2.656756907,9,-155.3041687|19.82916641,1,-155.3041687,19.82916641
S2039,1747,255.51636,1336.0334,299.51636,48.698357,,210,1214,4344,-0.19611683,0.55470014,18,0.15774922,-0.5,0,0,93.89813,10742,115.78659,43.172848,98.31163,71.17757,1542,0.15034056,0,1,0,1,0,0,0,0,0,0,0,0,0,0,0,0,0,0,0,1,0,1,0.25,1,3.6108909,10,-87.35416412|20.44583321,8,-87.35416412,20.44583321
S2128,868,104.483154,828.0504,223.48315,11.400028,56,611,4080,2934,0.31622803,0.84098816,54,0.39512232,0.4375,0,0.14379153,10.126223,6841.4,200,21.990282,13.275723,63.534966,1024,0.50427854,0,1,0,1,0,0,0,0,0,1,0,0,0,0,0,0,0,0,0,0,0,4,0.25,4,3.586985146,1,4.904166698|50.86249924,6,4.904166698,50.86249924
S3720,2438,221.5,632.03326,328.5,112.39835,28,348,2803,5413,-3.14e-07,0.7535536,1064,0.123748794,-0.125,28.846153,0,32.698845,4867.4,200,74.02342,8.318805,61.360287,876,0.2343981,0,1,0,1,0,0,0,0,0,0,0,0,0,0,0,0,0,0,0,0,1,100,2,7,3.6108909,9,25.49583244|-18.07083321,2,25.49583244,-18.07083321
S4785,1647,91.48364,196.93271,298.48315,98.79668,,998,2951,5637,-0.703059,0.7095098,1254,0.8796911,-0.4375,0,2.1e-06,0,,200,48.935837,6,83.036896,732,0.3942679,0,1,1,0,0,0,0,0,0,0,0,0,0,0,0,1,0,0,0,0,0,400,1,10,1.386294361,8,106.9041672|39.51250076,5,106.9041672,39.51250076
S2588,675,61.5,593.9835,170.48315,31.2,,1752,3702,1481,-0.36264205,-0.7482291,10,0.237905,-0.25,0,0.12827165,46.171734,6615.2,152.70522,58.94751,78.97082,54.888958,,0.62720597,0,1,0,1,0,0,0,0,0,0,0,0,0,0,0,0,0,0,0,1,0,1,0.265,4,3.135363761,2,20.27083397|60.13750076,9,20.27083397,60.13750076
S4575,960,28.58252,571.8347,211.58276,59.99668,,1131,1369,1834,0.9384476,0.32424355,918.5,4.269425,-0.3125,0,0,112.54293,6079.6,200,35.83787,178.93925,53.73654,729,0.7403752,0,1,0,1,0,0,0,0,0,0,0,0,0,0,0,0,0,0,0,0,1,1,0.25,5,2.302585093,6,-118.7624969|54.51250076,8,-118.7624969,54.51250076
S1483,1489,226.69897,1240.7312,309.71533,76.91511,12,349,1710,4107,-0.60400313,0.7969778,741.5,19.630836,2.25,0,0,103.85209,13186,150.31151,40.524372,32.665573,54.179462,2529,0.3079374,0,1,0,1,0,0,0,0,0,0,0,0,0,0,0,0,0,0,0,0,1,100,2,1,3.526331129,1,101.1708298|21.57916641,7,101.1708298,21.57916641
S2900,1749,253.5,1451.2523,293.5166,82.701706,71,2407,2491,1189,0.96818835,-0.15566528,22,0.87167645,-0.375,100,0.027959388,0.0256,5651.6,200,54.72443,29.136122,57.20509,2110,0.21162039,0,1,1,0,0,0,0,0,0,1,0,0,0,0,0,0,0,0,0,0,0,100,0.25,1,3.860645463,2,108.7958298|18.54583359,8,108.7958298,18.54583359
S990,1536,254.4668,1379.0671,322.5,48.4,100,253,596,4011,-0.3983299,-0.78069246,227,2.0662236,0,0,0.65358776,46.3664,7992.6,200,60.87514,17.18611,57.34905,1322,0.2138008,0,1,0,1,0,0,1,0,0,0,0,0,0,0,0,0,0,0,0,0,0,113,0.25,1,4.548599834,3,-5.854166508|6.162499905,8,-5.854166508,6.162499905
S2317,788,75.55005,923.1687,208.5498,21.495003,23,337,2957,4168,0.2377738,0.7446875,719.5,2.840636,4.875,0,0,94.26364,6773.6,200,25.25613,52.291485,56.456364,1291,0.49599174,1,0,0,1,0,0,0,0,0,0,0,0,0,1,0,0,0,0,0,0,0,1,0.6,4,3.504024708,3,9.462499619|48.46250153,7,9.462499619,48.46250153
S2520,1575,245.50024,2616.8984,322.50024,68.10164,49,697,2280,2248,-0.0240685,0.70971423,79,1.1260417,2.875,0,0.1518507,31.999289,6930.6,200,41.6475,19.00152,53.831303,2175,0.22356746,0,1,1,0,0,0,0,0,0,1,0,0,0,0,0,0,0,0,0,0,0,100,0.25,1,4.174310327,4,110.6208344|19.59583282,2,110.6208344,19.59583282
S6107,1447.9999,100.66748,543.4977,273.68433,41.39668,,492,1602,5658,0.6802275,-0.7045553,1652,15.049555,5.9375,0,0,70.813515,5953.8,190.95566,45.089645,39.135887,64.03502,2083,0.28689593,1,0,0,1,0,0,0,0,0,0,0,0,0,0,0,0,0,0,0,1,0,1,0.5,12,2.194220074,7,-2.837500095|37.40416718,10,-2.837500095,37.40416718
S2179,788,75.55005,923.1687,208.5498,21.495003,23,337,2957,4168,0.2377738,0.7446875,719.5,2.840636,4.875,0,0,94.26364,6773.6,200,25.25613,52.291485,56.456364,1291,0.49599174,1,0,0,1,0,0,0,0,0,0,0,0,0,1,0,0,0,0,0,0,0,1,0.6,4,4.042735401,4,9.462499619|48.46250153,7,9.462499619,48.46250153
S4602,1066,33.5,576,262.5,104.396645,100,509,2816,3940,0.8125285,-0.12875327,170,0.50503564,0.875,0,0.035231154,0,2744.4,200,25.807323,57.041042,68.75721,678,0.33719638,0,1,0,1,0,0,0,0,0,1,0,0,0,0,0,0,0,0,0,0,0,100,0.5,4,2.993880527,5,127.1791687|46.60416794,2,127.1791687,46.60416794
S2871,1266,136.55005,3570.5193,186.5498,23.998333,,266,3682,5493,0.36486655,0.9310581,1662.5,5.110835,-2.75,0,0,58.27413,11484.8,200,59.214035,235.09749,47.766872,2003,0.2097156,0,1,0,1,0,0,0,0,0,0,0,0,0,0,0,0,0,0,0,0,1,1,0.25,1,3.752018522,5,-155.3041687|19.82916641,1,-155.3041687,19.82916641
S2419,1176,185.51636,1544.9668,331.51636,41.198345,100,865,3407,2064,0.8974673,-0.44010708,125,1.8917987,0.6875,0,8.61727,3.3258667,4330,200,31.193157,17.314802,63.765278,1979,0.33031636,0,1,0,1,0,0,0,0,0,1,0,0,0,0,0,0,0,0,0,0,0,400,1.5,1,2.715886089,6,111.8708344|26.76250076,5,111.8708344,26.76250076
S6594,788,75.55005,923.1687,208.5498,21.495003,23,337,2957,4168,0.2377738,0.7446875,719.5,2.840636,4.875,0,0,94.26364,6773.6,200,25.25613,52.291485,56.456364,1291,0.49599174,1,0,0,1,0,0,0,0,0,0,0,0,0,1,0,0,0,0,0,0,0,1,0.6,4,2.917716706,6,9.462499619|48.46250153,7,9.462499619,48.46250153
S7504,909,26.466797,621.1509,213.46655,66.99833,,1019,2372,2803,-0.96363586,-0.081362695,911,2.931128,2.5625,0,0,93.60818,5528.8,200,34.626884,222.31874,53.22273,680,0.77110505,0,1,0,1,0,0,0,0,0,0,0,0,0,0,0,0,0,0,0,0,1,1,0.25,5,2.294250438,7,-116.5958328|54.20416641,9,-116.5958328,54.20416641
S3359,1933.9998,227.56665,2950.6462,248.5498,17.9,,270,1755,3805,0.74400765,0.6681686,49.5,5.9855947,-4,0,0.09063805,121.70809,16026.4,200,29.373148,81.71923,54.94825,1723,0.19560494,1,0,0,1,0,0,0,0,0,0,0,0,0,0,0,0,0,0,1,0,0,100,0.25,1,3.044474844,7,-156.0375061|20.79583359,2,-156.0375061,20.79583359
S5616,930,5.5168457,657.9165,195.51685,62.301674,,1484,4636,2134,-0.52575064,-0.4759143,1394.5,2.2448254,2,0,0,73.896,5772,200,35.689667,182.23006,55.13674,854,0.7296108,0,1,0,1,0,0,0,0,0,0,0,0,0,0,0,0,0,0,0,0,1,1,0.25,5,2.602689685,8,-117.3291702|53.42083359,9,-117.3291702,53.42083359
S7279,1260,126.59985,3311.0686,180.5664,24.298332,,266,-809,5397,0.1786791,0.98317844,1849,5.4882984,-1.25,0,0,12.071645,11000.8,200,47.679646,182.91426,52.51077,2003,0.20980686,0,1,0,1,0,0,0,0,0,0,0,0,0,0,0,0,0,0,0,0,1,1,0.25,2,2.599202135,4,-155.3208313|19.82083321,1,-155.3208313,19.82083321
S2979,788,75.55005,923.1687,208.5498,21.495003,23,337,2957,4168,0.2377738,0.7446875,719.5,2.840636,4.875,0,0,94.26364,6773.6,200,25.25613,52.291485,56.456364,1291,0.49599174,1,0,0,1,0,0,0,0,0,0,0,0,0,1,0,0,0,0,0,0,0,1,0.6,4,3.433858173,7,9.462499619|48.46250153,7,9.462499619,48.46250153
S6759,1266,136.55005,3570.5193,186.5498,23.998333,,266,3682,5493,0.36486655,0.9310581,1662.5,5.110835,-2.75,0,0,58.27413,11484.8,200,59.214035,235.09749,47.766872,2003,0.2097156,0,1,0,1,0,0,0,0,0,0,0,0,0,0,0,0,0,0,0,0,1,1,0.25,1,2.67090201,8,-155.3041687|19.82916641,1,-155.3041687,19.82916641
S6004,735,60.5,695.017,212.51685,34.101673,29,739,3439,3038,0.22804508,0.31622797,42.5,1.1673896,-0.375,0,0,114.606575,4635,200,61.07548,137.31459,50.11888,833,0.5210264,1,0,0,1,0,0,0,0,0,0,0,0,0,0,0,0,0,0,0,1,0,1,0.25,4,2.67083279,8,27.26250076|58.29583359,7,27.26250076,58.29583359
S2988,788,75.55005,923.1687,208.5498,21.495003,23,337,2957,4168,0.2377738,0.7446875,719.5,2.840636,4.875,0,0,94.26364,6773.6,200,25.25613,52.291485,56.456364,1291,0.49599174,1,0,0,1,0,0,0,0,0,0,0,0,0,1,0,0,0,0,0,0,0,1,0.6,4,3.355641965,9,9.462499619|48.46250153,7,9.462499619,48.46250153
S2811,869,105.48364,810.06635,224.48364,11.5,58,678,3764,2143,0.33217663,0.011625347,35,0.47824094,-0.75,0,0.8808151,13.5296,6920.8,200,30.551527,18.917398,61.76763,1024,0.5058858,0,1,0,1,0,0,0,0,0,1,0,0,0,0,0,0,0,0,0,0,0,4,0.25,4,2.48490665,10,4.970833302|50.86249924,6,4.970833302,50.86249924
S5010,937,68.5,581.95013,251.50024,23.803324,,543,3705,3131,0.9250796,-0.32854295,118.5,1.3847793,0.0625,0,0,114.304,3300,200,50.47331,81.30851,54.911182,850,0.46147224,0,1,0,1,0,0,0,0,0,0,0,0,0,0,0,0,0,0,0,0,1,100,2,4,2.6566867,1,39.45416641|51.91249847,9,39.45416641,51.91249847
S2267,1646,248.49976,1364.5867,320.4668,75.7,62,370,2003,4690,-0.44990206,-0.76313484,41,1.0156376,-1.4375,0,0.42761698,5.5584,6528.8,200,53.383972,17.87561,60.721954,2082,0.20859201,0,1,1,0,0,0,0,0,0,1,0,0,0,0,0,0,0,0,0,0,0,100,0.25,1,3.737645822,9,109.0708313|19.47916603,2,109.0708313,19.47916603
S4845,1266,136.55005,3570.5193,186.5498,23.998333,,266,3682,5493,0.36486655,0.9310581,1662.5,5.110835,-2.75,0,0,58.27413,11484.8,200,59.214035,235.09749,47.766872,2003,0.2097156,0,1,0,1,0,0,0,0,0,0,0,0,0,0,0,0,0,0,0,0,1,1,0.25,1,3.027860581,10,-155.3041687|19.82916641,1,-155.3041687,19.82916641
S5099,1071,237.5,1709.2003,294.48315,59.9,,425,2891,3213,0.71830815,0.26376373,532,2.0496368,-4.875,0,0,217.17262,9940,200,47.261898,31.226696,44.895714,1558,0.20772259,0,1,0,1,0,0,0,0,0,0,0,0,0,0,0,0,0,0,0,0,1,100,2,1,3.146090091,1,11.45416641|0.8208333254,9,11.45416641,0.8208333254
S4746,865,105.5,809.0496,224.5,11.501673,61,919,3801,3088,0.487353,0.22629812,37,0.61984015,-0.25,0,2.1767347,44.05529,9033.2,200,39.535904,20.211758,60.658054,1024,0.50589156,0,1,0,1,0,0,0,0,0,1,0,0,0,0,0,0,0,0,0,0,0,4,0.25,4,1.944051278,2,4.987500191|50.87083435,6,4.987500191,50.87083435
S3716,1374,68.51709,477.5137,259.5503,101.29665,68,889,1573,2714,0.7983049,0.60218585,938,4.2856073,-2.0625,0,0.82624286,0,2401,200,44.359222,17.996187,80.60212,1124,0.36844012,1,0,0,1,0,0,1,0,0,0,0,0,0,0,0,0,0,0,0,0,0,100,0.5,4,3.953529556,3,115.8208313|40.85416794,10,115.8208313,40.85416794
S1197,1720,251.5,1575.0498,299.50024,79,78,885,975,2714,0.44294342,-0.34443456,13,0.48325986,0.0625,0,194.89029,1.4492445,,200,53.746155,13.276047,59.783676,3430,0.1735379,0,1,1,0,0,0,0,0,0,1,0,0,0,0,0,0,0,0,0,0,0,100,0.25,1,4.223690177,2,109.4958344|18.28750038,8,109.4958344,18.28750038
S4110,1104,44.500244,552.9497,268.50024,104.90167,100,593,328,3673,-0.1473479,-0.57735026,139,0.7270266,0.9375,0,6.7388964,0,2997.4,200,28.339163,30.600622,66.377945,868,0.34728733,0,1,1,0,0,0,0,0,0,1,0,0,0,0,0,0,0,0,0,0,0,60,0.25,4,2.890371758,4,126.8458328|45.84583282,8,126.8458328,45.84583282
S4625,1804,248.5,1115.9833,331.5,86.09836,30,390,-389,4298,0.40309548,-0.8015435,24,0.26455182,0.1875,44.230766,0,8.126933,6981.2,200,62.839287,14.004452,60.972645,1588,0.19704925,1,0,1,0,0,0,0,0,0,0,0,0,0,0,0,0,0,0,0,1,0,1,0.25,7,1.791759469,10,34.39583206|-18.88750076,4,34.39583206,-18.88750076
S923,1552,256.4834,1404.184,321.4834,47.101643,100,581,1947,2739,0.56720686,0.285155,219.5,1.7455003,2.1875,0,6.558103,71.30009,7938.6,200,63.427197,16.77229,54.996998,1152,0.23194365,0,1,0,1,0,0,1,0,0,0,0,0,0,0,0,0,0,0,0,0,0,113,0.25,1,4.764606901,3,-6.504166603|6.129166603,8,-6.504166603,6.129166603
S2245,921,66.5,1030.0669,257.4834,14.9,76,384,-542,2795,-0.31622744,0.7071071,17.5,0.13480535,-0.0625,0,0.6216277,0.86844444,4559.8,200,37.614765,99.281906,62.548576,1233,0.7181875,1,0,1,0,0,0,0,0,0,0,0,0,0,0,0,0,0,1,0,0,0,100,0.5,4,3.349904087,5,-73.37083435|45.72083282,10,-73.37083435,45.72083282
S928,1323,192.4834,2002.9169,337.4834,57.6,57,,,,-0.21920452,0.31652707,37,0.73725224,-0.8125,100,2.28064,7.475911,2744.8,200,35.016823,18.780645,54.022038,2054,0.37153614,0,1,0,1,0,0,0,0,0,1,0,0,0,0,0,0,0,0,0,0,0,400,1.5,4,4.007242253,6,116.9375|28.21249962,7,116.9375,28.21249962
S4963,921,66.5,1030.0669,257.4834,14.9,76,384,-542,2795,-0.31622744,0.7071071,17.5,0.13480535,-0.0625,0,0.6216277,0.86844444,4559.8,200,37.614765,99.281906,62.548576,1233,0.7181875,1,0,1,0,0,0,0,0,0,0,0,0,0,0,0,0,0,1,0,0,0,100,0.5,4,3.371596912,7,-73.37083435|45.72083282,10,-73.37083435,45.72083282
S2687,1727,207.49927,1595.793,272.48242,89.698296,,568,5675,3672,0.7351086,-0.3248785,681,4.311209,-0.4375,0,0,81.01795,16268.2,181.7864,60.109703,33.734997,52.908707,1815,0.18429798,0,1,0,1,0,0,0,0,0,0,0,0,0,0,0,0,0,0,0,0,1,100,2,1,4.174002557,4,145.5958405|-17.02083397,10,145.5958405,-17.02083397
S886,1563,254.53296,1302.8162,318.5,48,100,488,2914,2944,0.41637707,0.014054149,137.5,1.1058408,0.125,0,0.65147305,119.9376,8231.6,200,66.59977,16.667501,53.02627,1386,0.19993058,0,1,0,1,0,0,1,0,0,0,0,0,0,0,0,0,0,0,0,0,0,113,0.25,1,4.484887777,5,-6.654166698|5.595833302,8,-6.654166698,5.595833302
S7025,1266,136.55005,3570.5193,186.5498,23.998333,,266,3682,5493,0.36486655,0.9310581,1662.5,5.110835,-2.75,0,0,58.27413,11484.8,200,59.214035,235.09749,47.766872,2003,0.2097156,0,1,0,1,0,0,0,0,0,0,0,0,0,0,0,0,0,0,0,0,1,1,0.25,1,2.396166502,6,-155.3041687|19.82916641,1,-155.3041687,19.82916641
S5675,1266,136.55005,3570.5193,186.5498,23.998333,,266,3682,5493,0.36486655,0.9310581,1662.5,5.110835,-2.75,0,0,58.27413,11484.8,200,59.214035,235.09749,47.766872,2003,0.2097156,0,1,0,1,0,0,0,0,0,0,0,0,0,0,0,0,0,0,0,0,1,1,0.25,1,2.832742623,7,-155.3041687|19.82916641,1,-155.3041687,19.82916641
S1700,1839,159.5,741.1339,248.5,80.50332,45,2575,3478,1955,0.011427979,0.96680707,1589.5,1.2024026,0.8125,30.769232,0,17.565866,3214,198.18483,60.75757,18.997484,59.12576,963,0.21533445,0,1,0,1,0,1,0,0,0,0,0,0,0,0,0,0,0,0,0,0,0,1600,0.5,10,3.951243719,9,29.1875|-25.99583244,9,29.1875,-25.99583244
S5855,1267,131.61621,3437.4023,183.5664,24.196665,,261,3851,6205,0.39932412,0.9167687,1745,5.119382,0.375,0,0,18.65031,6519.2,200,53.640045,224.0743,50.686573,2003,0.2097156,0,1,0,1,0,0,0,0,0,0,0,0,0,0,0,0,0,0,0,0,1,1,0.25,1,2.724317193,8,-155.3125|19.82916641,1,-155.3125,19.82916641
S1294,1452,206.70068,955.1323,263.68433,51.198326,42,353,2195,5111,0.3020063,0.89345217,1487,12.06897,12,30.769232,0,32.7904,6183,200,44.813072,29.024992,57.238567,1171,0.23644276,0,1,0,1,0,0,0,0,0,0,0,0,0,0,0,0,0,0,0,0,1,100,2,7,3.871180189,1,30.67916679|-1.704166651,10,30.67916679,-1.704166651
S2325,788,75.55005,923.1687,208.5498,21.495003,23,337,2957,4168,0.2377738,0.7446875,719.5,2.840636,4.875,0,0,94.26364,6773.6,200,25.25613,52.291485,56.456364,1291,0.49599174,1,0,0,1,0,0,0,0,0,0,0,0,0,1,0,0,0,0,0,0,0,1,0.6,4,3.349833881,8,9.462499619|48.46250153,7,9.462499619,48.46250153
S2212,788,75.55005,923.1687,208.5498,21.495003,23,337,2957,4168,0.2377738,0.7446875,719.5,2.840636,4.875,0,0,94.26364,6773.6,200,25.25613,52.291485,56.456364,1291,0.49599174,1,0,0,1,0,0,0,0,0,0,0,0,0,1,0,0,0,0,0,0,0,1,0.6,4,3.300418965,9,9.462499619|48.46250153,7,9.462499619,48.46250153
S1597,1724,244.46729,1706.5138,294.48413,80.19832,92,703,1160,1594,-0.7242019,-0.109783724,150,4.269892,-1.875,0,0.8940074,9.1728,6909.6,199.99495,52.0199,20.969316,55.07304,2110,0.2099742,0,1,1,0,0,0,0,0,0,1,0,0,0,0,0,0,0,0,0,0,0,100,0.25,1,4.120661846,9,109.4124985|18.32916641,8,109.4124985,18.32916641
S5842,2160,197.50024,243.00024,360.5,47.29998,,318,-119,7290,0.5753175,0.81627554,257.5,1.1392925,0.8125,0,0.015785364,0,,200,64.37604,5.796411,81.71423,938,0.2016482,1,0,1,0,0,0,0,0,0,0,0,0,0,0,0,0,1,0,0,0,0,100,3,12,0.6931471806,8,9.637499809|34.73749924,8,9.637499809,34.73749924
S3560,1377,159.56738,1933.9956,214.58374,78.51338,35,342,-471,4346,0.6252176,0.78031665,2109,3.520533,0.5,0,4.8345647,36.868977,8146.6,200,33.883713,53.002697,52.948963,2007,0.2300746,0,1,0,1,0,0,0,0,0,0,0,0,0,0,0,0,0,0,0,0,1,100,5,1,2.9956823,10,37.57083511|-0.05416666716,7,37.57083511,-0.05416666716
S1569,1285,211.50122,2388.2417,296.5349,64.09496,4,392,2911,4764,-0.51543915,0.3193583,370,9.578581,-10,0,0,98.89956,3024.6,198.96468,48.84922,40.156616,53.114693,2067,0.26495403,0,1,0,1,0,0,0,0,0,0,0,0,0,0,0,1,0,0,0,0,0,100,0.5,1,3.716616209,1,112.5291672|23.17083359,8,112.5291672,23.17083359
S3496,1254,121.61694,3193.9346,176.5835,24.396688,20,751,4018,3778,0.4215162,0.9067608,1941,5.4097967,2,0,0,8.919644,9833.6,199.96217,45.98457,166.13841,55.210518,2003,0.20980686,0,1,0,1,0,0,0,0,0,0,0,0,0,0,0,0,0,0,0,0,1,1,0.25,2,3.367088894,5,-155.3291626|19.82083321,1,-155.3291626,19.82083321
S979,1176,185.51636,1544.9668,331.51636,41.198345,100,865,3407,2064,0.8974673,-0.44010708,125,1.8917987,0.6875,0,8.61727,3.3258667,4330,200,31.193157,17.314802,63.765278,1979,0.33031636,0,1,0,1,0,0,0,0,0,1,0,0,0,0,0,0,0,0,0,0,0,400,1.5,1,3.218795789,2,111.8708344|26.76250076,5,111.8708344,26.76250076
S2166,1244,142.5,606.9831,298.4668,77.69829,100,1548,2660,1145,-0.9095323,-0.35334596,517,1.1950842,1,0,140.00677,0,,200,29.076893,15.165628,79.2258,1724,0.48846725,0,1,1,0,0,0,0,0,0,1,0,0,0,0,0,0,0,0,0,0,0,16,1.5,4,2.917770732,10,108.0625|34.28749847,6,108.0625,34.28749847
S1352,1266,136.55005,3570.5193,186.5498,23.998333,,266,3682,5493,0.36486655,0.9310581,1662.5,5.110835,-2.75,0,0,58.27413,11484.8,200,59.214035,235.09749,47.766872,2003,0.2097156,0,1,0,1,0,0,0,0,0,0,0,0,0,0,0,0,0,0,0,0,1,1,0.25,1,2.94275337,3,-155.3041687|19.82916641,1,-155.3041687,19.82916641
S5806,1261,130.56738,3436.2678,183.53369,24.196665,,296,-647,4310,0.58436203,0.811493,1773.5,4.9342194,-0.5,0,0,66.01315,5316.4,200,53.722668,205.09613,49.632347,2003,0.20980686,0,1,0,1,0,0,0,0,0,0,0,0,0,0,0,0,0,0,0,0,1,1,0.25,1,2.190647438,4,-155.3125|19.82083321,1,-155.3125,19.82083321
S4620,1466,83.46655,346.20102,295.44995,107.80332,72,1420,75,1849,-0.97359884,-0.22823927,470,1.1952348,-0.3125,0,1.7099117,0,2344.4,200,49.25558,14.293406,81.59519,990,0.42512414,1,0,0,1,0,0,1,0,0,0,0,0,0,0,0,0,0,0,0,0,0,100,0.5,4,3.105931062,1,119.5625|42.60416794,4,119.5625,42.60416794
S2864,1254,121.61694,3193.9346,176.5835,24.396688,20,751,4018,3778,0.4215162,0.9067608,1941,5.4097967,2,0,0,8.919644,9833.6,199.96217,45.98457,166.13841,55.210518,2003,0.20980686,0,1,0,1,0,0,0,0,0,0,0,0,0,0,0,0,0,0,0,0,1,1,0.25,2,3.366778476,6,-155.3291626|19.82083321,1,-155.3291626,19.82083321
S5380,788,75.55005,923.1687,208.5498,21.495003,23,337,2957,4168,0.2377738,0.7446875,719.5,2.840636,4.875,0,0,94.26364,6773.6,200,25.25613,52.291485,56.456364,1291,0.49599174,1,0,0,1,0,0,0,0,0,0,0,0,0,1,0,0,0,0,0,0,0,1,0.6,4,3.439359837,2,9.462499619|48.46250153,7,9.462499619,48.46250153
S1049,1837,158.5332,735.184,247.5332,80.50003,54,1652,3359,2629,0.20956373,0.7538591,1592,0.6104131,0.5,23.076923,0,32.954666,4813.6,200,62.098392,17.773172,58.467587,963,0.21783036,0,1,0,1,0,1,0,0,0,0,0,0,0,0,0,0,0,0,0,0,0,1600,0.5,10,3.663561646,10,29.1875|-26.00416756,9,29.1875,-26.00416756
S4004,1760,244.48364,1222.2501,326.48364,85.90001,,324,260,4038,-0.18569498,0.86760217,95.5,1.0685066,-0.5,48.076923,0.27658707,42.833424,7585.6,199.90366,69.647675,17.959805,60.28013,1588,0.23592591,1,0,0,1,0,0,0,0,0,0,0,0,0,0,0,0,0,0,0,1,0,1,0.25,7,2.772526195,2,34.22916794|-19.00416756,4,34.22916794,-19.00416756
S2374,804,83.56665,660.8661,216.5669,12.998352,47,880,3692,2171,0.9940065,-0.10653193,299.5,8.257263,-3.5,0,0,82.03502,6324,200,29.824488,38.11028,60.180016,1122,0.4942212,1,0,0,1,0,0,0,0,0,0,0,0,1,0,0,0,0,0,0,0,0,1,1,4,2.302585093,3,10.40416622|50.97083282,10,10.40416622,50.97083282
S6211,1266,136.55005,3570.5193,186.5498,23.998333,,266,3682,5493,0.36486655,0.9310581,1662.5,5.110835,-2.75,0,0,58.27413,11484.8,200,59.214035,235.09749,47.766872,2003,0.2097156,0,1,0,1,0,0,0,0,0,0,0,0,0,0,0,0,0,0,0,0,1,1,0.25,1,3.315276344,5,-155.3041687|19.82916641,1,-155.3041687,19.82916641
S7356,1266,136.55005,3570.5193,186.5498,23.998333,,266,3682,5493,0.36486655,0.9310581,1662.5,5.110835,-2.75,0,0,58.27413,11484.8,200,59.214035,235.09749,47.766872,2003,0.2097156,0,1,0,1,0,0,0,0,0,0,0,0,0,0,0,0,0,0,0,0,1,1,0.25,1,1.704748092,6,-155.3041687|19.82916641,1,-155.3041687,19.82916641
S3680,788,75.55005,923.1687,208.5498,21.495003,23,337,2957,4168,0.2377738,0.7446875,719.5,2.840636,4.875,0,0,94.26364,6773.6,200,25.25613,52.291485,56.456364,1291,0.49599174,1,0,0,1,0,0,0,0,0,0,0,0,0,1,0,0,0,0,0,0,0,1,0.6,4,3.526242823,4,9.462499619|48.46250153,7,9.462499619,48.46250153
S7097,735,60.5,695.017,212.51685,34.101673,29,739,3439,3038,0.22804508,0.31622797,42.5,1.1673896,-0.375,0,0,114.606575,4635,200,61.07548,137.31459,50.11888,833,0.5210264,1,0,0,1,0,0,0,0,0,0,0,0,0,0,0,0,0,0,0,1,0,1,0.25,4,2.192212027,5,27.26250076|58.29583359,7,27.26250076,58.29583359
S2735,1728,253.5,1401.9666,313.5,50.198326,,234,1960,4771,-0.7071065,0.61080176,15.5,0.09783207,0.25,0,0,118.8544,14049.4,60.65107,42.211273,75.85825,72.34954,1542,0.14517352,0,1,0,1,0,0,0,0,0,0,0,0,0,0,0,0,0,0,0,1,0,1,0.25,1,3.31404055,7,-87.21250153|21.21249962,8,-87.21250153,21.21249962
S6355,936,16.499512,600.1175,203.49951,63.1,,620,2226,3413,-0.4808554,-0.48658687,1206,2.3596482,3.625,0,0,40.73831,4967.8,196.8819,37.01246,188.31343,52.224323,855,0.7535415,0,1,0,1,0,0,0,0,0,0,0,0,0,0,0,0,0,0,0,0,1,1,0.25,5,1.485460745,9,-117.7375031|53.9375,8,-117.7375031,53.9375
S2175,788,75.55005,923.1687,208.5498,21.495003,23,337,2957,4168,0.2377738,0.7446875,719.5,2.840636,4.875,0,0,94.26364,6773.6,200,25.25613,52.291485,56.456364,1291,0.49599174,1,0,0,1,0,0,0,0,0,0,0,0,0,1,0,0,0,0,0,0,0,1,0.6,4,3.74343866,6,9.462499619|48.46250153,7,9.462499619,48.46250153
S1090,1038,19.5,569.9996,255.48364,111.90165,100,601,4150,3047,-0.8606355,0.42631954,274,1.5590643,-1.5,0,2.208178,0.3982222,2736.2,200,30.088587,42.52899,67.12788,603,0.32189474,0,1,0,1,0,0,0,0,0,1,0,0,0,0,0,0,0,0,0,0,0,100,0.5,4,3.397858468,7,126.1125031|47.9375,2,126.1125031,47.9375
S1471,1462,144.5,734.98334,305.5,94.40003,99,1065,1931,1904,-0.58969724,-0.011488304,54,0.28510147,-0.0625,0,41.535503,0.1991111,3687,200,30.338333,10.438926,77.547264,1249,0.43736762,0,1,0,1,0,0,0,0,0,1,0,0,0,0,0,0,0,0,0,0,0,10000,0.5,4,3.785279956,8,117.0708313|35.07083511,10,117.0708313,35.07083511
S3954,672,63.5,590.0335,194.5,29.001675,,1275,3328,2435,-0.70336676,-0.3646894,15,1.1449437,1.1875,0,0,82.64089,6353,118.7757,59.116756,98.4681,54.86442,,0.6560382,0,1,0,1,0,0,0,0,0,0,0,0,0,0,0,0,0,0,0,1,0,1,0.265,3,3.33213305,9,19.80416679|60.33750153,9,19.80416679,60.33750153
S1834,730,59.516357,652.0003,216.51685,31.300024,,1308,3352,2141,0.3293695,0.80154294,43,0.6031204,0.5625,0,0.46748227,118.27715,6494,198.4971,53.553165,124.23493,45.381916,913,0.6236125,0,1,0,1,0,0,0,0,0,0,0,0,0,0,0,0,0,0,0,0,1,100,5,4,2.397895273,9,16.87916756|60.27916718,9,16.87916756,60.27916718
S1842,1146.9999,149.40186,2358.5776,199.38501,53.29833,,333,1346,4728,0.109358996,-0.94218564,2273,18.140131,6,0,0,192.35466,12951.8,162.25267,42.91923,100.2314,51.787174,2020.2656,0.26043278,0,1,0,1,0,0,0,0,0,0,0,0,0,0,0,0,0,0,0,0,1,100,5,1,2.564949357,8,29.19583321|-2.479166746,10,29.19583321,-2.479166746
S5479,1254,121.61694,3193.9346,176.5835,24.396688,20,751,4018,3778,0.4215162,0.9067608,1941,5.4097967,2,0,0,8.919644,9833.6,199.96217,45.98457,166.13841,55.210518,2003,0.20980686,0,1,0,1,0,0,0,0,0,0,0,0,0,0,0,0,0,0,0,0,1,1,0.25,2,2.351375257,7,-155.3291626|19.82083321,1,-155.3291626,19.82083321
S2743,665,64.5,576.0332,188.5332,28.103323,25,1778,2585,1856,-0.5812388,-0.81373304,0,0,0,0,1.3258114,75.46382,6740.6,133.2625,60.801952,93.11905,56.34699,,0.6434266,0,1,0,1,0,0,0,0,0,0,0,0,0,0,0,0,0,0,0,1,0,1,0.265,4,2.953137895,10,19.54583359|60.23749924,9,19.54583359,60.23749924
S5283,675,61.5,593.9835,170.48315,31.2,,1752,3702,1481,-0.36264205,-0.7482291,10,0.237905,-0.25,0,0.12827165,46.171734,6615.2,152.70522,58.94751,78.97082,54.888958,,0.62720597,0,1,0,1,0,0,0,0,0,0,0,0,0,0,0,0,0,0,0,1,0,1,0.265,4,3.817492558,1,20.27083397|60.13750076,9,20.27083397,60.13750076
S4777,866,105.483154,813.99994,224.5,11.6,55,770,4447,2237,-0.5974419,0.73766434,37.5,0.60897267,0.125,0,1.0061384,11.715734,7011.8,200,30.887264,20.363865,62.56101,1024,0.5062358,0,1,0,1,0,0,0,0,0,1,0,0,0,0,0,0,0,0,0,0,0,4,0.25,4,2.673872769,2,4.987500191|50.87916565,6,4.987500191,50.87916565
S3957,1260,126.59985,3311.0686,180.5664,24.298332,,266,-809,5397,0.1786791,0.98317844,1849,5.4882984,-1.25,0,0,12.071645,11000.8,200,47.679646,182.91426,52.51077,2003,0.20980686,0,1,0,1,0,0,0,0,0,0,0,0,0,0,0,0,0,0,0,0,1,1,0.25,2,2.970311855,8,-155.3208313|19.82083321,1,-155.3208313,19.82083321
S3326,1763,241.49976,1166.5187,323.48315,85.698326,18,164,2152,7027,0.0061715585,-0.9445145,137.5,2.6046526,1.625,32.692307,0,64.32036,7795.4,182.74548,67.90622,20.794518,59.11045,1588,0.23701023,1,0,0,1,0,0,0,0,0,0,0,0,0,0,0,0,0,0,0,1,0,1,0.25,7,3.417529926,3,34.19583511|-19.00416756,4,34.19583511,-19.00416756
S1460,1464,145.5,745.98334,306.5,93.00168,100,1239,1308,1947,0.7808684,-0.11043277,41,0.2516185,0.25,0,36.90082,0.98844445,3740.2,200,29.619986,10.141899,77.49533,1249,0.4356195,0,1,0,1,0,0,0,0,0,1,0,0,0,0,0,0,0,0,0,0,0,10000,0.5,4,4.112495483,3,116.9958344|35.00416565,10,116.9958344,35.00416565
S986,1536,254.48364,1387.0837,322.50024,48.301674,100,552,2883,3260,-0.5909777,0.02744678,218,1.9753718,-0.3125,0,16.462826,22.947733,8580.2,200,62.191128,16.690765,56.850895,1322,0.21374775,0,1,0,1,0,0,1,0,0,0,0,0,0,0,0,0,0,0,0,0,0,113,0.25,1,4.485823428,9,-5.845833302|6.154166698,8,-5.845833302,6.154166698
S5481,1267,131.61621,3437.4023,183.5664,24.196665,,261,3851,6205,0.39932412,0.9167687,1745,5.119382,0.375,0,0,18.65031,6519.2,200,53.640045,224.0743,50.686573,2003,0.2097156,0,1,0,1,0,0,0,0,0,0,0,0,0,0,0,0,0,0,0,0,1,1,0.25,1,3.553260116,10,-155.3125|19.82916641,1,-155.3125,19.82916641
S2944,921,66.5,1030.0669,257.4834,14.9,76,384,-542,2795,-0.31622744,0.7071071,17.5,0.13480535,-0.0625,0,0.6216277,0.86844444,4559.8,200,37.614765,99.281906,62.548576,1233,0.7181875,1,0,1,0,0,0,0,0,0,0,0,0,0,0,0,0,0,1,0,0,0,100,0.5,4,3.178012186,4,-73.37083435|45.72083282,10,-73.37083435,45.72083282
S1346,1460,219.4336,2044.05,307.44995,63.698326,85,234,-1120,5118,-0.17521918,-0.8702965,158,5.353694,-15.1875,0,0.4949942,38.99609,2511.4,199.98944,41.95785,24.320602,57.857857,2184,0.26386258,0,1,1,0,0,0,0,0,0,1,0,0,0,0,0,0,0,0,0,0,0,100,0.25,1,4.204677702,1,110.4041672|22.71249962,10,110.4041672,22.71249962
S4480,792,55.483154,596.1345,232.44995,30.7,19,623,439,3252,-0.9831587,-0.13195057,137,1.3891387,-0.625,0,0.1625355,116.63022,5748,200,51.59225,101.23809,50.307617,838,0.49622098,0,1,0,1,0,0,0,0,0,0,0,0,0,0,0,0,0,0,0,0,1,100,5,4,2.196891213,5,37.57083511|54.86249924,6,37.57083511,54.86249924
S4119,1266,136.55005,3570.5193,186.5498,23.998333,,266,3682,5493,0.36486655,0.9310581,1662.5,5.110835,-2.75,0,0,58.27413,11484.8,200,59.214035,235.09749,47.766872,2003,0.2097156,0,1,0,1,0,0,0,0,0,0,0,0,0,0,0,0,0,0,0,0,1,1,0.25,1,2.564718542,2,-155.3041687|19.82916641,1,-155.3041687,19.82916641
S1436,790.00006,76.5,557.0503,186.5,23.198326,69,757,1557,4066,-0.15811355,0.8944273,45,0.13105205,0.125,0,0,0,4297,173.70822,59.670567,51.914932,63.14026,1062,0.59199584,0,1,0,1,0,0,0,0,0,0,0,0,0,0,0,0,0,0,0,0,1,100,5,4,4.218036057,6,16.46249962|56.53749847,2,16.46249962,56.53749847
S7569,931,17.5,447.79868,220.51685,45.40332,,520,1847,2230,0.8691163,-0.48879364,688,0.56365883,-0.1875,0,0.2083459,93.97315,6244.2,200,41.30245,163.83438,58.138805,659,0.707645,0,1,0,1,0,0,0,0,0,0,0,0,0,0,0,0,0,0,0,0,1,1,0.25,6,1.870724678,3,-119.0958328|56.24583435,7,-119.0958328,56.24583435
S7385,1933.9998,227.56665,2950.6462,248.5498,17.9,,270,1755,3805,0.74400765,0.6681686,49.5,5.9855947,-4,0,0.09063805,121.70809,16026.4,200,29.373148,81.71923,54.94825,1723,0.19560494,1,0,0,1,0,0,0,0,0,0,0,0,0,0,0,0,0,0,1,0,0,100,0.25,1,1.098612289,3,-156.0375061|20.79583359,2,-156.0375061,20.79583359
S6341,687,54.48291,713.15216,203.49951,27.19665,,1256,1315,1562,0.90628314,0.023783008,66,2.6345768,-1,0,0,73.56124,5963,200,59.704952,162.09325,45.040165,844,0.7053783,0,1,0,1,0,0,0,0,0,0,0,0,0,0,0,0,0,0,0,0,1,100,2,6,1.386294361,4,16.89583397|61.14583206,9,16.89583397,61.14583206
S3557,1021.99994,-1.3825684,1379.0079,187.63428,22.596657,,1769,1322,2437,0.53414994,0.7705729,2094.5,18.36282,-15.4375,0,0,1.0808889,1251.4,61.5736,43.513676,120.381424,57.67844,1018,0.48781145,1,0,0,1,0,0,0,0,0,0,0,0,0,0,0,0,0,0,1,0,0,1,0.25,5,2.637627704,10,-113.3458328|48.46250153,2,-113.3458328,48.46250153
S2605,1382,223.31592,1168.8046,313.28296,73.198296,58,1030,3878,1995,-0.88027996,-0.4744441,194.5,8.660126,-1,0,3.0319655,60.12231,8656.8,199.50392,33.1229,20.630022,63.46886,2185,0.31030858,0,1,1,0,0,0,0,0,0,1,0,0,0,0,0,0,0,0,0,0,0,100,0.25,1,4.317474787,4,106.6624985|23.89583397,3,106.6624985,23.89583397
S944,1555,251.5332,1616.933,311.5,52.196686,88,321,2928,4293,0.096841976,0.8473873,119,1.1047732,-0.25,0,0,108.00214,8142,200,67.83327,17.430332,48.721912,1386,0.19722825,0,1,0,1,0,0,1,0,0,0,0,0,0,0,0,0,0,0,0,0,0,113,0.25,1,4.553876892,5,-6.504166603|5.254166603,8,-6.504166603,5.254166603
S5710,1214,255.48364,3648.9487,299.48364,28.6,,132,-51,6088,0.20761877,0.6560949,116.5,0.8911983,-0.375,0,0,248.69742,9255,200,52.19671,76.66674,41.835476,1423,0.2888929,0,1,0,1,0,0,0,0,0,0,0,0,0,0,0,0,0,0,0,0,1,100,2,1,1.501852704,6,-69.89583588|-4.012499809,4,-69.89583588,-4.012499809
S7085,1795,247.5,1123.9833,330.5166,86.3,6,533,2793,3781,-0.5359539,0.16876933,31.5,0.23693585,-0.25,28.846153,0,50.7776,8135.8,200,64.31024,15.506631,60.37478,1099.3003,0.23135284,1,0,0,1,0,0,0,0,0,0,0,0,0,0,0,0,0,0,0,1,0,1,0.25,7,2.47527712,4,34.37083435|-18.94583321,4,34.37083435,-18.94583321
S2465,1430,66.5,424.00024,279.4834,102.89998,64,1284,2329,3227,-0.19611683,-0.96957725,1108,0.32585788,0.125,0,0.050528146,0,2452.6,200,48.50345,14.166305,79.69597,930,0.36292928,1,0,0,1,0,0,1,0,0,0,0,0,0,0,0,0,0,0,0,0,0,100,0.5,8,3.238599986,6,111.9208298|40.77916718,10,111.9208298,40.77916718
S3512,1260,126.59985,3311.0686,180.5664,24.298332,,266,-809,5397,0.1786791,0.98317844,1849,5.4882984,-1.25,0,0,12.071645,11000.8,200,47.679646,182.91426,52.51077,2003,0.20980686,0,1,0,1,0,0,0,0,0,0,0,0,0,0,0,0,0,0,0,0,1,1,0.25,2,2.842988926,9,-155.3208313|19.82083321,1,-155.3208313,19.82083321
S6345,935,14.516602,610.05,201.53296,63.1,,380,1916,5744,0.020566715,-0.8690771,1229,3.7300544,4.5625,0,0,111.34951,4667.6,194.80841,40.039696,183.47733,51.4844,855,0.7535415,0,1,0,1,0,0,0,0,0,0,0,0,0,0,0,0,0,0,0,0,1,1,0.25,5,1.503855166,1,-117.7291641|53.94583511,8,-117.7291641,53.94583511
S1988,955,15.516602,645.0501,248.5166,102.3,,290,1614,4150,-0.2749055,0.4836743,349.5,1.6176977,1.3125,0,0,51.41209,4744.8,200,39.240532,76.95135,55.68089,765,0.31864816,0,1,0,1,0,0,0,0,0,1,0,0,0,0,0,0,0,0,0,0,0,100,0.5,4,3.650632281,7,127.5791702|47.6875,2,127.5791702,47.6875
S2801,788,75.55005,923.1687,208.5498,21.495003,23,337,2957,4168,0.2377738,0.7446875,719.5,2.840636,4.875,0,0,94.26364,6773.6,200,25.25613,52.291485,56.456364,1291,0.49599174,1,0,0,1,0,0,0,0,0,0,0,0,0,1,0,0,0,0,0,0,0,1,0.6,4,3.555176603,8,9.462499619|48.46250153,7,9.462499619,48.46250153
S1802,1100,39.549805,394.96646,251.5498,62.90165,85,1388,2058,1353,0.9864293,0.16007537,807,0.74635416,1.25,0,0.017561192,0,4538,200,41.777393,24.815668,68.62485,603,0.624223,1,0,1,0,0,0,0,0,0,0,0,0,0,0,0,1,0,0,0,0,0,100,1,8,2.014769688,7,-107.6875|50.29583359,4,-107.6875,50.29583359
S1128,2046,164.48413,328.89883,309.51685,93.100006,,648,4672,4002,-0.4788138,-0.8173957,583,3.0114193,-1.9375,0,0,6.8307557,4916.8,169.58664,47.239243,21.322262,66.3122,1192,0.1890121,0,1,0,1,0,0,0,0,0,0,0,0,0,0,0,0,0,0,0,0,1,100,5,12,3.663561646,9,-117.2458344|33.52916718,10,-117.2458344,33.52916718
S6226,1260,126.59985,3311.0686,180.5664,24.298332,,266,-809,5397,0.1786791,0.98317844,1849,5.4882984,-1.25,0,0,12.071645,11000.8,200,47.679646,182.91426,52.51077,2003,0.20980686,0,1,0,1,0,0,0,0,0,0,0,0,0,0,0,0,0,0,0,0,1,1,0.25,2,2.302385087,10,-155.3208313|19.82083321,1,-155.3208313,19.82083321
S2376,788,75.55005,923.1687,208.5498,21.495003,23,337,2957,4168,0.2377738,0.7446875,719.5,2.840636,4.875,0,0,94.26364,6773.6,200,25.25613,52.291485,56.456364,1291,0.49599174,1,0,0,1,0,0,0,0,0,0,0,0,0,1,0,0,0,0,0,0,0,1,0.6,4,3.637454544,9,9.462499619|48.46250153,7,9.462499619,48.46250153
S7110,1643,232.43506,3418.499,282.41846,29.69665,,359,1437,4118,-0.3181249,-0.9082295,541.5,8.326163,-1.4375,0,0.027922971,137.1031,8119.2,199.86581,39.294353,92.46826,48.59336,1885,0.2880406,0,1,0,1,0,0,0,0,0,0,0,0,0,0,0,0,0,0,0,0,1,100,2,1,2.563486746,7,80.42082977|6.420833111,6,80.42082977,6.420833111
S4897,1100,39.549805,394.96646,251.5498,62.90165,85,1388,2058,1353,0.9864293,0.16007537,807,0.74635416,1.25,0,0.017561192,0,4538,200,41.777393,24.815668,68.62485,603,0.624223,1,0,1,0,0,0,0,0,0,0,0,0,0,0,0,1,0,0,0,0,0,100,1,8,1.87164833,8,-107.6875|50.29583359,4,-107.6875,50.29583359
S5921,1260,126.59985,3311.0686,180.5664,24.298332,,266,-809,5397,0.1786791,0.98317844,1849,5.4882984,-1.25,0,0,12.071645,11000.8,200,47.679646,182.91426,52.51077,2003,0.20980686,0,1,0,1,0,0,0,0,0,0,0,0,0,0,0,0,0,0,0,0,1,1,0.25,2,1.832421463,1,-155.3208313|19.82083321,1,-155.3208313,19.82083321
S2372,921,66.5,1030.0669,257.4834,14.9,76,384,-542,2795,-0.31622744,0.7071071,17.5,0.13480535,-0.0625,0,0.6216277,0.86844444,4559.8,200,37.614765,99.281906,62.548576,1233,0.7181875,1,0,1,0,0,0,0,0,0,0,0,0,0,0,0,0,0,1,0,0,0,100,0.5,4,3.6108909,10,-73.37083435|45.72083282,10,-73.37083435,45.72083282
S4106,1836,259.51636,1230.9498,346.5166,62.8,,220,4327,6347,-0.13573618,-0.37926346,136.5,1.8414712,1.625,0,0.0061382223,165.55644,5883.8,97.27652,43.8125,34.07285,72.3878,1298,0.16478547,0,1,0,1,0,0,0,0,0,0,0,0,0,0,0,0,0,0,0,0,1,100,2,2,3.650086666,2,-89.17082977|19.96249962,8,-89.17082977,19.96249962
S3252,1661,255.51636,1563.9504,284.5,52.70003,92,978,1842,2100,-0.19133775,0.43707892,12,0.99083817,-0.6875,100,0.0550529,9.342578,10192.6,200,64.04269,19.916998,57.368973,1572,0.20070615,0,1,0,1,0,0,0,0,0,0,0,0,0,0,0,0,0,0,0,0,1,100,2,1,3.17805383,8,-37.47916794|-11.66250038,2,-37.47916794,-11.66250038
S7288,930,5.5168457,657.9165,195.51685,62.301674,,1484,4636,2134,-0.52575064,-0.4759143,1394.5,2.2448254,2,0,0,73.896,5772,200,35.689667,182.23006,55.13674,854,0.7296108,0,1,0,1,0,0,0,0,0,0,0,0,0,0,0,0,0,0,0,0,1,1,0.25,5,2.300883626,2,-117.3291702|53.42083359,9,-117.3291702,53.42083359
S2194,1260,37.516846,377.0332,248.5,104.70003,48,746,3307,3786,0.99033046,0.085675746,1343,0.9043521,-0.625,0,0.004994868,0,2068.2,200,49.571487,14.233843,79.75255,888,0.3697996,1,0,0,1,0,0,0,0,0,0,0,0,0,0,0,0,0,0,0,1,0,100,0.5,8,3.855262184,9,116.2791672|42.02916718,9,116.2791672,42.02916718
S4264,1254,121.61694,3193.9346,176.5835,24.396688,20,751,4018,3778,0.4215162,0.9067608,1941,5.4097967,2,0,0,8.919644,9833.6,199.96217,45.98457,166.13841,55.210518,2003,0.20980686,0,1,0,1,0,0,0,0,0,0,0,0,0,0,0,0,0,0,0,0,1,1,0.25,2,2.95099638,3,-155.3291626|19.82083321,1,-155.3291626,19.82083321
S1778,680,61.5,593.9835,170.48315,31.2,,665,471,3171,0.7441618,0.3550735,12,0.684587,-0.75,0,0.068785675,93.25458,7329,116.70523,61.117477,106.09773,52.756992,,0.62720597,0,1,0,1,0,0,0,0,0,0,0,0,0,0,0,0,0,0,0,1,0,1,0.265,4,3.117949923,1,20.27916718|60.12916565,9,20.27916718,60.12916565
S2766,1368,176.5,1750.9644,325.51685,46.2,90,777,4744,3068,-0.047540598,-0.285125,60.5,1.1911206,2.125,0,12.18677,1.3155556,3297.6,200,26.787823,15.979309,57.84551,2138,0.3938757,0,1,0,1,0,1,0,0,0,0,0,0,0,0,0,0,0,0,0,0,0,100,0.5,4,4.110791876,2,115.7125015|29.27916718,6,115.7125015,29.27916718
S1182,1460,219.4336,2044.05,307.44995,63.698326,85,234,-1120,5118,-0.17521918,-0.8702965,158,5.353694,-15.1875,0,0.4949942,38.99609,2511.4,199.98944,41.95785,24.320602,57.857857,2184,0.26386258,0,1,1,0,0,0,0,0,0,1,0,0,0,0,0,0,0,0,0,0,0,100,0.25,1,4.436704222,9,110.4041672|22.71249962,10,110.4041672,22.71249962
S4893,960,28.58252,571.8347,211.58276,59.99668,,1131,1369,1834,0.9384476,0.32424355,918.5,4.269425,-0.3125,0,0,112.54293,6079.6,200,35.83787,178.93925,53.73654,729,0.7403752,0,1,0,1,0,0,0,0,0,0,0,0,0,0,0,0,0,0,0,0,1,1,0.25,5,2.48490665,3,-118.7624969|54.51250076,8,-118.7624969,54.51250076
S6666,935,14.516602,610.05,201.53296,63.1,,380,1916,5744,0.020566715,-0.8690771,1229,3.7300544,4.5625,0,0,111.34951,4667.6,194.80841,40.039696,183.47733,51.4844,855,0.7535415,0,1,0,1,0,0,0,0,0,0,0,0,0,0,0,0,0,0,0,0,1,1,0.25,5,1.945910149,4,-117.7291641|53.94583511,8,-117.7291641,53.94583511
S2181,2051,206.45044,1053.2327,290.43408,101.09831,,673,2666,4495,-0.5322428,0.84633213,889.5,6.0744925,0.75,7.692308,0,34.34151,7601.2,191.87808,65.828354,12.9616,59.987717,1275,0.17499557,0,1,0,1,0,0,0,0,0,0,0,0,0,0,0,0,0,0,0,0,1,100,2,13,3.135450761,7,45.36249924|-22.5625,3,45.36249924,-22.5625
S2736,873,105.483154,813.0501,224.48315,11.5,59,788,3436,1770,-0.68436384,0.4183836,37,0.53044504,-1.125,0,0.27997532,32.833424,6597.2,200,27.496218,18.358847,61.38324,1024,0.5058858,0,1,0,1,0,0,0,0,0,1,0,0,0,0,0,0,0,0,0,0,0,4,0.25,4,2.48490665,3,4.962500095|50.86249924,6,4.962500095,50.86249924
S3437,1261,130.56738,3436.2678,183.53369,24.196665,,296,-647,4310,0.58436203,0.811493,1773.5,4.9342194,-0.5,0,0,66.01315,5316.4,200,53.722668,205.09613,49.632347,2003,0.20980686,0,1,0,1,0,0,0,0,0,0,0,0,0,0,0,0,0,0,0,0,1,1,0.25,1,3.663228245,10,-155.3125|19.82083321,1,-155.3125,19.82083321
S1332,1285,211.50122,2388.2417,296.5349,64.09496,4,392,2911,4764,-0.51543915,0.3193583,370,9.578581,-10,0,0,98.89956,3024.6,198.96468,48.84922,40.156616,53.114693,2067,0.26495403,0,1,0,1,0,0,0,0,0,0,0,0,0,0,0,1,0,0,0,0,0,100,0.5,1,3.540959324,1,112.5291672|23.17083359,8,112.5291672,23.17083359
S4175,1266,136.55005,3570.5193,186.5498,23.998333,,266,3682,5493,0.36486655,0.9310581,1662.5,5.110835,-2.75,0,0,58.27413,11484.8,200,59.214035,235.09749,47.766872,2003,0.2097156,0,1,0,1,0,0,0,0,0,0,0,0,0,0,0,0,0,0,0,0,1,1,0.25,1,3.449479457,2,-155.3041687|19.82916641,1,-155.3041687,19.82916641
S3005,1354,154.5,950.9664,311.5,80.701675,100,977,2147,2362,0.31622726,-0.4165405,53.5,0.2209244,-0.1875,0,3.4532568,2.7776,3939,200,24.104202,13.263345,78.768234,1329,0.40251198,0,1,1,0,0,0,0,0,0,1,0,0,0,0,0,0,0,0,0,0,0,10000,0.5,4,4.455904254,4,114.2708359|33.36249924,3,114.2708359,33.36249924
S1869,1819,269.5,568.0836,344.5166,90,19,695,793,2796,0.91975504,-0.16459414,355.5,1.5944376,-0.3125,0,0,1.0807111,2372.4,200,59.54119,9.610253,62.296364,856,0.33694652,0,1,0,1,0,0,0,0,0,0,0,0,0,0,0,0,0,0,0,0,1,100,2,2,3.6108909,4,-39.19583511|-8.454166412,2,-39.19583511,-8.454166412
S1080,1839,159.5,741.1339,248.5,80.50332,45,2575,3478,1955,0.011427979,0.96680707,1589.5,1.2024026,0.8125,30.769232,0,17.565866,3214,198.18483,60.75757,18.997484,59.12576,963,0.21533445,0,1,0,1,0,1,0,0,0,0,0,0,0,0,0,0,0,0,0,0,0,1600,0.5,10,4.369447852,1,29.1875|-25.99583244,9,29.1875,-25.99583244
S1782,665,64.5,576.0332,188.5332,28.103323,25,1778,2585,1856,-0.5812388,-0.81373304,0,0,0,0,1.3258114,75.46382,6740.6,133.2625,60.801952,93.11905,56.34699,,0.6434266,0,1,0,1,0,0,0,0,0,0,0,0,0,0,0,0,0,0,0,1,0,1,0.265,4,2.957511061,5,19.54583359|60.23749924,9,19.54583359,60.23749924
S1243,1749,256.48364,1340.0331,299.48364,48.601646,,182,415,5377,0.5547004,0.5144957,18,0.1383553,0.0625,0,0,90.40711,10552.2,115.72513,42.2999,94.40621,71.63743,1542,0.15034056,0,1,0,1,0,0,0,0,0,0,0,0,0,0,0,0,0,0,0,1,0,1,0.25,1,3.044522438,3,-87.34583282|20.44583321,8,-87.34583282,20.44583321
S3387,1216,167.50024,1653.9944,305.4839,56.296684,41,457,537,2838,0.54097223,0.1759602,236.5,3.777348,-5.125,0,2.2950344,23.691023,7240.8,200,35.17795,22.184742,61.59865,2146,0.3658854,1,0,0,1,0,0,1,0,0,0,0,0,0,0,0,0,0,0,0,0,0,1,0.5,1,2.833095699,4,111.0208359|29.64583397,3,111.0208359,29.64583397
S4068,1436,149.48315,579.98346,316.5,89.201675,100,637,1005,2024,-0.89442724,-0.18025674,125,0.13480535,0,0,4.083875,0.9372444,3940.6,200,26.50323,14.424418,80.63386,1423,0.4276527,0,1,0,1,0,0,0,0,0,1,0,0,0,0,0,0,0,0,0,0,0,10000,0.5,4,4.008677759,6,113.3458328|34.88750076,9,113.3458328,34.88750076
S2202,1287,215.58496,2334.404,302.60205,63.79665,17,358,388,4061,-0.76637226,0.5785258,267,9.133072,-13.25,0,0.012674771,84.05298,4325.4,198.4668,48.555035,37.67924,54.008427,2067,0.2648564,0,1,0,1,0,0,0,0,0,1,0,0,0,0,0,0,0,0,0,0,0,400,1.5,1,3.36729583,5,112.5374985|23.17916679,8,112.5374985,23.17916679
S7776,420.00003,-34.466797,1160.9131,106.55029,23.503319,,1864,4106,1804,0.9790205,-0.20376182,172,2.8918939,0.4375,0,0,0,618.2,141.9061,61.85061,140.52454,53.750305,174,0.52536374,0,1,0,1,0,0,0,0,0,0,0,0,0,0,0,0,0,0,0,0,1,100,2,11,1.098612289,3,-51.59583282|64.20417023,7,-51.59583282,64.20417023
S6359,919,27.533203,588.917,215.5332,60.803314,,1163,2262,3008,-0.97101945,0.23842725,1088.5,1.7231948,1.6875,0,0,124.79769,5613,200,37.465572,154.22768,57.287178,854,0.73052317,0,1,0,1,0,0,0,0,0,0,0,0,0,0,0,0,0,0,0,0,1,1,0.25,5,1.386294361,5,-116.9708328|53.32083511,9,-116.9708328,53.32083511
S3642,958,28.500244,663.0674,208.5332,62.79833,,360,909,4753,0.8497753,0.5271443,940,0.9274568,0.0625,0,0,141.32605,5795.8,196.95668,35.36112,214.89134,49.861366,729,0.75116986,0,1,0,1,0,0,0,0,0,0,0,0,0,0,0,0,0,0,0,0,1,1,0.25,5,2.707716805,6,-117.9708328|54.58750153,8,-117.9708328,54.58750153
S997,1839,159.5,741.1339,248.5,80.50332,45,2575,3478,1955,0.011427979,0.96680707,1589.5,1.2024026,0.8125,30.769232,0,17.565866,3214,198.18483,60.75757,18.997484,59.12576,963,0.21533445,0,1,0,1,0,1,0,0,0,0,0,0,0,0,0,0,0,0,0,0,0,1600,0.5,10,4.26969745,2,29.1875|-25.99583244,9,29.1875,-25.99583244
S1941,1244,142.5,606.9831,298.4668,77.69829,100,1548,2660,1145,-0.9095323,-0.35334596,517,1.1950842,1,0,140.00677,0,,200,29.076893,15.165628,79.2258,1724,0.48846725,0,1,1,0,0,0,0,0,0,1,0,0,0,0,0,0,0,0,0,0,0,16,1.5,4,2.847812143,7,108.0625|34.28749847,6,108.0625,34.28749847
S3334,788,75.55005,923.1687,208.5498,21.495003,23,337,2957,4168,0.2377738,0.7446875,719.5,2.840636,4.875,0,0,94.26364,6773.6,200,25.25613,52.291485,56.456364,1291,0.49599174,1,0,0,1,0,0,0,0,0,0,0,0,0,1,0,0,0,0,0,0,0,1,0.6,4,2.772526195,8,9.462499619|48.46250153,7,9.462499619,48.46250153
S6305,932,18.6167,422.59857,223.71631,45.70502,,834,3918,2295,0.9264581,0.112966165,644.5,4.045503,4.5625,0,0.002423702,116.87911,6537.4,199.87587,33.51485,212.29474,59.648636,659,0.7286248,0,1,0,1,0,0,0,0,0,0,0,0,0,0,0,0,0,0,0,0,1,1,0.25,6,1.203872783,5,-119.0958328|56.26250076,7,-119.0958328,56.26250076
S4205,1382,85.41724,471.96622,280.43408,102.8033,64,635,2508,3838,-0.8713132,0.48861292,536,7.1493244,-6.625,0,0.6999393,1.1178666,3389,200,41.431786,24.024015,75.192154,964,0.48220846,1,0,0,1,0,0,1,0,0,0,0,0,0,0,0,0,0,0,0,0,0,100,0.5,4,2.602615579,9,119.1875|41.14583206,9,119.1875,41.14583206
S2657,1752,190.46655,1602.7382,267.4497,93.40167,,318,3852,5526,-0.6507323,-0.57504845,872,2.4960656,-1.1875,0,0,167.48534,13954,166.34332,61.65805,39.337234,55.022923,1885,0.19077559,0,1,0,1,0,0,0,0,0,0,0,0,0,0,0,0,0,0,0,0,1,100,2,1,3.401097368,6,146.1208344|-19.02083397,10,146.1208344,-19.02083397
S2348,788,75.55005,923.1687,208.5498,21.495003,23,337,2957,4168,0.2377738,0.7446875,719.5,2.840636,4.875,0,0,94.26364,6773.6,200,25.25613,52.291485,56.456364,1291,0.49599174,1,0,0,1,0,0,0,0,0,0,0,0,0,1,0,0,0,0,0,0,0,1,0.6,4,3.583324476,10,9.462499619|48.46250153,7,9.462499619,48.46250153
S4491,1254,121.61694,3193.9346,176.5835,24.396688,20,751,4018,3778,0.4215162,0.9067608,1941,5.4097967,2,0,0,8.919644,9833.6,199.96217,45.98457,166.13841,55.210518,2003,0.20980686,0,1,0,1,0,0,0,0,0,0,0,0,0,0,0,0,0,0,0,0,1,1,0.25,2,2.525728644,5,-155.3291626|19.82083321,1,-155.3291626,19.82083321
S2845,875,105.483154,814.0669,224.48315,11.401673,50,898,5169,2135,-0.10548425,0.35290074,36,0.6133426,-1.3125,0,0.0060898503,16.93831,7366.4,200,27.488537,25.08188,62.192486,1024,0.50734645,0,1,0,1,0,0,0,0,0,1,0,0,0,0,0,0,0,0,0,0,0,4,0.25,4,2.833213344,1,4.9375|50.85416794,6,4.9375,50.85416794
S2671,1442,222.4331,1826.404,313.4165,62.398357,75,441,2952,3712,-0.9194056,-0.027527515,113,4.3003097,-6.5,0,9.077479,38.298843,5111,200,43.80757,21.32992,59.214134,2259,0.26926702,0,1,1,0,0,0,0,0,0,1,0,0,0,0,0,0,0,0,0,0,0,100,0.25,1,3.660711433,7,110.0958328|23.07916641,10,110.0958328,23.07916641
S5221,909,26.466797,621.1509,213.46655,66.99833,,1019,2372,2803,-0.96363586,-0.081362695,911,2.931128,2.5625,0,0,93.60818,5528.8,200,34.626884,222.31874,53.22273,680,0.77110505,0,1,0,1,0,0,0,0,0,0,0,0,0,0,0,0,0,0,0,0,1,1,0.25,5,2.583997552,7,-116.5958328|54.20416641,9,-116.5958328,54.20416641
S4229,955,15.516602,645.0501,248.5166,102.3,,290,1614,4150,-0.2749055,0.4836743,349.5,1.6176977,1.3125,0,0,51.41209,4744.8,200,39.240532,76.95135,55.68089,765,0.31864816,0,1,0,1,0,0,0,0,0,1,0,0,0,0,0,0,0,0,0,0,0,100,0.5,4,3.198632323,2,127.5791702|47.6875,2,127.5791702,47.6875
S7121,1100,39.549805,394.96646,251.5498,62.90165,85,1388,2058,1353,0.9864293,0.16007537,807,0.74635416,1.25,0,0.017561192,0,4538,200,41.777393,24.815668,68.62485,603,0.624223,1,0,1,0,0,0,0,0,0,0,0,0,0,0,0,1,0,0,0,0,0,100,1,8,1.81888813,10,-107.6875|50.29583359,4,-107.6875,50.29583359
S6022,735,60.5,695.017,212.51685,34.101673,29,739,3439,3038,0.22804508,0.31622797,42.5,1.1673896,-0.375,0,0,114.606575,4635,200,61.07548,137.31459,50.11888,833,0.5210264,1,0,0,1,0,0,0,0,0,0,0,0,0,0,0,0,0,0,0,1,0,1,0.25,4,2.525408616,3,27.26250076|58.29583359,7,27.26250076,58.29583359
S1961,1285,211.50122,2388.2417,296.5349,64.09496,4,392,2911,4764,-0.51543915,0.3193583,370,9.578581,-10,0,0,98.89956,3024.6,198.96468,48.84922,40.156616,53.114693,2067,0.26495403,0,1,0,1,0,0,0,0,0,0,0,0,0,0,0,1,0,0,0,0,0,100,0.5,1,4.011832161,8,112.5291672|23.17083359,8,112.5291672,23.17083359
S1847,864,104.5,817.96674,224.48315,11.6,62,428,2111,3285,-0.25686583,0.29191923,40,0.42182255,-1.5,0,0.92368823,28.662045,6700.8,200,29.53292,16.30196,61.06855,1024,0.5062358,0,1,0,1,0,0,0,0,0,1,0,0,0,0,0,0,0,0,0,0,0,4,0.25,4,3.761176872,4,4.987500191|50.88750076,6,4.987500191,50.88750076
S2091,1428,224.5,1759.0676,317.49976,62.00168,45,176,1058,6238,-0.7071065,0.02314768,66,0.73128605,0.6875,0,0.15323946,70.128,6950.6,200,44.63057,17.539751,58.70003,2198,0.27347344,0,1,1,0,0,0,0,0,0,1,0,0,0,0,0,0,0,0,0,0,0,100,0.25,1,4.106306073,9,110.1374969|23.25416756,10,110.1374969,23.25416756
S5275,665,64.5,576.0332,188.5332,28.103323,25,1778,2585,1856,-0.5812388,-0.81373304,0,0,0,0,1.3258114,75.46382,6740.6,133.2625,60.801952,93.11905,56.34699,,0.6434266,0,1,0,1,0,0,0,0,0,0,0,0,0,0,0,0,0,0,0,1,0,1,0.265,4,2.707916869,5,19.54583359|60.23749924,9,19.54583359,60.23749924
S1544,1747,168.5166,923.96594,284.5166,72.298355,100,1123,2322,1402,-0.40181726,0.90030533,467,0.45562643,0.1875,0,0.88196427,0.33706668,3499.2,200,52.530132,12.861359,64.791435,1101,0.18077233,0,1,0,1,0,0,0,0,0,1,0,0,0,0,0,0,0,0,0,0,0,1,0.5,8,3.417431533,1,-64.1875|-31.5625,9,-64.1875,-31.5625
S2290,788,75.55005,923.1687,208.5498,21.495003,23,337,2957,4168,0.2377738,0.7446875,719.5,2.840636,4.875,0,0,94.26364,6773.6,200,25.25613,52.291485,56.456364,1291,0.49599174,1,0,0,1,0,0,0,0,0,0,0,0,0,1,0,0,0,0,0,0,0,1,0.6,4,3.15695789,6,9.462499619|48.46250153,7,9.462499619,48.46250153
S2741,1749,256.48364,1340.0331,299.48364,48.601646,,182,415,5377,0.5547004,0.5144957,18,0.1383553,0.0625,0,0,90.40711,10552.2,115.72513,42.2999,94.40621,71.63743,1542,0.15034056,0,1,0,1,0,0,0,0,0,0,0,0,0,0,0,0,0,0,0,1,0,1,0.25,1,3.135494216,10,-87.34583282|20.44583321,8,-87.34583282,20.44583321
S3515,1266,136.55005,3570.5193,186.5498,23.998333,,266,3682,5493,0.36486655,0.9310581,1662.5,5.110835,-2.75,0,0,58.27413,11484.8,200,59.214035,235.09749,47.766872,2003,0.2097156,0,1,0,1,0,0,0,0,0,0,0,0,0,0,0,0,0,0,0,0,1,1,0.25,1,2.498645206,1,-155.3041687|19.82916641,1,-155.3041687,19.82916641
S1105,2309,232.5,604.9997,340.5166,113.40165,28,602,3150,4817,-0.59637517,-0.6701717,943,0.20219056,-0.3125,0,0.21913277,25.811022,4523.2,200,82.866516,9.422321,65.71833,651,0.22482146,0,1,0,1,0,0,0,0,0,0,0,0,0,0,0,0,0,0,0,0,1,100,5,7,2.079441542,5,24.36249924|-17.5625,2,24.36249924,-17.5625
S5585,1266,136.55005,3570.5193,186.5498,23.998333,,266,3682,5493,0.36486655,0.9310581,1662.5,5.110835,-2.75,0,0,58.27413,11484.8,200,59.214035,235.09749,47.766872,2003,0.2097156,0,1,0,1,0,0,0,0,0,0,0,0,0,0,0,0,0,0,0,0,1,1,0.25,1,2.564487746,2,-155.3041687|19.82916641,1,-155.3041687,19.82916641
S5394,909,26.466797,621.1509,213.46655,66.99833,,1019,2372,2803,-0.96363586,-0.081362695,911,2.931128,2.5625,0,0,93.60818,5528.8,200,34.626884,222.31874,53.22273,680,0.77110505,0,1,0,1,0,0,0,0,0,0,0,0,0,0,0,0,0,0,0,0,1,1,0.25,5,2.302585093,8,-116.5958328|54.20416641,9,-116.5958328,54.20416641
S4155,1254,121.61694,3193.9346,176.5835,24.396688,20,751,4018,3778,0.4215162,0.9067608,1941,5.4097967,2,0,0,8.919644,9833.6,199.96217,45.98457,166.13841,55.210518,2003,0.20980686,0,1,0,1,0,0,0,0,0,0,0,0,0,0,0,0,0,0,0,0,1,1,0.25,2,2.5648724,6,-155.3291626|19.82083321,1,-155.3291626,19.82083321
S6293,919,27.533203,588.917,215.5332,60.803314,,1163,2262,3008,-0.97101945,0.23842725,1088.5,1.7231948,1.6875,0,0,124.79769,5613,200,37.465572,154.22768,57.287178,854,0.73052317,0,1,0,1,0,0,0,0,0,0,0,0,0,0,0,0,0,0,0,0,1,1,0.25,5,2.250870688,9,-116.9708328|53.32083511,9,-116.9708328,53.32083511
S1331,865,105.5,809.0496,224.5,11.501673,61,919,3801,3088,0.487353,0.22629812,37,0.61984015,-0.25,0,2.1767347,44.05529,9033.2,200,39.535904,20.211758,60.658054,1024,0.50589156,0,1,0,1,0,0,0,0,0,1,0,0,0,0,0,0,0,0,0,0,0,4,0.25,4,3.486334793,7,4.987500191|50.87083435,6,4.987500191,50.87083435
S1142,1365,176.5,1743.864,326.5,46.199974,100,575,3615,3060,0.9093131,0.31324893,40,1.2074372,-0.0625,0,3.4024177,0.5575111,3527.6,200,24.517826,16.358006,59.38554,2138,0.39387298,0,1,0,1,0,1,0,0,0,0,0,0,0,0,0,0,0,0,0,0,0,100,0.5,4,1.945910149,8,115.7208328|29.28750038,6,115.7208328,29.28750038
S1592,1728,253.5,1401.9666,313.5,50.198326,,234,1960,4771,-0.7071065,0.61080176,15.5,0.09783207,0.25,0,0,118.8544,14049.4,60.65107,42.211273,75.85825,72.34954,1542,0.14517352,0,1,0,1,0,0,0,0,0,0,0,0,0,0,0,0,0,0,0,1,0,1,0.25,1,3.465704669,3,-87.21250153|21.21249962,8,-87.21250153,21.21249962
S5895,931,17.5,447.79868,220.51685,45.40332,,520,1847,2230,0.8691163,-0.48879364,688,0.56365883,-0.1875,0,0.2083459,93.97315,6244.2,200,41.30245,163.83438,58.138805,659,0.707645,0,1,0,1,0,0,0,0,0,0,0,0,0,0,0,0,0,0,0,0,1,1,0.25,6,1.945910149,6,-119.0958328|56.24583435,7,-119.0958328,56.24583435
S1745,1384,34.217285,737.8003,216.28394,57.506683,,873,2992,2576,0.11569317,-0.8233322,3080.5,11.746658,-6.9375,0,0,57.00409,3836,199.61719,47.872787,63.414314,54.748405,1428,0.3688645,0,1,0,1,0,0,0,0,0,0,0,0,0,0,0,0,0,0,0,0,1,100,2,5,3.295725739,10,-105.8041687|35.77083206,3,-105.8041687,35.77083206
S4094,958,28.500244,663.0674,208.5332,62.79833,,360,909,4753,0.8497753,0.5271443,940,0.9274568,0.0625,0,0,141.32605,5795.8,196.95668,35.36112,214.89134,49.861366,729,0.75116986,0,1,0,1,0,0,0,0,0,0,0,0,0,0,0,0,0,0,0,0,1,1,0.25,5,2.63905733,1,-117.9708328|54.58750153,8,-117.9708328,54.58750153
S3453,788,75.55005,923.1687,208.5498,21.495003,23,337,2957,4168,0.2377738,0.7446875,719.5,2.840636,4.875,0,0,94.26364,6773.6,200,25.25613,52.291485,56.456364,1291,0.49599174,1,0,0,1,0,0,0,0,0,0,0,0,0,1,0,0,0,0,0,0,0,1,0.6,4,3.737526739,9,9.462499619|48.46250153,7,9.462499619,48.46250153
S3281,1763,241.49976,1166.5187,323.48315,85.698326,18,164,2152,7027,0.0061715585,-0.9445145,137.5,2.6046526,1.625,32.692307,0,64.32036,7795.4,182.74548,67.90622,20.794518,59.11045,1588,0.23701023,1,0,0,1,0,0,0,0,0,0,0,0,0,0,0,0,0,0,0,1,0,1,0.25,7,2.9956823,6,34.19583511|-19.00416756,4,34.19583511,-19.00416756
S4668,1033,-24.550049,476.20084,155.48315,96.99332,19,520,432,2271,-0.97477365,0.15759811,3120,0.8318443,-0.5625,0,4.8240147,0,3378,200,41.59771,63.80629,75.210915,1225,0.2967517,1,0,0,1,0,0,0,0,0,0,0,1,0,0,0,0,0,0,0,0,0,4,0.25,10,2.813250677,3,101.1958313|37.62083435,9,101.1958313,37.62083435
S1401,921,66.5,1030.0669,257.4834,14.9,76,384,-542,2795,-0.31622744,0.7071071,17.5,0.13480535,-0.0625,0,0.6216277,0.86844444,4559.8,200,37.614765,99.281906,62.548576,1233,0.7181875,1,0,1,0,0,0,0,0,0,0,0,0,0,0,0,0,0,1,0,0,0,100,0.5,4,3.228786573,10,-73.37083435|45.72083282,10,-73.37083435,45.72083282
S1161,887,38.533447,662.0343,241.55005,18.19835,92,935,1046,2261,-0.23671357,-0.65789634,222.5,13.209642,-3.0625,0,0.066816606,3.8250666,3393.8,199.6841,25.984243,73.84156,65.0566,788,0.42830876,0,1,0,1,0,0,0,0,0,0,0,0,0,0,0,0,0,0,0,0,1,100,5,4,3.988984047,1,56.09583282|53.55416489,8,56.09583282,53.55416489
S2646,2126,183.38354,243.10033,345.41675,51.900005,,336,1031,6407,-0.94172204,-0.33092123,522.5,17.261524,15.8125,0,0,0,1662.4,165.37242,53.756725,10.087797,80.02276,905,0.20699747,1,0,0,1,0,0,0,0,0,0,0,0,0,0,0,0,1,0,0,0,0,100,3,12,0.6931471806,10,9.579166412|34.48749924,8,9.579166412,34.48749924
S4236,1254,121.61694,3193.9346,176.5835,24.396688,20,751,4018,3778,0.4215162,0.9067608,1941,5.4097967,2,0,0,8.919644,9833.6,199.96217,45.98457,166.13841,55.210518,2003,0.20980686,0,1,0,1,0,0,0,0,0,0,0,0,0,0,0,0,0,0,0,0,1,1,0.25,2,3.044379558,7,-155.3291626|19.82083321,1,-155.3291626,19.82083321
S1670,1214,161.5,907.0667,311.5,62.005035,100,821,720,2604,-0.8287461,0.48085517,135.5,0.2209244,0.375,0,7.01771,0,4641.6,200,24.630434,11.925235,71.8125,1678,0.36472446,0,1,1,0,0,0,0,0,0,1,0,0,0,0,0,0,0,0,0,0,0,10000,0.5,4,4.429613719,2,111.8874969|32.52916718,6,111.8874969,32.52916718
S5760,875,105.483154,814.0669,224.48315,11.401673,50,898,5169,2135,-0.10548425,0.35290074,36,0.6133426,-1.3125,0,0.0060898503,16.93831,7366.4,200,27.488537,25.08188,62.192486,1024,0.50734645,0,1,0,1,0,0,0,0,0,1,0,0,0,0,0,0,0,0,0,0,0,4,0.25,4,2.48490665,3,4.9375|50.85416794,6,4.9375,50.85416794
S4011,1933.9998,227.56665,2950.6462,248.5498,17.9,,270,1755,3805,0.74400765,0.6681686,49.5,5.9855947,-4,0,0.09063805,121.70809,16026.4,200,29.373148,81.71923,54.94825,1723,0.19560494,1,0,0,1,0,0,0,0,0,0,0,0,0,0,0,0,0,0,1,0,0,100,0.25,1,1.386294361,4,-156.0375061|20.79583359,2,-156.0375061,20.79583359
S3430,1747,168.5166,923.96594,284.5166,72.298355,100,1123,2322,1402,-0.40181726,0.90030533,467,0.45562643,0.1875,0,0.88196427,0.33706668,3499.2,200,52.530132,12.861359,64.791435,1101,0.18077233,0,1,0,1,0,0,0,0,0,1,0,0,0,0,0,0,0,0,0,0,0,1,0.5,8,2.740840024,2,-64.1875|-31.5625,9,-64.1875,-31.5625
S2353,788,75.55005,923.1687,208.5498,21.495003,23,337,2957,4168,0.2377738,0.7446875,719.5,2.840636,4.875,0,0,94.26364,6773.6,200,25.25613,52.291485,56.456364,1291,0.49599174,1,0,0,1,0,0,0,0,0,0,0,0,0,1,0,0,0,0,0,0,0,1,0.6,4,2.602689685,4,9.462499619|48.46250153,7,9.462499619,48.46250153
S7328,932,18.6167,422.59857,223.71631,45.70502,,834,3918,2295,0.9264581,0.112966165,644.5,4.045503,4.5625,0,0.002423702,116.87911,6537.4,199.87587,33.51485,212.29474,59.648636,659,0.7286248,0,1,0,1,0,0,0,0,0,0,0,0,0,0,0,0,0,0,0,0,1,1,0.25,6,2.19544524,7,-119.0958328|56.26250076,7,-119.0958328,56.26250076
S6370,919,27.533203,588.917,215.5332,60.803314,,1163,2262,3008,-0.97101945,0.23842725,1088.5,1.7231948,1.6875,0,0,124.79769,5613,200,37.465572,154.22768,57.287178,854,0.73052317,0,1,0,1,0,0,0,0,0,0,0,0,0,0,0,0,0,0,0,0,1,1,0.25,5,2.525728644,2,-116.9708328|53.32083511,9,-116.9708328,53.32083511
S3832,1585,243.49976,3877.202,304.49976,107.60338,74,3924,4617,871,-0.2997277,-0.9532526,98,1.005151,-1.1875,0,0,63.32249,6702.8,199.72154,40.32833,35.52341,58.493855,2044,0.40610552,0,1,0,1,0,0,0,0,0,0,0,0,0,0,0,0,0,0,0,0,1,100,2,1,3.583102202,5,89.33750153|26.66250038,9,89.33750153,26.66250038
S1949,1368,176.5,1750.9644,325.51685,46.2,90,777,4744,3068,-0.047540598,-0.285125,60.5,1.1911206,2.125,0,12.18677,1.3155556,3297.6,200,26.787823,15.979309,57.84551,2138,0.3938757,0,1,0,1,0,1,0,0,0,0,0,0,0,0,0,0,0,0,0,0,0,100,0.5,4,3.496507561,5,115.7125015|29.27916718,6,115.7125015,29.27916718
S4241,1247.0001,183.55127,4360.3296,230.53442,50.969917,,326,990,3482,-0.68366086,0.72754204,1319.5,12.216378,3.75,0,0,190.80942,4278.2,190.16255,42.784115,89.18279,53.063053,3182,0.28022808,0,1,0,1,0,0,0,0,0,0,0,0,0,0,0,0,0,0,0,0,1,100,2,1,2.079441542,6,-82.22083282|8.762499809,10,-82.22083282,8.762499809
S898,1214,169.46729,1571.1934,307.45093,56.201653,41,765,475,2557,0.12217592,0.3102813,198,3.6310296,-4.8125,0,13.268652,22.345955,6789,200,36.171932,22.22334,61.78308,2146,0.3659008,1,0,0,1,0,0,1,0,0,0,0,0,0,0,0,0,0,0,0,0,0,1,0.5,1,2.302185042,7,111.0374985|29.65416718,3,111.0374985,29.65416718
S3750,833,89.35034,828.16705,221.33374,11.196681,,435,2592,2861,-0.84449494,0.08404289,353.5,5.997673,-6.25,0,0,153.53511,7181.4,200,39.502342,68.11255,50.618477,1523,0.49583212,0,1,0,1,0,0,0,0,0,0,0,0,0,0,0,0,0,0,0,0,1,100,2,4,1.499846224,6,8.270833015|50.13750076,6,8.270833015,50.13750076
S4197,1803,248.5,1113.9668,331.5,86.201645,26,210,1886,5660,0.27938193,0.7071069,24,0.18562283,0,42.307693,0.018228868,12.357689,7157.2,200,61.031387,9.750987,60.669865,1588,0.19701445,1,0,1,0,0,0,0,0,0,0,0,0,0,0,0,0,0,0,0,1,0,1,0.25,7,1.87164833,7,34.41249847|-18.88750076,4,34.41249847,-18.88750076
S1437,1663,187.4668,312.06696,278.5166,85.89994,,227,2704,7343,0.94868326,-0.2829426,136.5,0.630973,-0.375,7.692308,0,0,4635.6,199.96191,49.568928,12.716719,73.17218,1360,0.1839611,0,1,0,1,0,0,0,0,0,0,0,0,0,0,0,0,0,0,0,0,1,100,2,12,3.839452313,1,-9.654166222|31.51250076,7,-9.654166222,31.51250076
S2999,1425,177.41724,779.73157,286.417,48.401672,58,783,278,2545,-0.7760674,0.6298202,76,2.8819964,-4.5,0,0.34398142,19.1616,8441,200,36.834293,20.159712,74.93907,1965,0.18426913,0,1,0,1,0,0,0,0,0,0,0,0,0,0,0,0,0,0,0,1,0,1,0.25,12,3.713572067,2,3.020833254|39.83750153,4,3.020833254,39.83750153
S4739,1266,136.55005,3570.5193,186.5498,23.998333,,266,3682,5493,0.36486655,0.9310581,1662.5,5.110835,-2.75,0,0,58.27413,11484.8,200,59.214035,235.09749,47.766872,2003,0.2097156,0,1,0,1,0,0,0,0,0,0,0,0,0,0,0,0,0,0,0,0,1,1,0.25,1,3.965563772,8,-155.3041687|19.82916641,1,-155.3041687,19.82916641
S3636,667.5718,64.5,575.0168,187.51685,28.103323,,,,,,,0,0,0,100,0.3658309,17.775467,4804.6,125.248116,57.884518,117.21346,58.67241,,0.6431824,0,1,0,1,0,0,0,0,0,0,0,0,0,0,0,0,0,0,0,1,0,1,0.265,4,3.870763417,7,19.53750038|60.22083282,9,19.53750038,60.22083282
S980,1542,254.51636,1661.1172,309.5332,58.79831,100,566,-869,1739,0.39610597,0.46497732,47.5,1.0901538,1.25,0,0.6428492,63.20569,8268.4,200,64.61186,17.398132,50.570114,1501,0.19866212,0,1,0,1,0,0,1,0,0,0,0,0,0,0,0,0,0,0,0,0,0,113,0.25,1,4.495031597,9,-6.529166698|5.012499809,8,-6.529166698,5.012499809
S6337,958,28.516846,639.08325,209.50024,63.49833,,547,973,2292,0.5409653,-0.6394192,942.5,1.0374277,1,0,0,146.53316,5793.6,194.46332,36.886803,203.28877,50.125595,729,0.7500424,0,1,0,1,0,0,0,0,0,0,0,0,0,0,0,0,0,0,0,0,1,1,0.25,5,1.203872783,3,-118.0458298|54.5625,8,-118.0458298,54.5625
S2235,1583,265.64966,3145.1318,284.61646,72.19499,,187,1753,6423,0.6940187,0.054318067,128,8.056656,2.125,0,0,149.93724,9431,181.02225,39.71765,100.62443,52.12472,1945,0.47014096,0,1,0,1,0,0,0,0,0,0,0,0,0,0,0,0,0,0,0,0,1,100,2,1,1.791759469,10,92.77083588|11.88749981,2,92.77083588,11.88749981
S5963,788,75.55005,923.1687,208.5498,21.495003,23,337,2957,4168,0.2377738,0.7446875,719.5,2.840636,4.875,0,0,94.26364,6773.6,200,25.25613,52.291485,56.456364,1291,0.49599174,1,0,0,1,0,0,0,0,0,0,0,0,0,1,0,0,0,0,0,0,0,1,0.6,4,3.969990003,8,9.462499619|48.46250153,7,9.462499619,48.46250153
S6710,1254,121.61694,3193.9346,176.5835,24.396688,20,751,4018,3778,0.4215162,0.9067608,1941,5.4097967,2,0,0,8.919644,9833.6,199.96217,45.98457,166.13841,55.210518,2003,0.20980686,0,1,0,1,0,0,0,0,0,0,0,0,0,0,0,0,0,0,0,0,1,1,0.25,2,2.484573285,8,-155.3291626|19.82083321,1,-155.3291626,19.82083321
S4411,1642.9998,234.45142,2947.056,270.45117,23.098328,,450,3521,3056,0.49864045,-0.86680794,504,13.114546,-6.125,0,0,81.74613,14178.8,199.19156,21.232414,60.837463,49.318844,2919,0.19799331,0,1,0,1,0,0,0,0,0,0,0,0,0,0,0,0,0,0,0,0,1,100,2,1,3.946134547,1,-65.8125|18.32083321,6,-65.8125,18.32083321
S4878,735,60.5,695.017,212.51685,34.101673,29,739,3439,3038,0.22804508,0.31622797,42.5,1.1673896,-0.375,0,0,114.606575,4635,200,61.07548,137.31459,50.11888,833,0.5210264,1,0,0,1,0,0,0,0,0,0,0,0,0,0,0,0,0,0,0,1,0,1,0.25,4,2.826899314,9,27.26250076|58.29583359,7,27.26250076,58.29583359
S5887,958,28.500244,663.0674,208.5332,62.79833,,360,909,4753,0.8497753,0.5271443,940,0.9274568,0.0625,0,0,141.32605,5795.8,196.95668,35.36112,214.89134,49.861366,729,0.75116986,0,1,0,1,0,0,0,0,0,0,0,0,0,0,0,0,0,0,0,0,1,1,0.25,5,1.098612289,4,-117.9708328|54.58750153,8,-117.9708328,54.58750153
S1305,1181,34.5,430.7154,255.5,121.288315,69,622,2144,3673,0.027735371,0.863239,471,0.45650697,-1.0625,0,4.1494856,0,2812.2,200,39.488506,22.452017,71.725876,769,0.3485143,1,0,0,1,0,0,1,0,0,0,0,0,0,0,0,0,0,0,0,0,0,100,0.5,4,3.795466729,10,121.3041687|46.57083511,5,121.3041687,46.57083511
S4281,1290,182.51685,1617.431,334.5332,47.603325,90,942,520,2303,-0.0053114817,0.2737802,82,0.93682885,2.0625,100,1.6019228,14.691911,4957,200,34.458828,17.975796,58.365345,2148,0.39485013,0,1,0,1,0,0,0,0,0,1,0,0,0,0,0,0,0,0,0,0,0,400,1.5,1,3.020376131,2,119.4958344|29.02916718,3,119.4958344,29.02916718
S3520,1254,121.61694,3193.9346,176.5835,24.396688,20,751,4018,3778,0.4215162,0.9067608,1941,5.4097967,2,0,0,8.919644,9833.6,199.96217,45.98457,166.13841,55.210518,2003,0.20980686,0,1,0,1,0,0,0,0,0,0,0,0,0,0,0,0,0,0,0,0,1,1,0.25,2,2.397622485,9,-155.3291626|19.82083321,1,-155.3291626,19.82083321
S7388,900,74.53296,708.51404,223.53296,44.205025,31,635,3301,2335,-0.40158445,0.8440155,666.5,5.6961994,2.4375,0,0.1544369,116.138664,8447.6,200,35.306965,49.372223,59.911034,1736,0.42694023,0,1,0,1,0,0,0,0,0,0,0,0,0,0,0,0,0,0,0,0,1,100,2,4,0.6931471806,1,25.74583244|45.90416718,6,25.74583244,45.90416718
S3190,1464,145.5,745.98334,306.5,93.00168,100,1239,1308,1947,0.7808684,-0.11043277,41,0.2516185,0.25,0,36.90082,0.98844445,3740.2,200,29.619986,10.141899,77.49533,1249,0.4356195,0,1,1,0,0,0,0,0,0,1,0,0,0,0,0,0,0,0,0,0,0,10000,0.5,4,4.455985475,2,116.9958344|35.00416565,10,116.9958344,35.00416565
S2304,788,75.55005,923.1687,208.5498,21.495003,23,337,2957,4168,0.2377738,0.7446875,719.5,2.840636,4.875,0,0,94.26364,6773.6,200,25.25613,52.291485,56.456364,1291,0.49599174,1,0,0,1,0,0,0,0,0,0,0,0,0,1,0,0,0,0,0,0,0,1,0.6,4,3.526301732,3,9.462499619|48.46250153,7,9.462499619,48.46250153
S7255,1447.9999,100.66748,543.4977,273.68433,41.39668,,492,1602,5658,0.6802275,-0.7045553,1652,15.049555,5.9375,0,0,70.813515,5953.8,190.95566,45.089645,39.135887,64.03502,2083,0.28689593,1,0,0,1,0,0,0,0,0,0,0,0,0,0,0,0,0,0,0,1,0,1,0.5,12,2.17315952,3,-2.837500095|37.40416718,10,-2.837500095,37.40416718
S7133,948,39.399414,3039.1074,101.38306,59.408386,,2374,2430,1618,-0.031221181,-0.14666167,4190,19.182682,-26.3125,0,0,23.671467,4001.2,129.66592,48.949013,82.298676,56.34441,1840,0.24406509,0,1,0,1,0,0,0,0,0,0,0,0,0,0,0,0,0,0,0,0,1,100,5,10,2.250554688,4,37.28749847|-0.1708333343,7,37.28749847,-0.1708333343
S2023,1282,39.649414,530.79987,242.64941,105.10165,48,803,860,2425,0.6585442,0.66123354,1136.5,7.395327,8.625,0,0.37569934,6.7084446,2797.6,200,41.89532,31.06161,71.26271,1082,0.39315498,1,0,0,1,0,0,1,0,0,0,0,0,0,0,0,0,0,0,0,0,0,100,0.5,4,3.433858173,4,117.5458298|41.95416641,9,117.5458298,41.95416641
S3798,1266,136.55005,3570.5193,186.5498,23.998333,,266,3682,5493,0.36486655,0.9310581,1662.5,5.110835,-2.75,0,0,58.27413,11484.8,200,59.214035,235.09749,47.766872,2003,0.2097156,0,1,0,1,0,0,0,0,0,0,0,0,0,0,0,0,0,0,0,0,1,1,0.25,1,3.008154794,3,-155.3041687|19.82916641,1,-155.3041687,19.82916641
S2349,788,75.55005,923.1687,208.5498,21.495003,23,337,2957,4168,0.2377738,0.7446875,719.5,2.840636,4.875,0,0,94.26364,6773.6,200,25.25613,52.291485,56.456364,1291,0.49599174,1,0,0,1,0,0,0,0,0,0,0,0,0,1,0,0,0,0,0,0,0,1,0.6,4,3.36729583,5,9.462499619|48.46250153,7,9.462499619,48.46250153
S1870,1847,159.51685,731.21735,248.50024,80.5,32,2002,3782,1457,-0.7978782,0.519289,1586,0.9800326,0.5625,100,0,13.526755,3158,199.98038,60.329483,18.810411,60.158558,963,0.2178725,0,1,0,1,0,1,0,0,0,0,0,0,0,0,0,0,0,0,0,0,0,1600,0.5,10,4.278054023,5,29.19583321|-26.01250076,9,29.19583321,-26.01250076
S1545,875,105.483154,814.0669,224.48315,11.401673,50,898,5169,2135,-0.10548425,0.35290074,36,0.6133426,-1.3125,0,0.0060898503,16.93831,7366.4,200,27.488537,25.08188,62.192486,1024,0.50734645,0,1,0,1,0,0,0,0,0,1,0,0,0,0,0,0,0,0,0,0,0,4,0.25,4,2.995732274,6,4.9375|50.85416794,6,4.9375,50.85416794
S4274,755,61.516846,692.0332,219.51685,29.098354,21,1080,4359,2632,-0.6821461,0.4337431,144,1.0480461,0.125,9.615385,0,106.03218,6139.8,200,62.201324,146.42415,52.199818,750,0.4913323,0,1,0,1,0,0,0,0,0,0,0,0,0,0,0,0,0,0,0,0,1,100,2,4,1.945910149,7,27.8125|55.57916641,7,27.8125,55.57916641
S4071,2670,232.51636,416.01675,341.51636,107,35,467,1207,5032,0.59060246,-0.24222913,947,0.3973441,-0.5625,0,5.497031,6.613689,3345.4,200,87.83802,4.242581,67.85967,534,0.2768039,0,1,0,1,0,0,0,0,0,0,0,0,0,0,0,0,0,0,0,0,1,100,5,7,1.386294361,8,23.50416756|-19.94583321,2,23.50416756,-19.94583321
S4735,1266,136.55005,3570.5193,186.5498,23.998333,,266,3682,5493,0.36486655,0.9310581,1662.5,5.110835,-2.75,0,0,58.27413,11484.8,200,59.214035,235.09749,47.766872,2003,0.2097156,0,1,0,1,0,0,0,0,0,0,0,0,0,0,0,0,0,0,0,0,1,1,0.25,1,2.251291799,4,-155.3041687|19.82916641,1,-155.3041687,19.82916641
S3491,1254,121.61694,3193.9346,176.5835,24.396688,20,751,4018,3778,0.4215162,0.9067608,1941,5.4097967,2,0,0,8.919644,9833.6,199.96217,45.98457,166.13841,55.210518,2003,0.20980686,0,1,0,1,0,0,0,0,0,0,0,0,0,0,0,0,0,0,0,0,1,1,0.25,2,2.995332223,10,-155.3291626|19.82083321,1,-155.3291626,19.82083321
S3823,1254,121.61694,3193.9346,176.5835,24.396688,20,751,4018,3778,0.4215162,0.9067608,1941,5.4097967,2,0,0,8.919644,9833.6,199.96217,45.98457,166.13841,55.210518,2003,0.20980686,0,1,0,1,0,0,0,0,0,0,0,0,0,0,0,0,0,0,0,0,1,1,0.25,2,2.871641909,1,-155.3291626|19.82083321,1,-155.3291626,19.82083321
S1273,670,62.500244,610.10016,186.4668,29.701675,,1066,1206,1917,-0.42582887,0.5810578,3,0.9653414,-0.4375,100,0.58432454,66.11253,6498.2,158.41222,57.197666,99.02958,54.450024,742,0.6547216,0,1,0,1,0,0,0,0,0,0,0,0,0,0,0,0,0,0,0,1,0,1,0.265,4,3.6108909,8,19.92916679|60.34583282,9,19.92916679,60.34583282
S6744,1254,121.61694,3193.9346,176.5835,24.396688,20,751,4018,3778,0.4215162,0.9067608,1941,5.4097967,2,0,0,8.919644,9833.6,199.96217,45.98457,166.13841,55.210518,2003,0.20980686,0,1,0,1,0,0,0,0,0,0,0,0,0,0,0,0,0,0,0,0,1,1,0.25,2,1.704202528,2,-155.3291626|19.82083321,1,-155.3291626,19.82083321
S1759,1519,138.5,593.9833,316.5,103.798355,100,1486,1860,1566,-0.61394095,-0.14142065,14,0.2187583,0,0,7.465837,0.17066666,3619,200,24.90461,10.239088,76.72603,1277,0.3877967,0,1,0,1,0,0,0,0,0,1,0,0,0,0,0,0,0,0,0,0,0,10000,0.5,4,4.158883083,9,117.6291656|37.00416565,2,117.6291656,37.00416565
S3713,1752,168.48364,931.98315,283.5,72.49833,100,465,-1405,2547,-0.76041985,0.6441728,484,0.45210418,0.375,0,0.020224636,0.10097778,3022.8,200,51.171482,14.561216,65.60146,827,0.1799958,0,1,0,1,0,0,0,0,0,1,0,0,0,0,0,0,0,0,0,0,0,1,0.5,8,3.295688718,3,-64.21250153|-31.57916641,9,-64.21250153,-31.57916641
S4059,960,28.58252,571.8347,211.58276,59.99668,,1131,1369,1834,0.9384476,0.32424355,918.5,4.269425,-0.3125,0,0,112.54293,6079.6,200,35.83787,178.93925,53.73654,729,0.7403752,0,1,0,1,0,0,0,0,0,0,0,0,0,0,0,0,0,0,0,0,1,1,0.25,5,1.791092549,5,-118.7624969|54.51250076,8,-118.7624969,54.51250076
S1747,1170,183.5166,1630.9513,328.51636,40.998318,37,632,1077,2325,0.6533371,0.60784477,172,4.5241165,-5.75,0,1.4122297,46.760357,6257.8,200,35.96403,21.729282,60.36498,1979,0.32752734,0,1,0,1,0,0,0,0,0,1,0,0,0,0,0,0,0,0,0,0,0,400,1.5,1,3.384356383,5,111.8874969|26.75416756,5,111.8874969,26.75416756
S4940,788,75.55005,923.1687,208.5498,21.495003,23,337,2957,4168,0.2377738,0.7446875,719.5,2.840636,4.875,0,0,94.26364,6773.6,200,25.25613,52.291485,56.456364,1291,0.49599174,1,0,0,1,0,0,0,0,0,0,0,0,0,1,0,0,0,0,0,0,0,1,0.6,4,3.044427157,10,9.462499619|48.46250153,7,9.462499619,48.46250153
S2074,788,75.55005,923.1687,208.5498,21.495003,23,337,2957,4168,0.2377738,0.7446875,719.5,2.840636,4.875,0,0,94.26364,6773.6,200,25.25613,52.291485,56.456364,1291,0.49599174,1,0,0,1,0,0,0,0,0,0,0,0,0,1,0,0,0,0,0,0,0,1,0.6,4,3.465673376,1,9.462499619|48.46250153,7,9.462499619,48.46250153
S1375,1844,159.5166,740.16724,248.5166,80.50167,73,2365,4380,1673,0.49023277,0.73735833,1586.5,1.00878,1.0625,25,0,16.385067,3637.4,199.92664,62.511913,18.272524,59.61592,963,0.21783036,0,1,0,1,0,1,0,0,0,0,0,0,0,0,0,0,0,0,0,0,0,1600,0.5,10,3.470941077,6,29.19583321|-26.00416756,9,29.19583321,-26.00416756
S1304,1104,44.500244,552.9497,268.50024,104.90167,100,593,328,3673,-0.1473479,-0.57735026,139,0.7270266,0.9375,0,6.7388964,0,2997.4,200,28.339163,30.600622,66.377945,868,0.34728733,0,1,1,0,0,0,0,0,0,1,0,0,0,0,0,0,0,0,0,0,0,60,0.25,4,2.813370738,2,126.8458328|45.84583282,8,126.8458328,45.84583282
S4326,788,75.55005,923.1687,208.5498,21.495003,23,337,2957,4168,0.2377738,0.7446875,719.5,2.840636,4.875,0,0,94.26364,6773.6,200,25.25613,52.291485,56.456364,1291,0.49599174,1,0,0,1,0,0,0,0,0,0,0,0,0,1,0,0,0,0,0,0,0,1,0.6,4,3.871013517,3,9.462499619|48.46250153,7,9.462499619,48.46250153
S4308,1793,247.5166,1121.9666,331.5,86.298355,37,493,4036,3747,0.9023962,-0.2561731,26,0.23116592,0.0625,19.23077,0,31.976534,7664.4,200,64.93718,14.499379,61.733574,1588,0.23161153,1,0,0,1,0,0,0,0,0,0,0,0,0,0,0,0,0,0,0,1,0,1,0.25,7,2.74064644,9,34.37916565|-18.92916679,4,34.37916565,-18.92916679
S6183,909,26.466797,621.1509,213.46655,66.99833,,1019,2372,2803,-0.96363586,-0.081362695,911,2.931128,2.5625,0,0,93.60818,5528.8,200,34.626884,222.31874,53.22273,680,0.77110505,0,1,0,1,0,0,0,0,0,0,0,0,0,0,0,0,0,0,0,0,1,1,0.25,5,2.197224577,6,-116.5958328|54.20416641,9,-116.5958328,54.20416641
S2426,1439,101.49951,505.26834,286.51636,91.00164,64,342,-89,5310,-0.7055861,-0.62319577,1107,8.894705,-2.4375,0,0,0,2774,200,42.17648,18.97152,78.200775,974,0.36817577,1,0,0,1,0,0,1,0,0,0,0,0,0,0,0,0,0,0,0,0,0,100,0.5,10,2.772588722,7,109.8958359|36.74583435,9,109.8958359,36.74583435
S1443,1854,160.5,735.20056,248.5332,80.5,28,892,1809,3513,-0.19991426,0.4762033,1576,1.1982458,-0.75,100,0,17.411022,3165.4,195.54962,60.85501,23.83327,59.59481,963,0.21783479,0,1,0,1,0,1,0,0,0,0,0,0,0,0,0,0,0,0,0,0,0,1600,0.5,10,4.52719784,8,29.20416641|-26.01250076,9,29.20416641,-26.01250076
S2722,1468,80.5,353.98328,292.5,103.798355,40,1839,4647,1940,0.948683,0,357,0.118093684,0.1875,0,0.056577053,0,2485.6,200,53.892452,9.666094,83.93556,859,0.41673002,1,0,0,1,0,0,1,0,0,0,0,0,0,0,0,0,0,0,0,0,0,100,0.5,8,2.944333668,4,120.7125015|42.9375,4,120.7125015,42.9375
S1451,1285,211.50122,2388.2417,296.5349,64.09496,4,392,2911,4764,-0.51543915,0.3193583,370,9.578581,-10,0,0,98.89956,3024.6,198.96468,48.84922,40.156616,53.114693,2067,0.26495403,0,1,0,1,0,0,0,0,0,0,0,0,0,0,0,1,0,0,0,0,0,100,0.5,1,3.663536019,6,112.5291672|23.17083359,8,112.5291672,23.17083359
S4167,1254,121.61694,3193.9346,176.5835,24.396688,20,751,4018,3778,0.4215162,0.9067608,1941,5.4097967,2,0,0,8.919644,9833.6,199.96217,45.98457,166.13841,55.210518,2003,0.20980686,0,1,0,1,0,0,0,0,0,0,0,0,0,0,0,0,0,0,0,0,1,1,0.25,2,3.267475527,3,-155.3291626|19.82083321,1,-155.3291626,19.82083321
S3501,1260,126.59985,3311.0686,180.5664,24.298332,,266,-809,5397,0.1786791,0.98317844,1849,5.4882984,-1.25,0,0,12.071645,11000.8,200,47.679646,182.91426,52.51077,2003,0.20980686,0,1,0,1,0,0,0,0,0,0,0,0,0,0,0,0,0,0,0,0,1,1,0.25,2,2.564564659,4,-155.3208313|19.82083321,1,-155.3208313,19.82083321
S4246,1923,267.5,1042.0007,311.46655,87.00506,34,1737,-884,1187,-0.8836555,0.43755788,13,1.3853532,-1.0625,100,0.033414934,19.000177,,200,51.84792,15.281818,67.36891,,0.12341549,0,1,0,1,0,0,0,0,0,0,0,0,0,0,0,0,0,0,0,0,1,100,2,1,2.847812143,7,40.86249924|-2.304166555,7,40.86249924,-2.304166555
S3504,1260,126.59985,3311.0686,180.5664,24.298332,,266,-809,5397,0.1786791,0.98317844,1849,5.4882984,-1.25,0,0,12.071645,11000.8,200,47.679646,182.91426,52.51077,2003,0.20980686,0,1,0,1,0,0,0,0,0,0,0,0,0,0,0,0,0,0,0,0,1,1,0.25,2,2.861857935,5,-155.3208313|19.82083321,1,-155.3208313,19.82083321
S6743,1267,131.61621,3437.4023,183.5664,24.196665,,261,3851,6205,0.39932412,0.9167687,1745,5.119382,0.375,0,0,18.65031,6519.2,200,53.640045,224.0743,50.686573,2003,0.2097156,0,1,0,1,0,0,0,0,0,0,0,0,0,0,0,0,0,0,0,0,1,1,0.25,1,2.395984366,8,-155.3125|19.82916641,1,-155.3125,19.82916641
S3785,1260,37.516846,377.0332,248.5,104.70003,48,746,3307,3786,0.99033046,0.085675746,1343,0.9043521,-0.625,0,0.004994868,0,2068.2,200,49.571487,14.233843,79.75255,888,0.3697996,1,0,0,1,0,0,0,0,0,0,0,0,0,0,0,0,0,0,0,1,0,100,0.5,8,3.784098684,5,116.2791672|42.02916718,9,116.2791672,42.02916718
S5254,1267,71.683105,437.10056,247.6831,90.10003,19,478,-550,5971,-0.5654966,-0.70533156,1837.5,8.882883,-0.25,0,0,0,1848.4,200,32.847195,13.0447445,81.954765,840,0.3425743,1,0,0,1,0,0,1,0,0,0,0,0,0,0,0,0,0,0,0,0,0,100,0.5,10,2.782972116,9,106.3874969|36.67083359,4,106.3874969,36.67083359
S2449,1354,34.483154,464.10046,240.48315,100.70335,48,577,-1318,3924,-0.5958594,0.51830983,1565,0.8583052,1.375,0,0.1193387,0,2255.6,200,46.599415,19.943201,76.704124,1150,0.35954812,1,0,0,1,0,0,1,0,0,0,0,0,0,0,0,0,0,0,0,0,0,100,0.5,8,3.33220451,6,114.3291702|41.08750153,10,114.3291702,41.08750153
S971,1285,211.50122,2388.2417,296.5349,64.09496,4,392,2911,4764,-0.51543915,0.3193583,370,9.578581,-10,0,0,98.89956,3024.6,198.96468,48.84922,40.156616,53.114693,2067,0.26495403,0,1,0,1,0,0,0,0,0,0,0,0,0,0,0,1,0,0,0,0,0,100,0.5,1,3.828641396,9,112.5291672|23.17083359,8,112.5291672,23.17083359
S4365,1260,126.59985,3311.0686,180.5664,24.298332,,266,-809,5397,0.1786791,0.98317844,1849,5.4882984,-1.25,0,0,12.071645,11000.8,200,47.679646,182.91426,52.51077,2003,0.20980686,0,1,0,1,0,0,0,0,0,0,0,0,0,0,0,0,0,0,0,0,1,1,0.25,2,2.351375257,6,-155.3208313|19.82083321,1,-155.3208313,19.82083321
S7031,735,60.5,695.017,212.51685,34.101673,29,739,3439,3038,0.22804508,0.31622797,42.5,1.1673896,-0.375,0,0,114.606575,4635,200,61.07548,137.31459,50.11888,833,0.5210264,1,0,0,1,0,0,0,0,0,0,0,0,0,0,0,0,0,0,0,1,0,1,0.25,4,2.298175417,4,27.26250076|58.29583359,7,27.26250076,58.29583359
S3700,1273,182.5,1732.1478,333.53345,47.50167,53,1421,969,1174,0.7838823,-0.019811742,94,1.3082895,1.25,0,0.61262494,26.9792,3980.4,200,34.9169,20.5226,57.7983,2200,0.3663975,0,1,0,1,0,0,0,0,0,1,0,0,0,0,0,0,0,0,0,0,0,400,1.5,1,2.397895273,10,119.5958328|29.00416756,3,119.5958328,29.00416756
S2421,875,105.483154,814.0669,224.48315,11.401673,50,898,5169,2135,-0.10548425,0.35290074,36,0.6133426,-1.3125,0,0.0060898503,16.93831,7366.4,200,27.488537,25.08188,62.192486,1024,0.50734645,0,1,0,1,0,0,0,0,0,1,0,0,0,0,0,0,0,0,0,0,0,4,0.25,4,3.555205164,5,4.9375|50.85416794,6,4.9375,50.85416794
S5089,672,62.5,581.9997,170.5,30.803324,19,922,1151,1944,-0.37644893,0.8944273,9,0.26455182,-0.1875,0,0.01292554,60.14471,6486.6,136.90356,59.23632,101.14881,54.743504,742,0.63427305,0,1,0,1,0,0,0,0,0,0,0,0,0,0,0,0,0,0,0,1,0,1,0.265,4,2.302585093,6,20.16250038|60.07083511,9,20.16250038,60.07083511
S2555,1181,34.5,430.7154,255.5,121.288315,69,622,2144,3673,0.027735371,0.863239,471,0.45650697,-1.0625,0,4.1494856,0,2812.2,200,39.488506,22.452017,71.725876,769,0.3485143,1,0,0,1,0,0,1,0,0,0,0,0,0,0,0,0,0,0,0,0,0,100,0.5,4,3.044474844,7,121.3041687|46.57083511,5,121.3041687,46.57083511
S6691,943,18.5,600.9491,201.4834,44.805016,,642,-900,3294,0.884689,0.39487228,1066,2.6907244,-2.0625,0,0,122.768715,5186.4,200,39.759064,187.37015,54.21263,707,0.6929289,0,1,0,1,0,0,0,0,0,0,0,0,0,0,0,0,0,0,0,0,1,1,0.25,5,2.70731662,7,-119.9958344|54.67083359,6,-119.9958344,54.67083359
S1353,1266,136.55005,3570.5193,186.5498,23.998333,,266,3682,5493,0.36486655,0.9310581,1662.5,5.110835,-2.75,0,0,58.27413,11484.8,200,59.214035,235.09749,47.766872,2003,0.2097156,0,1,0,1,0,0,0,0,0,0,0,0,0,0,0,0,0,0,0,0,1,1,0.25,1,1.943908155,1,-155.3041687|19.82916641,1,-155.3041687,19.82916641
S2943,788,75.55005,923.1687,208.5498,21.495003,23,337,2957,4168,0.2377738,0.7446875,719.5,2.840636,4.875,0,0,94.26364,6773.6,200,25.25613,52.291485,56.456364,1291,0.49599174,1,0,0,1,0,0,0,0,0,0,0,0,0,1,0,0,0,0,0,0,0,1,0.6,4,3.355711764,8,9.462499619|48.46250153,7,9.462499619,48.46250153
S1336,1464,230.4834,1878.5656,308.5,75.995,100,408,-361,3670,0.1686722,0.13949685,60.5,1.3896093,-1,0,1.1651131,6.429867,5778.4,200,51.437828,16.542856,56.72334,2063,0.24581143,0,1,1,0,0,0,0,0,0,1,0,0,0,0,0,0,0,0,0,0,0,100,0.25,1,4.195697079,2,109.4958344|21.99583244,10,109.4958344,21.99583244
S7697,1447.9999,100.66748,543.4977,273.68433,41.39668,,492,1602,5658,0.6802275,-0.7045553,1652,15.049555,5.9375,0,0,70.813515,5953.8,190.95566,45.089645,39.135887,64.03502,2083,0.28689593,1,0,0,1,0,0,0,0,0,0,0,0,0,0,0,0,0,0,0,1,0,1,0.5,12,2.251291799,4,-2.837500095|37.40416718,10,-2.837500095,37.40416718
S1646,1365,176.5,1743.864,326.5,46.199974,100,575,3615,3060,0.9093131,0.31324893,40,1.2074372,-0.0625,0,3.4024177,0.5575111,3527.6,200,24.517826,16.358006,59.38554,2138,0.39387298,0,1,0,1,0,1,0,0,0,0,0,0,0,0,0,0,0,0,0,0,0,100,0.5,4,3.238678452,9,115.7208328|29.28750038,6,115.7208328,29.28750038
S2197,1368,176.5,1750.9644,325.51685,46.2,90,777,4744,3068,-0.047540598,-0.285125,60.5,1.1911206,2.125,0,12.18677,1.3155556,3297.6,200,26.787823,15.979309,57.84551,2138,0.3938757,0,1,0,1,0,1,0,0,0,0,0,0,0,0,0,0,0,0,0,0,0,100,0.5,4,3.784166919,10,115.7125015|29.27916718,6,115.7125015,29.27916718
S3920,1635.0001,232.28223,1547.594,275.26587,49.873154,,314,1899,3686,-0.39736333,-0.9175924,615.5,27.05526,6.875,0,0,249.67574,14262.4,136.66278,39.71962,62.0974,50.8176,1556.4491,0.25942165,0,1,0,1,0,0,0,0,0,0,0,0,0,0,0,0,0,0,0,0,1,100,2,1,3.366640474,3,147.3458405|-9.445833206,3,147.3458405,-9.445833206
S5415,1803,248.5,1113.9668,331.5,86.201645,26,210,1886,5660,0.27938193,0.7071069,24,0.18562283,0,42.307693,0.018228868,12.357689,7157.2,200,61.031387,9.750987,60.669865,1588,0.19701445,1,0,1,0,0,0,0,0,0,0,0,0,0,0,0,0,0,0,0,1,0,1,0.25,7,1.945910149,10,34.41249847|-18.88750076,4,34.41249847,-18.88750076
S1355,1266,136.55005,3570.5193,186.5498,23.998333,,266,3682,5493,0.36486655,0.9310581,1662.5,5.110835,-2.75,0,0,58.27413,11484.8,200,59.214035,235.09749,47.766872,2003,0.2097156,0,1,0,1,0,0,0,0,0,0,0,0,0,0,0,0,0,0,0,0,1,1,0.25,1,3.14195159,4,-155.3041687|19.82916641,1,-155.3041687,19.82916641
S982,921,66.5,1030.0669,257.4834,14.9,76,384,-542,2795,-0.31622744,0.7071071,17.5,0.13480535,-0.0625,0,0.6216277,0.86844444,4559.8,200,37.614765,99.281906,62.548576,1233,0.7181875,1,0,1,0,0,0,0,0,0,0,0,0,0,0,0,0,0,1,0,0,0,100,0.5,4,3.305016843,1,-73.37083435|45.72083282,10,-73.37083435,45.72083282
S4543,1254,121.61694,3193.9346,176.5835,24.396688,20,751,4018,3778,0.4215162,0.9067608,1941,5.4097967,2,0,0,8.919644,9833.6,199.96217,45.98457,166.13841,55.210518,2003,0.20980686,0,1,0,1,0,0,0,0,0,0,0,0,0,0,0,0,0,0,0,0,1,1,0.25,2,2.890093988,7,-155.3291626|19.82083321,1,-155.3291626,19.82083321
S6943,1254,121.61694,3193.9346,176.5835,24.396688,20,751,4018,3778,0.4215162,0.9067608,1941,5.4097967,2,0,0,8.919644,9833.6,199.96217,45.98457,166.13841,55.210518,2003,0.20980686,0,1,0,1,0,0,0,0,0,0,0,0,0,0,0,0,0,0,0,0,1,1,0.25,2,1.980449567,8,-155.3291626|19.82083321,1,-155.3291626,19.82083321
S2976,1358,154.5,936.96655,311.5,81.301674,100,1000,150,1817,0.54578686,-0.35516676,59.5,0.3472217,1.125,0,12.168688,0,4672.2,200,25.11113,11.99778,76.87032,1329,0.40299803,0,1,0,1,0,0,0,0,0,1,0,0,0,0,0,0,0,0,0,0,0,10000,0.5,4,4.044699063,2,114.1708298|33.42083359,3,114.1708298,33.42083359
S3537,788,75.55005,923.1687,208.5498,21.495003,23,337,2957,4168,0.2377738,0.7446875,719.5,2.840636,4.875,0,0,94.26364,6773.6,200,25.25613,52.291485,56.456364,1291,0.49599174,1,0,0,1,0,0,0,0,0,0,0,0,0,1,0,0,0,0,0,0,0,1,0.6,4,3.481147769,3,9.462499619|48.46250153,7,9.462499619,48.46250153
S993,1414,146.5,548.96674,318.5,102.999985,100,1893,2040,1244,-0.026647806,-0.35507363,51,0.33562478,0.6875,0,25.137833,0.43235555,3315,200,26.794722,10.645612,80.97129,1038,0.4305759,0,1,0,1,0,0,0,0,0,1,0,0,0,0,0,0,0,0,0,0,0,10000,0.5,4,4.27168147,4,115.0458298|36.22916794,4,115.0458298,36.22916794
S7267,1260,126.59985,3311.0686,180.5664,24.298332,,266,-809,5397,0.1786791,0.98317844,1849,5.4882984,-1.25,0,0,12.071645,11000.8,200,47.679646,182.91426,52.51077,2003,0.20980686,0,1,0,1,0,0,0,0,0,0,0,0,0,0,0,0,0,0,0,0,1,1,0.25,2,0.6931471806,9,-155.3208313|19.82083321,1,-155.3208313,19.82083321
S2000,1290,23.49878,437.8666,225.51562,92.60003,89,824,-748,2553,0.83117247,0.2702343,1644,3.1690476,-1.5,0,0.516831,0,2391,200,40.693447,29.94401,74.72268,1020,0.35586497,1,0,0,1,0,0,1,0,0,0,0,0,0,0,0,0,0,0,0,0,0,100,0.5,8,3.781823198,7,115.3958359|41.27083206,10,115.3958359,41.27083206
S5999,735,60.5,695.017,212.51685,34.101673,29,739,3439,3038,0.22804508,0.31622797,42.5,1.1673896,-0.375,0,0,114.606575,4635,200,61.07548,137.31459,50.11888,833,0.5210264,1,0,0,1,0,0,0,0,0,0,0,0,0,0,0,0,0,0,0,1,0,1,0.25,4,2.602467419,5,27.26250076|58.29583359,7,27.26250076,58.29583359
S2443,1416,97.40112,426.1338,280.40112,90.69667,68,439,3043,5751,0.7906673,-0.44464105,1199.5,10.972146,-7.75,0,0.03608752,0.007111111,2772.6,200,45.25336,18.186739,78.612854,931,0.34921804,1,0,0,1,0,0,1,0,0,0,0,0,0,0,0,0,0,0,0,0,0,100,0.5,10,3.102072286,10,109.3208313|36.97083282,9,109.3208313,36.97083282
S5207,1580,115.50049,753.88153,273.4673,53.494972,22,571,1586,3946,0.7428864,-0.080746554,1761.5,5.1264153,-5.375,0,0,32.906845,4260,199.96223,40.711964,34.847717,66.44355,1599,0.26795357,0,1,0,1,0,0,0,0,0,0,0,0,0,0,0,0,0,0,0,0,1,100,2,5,3.178012186,8,-5.004166603|33.52083206,7,-5.004166603,33.52083206
S4626,1764,247.5,1120.9666,331.5,86.6,18,357,1970,3870,0.31622726,0.35355365,28,0.18031488,0.25,40.384613,0,42.555023,8064.2,200,66.57472,12.886098,60.340347,1091,0.23175979,1,0,0,1,0,0,0,0,0,0,0,0,0,0,0,0,0,0,0,1,0,1,0.25,7,2.301684705,1,34.45416641|-18.9375,4,34.45416641,-18.9375
S4056,958,28.500244,663.0674,208.5332,62.79833,,360,909,4753,0.8497753,0.5271443,940,0.9274568,0.0625,0,0,141.32605,5795.8,196.95668,35.36112,214.89134,49.861366,729,0.75116986,0,1,0,1,0,0,0,0,0,0,0,0,0,0,0,0,0,0,0,0,1,1,0.25,5,2.890316231,9,-117.9708328|54.58750153,8,-117.9708328,54.58750153
S7528,1447.9999,100.66748,543.4977,273.68433,41.39668,,492,1602,5658,0.6802275,-0.7045553,1652,15.049555,5.9375,0,0,70.813515,5953.8,190.95566,45.089645,39.135887,64.03502,2083,0.28689593,1,0,0,1,0,0,0,0,0,0,0,0,0,0,0,0,0,0,0,1,0,1,0.5,12,2.814210415,5,-2.837500095|37.40416718,10,-2.837500095,37.40416718
S6840,1433,89.5,378.98343,276.5,89.59997,48,2343,1581,1582,0.8944272,0.40930206,1333,0.1383553,0,0,9.667462,0,1932.8,200,47.46646,10.36286,83.66532,931,0.34396037,1,0,0,1,0,0,1,0,0,0,0,0,0,0,0,0,0,0,0,0,0,100,0.5,10,1.098612289,1,108.8375015|37.60416794,9,108.8375015,37.60416794
S4158,1267,131.61621,3437.4023,183.5664,24.196665,,261,3851,6205,0.39932412,0.9167687,1745,5.119382,0.375,0,0,18.65031,6519.2,200,53.640045,224.0743,50.686573,2003,0.2097156,0,1,0,1,0,0,0,0,0,0,0,0,0,0,0,0,0,0,0,0,1,1,0.25,1,3.433793621,5,-155.3125|19.82916641,1,-155.3125,19.82916641
S4087,1021.99994,-1.3825684,1379.0079,187.63428,22.596657,,1769,1322,2437,0.53414994,0.7705729,2094.5,18.36282,-15.4375,0,0,1.0808889,1251.4,61.5736,43.513676,120.381424,57.67844,1018,0.48781145,1,0,0,1,0,0,0,0,0,0,0,0,0,0,0,0,0,0,1,0,0,1,0.25,5,2.302084957,10,-113.3458328|48.46250153,2,-113.3458328,48.46250153
S3045,788,75.55005,923.1687,208.5498,21.495003,23,337,2957,4168,0.2377738,0.7446875,719.5,2.840636,4.875,0,0,94.26364,6773.6,200,25.25613,52.291485,56.456364,1291,0.49599174,1,0,0,1,0,0,0,0,0,0,0,0,0,1,0,0,0,0,0,0,0,1,0.6,4,3.476088386,6,9.462499619|48.46250153,7,9.462499619,48.46250153
S5306,1595,242.5,2302.3962,311.4834,68.296646,46,495,4840,3333,0.6535535,0.6475576,72,0.53841674,-0.375,0,1.4328487,61.73831,12546.2,200,39.879307,26.745203,52.67768,1991,0.21490541,0,1,1,0,0,0,0,0,0,1,0,0,0,0,0,0,0,0,0,0,0,100,0.25,1,3.673105714,6,110.2791672|19.90416718,2,110.2791672,19.90416718
S4885,1266,136.55005,3570.5193,186.5498,23.998333,,266,3682,5493,0.36486655,0.9310581,1662.5,5.110835,-2.75,0,0,58.27413,11484.8,200,59.214035,235.09749,47.766872,2003,0.2097156,0,1,0,1,0,0,0,0,0,0,0,0,0,0,0,0,0,0,0,0,1,1,0.25,1,3.440482185,7,-155.3041687|19.82916641,1,-155.3041687,19.82916641
S4634,1100,39.549805,394.96646,251.5498,62.90165,85,1388,2058,1353,0.9864293,0.16007537,807,0.74635416,1.25,0,0.017561192,0,4538,200,41.777393,24.815668,68.62485,603,0.624223,1,0,1,0,0,0,0,0,0,0,0,0,0,0,0,1,0,0,0,0,0,100,1,8,2.3271801,8,-107.6875|50.29583359,4,-107.6875,50.29583359
S7482,921,66.5,1030.0669,257.4834,14.9,76,384,-542,2795,-0.31622744,0.7071071,17.5,0.13480535,-0.0625,0,0.6216277,0.86844444,4559.8,200,37.614765,99.281906,62.548576,1233,0.7181875,1,0,0,1,0,0,0,0,0,0,0,0,0,0,0,0,0,1,0,0,0,100,0.5,4,2.776020347,7,-73.37083435|45.72083282,10,-73.37083435,45.72083282
S1372,1327,191.5,1941.051,336.51636,57.60003,100,999,2618,2242,0.5091826,-0.7932427,43.5,0.5334732,-0.9375,0,3.2383745,7.4304,4882.4,200,39.634926,14.325562,52.512775,2054,0.37538487,0,1,0,1,0,0,0,0,0,1,0,0,0,0,0,0,0,0,0,0,0,400,1.5,4,3.871159366,8,116.9124985|28.25416756,7,116.9124985,28.25416756
S2990,1394,128.5,652.0167,303.5,102.801674,100,699,-802,2712,-0.31622875,-0.70710754,23,0.118093684,-0.25,0,2.8622177,0,5671.2,200,42.278778,10.67573,72.64,1259,0.37688088,0,1,0,1,0,0,0,0,0,1,0,0,0,0,0,0,0,0,0,0,0,10000,0.5,4,3.960698867,9,119.9375|36.6875,2,119.9375,36.6875
S4672,1260,126.59985,3311.0686,180.5664,24.298332,,266,-809,5397,0.1786791,0.98317844,1849,5.4882984,-1.25,0,0,12.071645,11000.8,200,47.679646,182.91426,52.51077,2003,0.20980686,0,1,0,1,0,0,0,0,0,0,0,0,0,0,0,0,0,0,0,0,1,1,0.25,2,2.197002347,10,-155.3208313|19.82083321,1,-155.3208313,19.82083321
S5410,1441,84.4834,329.98276,275.4834,90.00333,,1240,2873,3622,-0.7733382,0.62517935,1509,1.8138783,-1.1875,0,0,0,1606.8,200,47.052544,7.655205,83.962265,634,0.34272555,1,0,0,1,0,0,1,0,0,0,0,0,0,0,0,0,0,0,0,0,0,100,0.5,10,3.146305132,2,107.2208328|37.77083206,4,107.2208328,37.77083206
S2596,866,105.483154,813.99994,224.5,11.6,55,770,4447,2237,-0.5974419,0.73766434,37.5,0.60897267,0.125,0,1.0061384,11.715734,7011.8,200,30.887264,20.363865,62.56101,1024,0.5062358,0,1,0,1,0,0,0,0,0,1,0,0,0,0,0,0,0,0,0,0,0,4,0.25,4,2.9956823,10,4.987500191|50.87916565,6,4.987500191,50.87916565
S2897,1461,165.75098,1090.6136,234.68384,80.986595,36,988,4372,2479,0.55923724,0.80507493,1536.5,15.814062,-1.9375,0,6.370753,110.31893,9372.2,190.5109,46.381977,56.841324,58.827087,1392,0.35621017,0,1,0,1,0,0,0,0,0,0,0,0,0,0,0,0,0,0,0,0,1,100,2,4,4.45575331,1,89.87083435|27.50416756,9,89.87083435,27.50416756
S3877,788,75.55005,923.1687,208.5498,21.495003,23,337,2957,4168,0.2377738,0.7446875,719.5,2.840636,4.875,0,0,94.26364,6773.6,200,25.25613,52.291485,56.456364,1291,0.49599174,1,0,0,1,0,0,0,0,0,0,0,0,0,1,0,0,0,0,0,0,0,1,0.6,4,3.401130686,2,9.462499619|48.46250153,7,9.462499619,48.46250153
S3110,1498,90.483154,354.06677,286.48315,96.70003,21,3897,4822,2082,-0.3233875,-0.887533,1167.5,1.5455835,-0.125,0,0.48314512,0,1971,200,50.42288,10.900316,82.0019,756,0.40096432,1,0,0,1,0,0,1,0,0,0,0,0,0,0,0,0,0,0,0,0,0,100,0.5,10,2.397895273,3,109.6541672|38.55416489,9,109.6541672,38.55416489
S5666,1266,136.55005,3570.5193,186.5498,23.998333,,266,3682,5493,0.36486655,0.9310581,1662.5,5.110835,-2.75,0,0,58.27413,11484.8,200,59.214035,235.09749,47.766872,2003,0.2097156,0,1,0,1,0,0,0,0,0,0,0,0,0,0,0,0,0,0,0,0,1,1,0.25,1,2.943701869,8,-155.3041687|19.82916641,1,-155.3041687,19.82916641
S6497,961,27.533203,662.06683,208.50024,62.898327,,922,3366,2554,0.93858004,0.34380913,951,0.8845985,-1,0,0,139.66524,5736.4,196.43079,35.776035,226.97191,50.313286,729,0.7495963,0,1,0,1,0,0,0,0,0,0,0,0,0,0,0,0,0,0,0,0,1,1,0.25,5,1.503188124,1,-117.9708328|54.57916641,8,-117.9708328,54.57916641
S4397,1267,131.61621,3437.4023,183.5664,24.196665,,261,3851,6205,0.39932412,0.9167687,1745,5.119382,0.375,0,0,18.65031,6519.2,200,53.640045,224.0743,50.686573,2003,0.2097156,0,1,0,1,0,0,0,0,0,0,0,0,0,0,0,0,0,0,0,0,1,1,0.25,1,3.217675077,9,-155.3125|19.82916641,1,-155.3125,19.82916641
S2187,867,105.48364,808.01666,224.48364,11.5,74,763,4001,2662,0.7016457,-0.41915107,35,0.7733285,-1.3125,0,1.1196091,17.368177,6235.6,200,25.698122,17.714739,63.268166,1024,0.5058858,0,1,0,1,0,0,0,0,0,1,0,0,0,0,0,0,0,0,0,0,0,4,0.25,4,2.397895273,3,4.979166508|50.86249924,6,4.979166508,50.86249924
S3122,921,66.5,1030.0669,257.4834,14.9,76,384,-542,2795,-0.31622744,0.7071071,17.5,0.13480535,-0.0625,0,0.6216277,0.86844444,4559.8,200,37.614765,99.281906,62.548576,1233,0.7181875,1,0,1,0,0,0,0,0,0,0,0,0,0,0,0,0,0,1,0,0,0,100,0.5,4,3.044427157,4,-73.37083435|45.72083282,10,-73.37083435,45.72083282
S1888,921,66.5,1030.0669,257.4834,14.9,76,384,-542,2795,-0.31622744,0.7071071,17.5,0.13480535,-0.0625,0,0.6216277,0.86844444,4559.8,200,37.614765,99.281906,62.548576,1233,0.7181875,1,0,1,0,0,0,0,0,0,0,0,0,0,0,0,0,0,1,0,0,0,100,0.5,4,3.33220451,5,-73.37083435|45.72083282,10,-73.37083435,45.72083282
S2007,750,65.5,665.0667,187.51685,31.201645,23,953,2039,1984,0.9365692,-0.053244792,7,0.46915835,0.125,100,0.0007552557,60.105957,6096.6,185.71782,52.855045,69.216866,59.659035,894,0.5578785,0,1,0,1,0,0,0,0,0,0,0,0,0,0,0,0,0,0,0,0,1,100,5,4,3.828641396,6,23.57083321|58.58750153,7,23.57083321,58.58750153
S1953,1522,138.5,592.9997,316.5,103.40165,100,839,3039,2384,-0.31622875,0.099133894,12,0.15937415,-0.0625,0,2.7151637,2.051911,3670.4,200,21.713814,12.29388,76.86374,1277,0.39045835,0,1,1,0,0,0,0,0,0,1,0,0,0,0,0,0,0,0,0,0,0,10000,0.5,4,4.092676531,7,117.6791687|36.98749924,2,117.6791687,36.98749924
S2252,1439,83.5166,349.94986,295.5166,106.90167,100,1428,1022,2266,-0.7071065,0.7071071,478,0.36226156,-0.75,0,3.5245235,0,2742,200,45.33217,10.795137,83.21156,1036,0.43122086,0,1,1,0,0,0,0,0,0,0,0,0,0,0,0,1,0,0,0,0,0,400,1,4,1.098612289,8,119.4458313|42.46250153,4,119.4458313,42.46250153
S3237,1209,165.50049,1722.8942,302.5171,56.399982,33,245,972,5143,0.40962502,0.5573813,288.5,4.6380153,-2.75,0,0,36.36391,7383.4,200,35.175575,29.312176,57.766716,2146,0.3658854,1,0,0,1,0,0,1,0,0,0,0,0,0,0,0,0,0,0,0,0,0,1,0.5,1,3.295799849,10,111.0124969|29.63750076,3,111.0124969,29.63750076
S3101,1183,52.483154,537.067,267.48315,106.400024,100,574,699,3605,-0.5423503,-0.6765239,189,0.540221,-0.875,0,2.475264,0,3367,200,25.646847,37.747196,68.53522,690,0.37937596,0,1,0,1,0,0,0,0,0,1,0,0,0,0,0,0,0,0,0,0,0,100,0.5,4,3.33213305,9,126.0374985|44.87083435,8,126.0374985,44.87083435
S2389,1066,33.5,576,262.5,104.396645,100,509,2816,3940,0.8125285,-0.12875327,170,0.50503564,0.875,0,0.035231154,0,2744.4,200,25.807323,57.041042,68.75721,678,0.33719638,0,1,0,1,0,0,0,0,0,1,0,0,0,0,0,0,0,0,0,0,0,100,0.5,4,3.349869018,10,127.1791687|46.60416794,2,127.1791687,46.60416794
S1454,1270,125.5166,1250.983,291.55005,11.801673,,240,3706,4639,0.12524167,0.81796706,109,2.3659096,2.625,0,0,135.86934,6746.4,200,44.67833,47.9507,51.729576,1393,0.46034876,0,1,0,1,0,0,0,0,0,0,0,0,0,0,0,0,0,0,0,0,1,100,5,4,3.669951444,1,-75.4291687|39.9375,5,-75.4291687,39.9375
S2992,921,66.5,1030.0669,257.4834,14.9,76,384,-542,2795,-0.31622744,0.7071071,17.5,0.13480535,-0.0625,0,0.6216277,0.86844444,4559.8,200,37.614765,99.281906,62.548576,1233,0.7181875,1,0,1,0,0,0,0,0,0,0,0,0,0,0,0,0,0,1,0,0,0,100,0.5,4,3.876292173,2,-73.37083435|45.72083282,10,-73.37083435,45.72083282
S3506,1260,126.59985,3311.0686,180.5664,24.298332,,266,-809,5397,0.1786791,0.98317844,1849,5.4882984,-1.25,0,0,12.071645,11000.8,200,47.679646,182.91426,52.51077,2003,0.20980686,0,1,0,1,0,0,0,0,0,0,0,0,0,0,0,0,0,0,0,0,1,1,0.25,2,2.769709611,1,-155.3208313|19.82083321,1,-155.3208313,19.82083321
S2196,1267,131.61621,3437.4023,183.5664,24.196665,,261,3851,6205,0.39932412,0.9167687,1745,5.119382,0.375,0,0,18.65031,6519.2,200,53.640045,224.0743,50.686573,2003,0.2097156,0,1,0,1,0,0,0,0,0,0,0,0,0,0,0,0,0,0,0,0,1,1,0.25,1,2.638914473,1,-155.3125|19.82916641,1,-155.3125,19.82916641
S6746,1266,136.55005,3570.5193,186.5498,23.998333,,266,3682,5493,0.36486655,0.9310581,1662.5,5.110835,-2.75,0,0,58.27413,11484.8,200,59.214035,235.09749,47.766872,2003,0.2097156,0,1,0,1,0,0,0,0,0,0,0,0,0,0,0,0,0,0,0,0,1,1,0.25,1,3.431079751,2,-155.3041687|19.82916641,1,-155.3041687,19.82916641
S5754,1624,176.41724,505.9328,300.4502,59.50167,49,981,4198,3077,-0.89490616,-0.29762495,488,13.571743,5.6875,0,0,17.814756,6391.6,159.47385,42.19635,22.490042,74.28992,1324,0.25846806,0,1,0,1,0,0,0,0,0,0,0,0,0,0,0,0,0,0,0,0,1,100,2,12,2.397895273,6,-2.979166746|35.22083282,10,-2.979166746,35.22083282
S4357,667.5718,64.5,575.0168,187.51685,28.103323,,,,,,,0,0,0,100,0.3658309,17.775467,4804.6,125.248116,57.884518,117.21346,58.67241,,0.6431824,0,1,0,1,0,0,0,0,0,0,0,0,0,0,0,0,0,0,0,1,0,1,0.265,4,3.052254379,3,19.53750038|60.22083282,9,19.53750038,60.22083282
S7367,965,8.549561,692.0508,192.5332,63.603344,,1038,-295,2246,0.32847303,-0.4056939,1318.5,3.926982,4.625,0,0,130.72337,5084,200,35.498493,184.18054,51.360176,855,0.71377885,0,1,0,1,0,0,0,0,0,0,0,0,0,0,0,0,0,0,0,0,1,1,0.25,5,1.488173803,2,-118.4875031|54.16249847,8,-118.4875031,54.16249847
S5013,1157.9999,83.5332,1781.9497,205.5332,66.308304,,742,-3420,1908,0.7790117,0.5568048,769,4.2349763,-4.9375,100,0.024138771,81.00871,8832.2,114.09578,52.272076,110.93555,53.140495,564,0.24302223,0,1,0,1,0,0,0,0,0,0,0,0,0,0,0,0,0,0,0,0,1,100,2,4,2.833213344,4,-71.5541687|-41.07916641,2,-71.5541687,-41.07916641
S3881,1266,136.55005,3570.5193,186.5498,23.998333,,266,3682,5493,0.36486655,0.9310581,1662.5,5.110835,-2.75,0,0,58.27413,11484.8,200,59.214035,235.09749,47.766872,2003,0.2097156,0,1,0,1,0,0,0,0,0,0,0,0,0,0,0,0,0,0,0,0,1,1,0.25,1,2.673665776,3,-155.3041687|19.82916641,1,-155.3041687,19.82916641
S6823,735,60.5,695.017,212.51685,34.101673,29,739,3439,3038,0.22804508,0.31622797,42.5,1.1673896,-0.375,0,0,114.606575,4635,200,61.07548,137.31459,50.11888,833,0.5210264,1,0,0,1,0,0,0,0,0,0,0,0,0,0,0,0,0,0,0,1,0,1,0.25,4,1.600397152,5,27.26250076|58.29583359,7,27.26250076,58.29583359
S3862,1310,89.43115,326.2696,255.46533,86.59833,54,1285,2167,3910,-0.47105342,0.8163252,1781.5,7.1949797,-8.3125,0,3.1393135,0,,199.0586,38.542854,14.550011,82.12689,1414,0.34320238,1,0,0,1,0,0,1,0,0,0,0,0,0,0,0,0,0,0,0,0,0,100,0.5,10,3.600020891,4,102.8291702|36.35416794,9,102.8291702,36.35416794
S3514,1266,136.55005,3570.5193,186.5498,23.998333,,266,3682,5493,0.36486655,0.9310581,1662.5,5.110835,-2.75,0,0,58.27413,11484.8,200,59.214035,235.09749,47.766872,2003,0.2097156,0,1,0,1,0,0,0,0,0,0,0,0,0,0,0,0,0,0,0,0,1,1,0.25,1,3.13540722,4,-155.3041687|19.82916641,1,-155.3041687,19.82916641
S4277,1016,27.5,611.9833,260.5,101.90165,82,447,-1838,3579,0.948683,0.22603233,181,0.4860368,-0.625,0,1.3502684,2.2652445,2804,200,23.753923,72.93048,62.35313,877,0.32716268,0,1,0,1,0,0,0,0,0,1,0,0,0,0,0,0,0,0,0,0,0,100,0.5,4,3.526184023,6,127.6541672|46.94583511,2,127.6541672,46.94583511
S4368,1266,136.55005,3570.5193,186.5498,23.998333,,266,3682,5493,0.36486655,0.9310581,1662.5,5.110835,-2.75,0,0,58.27413,11484.8,200,59.214035,235.09749,47.766872,2003,0.2097156,0,1,0,1,0,0,0,0,0,0,0,0,0,0,0,0,0,0,0,0,1,1,0.25,1,2.301083932,5,-155.3041687|19.82916641,1,-155.3041687,19.82916641
S6140,931,17.5,447.79868,220.51685,45.40332,,520,1847,2230,0.8691163,-0.48879364,688,0.56365883,-0.1875,0,0.2083459,93.97315,6244.2,200,41.30245,163.83438,58.138805,659,0.707645,0,1,0,1,0,0,0,0,0,0,0,0,0,0,0,0,0,0,0,0,1,1,0.25,6,2.302385087,8,-119.0958328|56.24583435,7,-119.0958328,56.24583435
S2307,788,75.55005,923.1687,208.5498,21.495003,23,337,2957,4168,0.2377738,0.7446875,719.5,2.840636,4.875,0,0,94.26364,6773.6,200,25.25613,52.291485,56.456364,1291,0.49599174,1,0,0,1,0,0,0,0,0,0,0,0,0,1,0,0,0,0,0,0,0,1,0.6,4,3.277031509,7,9.462499619|48.46250153,7,9.462499619,48.46250153
S2775,1625,187.39893,1034.7535,272.39893,94.99833,16,1073,5017,2161,-0.3829274,0.54698217,759,4.7178917,-8.1875,0,0,52.734577,13251,179.38745,48.092064,28.163597,59.54737,1885,0.18354121,0,1,0,1,0,0,0,0,0,0,0,0,0,0,0,0,0,0,0,0,1,100,2,1,3.540524465,6,-64.9375|-23.92083359,5,-64.9375,-23.92083359
S6925,1447.9999,100.66748,543.4977,273.68433,41.39668,,492,1602,5658,0.6802275,-0.7045553,1652,15.049555,5.9375,0,0,70.813515,5953.8,190.95566,45.089645,39.135887,64.03502,2083,0.28689593,1,0,0,1,0,0,0,0,0,0,0,0,0,0,0,0,0,0,0,1,0,1,0.5,12,2.70731662,7,-2.837500095|37.40416718,10,-2.837500095,37.40416718
S1907,672,62.5,581.9997,170.5,30.803324,19,922,1151,1944,-0.37644893,0.8944273,9,0.26455182,-0.1875,0,0.01292554,60.14471,6486.6,136.90356,59.23632,101.14881,54.743504,742,0.63427305,0,1,0,1,0,0,0,0,0,0,0,0,0,0,0,0,0,0,0,1,0,1,0.265,4,4.193420379,8,20.16250038|60.07083511,9,20.16250038,60.07083511
S4359,1254,121.61694,3193.9346,176.5835,24.396688,20,751,4018,3778,0.4215162,0.9067608,1941,5.4097967,2,0,0,8.919644,9833.6,199.96217,45.98457,166.13841,55.210518,2003,0.20980686,0,1,0,1,0,0,0,0,0,0,0,0,0,0,0,0,0,0,0,0,1,1,0.25,2,2.637770813,2,-155.3291626|19.82083321,1,-155.3291626,19.82083321
S6897,1764,247.5,1120.9666,331.5,86.6,18,357,1970,3870,0.31622726,0.35355365,28,0.18031488,0.25,40.384613,0,42.555023,8064.2,200,66.57472,12.886098,60.340347,1091,0.23175979,1,0,0,1,0,0,0,0,0,0,0,0,0,0,0,0,0,0,0,1,0,1,0.25,7,1.497164693,2,34.45416641|-18.9375,4,34.45416641,-18.9375
S1391,672,62.5,581.9997,170.5,30.803324,19,922,1151,1944,-0.37644893,0.8944273,9,0.26455182,-0.1875,0,0.01292554,60.14471,6486.6,136.90356,59.23632,101.14881,54.743504,742,0.63427305,0,1,0,1,0,0,0,0,0,0,0,0,0,0,0,0,0,0,0,1,0,1,0.265,4,3.531231008,9,20.16250038|60.07083511,9,20.16250038,60.07083511
S3022,1183,67.5,575.93317,271.5332,107.50165,100,599,-1521,2540,0.7071065,0.15811387,176,0.09783207,0.125,0,0.8649479,0.27306667,2967.6,200,29.19399,37.859787,70.690895,816,0.3885432,0,1,0,1,0,0,0,0,0,1,0,0,0,0,0,0,0,0,0,0,0,100,0.5,4,3.514496276,10,124.6958313|43.49583435,7,124.6958313,43.49583435
S7303,1260,126.59985,3311.0686,180.5664,24.298332,,266,-809,5397,0.1786791,0.98317844,1849,5.4882984,-1.25,0,0,12.071645,11000.8,200,47.679646,182.91426,52.51077,2003,0.20980686,0,1,0,1,0,0,0,0,0,0,0,0,0,0,0,0,0,0,0,0,1,1,0.25,2,2.705045687,3,-155.3208313|19.82083321,1,-155.3208313,19.82083321
S5366,1183,67.5,575.93317,271.5332,107.50165,100,599,-1521,2540,0.7071065,0.15811387,176,0.09783207,0.125,0,0.8649479,0.27306667,2967.6,200,29.19399,37.859787,70.690895,816,0.3885432,0,1,0,1,0,0,0,0,0,1,0,0,0,0,0,0,0,0,0,0,0,100,0.5,4,3.304429466,1,124.6958313|43.49583435,7,124.6958313,43.49583435
S2780,945.00006,20.667969,928.89716,221.66821,65.09999,,373,849,3160,-0.10826108,0.6807085,714.5,15.813019,12.5,0,0,131.5328,8022,182.07877,38.52103,125.806854,55.558304,1160,0.24093853,0,1,0,1,0,0,0,0,0,0,0,0,0,0,0,0,0,0,0,0,1,100,2,4,3.63758616,2,132.9458313|43.37916565,5,132.9458313,43.37916565
S1043,1425,177.41724,779.73157,286.417,48.401672,58,783,278,2545,-0.7760674,0.6298202,76,2.8819964,-4.5,0,0.34398142,19.1616,8441,200,36.834293,20.159712,74.93907,1965,0.18426913,0,1,0,1,0,0,0,0,0,0,0,0,0,0,0,0,0,0,0,1,0,1,0.25,12,3.896889074,8,3.020833254|39.83750153,4,3.020833254,39.83750153
S4664,1933.9998,227.56665,2950.6462,248.5498,17.9,,270,1755,3805,0.74400765,0.6681686,49.5,5.9855947,-4,0,0.09063805,121.70809,16026.4,200,29.373148,81.71923,54.94825,1723,0.19560494,1,0,0,1,0,0,0,0,0,0,0,0,0,0,0,0,0,0,1,0,0,100,0.25,1,2.302084957,7,-156.0375061|20.79583359,2,-156.0375061,20.79583359
S4019,674,62.5,610.10016,186.48315,29.7,,961,964,1965,0.46054667,0.52532357,17,1.3315935,0.75,0,0.031560797,89.382935,6652.2,142.64383,63.288723,92.9792,55.291878,742,0.6547216,0,1,0,1,0,0,0,0,0,0,0,0,0,0,0,0,0,0,0,1,0,1,0.265,4,3.00375001,3,19.92083359|60.34583282,9,19.92083359,60.34583282
S1677,1779.9999,223.46802,1337.6608,285.46802,56.393288,58,929,3642,1435,0.027013123,0.39366782,693,15.273838,-1.25,7.692308,0.13333161,108.46222,15377.2,176.99666,47.916077,21.426783,56.774197,1837,0.2080169,0,1,0,1,0,0,0,0,0,0,0,0,0,0,0,0,0,0,0,0,1,100,2,7,3.17805383,3,-63.52083206|-18.17083359,8,-63.52083206,-18.17083359
S3923,1387.9999,147.6643,806.7692,228.66504,67.99833,33,515,1910,3306,-0.7320466,0.5997975,372.5,10.214458,19.4375,0,0,59.300446,20410.4,193.75975,40.68224,42.523605,61.6193,1513,0.19513918,0,1,0,1,0,0,0,0,0,0,0,0,0,0,0,0,0,0,0,0,1,100,2,12,3.384152948,9,-9.004166603|38.47083282,9,-9.004166603,38.47083282
S1418,1771,242.5,1133.319,324.4834,85.8,,128,-1674,5903,-0.51026034,-0.22177547,120.5,2.755228,-1.125,30.769232,0,56.788445,8348.8,188.10933,64.91112,16.186789,59.68965,1588,0.23701541,1,0,0,1,0,0,0,0,0,0,0,0,0,0,0,0,0,0,0,1,0,1,0.25,7,2.833154495,4,34.1875|-19.02083397,4,34.1875,-19.02083397
S7310,986,85.5,1211.318,261.48364,7.9,,473,818,2870,-0.91299415,0.40752846,325,1.7175539,-1.1875,0,2.2223876,78.33369,8275.4,200,56.90684,107.66652,49.993156,1173,0.6622795,0,1,0,1,0,0,0,0,0,0,0,0,0,0,0,0,0,0,0,1,0,100,0.25,4,1.386294361,4,-72.1875|42.48749924,3,-72.1875,42.48749924
S7284,1267,131.61621,3437.4023,183.5664,24.196665,,261,3851,6205,0.39932412,0.9167687,1745,5.119382,0.375,0,0,18.65031,6519.2,200,53.640045,224.0743,50.686573,2003,0.2097156,0,1,0,1,0,0,0,0,0,0,0,0,0,0,0,0,0,0,0,0,1,1,0.25,1,2.014236116,8,-155.3125|19.82916641,1,-155.3125,19.82916641
S3108,674,64.5,576.9665,193.5,28.200027,6,1243,3619,2126,-0.25617212,0.4637413,0.5,0.5309193,-1,0,0.040785387,65.57244,6465.6,150.15236,58.503414,91.94949,55.672367,,0.6442544,0,1,0,1,0,0,0,0,0,0,0,0,0,0,0,0,0,0,0,1,0,1,0.265,4,2.197224577,5,19.59583282|60.23749924,9,19.59583282,60.23749924
S3588,1271,183.5,1647.4989,336.5,47.501644,100,820,2297,2749,0.67259145,0.7400106,59,0.51373816,-0.75,0,1.8910588,2.1731555,5050.8,200,31.271835,16.40778,57.5622,2200,0.36631495,0,1,0,1,0,0,0,0,0,1,0,0,0,0,0,0,0,0,0,0,0,400,1.5,1,3.501525266,9,119.6208344|29.02083397,3,119.6208344,29.02083397
S3206,1145,102.56616,670.035,273.53296,83.395004,69,958,1534,2598,-0.31920707,0.2720523,1384.5,8.644741,12.6875,0,1.7709147,0.96746665,4267,200,28.215963,15.9814415,79.119225,1046,0.3843189,1,0,1,0,0,0,0,0,0,0,0,0,0,0,1,0,0,0,0,0,0,400,1,4,1.791759469,6,107.4124985|35.12083435,6,107.4124985,35.12083435
S6777,1266,136.55005,3570.5193,186.5498,23.998333,,266,3682,5493,0.36486655,0.9310581,1662.5,5.110835,-2.75,0,0,58.27413,11484.8,200,59.214035,235.09749,47.766872,2003,0.2097156,0,1,0,1,0,0,0,0,0,0,0,0,0,0,0,0,0,0,0,0,1,1,0.25,1,3.25555485,10,-155.3041687|19.82916641,1,-155.3041687,19.82916641
S3795,1739,272.5,3446.6875,300.5,81.60333,44,1586,2006,1460,-0.19197914,-0.85057676,2,0.180393,-0.1875,100,5.340578,5.8851557,,200,49.803955,24.235125,53.095585,2128,0.3826941,0,1,0,1,0,0,0,0,0,0,0,0,0,0,0,0,0,0,0,0,1,100,5,14,1.945910149,4,103.5541687|10.57083321,10,103.5541687,10.57083321
S4136,1254,121.61694,3193.9346,176.5835,24.396688,20,751,4018,3778,0.4215162,0.9067608,1941,5.4097967,2,0,0,8.919644,9833.6,199.96217,45.98457,166.13841,55.210518,2003,0.20980686,0,1,0,1,0,0,0,0,0,0,0,0,0,0,0,0,0,0,0,0,1,1,0.25,2,2.904000669,4,-155.3291626|19.82083321,1,-155.3291626,19.82083321
S4446,1273,182.5,1732.1478,333.53345,47.50167,53,1421,969,1174,0.7838823,-0.019811742,94,1.3082895,1.25,0,0.61262494,26.9792,3980.4,200,34.9169,20.5226,57.7983,2200,0.3663975,0,1,0,1,0,0,0,0,0,1,0,0,0,0,0,0,0,0,0,0,0,400,1.5,1,3.409132493,1,119.5958328|29.00416756,3,119.5958328,29.00416756
S1744,1520,257.5,1500.9165,290.51636,68.39667,100,629,4325,2651,-0.52737343,0.45420784,19,2.0147512,1.0625,0,2.1687336,38.871643,8082.2,200,61.924675,19.536886,52.44133,1501,0.19196343,0,1,0,1,0,0,1,0,0,0,0,0,0,0,0,0,0,0,0,0,0,113,0.25,1,4.420044683,2,-6.712500095|4.762499809,8,-6.712500095,4.762499809
S1136,1323,91.56714,633.47,246.56714,80.703354,33,349,4136,3962,0.65146536,0.64485115,1206.5,24.583595,-27.875,0,0,50.176888,2025,197.12196,38.307446,39.714783,66.322716,1567,0.43148318,0,1,0,1,0,0,0,0,0,1,0,0,0,0,0,0,0,0,0,0,0,1,0.05,4,4.456264073,7,112.2791672|35.20416641,9,112.2791672,35.20416641
S6537,1722,109.41675,1447.0997,195.43335,93.1,,253,102,5958,0.6902526,-0.67092395,3084.5,5.1736407,-6.5625,0,0.28307295,20.194489,8863.2,200,42.814995,51.5498,60.40515,3036,0.36197704,0,1,0,1,0,0,0,0,0,0,0,0,0,0,0,0,0,0,0,0,1,100,2,3,2.772588722,10,-99.37083435|19.27916718,6,-99.37083435,19.27916718
S4741,675,61.5,593.9835,170.48315,31.2,,1752,3702,1481,-0.36264205,-0.7482291,10,0.237905,-0.25,0,0.12827165,46.171734,6615.2,152.70522,58.94751,78.97082,54.888958,,0.62720597,0,1,0,1,0,0,0,0,0,0,0,0,0,0,0,0,0,0,0,1,0,1,0.265,4,3.704777381,8,20.27083397|60.13750076,9,20.27083397,60.13750076
S948,674,62.5,610.10016,186.48315,29.7,,961,964,1965,0.46054667,0.52532357,17,1.3315935,0.75,0,0.031560797,89.382935,6652.2,142.64383,63.288723,92.9792,55.291878,742,0.6547216,0,1,0,1,0,0,0,0,0,0,0,0,0,0,0,0,0,0,0,1,0,1,0.265,4,3.62870477,9,19.92083359|60.34583282,9,19.92083359,60.34583282
S5079,1045,134.45044,1288.0151,274.4668,33.199993,34,1919,3051,1420,-0.3874815,-0.56694716,199.5,0.74309736,-2.0625,0,5.195792,95.18365,5523.4,197.64505,44.270634,40.037987,62.358387,2120,0.39587706,0,1,0,1,0,0,0,0,0,0,0,0,0,0,0,0,0,0,0,0,1,100,2,5,2.970414466,3,8.587499619|45.77083206,7,8.587499619,45.77083206
S4301,1354,154.5,946.96655,311.5,80.801674,100,823,3362,2657,0.88272566,0.017231165,54,0.5055779,0.0625,0,6.8054237,0,4930,200,24.329462,13.452157,79.334946,1329,0.40240216,0,1,0,1,0,0,0,0,0,1,0,0,0,0,0,0,0,0,0,0,0,10000,0.5,4,3.625699974,10,114.2291641|33.37083435,3,114.2291641,33.37083435
S6749,1266,136.55005,3570.5193,186.5498,23.998333,,266,3682,5493,0.36486655,0.9310581,1662.5,5.110835,-2.75,0,0,58.27413,11484.8,200,59.214035,235.09749,47.766872,2003,0.2097156,0,1,0,1,0,0,0,0,0,0,0,0,0,0,0,0,0,0,0,0,1,1,0.25,1,3.80158293,3,-155.3041687|19.82916641,1,-155.3041687,19.82916641
S3192,1760,244.48364,1222.2501,326.48364,85.90001,,324,260,4038,-0.18569498,0.86760217,95.5,1.0685066,-0.5,48.076923,0.27658707,42.833424,7585.6,199.90366,69.647675,17.959805,60.28013,1588,0.23592591,1,0,0,1,0,0,0,0,0,0,0,0,0,0,0,0,0,0,0,1,0,1,0.25,7,3.218875825,5,34.22916794|-19.00416756,4,34.22916794,-19.00416756
S4026,1688,257.5166,2959.9495,293.53345,56.304985,,142,65,5961,-0.41344553,0.7215339,88,4.020423,1.4375,0,0,156.95395,9391,200,37.658844,74.15421,52.18274,1881,0.33074528,1,0,0,1,0,0,0,0,0,0,0,0,0,0,0,0,0,0,1,0,0,400,0.025,1,2.564718542,4,-79.84583282|9.112500191,4,-79.84583282,9.112500191
S4366,1254,121.61694,3193.9346,176.5835,24.396688,20,751,4018,3778,0.4215162,0.9067608,1941,5.4097967,2,0,0,8.919644,9833.6,199.96217,45.98457,166.13841,55.210518,2003,0.20980686,0,1,0,1,0,0,0,0,0,0,0,0,0,0,0,0,0,0,0,0,1,1,0.25,2,3.245167173,5,-155.3291626|19.82083321,1,-155.3291626,19.82083321
S4257,1104,44.500244,552.9497,268.50024,104.90167,100,593,328,3673,-0.1473479,-0.57735026,139,0.7270266,0.9375,0,6.7388964,0,2997.4,200,28.339163,30.600622,66.377945,868,0.34728733,0,1,1,0,0,0,0,0,0,1,0,0,0,0,0,0,0,0,0,0,0,60,0.25,4,3.295725739,1,126.8458328|45.84583282,8,126.8458328,45.84583282
S4237,2038,241.49976,748.36804,275.5,47.886646,,,,,-0.7071073,-0.70710623,0,0,0,100,0,0,,200,41,31,72,1267,0.10346407,0,1,0,1,0,0,0,0,0,0,0,0,0,0,0,0,0,0,0,0,1,100,2,6,2.301184118,9,-158.1541595|21.37916756,2,-158.1541595,21.37916756
S2040,866,105.483154,813.99994,224.5,11.6,55,770,4447,2237,-0.5974419,0.73766434,37.5,0.60897267,0.125,0,1.0061384,11.715734,7011.8,200,30.887264,20.363865,62.56101,1024,0.5062358,0,1,0,1,0,0,0,0,0,1,0,0,0,0,0,0,0,0,0,0,0,4,0.25,4,3.624314281,2,4.987500191|50.87916565,6,4.987500191,50.87916565
S3583,1464,145.5,752.98334,305.5,93.80335,100,574,399,3393,-0.7071069,-0.5144949,46,0.12750208,-0.125,0,3.145901,0.29155555,4255.6,200,26.410366,10.386083,78.58115,1249,0.4378763,0,1,1,0,0,0,0,0,0,1,0,0,0,0,0,0,0,0,0,0,0,10000,0.5,4,4.086732298,3,117.0708313|35.00416565,10,117.0708313,35.00416565
S1982,1464,230.4834,1878.5656,308.5,75.995,100,408,-361,3670,0.1686722,0.13949685,60.5,1.3896093,-1,0,1.1651131,6.429867,5778.4,200,51.437828,16.542856,56.72334,2063,0.24581143,0,1,1,0,0,0,0,0,0,1,0,0,0,0,0,0,0,0,0,0,0,100,0.25,1,4.147632539,5,109.4958344|21.99583244,10,109.4958344,21.99583244
S1178,1601,246.4834,2205.302,323.4834,69.99997,88,776,5107,2506,-0.9469061,-0.1650163,36,1.2230806,0.125,0,2.1836524,31.796621,7068.4,200,42.181496,19.212774,54.58783,1991,0.2197157,0,1,1,0,0,0,0,0,0,1,0,0,0,0,0,0,0,0,0,0,0,100,0.25,1,3.979606855,6,110.1958313|19.76250076,2,110.1958313,19.76250076
S1377,1376,154.5,941.9665,311.5,75.201706,100,772,1593,2172,0.85749227,-0.5144969,34.5,0.20721093,0,7.692308,4.5509214,3.7237334,4585.8,200,18.827013,12.98033,79.31286,1257,0.40955758,0,1,0,1,0,0,0,0,0,1,0,0,0,0,0,0,0,0,0,0,0,10000,0.5,4,4.363085893,4,115.5041656|33.22083282,3,115.5041656,33.22083282
S3177,1254,121.61694,3193.9346,176.5835,24.396688,20,751,4018,3778,0.4215162,0.9067608,1941,5.4097967,2,0,0,8.919644,9833.6,199.96217,45.98457,166.13841,55.210518,2003,0.20980686,0,1,0,1,0,0,0,0,0,0,0,0,0,0,0,0,0,0,0,0,1,1,0.25,2,3.511396142,6,-155.3291626|19.82083321,1,-155.3291626,19.82083321
S3324,1254,121.61694,3193.9346,176.5835,24.396688,20,751,4018,3778,0.4215162,0.9067608,1941,5.4097967,2,0,0,8.919644,9833.6,199.96217,45.98457,166.13841,55.210518,2003,0.20980686,0,1,0,1,0,0,0,0,0,0,0,0,0,0,0,0,0,0,0,0,1,1,0.25,2,3.04418905,7,-155.3291626|19.82083321,1,-155.3291626,19.82083321
S3221,1527,209.50049,3799.9307,272.5171,58.484955,,309,-1264,3389,-0.5599617,0.6561868,954.5,10.906851,-7.75,0,0.02392912,203.85529,9584.25,190.73378,42.959465,94.41547,52.92364,3612,0.29427734,0,1,0,1,0,0,0,0,0,0,0,0,0,0,0,0,0,0,0,0,1,100,2,1,3.71354769,7,-84.59583282|10.22083378,10,-84.59583282,10.22083378
S4093,961,27.533203,662.06683,208.50024,62.898327,,922,3366,2554,0.93858004,0.34380913,951,0.8845985,-1,0,0,139.66524,5736.4,196.43079,35.776035,226.97191,50.313286,729,0.7495963,0,1,0,1,0,0,0,0,0,0,0,0,0,0,0,0,0,0,0,0,1,1,0.25,5,2.5648724,4,-117.9708328|54.57916641,8,-117.9708328,54.57916641
S7618,1261,130.56738,3436.2678,183.53369,24.196665,,296,-647,4310,0.58436203,0.811493,1773.5,4.9342194,-0.5,0,0,66.01315,5316.4,200,53.722668,205.09613,49.632347,2003,0.20980686,0,1,0,1,0,0,0,0,0,0,0,0,0,0,0,0,0,0,0,0,1,1,0.25,1,1.386294361,8,-155.3125|19.82083321,1,-155.3125,19.82083321
S5824,607.99994,-41.41626,529.04926,207.56738,76.09165,,1104,2072,1867,0.98627734,0.0078041097,982.5,22.181892,-22.5,0,0,113.851555,4218.4,109.64883,40.26322,231.29428,57.988937,781,0.3164982,0,1,0,1,0,0,0,0,0,0,0,0,0,0,0,0,0,0,0,0,1,100,2,6,2.708050201,10,110.1458359|54.36249924,7,110.1458359,54.36249924
S2584,961,27.533203,662.06683,208.50024,62.898327,,922,3366,2554,0.93858004,0.34380913,951,0.8845985,-1,0,0,139.66524,5736.4,196.43079,35.776035,226.97191,50.313286,729,0.7495963,0,1,0,1,0,0,0,0,0,0,0,0,0,0,0,0,0,0,0,0,1,1,0.25,5,2.079441542,5,-117.9708328|54.57916641,8,-117.9708328,54.57916641
S4121,1254,121.61694,3193.9346,176.5835,24.396688,20,751,4018,3778,0.4215162,0.9067608,1941,5.4097967,2,0,0,8.919644,9833.6,199.96217,45.98457,166.13841,55.210518,2003,0.20980686,0,1,0,1,0,0,0,0,0,0,0,0,0,0,0,0,0,0,0,0,1,1,0.25,2,3.025242576,8,-155.3291626|19.82083321,1,-155.3291626,19.82083321
S2939,1316,191.5166,1996.9005,337.4834,57.6,94,864,523,2159,-0.629941,0.6944358,44.5,0.8258096,0.0625,100,14.673319,2.9752889,3907.8,200,40.060986,15.3768215,51.649517,2054,0.37153614,0,1,0,1,0,0,0,0,0,1,0,0,0,0,0,0,0,0,0,0,0,400,1.5,4,3.409463144,5,116.9291687|28.21249962,7,116.9291687,28.21249962
S1967,1763,241.49976,1166.5187,323.48315,85.698326,18,164,2152,7027,0.0061715585,-0.9445145,137.5,2.6046526,1.625,32.692307,0,64.32036,7795.4,182.74548,67.90622,20.794518,59.11045,1588,0.23701023,1,0,0,1,0,0,0,0,0,0,0,0,0,0,0,0,0,0,0,1,0,1,0.25,7,2.602689685,6,34.19583511|-19.00416756,4,34.19583511,-19.00416756
S3582,1453,142.5166,480.0168,324.5,107.00002,100,466,-436,3421,-0.45811355,0.70710665,39.5,0.16907111,0,0,3.8183894,1.2693334,4063.8,200,33.95083,12.478192,81.10333,1151,0.40750837,0,1,1,0,0,0,0,0,0,1,0,0,0,0,0,0,0,0,0,0,0,10000,0.5,4,4.012953749,6,114.8291702|37.76250076,4,114.8291702,37.76250076
S7466,1266,136.55005,3570.5193,186.5498,23.998333,,266,3682,5493,0.36486655,0.9310581,1662.5,5.110835,-2.75,0,0,58.27413,11484.8,200,59.214035,235.09749,47.766872,2003,0.2097156,0,1,0,1,0,0,0,0,0,0,0,0,0,0,0,0,0,0,0,0,1,1,0.25,1,1.700922619,9,-155.3041687|19.82916641,1,-155.3041687,19.82916641
S6054,1804,248.5,1115.9833,331.5,86.09836,30,390,-389,4298,0.40309548,-0.8015435,24,0.26455182,0.1875,44.230766,0,8.126933,6981.2,200,62.839287,14.004452,60.972645,1588,0.19704925,1,0,1,0,0,0,0,0,0,0,0,0,0,0,0,0,0,0,0,1,0,1,0.25,7,0.6931471806,7,34.39583206|-18.88750076,4,34.39583206,-18.88750076
S6751,1260,126.59985,3311.0686,180.5664,24.298332,,266,-809,5397,0.1786791,0.98317844,1849,5.4882984,-1.25,0,0,12.071645,11000.8,200,47.679646,182.91426,52.51077,2003,0.20980686,0,1,0,1,0,0,0,0,0,0,0,0,0,0,0,0,0,0,0,0,1,1,0.25,2,2.483071608,9,-155.3208313|19.82083321,1,-155.3208313,19.82083321
S4533,921,66.5,1030.0669,257.4834,14.9,76,384,-542,2795,-0.31622744,0.7071071,17.5,0.13480535,-0.0625,0,0.6216277,0.86844444,4559.8,200,37.614765,99.281906,62.548576,1233,0.7181875,1,0,1,0,0,0,0,0,0,0,0,0,0,0,0,0,0,1,0,0,0,100,0.5,4,3.433890417,7,-73.37083435|45.72083282,10,-73.37083435,45.72083282
S3305,2028,114.41577,1260.157,298.46606,103.594986,49,612,4598,5930,-0.4527976,-0.7814373,2106,6.742823,3.0625,0,0,0,569.6,200,34.64274,18.512203,72.22459,1089,0.28569117,0,1,0,1,0,0,0,0,0,0,0,0,0,0,0,0,0,0,0,0,1,100,2,4,3.583518938,8,51.57083511|30.72916603,6,51.57083511,30.72916603
S5907,1266,136.55005,3570.5193,186.5498,23.998333,,266,3682,5493,0.36486655,0.9310581,1662.5,5.110835,-2.75,0,0,58.27413,11484.8,200,59.214035,235.09749,47.766872,2003,0.2097156,0,1,0,1,0,0,0,0,0,0,0,0,0,0,0,0,0,0,0,0,1,1,0.25,1,3.019106924,10,-155.3041687|19.82916641,1,-155.3041687,19.82916641
S1815,1568,150.33691,1119.4,206.41919,64.59996,11,1562,5058,1690,-0.80301046,0.59577906,380,30.021318,-5.75,0,0,103.5952,8595.6,108.79724,60.050938,50.315693,54.64517,1952,0.077600025,0,1,0,1,0,0,0,0,0,0,0,0,0,0,0,0,0,0,0,0,1,100,2,12,4.131110368,10,18.42916679|-33.97916794,8,18.42916679,-33.97916794
S6636,1254,121.61694,3193.9346,176.5835,24.396688,20,751,4018,3778,0.4215162,0.9067608,1941,5.4097967,2,0,0,8.919644,9833.6,199.96217,45.98457,166.13841,55.210518,2003,0.20980686,0,1,0,1,0,0,0,0,0,0,0,0,0,0,0,0,0,0,0,0,1,1,0.25,2,2.803117945,10,-155.3291626|19.82083321,1,-155.3291626,19.82083321
S1457,1273,182.5,1732.1478,333.53345,47.50167,53,1421,969,1174,0.7838823,-0.019811742,94,1.3082895,1.25,0,0.61262494,26.9792,3980.4,200,34.9169,20.5226,57.7983,2200,0.3663975,0,1,0,1,0,0,0,0,0,1,0,0,0,0,0,0,0,0,0,0,0,400,1.5,1,3.135450761,1,119.5958328|29.00416756,3,119.5958328,29.00416756
S2058,893,41.433594,663.7013,245.38354,18.2,49,908,5078,2540,-0.8760779,-0.41833657,179.5,3.9164886,-2,0,0,45.753246,3977.4,199.87581,28.448627,88.23958,61.68232,788,0.42687747,0,1,0,1,0,0,0,0,0,0,0,0,0,0,0,0,0,0,0,0,1,100,5,4,3.624340933,9,56.14583206|53.62916565,8,56.14583206,53.62916565
S3653,1267,131.61621,3437.4023,183.5664,24.196665,,261,3851,6205,0.39932412,0.9167687,1745,5.119382,0.375,0,0,18.65031,6519.2,200,53.640045,224.0743,50.686573,2003,0.2097156,0,1,0,1,0,0,0,0,0,0,0,0,0,0,0,0,0,0,0,0,1,1,0.25,1,3.511216979,2,-155.3125|19.82916641,1,-155.3125,19.82916641
S977,1538,253.5332,1378.0835,321.5332,48.101673,94,355,-386,2681,-0.0079363715,-0.6148346,231,0.9671129,0.25,0,0.8871795,55.412266,7995,200,59.770294,16.79197,55.95821,1322,0.21374775,0,1,0,1,0,0,1,0,0,0,0,0,0,0,0,0,0,0,0,0,0,113,0.25,1,4.773502685,3,-5.862500191|6.137499809,8,-5.862500191,6.137499809
S2402,1744,254.5,1419.2351,292.5,81.7,34,,,,-0.9493637,-0.26568404,0,0.6912664,0,100,0.020977085,0.4664889,,200,49.273285,16.209812,59.91296,2110,0.18310465,0,1,1,0,0,0,0,0,0,1,0,0,0,0,0,0,0,0,0,0,0,100,0.25,1,4.586201433,4,108.7958298|18.47916603,8,108.7958298,18.47916603
S4459,670,62.500244,610.10016,186.4668,29.701675,,1066,1206,1917,-0.42582887,0.5810578,3,0.9653414,-0.4375,100,0.58432454,66.11253,6498.2,158.41222,57.197666,99.02958,54.450024,742,0.6547216,0,1,0,1,0,0,0,0,0,0,0,0,0,0,0,0,0,0,0,1,0,1,0.265,4,3.839366253,10,19.92916679|60.34583282,9,19.92916679,60.34583282
S4445,1763,241.49976,1166.5187,323.48315,85.698326,18,164,2152,7027,0.0061715585,-0.9445145,137.5,2.6046526,1.625,32.692307,0,64.32036,7795.4,182.74548,67.90622,20.794518,59.11045,1588,0.23701023,1,0,0,1,0,0,0,0,0,0,0,0,0,0,0,0,0,0,0,1,0,1,0.25,7,2.707916869,8,34.19583511|-19.00416756,4,34.19583511,-19.00416756
S889,1538,253.51636,1387.0503,321.5166,48.10003,78,330,1140,3618,0.16270289,0.13121963,233,1.5943131,0.5625,0,0.041057333,83.57387,8198.2,200,59.868458,18.661396,55.783028,1322,0.21374775,0,1,0,1,0,0,1,0,0,0,0,0,0,0,0,0,0,0,0,0,0,113,0.25,1,4.636116353,5,-5.854166508|6.129166603,8,-5.854166508,6.129166603
S3916,1260,126.59985,3311.0686,180.5664,24.298332,,266,-809,5397,0.1786791,0.98317844,1849,5.4882984,-1.25,0,0,12.071645,11000.8,200,47.679646,182.91426,52.51077,2003,0.20980686,0,1,0,1,0,0,0,0,0,0,0,0,0,0,0,0,0,0,0,0,1,1,0.25,2,2.782972116,1,-155.3208313|19.82083321,1,-155.3208313,19.82083321
S4262,1266,136.55005,3570.5193,186.5498,23.998333,,266,3682,5493,0.36486655,0.9310581,1662.5,5.110835,-2.75,0,0,58.27413,11484.8,200,59.214035,235.09749,47.766872,2003,0.2097156,0,1,0,1,0,0,0,0,0,0,0,0,0,0,0,0,0,0,0,0,1,1,0.25,1,3.276956068,6,-155.3041687|19.82916641,1,-155.3041687,19.82916641
S4402,735,60.5,695.017,212.51685,34.101673,29,739,3439,3038,0.22804508,0.31622797,42.5,1.1673896,-0.375,0,0,114.606575,4635,200,61.07548,137.31459,50.11888,833,0.5210264,1,0,0,1,0,0,0,0,0,0,0,0,0,0,0,0,0,0,0,1,0,1,0.25,4,2.196780013,1,27.26250076|58.29583359,7,27.26250076,58.29583359
S5187,788,75.55005,923.1687,208.5498,21.495003,23,337,2957,4168,0.2377738,0.7446875,719.5,2.840636,4.875,0,0,94.26364,6773.6,200,25.25613,52.291485,56.456364,1291,0.49599174,1,0,0,1,0,0,0,0,0,0,0,0,0,1,0,0,0,0,0,0,0,1,0.6,4,3.637428239,2,9.462499619|48.46250153,7,9.462499619,48.46250153
S5633,1267,131.61621,3437.4023,183.5664,24.196665,,261,3851,6205,0.39932412,0.9167687,1745,5.119382,0.375,0,0,18.65031,6519.2,200,53.640045,224.0743,50.686573,2003,0.2097156,0,1,0,1,0,0,0,0,0,0,0,0,0,0,0,0,0,0,0,0,1,1,0.25,1,2.197113468,7,-155.3125|19.82916641,1,-155.3125,19.82916641
S4166,1267,131.61621,3437.4023,183.5664,24.196665,,261,3851,6205,0.39932412,0.9167687,1745,5.119382,0.375,0,0,18.65031,6519.2,200,53.640045,224.0743,50.686573,2003,0.2097156,0,1,0,1,0,0,0,0,0,0,0,0,0,0,0,0,0,0,0,0,1,1,0.25,1,3.617464009,8,-155.3125|19.82916641,1,-155.3125,19.82916641
S5981,934,16.516846,602.066,206.51685,65.298355,,986,3801,2360,0.939626,-0.3421963,1161.5,2.0621483,-0.875,0,0,82.95734,5789,200,36.06001,164.98785,54.173958,854,0.76550436,0,1,0,1,0,0,0,0,0,0,0,0,0,0,0,0,0,0,0,0,1,1,0.25,5,2.197224577,6,-117.3291702|53.80416489,8,-117.3291702,53.80416489
S1801,955,16.5,563.10065,252.50024,104.4,66,661,251,2071,0.98370004,-0.17981732,295.5,2.2579837,-0.625,7.692308,0,3.4972444,3189,200,33.344532,73.1017,60.28853,680,0.2960719,0,1,0,1,0,0,0,0,0,1,0,0,0,0,0,0,0,0,0,0,0,100,0.5,4,2.944386375,3,126.8291702|48.33750153,2,126.8291702,48.33750153
S6796,1267,131.61621,3437.4023,183.5664,24.196665,,261,3851,6205,0.39932412,0.9167687,1745,5.119382,0.375,0,0,18.65031,6519.2,200,53.640045,224.0743,50.686573,2003,0.2097156,0,1,0,1,0,0,0,0,0,0,0,0,0,0,0,0,0,0,0,0,1,1,0.25,1,2.93704331,9,-155.3125|19.82916641,1,-155.3125,19.82916641
S2081,788,75.55005,923.1687,208.5498,21.495003,23,337,2957,4168,0.2377738,0.7446875,719.5,2.840636,4.875,0,0,94.26364,6773.6,200,25.25613,52.291485,56.456364,1291,0.49599174,1,0,0,1,0,0,0,0,0,0,0,0,0,1,0,0,0,0,0,0,0,1,0.6,4,2.63905733,4,9.462499619|48.46250153,7,9.462499619,48.46250153
S2264,1575,245.50024,2616.8984,322.50024,68.10164,49,697,2280,2248,-0.0240685,0.70971423,79,1.1260417,2.875,0,0.1518507,31.999289,6930.6,200,41.6475,19.00152,53.831303,2175,0.22356746,0,1,1,0,0,0,0,0,0,1,0,0,0,0,0,0,0,0,0,0,0,100,0.25,1,4.095993186,10,110.6208344|19.59583282,2,110.6208344,19.59583282
S4896,1254,121.61694,3193.9346,176.5835,24.396688,20,751,4018,3778,0.4215162,0.9067608,1941,5.4097967,2,0,0,8.919644,9833.6,199.96217,45.98457,166.13841,55.210518,2003,0.20980686,0,1,0,1,0,0,0,0,0,0,0,0,0,0,0,0,0,0,0,0,1,1,0.25,2,3.300382047,2,-155.3291626|19.82083321,1,-155.3291626,19.82083321
S2464,1277,98.4668,224.89969,279.48364,89.09832,,805,2080,4443,-0.8242794,-0.3968857,1725,2.6565092,-2.1875,0,0,0,1507.8,200,44.526073,12.019583,82.701454,1251,0.36565703,1,0,0,1,0,0,1,0,0,0,0,0,0,0,0,0,0,0,0,0,0,100,0.5,13,2.708050201,8,103.9541702|36.36249924,9,103.9541702,36.36249924
S3393,1497,207.6333,2911.7383,266.61694,28.9,,488,4584,3368,0.5461215,0.83525676,403.5,11.475615,10.5625,0,0,200.09724,10441,192.66049,36.64644,91.23445,49.189213,1410,0.20351845,0,1,0,1,0,0,0,0,0,0,0,0,0,0,0,0,0,0,0,0,1,100,2,1,2.956679507,1,128.2208405|26.72083282,3,128.2208405,26.72083282
S3606,1021.99994,-1.3825684,1379.0079,187.63428,22.596657,,1769,1322,2437,0.53414994,0.7705729,2094.5,18.36282,-15.4375,0,0,1.0808889,1251.4,61.5736,43.513676,120.381424,57.67844,1018,0.48781145,1,0,0,1,0,0,0,0,0,0,0,0,0,0,0,0,0,0,1,0,0,1,0.25,5,2.397713451,7,-113.3458328|48.46250153,2,-113.3458328,48.46250153
S2381,788,75.55005,923.1687,208.5498,21.495003,23,337,2957,4168,0.2377738,0.7446875,719.5,2.840636,4.875,0,0,94.26364,6773.6,200,25.25613,52.291485,56.456364,1291,0.49599174,1,0,0,1,0,0,0,0,0,0,0,0,0,1,0,0,0,0,0,0,0,1,0.6,4,2.890316231,5,9.462499619|48.46250153,7,9.462499619,48.46250153
S887,1521,257.48364,1506.9163,290.50024,68.096664,61,724,5205,3178,-0.7883622,0.22004724,21,1.2922461,-2.0625,0,8.430498,28.626133,8034.6,200,61.674206,19.640553,53.14642,1501,0.19196194,0,1,0,1,0,0,1,0,0,0,0,0,0,0,0,0,0,0,0,0,0,113,0.25,1,4.544177373,2,-6.720833302|4.762499809,8,-6.720833302,4.762499809
S6800,1254,121.61694,3193.9346,176.5835,24.396688,20,751,4018,3778,0.4215162,0.9067608,1941,5.4097967,2,0,0,8.919644,9833.6,199.96217,45.98457,166.13841,55.210518,2003,0.20980686,0,1,0,1,0,0,0,0,0,0,0,0,0,0,0,0,0,0,0,0,1,1,0.25,2,3.140178869,3,-155.3291626|19.82083321,1,-155.3291626,19.82083321
S969,1538,253.5332,1378.0835,321.5332,48.101673,94,355,-386,2681,-0.0079363715,-0.6148346,231,0.9671129,0.25,0,0.8871795,55.412266,7995,200,59.770294,16.79197,55.95821,1322,0.21374775,0,1,0,1,0,0,1,0,0,0,0,0,0,0,0,0,0,0,0,0,0,113,0.25,1,4.465908119,3,-5.862500191|6.137499809,8,-5.862500191,6.137499809
S6820,735,60.5,695.017,212.51685,34.101673,29,739,3439,3038,0.22804508,0.31622797,42.5,1.1673896,-0.375,0,0,114.606575,4635,200,61.07548,137.31459,50.11888,833,0.5210264,1,0,0,1,0,0,0,0,0,0,0,0,0,0,0,0,0,0,0,1,0,1,0.25,4,2.29807493,6,27.26250076|58.29583359,7,27.26250076,58.29583359
S4892,930,5.5168457,657.9165,195.51685,62.301674,,1484,4636,2134,-0.52575064,-0.4759143,1394.5,2.2448254,2,0,0,73.896,5772,200,35.689667,182.23006,55.13674,854,0.7296108,0,1,0,1,0,0,0,0,0,0,0,0,0,0,0,0,0,0,0,0,1,1,0.25,5,2.251186487,8,-117.3291702|53.42083359,9,-117.3291702,53.42083359
S1978,674,64.5,576.9665,193.5,28.200027,6,1243,3619,2126,-0.25617212,0.4637413,0.5,0.5309193,-1,0,0.040785387,65.57244,6465.6,150.15236,58.503414,91.94949,55.672367,,0.6442544,0,1,0,1,0,0,0,0,0,0,0,0,0,0,0,0,0,0,0,1,0,1,0.265,4,3.555233723,7,19.59583282|60.23749924,9,19.59583282,60.23749924
S1793,672,64.5,569.9665,197.50024,28.401676,,1258,4590,1246,-0.7439879,6.28e-07,1,0.4455837,-0.25,100,0.05189327,70.7968,6269.6,142.56906,55.12964,110.08702,56.12549,,0.6450463,0,1,0,1,0,0,0,0,0,0,0,0,0,0,0,0,0,0,0,1,0,1,0.265,3,3.320168109,1,19.67083359|60.21250153,9,19.67083359,60.21250153
S4025,921,66.5,1030.0669,257.4834,14.9,76,384,-542,2795,-0.31622744,0.7071071,17.5,0.13480535,-0.0625,0,0.6216277,0.86844444,4559.8,200,37.614765,99.281906,62.548576,1233,0.7181875,1,0,1,0,0,0,0,0,0,0,0,0,0,0,0,0,0,1,0,0,0,100,0.5,4,3.40943004,8,-73.37083435|45.72083282,10,-73.37083435,45.72083282
S7211,2332,229.71558,274.0005,337.79858,58.88152,21,1492,3337,3405,-0.44763368,0.8403909,1381.5,21.12732,6.625,0,0.5891719,2.8401778,529,99.57329,38.606224,19.174404,74.65615,584,0.29608953,0,1,0,1,0,0,0,0,0,0,0,0,0,0,0,0,0,0,0,0,1,100,5,13,1.098612289,9,42.65416718|11.77083302,2,42.65416718,11.77083302
S1058,1728,253.5,1401.9666,313.5,50.198326,,234,1960,4771,-0.7071065,0.61080176,15.5,0.09783207,0.25,0,0,118.8544,14049.4,60.65107,42.211273,75.85825,72.34954,1542,0.14517352,0,1,0,1,0,0,0,0,0,0,0,0,0,0,0,0,0,0,0,1,0,1,0.25,1,3.853694492,4,-87.21250153|21.21249962,8,-87.21250153,21.21249962
S6962,1021.99994,-1.3825684,1379.0079,187.63428,22.596657,,1769,1322,2437,0.53414994,0.7705729,2094.5,18.36282,-15.4375,0,0,1.0808889,1251.4,61.5736,43.513676,120.381424,57.67844,1018,0.48781145,1,0,0,1,0,0,0,0,0,0,0,0,0,0,0,0,0,0,1,0,0,1,0.25,5,2.196668855,9,-113.3458328|48.46250153,2,-113.3458328,48.46250153
S2031,1747,168.5166,923.96594,284.5166,72.298355,100,1123,2322,1402,-0.40181726,0.90030533,467,0.45562643,0.1875,0,0.88196427,0.33706668,3499.2,200,52.530132,12.861359,64.791435,1101,0.18077233,0,1,0,1,0,0,0,0,0,1,0,0,0,0,0,0,0,0,0,0,0,1,0.5,8,3.332168815,9,-64.1875|-31.5625,9,-64.1875,-31.5625
S4109,1267,131.61621,3437.4023,183.5664,24.196665,,261,3851,6205,0.39932412,0.9167687,1745,5.119382,0.375,0,0,18.65031,6519.2,200,53.640045,224.0743,50.686573,2003,0.2097156,0,1,0,1,0,0,0,0,0,0,0,0,0,0,0,0,0,0,0,0,1,1,0.25,1,3.384186835,5,-155.3125|19.82916641,1,-155.3125,19.82916641
S1637,1464,230.4834,1878.5656,308.5,75.995,100,408,-361,3670,0.1686722,0.13949685,60.5,1.3896093,-1,0,1.1651131,6.429867,5778.4,200,51.437828,16.542856,56.72334,2063,0.24581143,0,1,1,0,0,0,0,0,0,1,0,0,0,0,0,0,0,0,0,0,0,100,0.25,1,4.331798579,6,109.4958344|21.99583244,10,109.4958344,21.99583244
S2403,1173,122.51611,1069.682,290.53296,17.201672,31,1131,5155,1667,0.8568591,0.4189009,209.5,4.206975,-0.5,0,0,77.0448,8978.6,200,28.747725,34.595383,60.225323,1124,0.5973014,0,1,0,1,0,0,0,0,0,0,0,0,0,0,0,0,0,0,0,0,1,100,2,4,3.526360525,9,-82.20417023|39.42916489,9,-82.20417023,39.42916489
S6493,931,17.5,447.79868,220.51685,45.40332,,520,1847,2230,0.8691163,-0.48879364,688,0.56365883,-0.1875,0,0.2083459,93.97315,6244.2,200,41.30245,163.83438,58.138805,659,0.707645,0,1,0,1,0,0,0,0,0,0,0,0,0,0,0,0,0,0,0,0,1,1,0.25,6,1.791759469,1,-119.0958328|56.24583435,7,-119.0958328,56.24583435
S2153,1724,244.46729,1706.5138,294.48413,80.19832,92,703,1160,1594,-0.7242019,-0.109783724,150,4.269892,-1.875,0,0.8940074,9.1728,6909.6,199.99495,52.0199,20.969316,55.07304,2110,0.2099742,0,1,1,0,0,0,0,0,0,1,0,0,0,0,0,0,0,0,0,0,0,100,0.25,1,4.36816858,7,109.4124985|18.32916641,8,109.4124985,18.32916641
S3337,958,28.516846,639.08325,209.50024,63.49833,,547,973,2292,0.5409653,-0.6394192,942.5,1.0374277,1,0,0,146.53316,5793.6,194.46332,36.886803,203.28877,50.125595,729,0.7500424,0,1,0,1,0,0,0,0,0,0,0,0,0,0,0,0,0,0,0,0,1,1,0.25,5,1.386294361,10,-118.0458298|54.5625,8,-118.0458298,54.5625
S2370,1291,182.5,1634.3641,334.50024,47.601673,89,621,1165,3322,0.5040494,-0.8635901,86.5,0.95993036,0.5,0,0.34200832,25.174755,5178.8,200,33.7508,18.659966,57.19541,2148,0.3949655,0,1,0,1,0,0,0,0,0,1,0,0,0,0,0,0,0,0,0,0,0,400,1.5,1,3.970254198,8,119.4791641|29.02916718,3,119.4791641,29.02916718
S1348,1730,253.51636,1407.8999,313.4834,50.096657,,935,4058,2275,-0.07071145,-0.7200713,4,0.24536157,0,0,0.19319648,78.5792,15087,160.78421,44.314053,61.490696,70.815544,1542,0.14450379,0,1,0,1,0,0,0,0,0,0,0,0,0,0,0,0,0,0,0,1,0,1,0.25,1,4.009603334,9,-87.1958313|21.21249962,8,-87.1958313,21.21249962
S1235,1488,132.39795,2054.0312,239.41455,116.18495,17,335,2699,4671,-0.5328879,-0.077724524,2027.5,16.704504,3.375,0,0.023027163,118.800354,7851.4,180.45163,36.785053,69.07272,54.110786,2097,0.3640619,0,1,0,1,0,0,0,0,0,0,0,0,0,0,0,0,0,0,0,0,1,100,5,3,4.382026635,2,79.5708313|29.42083359,5,79.5708313,29.42083359
S1885,1437,225.5166,1862.2842,310.48364,71.59833,90,408,571,4061,-0.6819443,0.29850993,68.5,0.8141887,-2.25,0,1.2044475,19.366222,5170.2,200,40.999283,26.948431,59.499744,2063,0.24840274,0,1,1,0,0,0,0,0,0,1,0,0,0,0,0,0,0,0,0,0,0,100,0.25,1,4.120044802,10,109.1875|22.41250038,10,109.1875,22.41250038
S5388,804,83.56665,660.8661,216.5669,12.998352,47,880,3692,2171,0.9940065,-0.10653193,299.5,8.257263,-3.5,0,0,82.03502,6324,200,29.824488,38.11028,60.180016,1122,0.4942212,1,0,0,1,0,0,0,0,0,0,0,0,1,0,0,0,0,0,0,0,0,1,1,4,2.48490665,10,10.40416622|50.97083282,10,10.40416622,50.97083282
S3134,1448,142.5,485.01672,324.5,107.703354,100,663,2901,3549,3.14e-07,0.38172084,44.5,0.11079043,-0.0625,0,4.653104,0.9671111,3641.4,200,34.37165,16.335258,82.07429,1082,0.40585068,0,1,1,0,0,0,0,0,0,1,0,0,0,0,0,0,0,0,0,0,0,10000,0.5,4,4.32539016,1,114.8291702|37.83750153,4,114.8291702,37.83750153
S4632,263,-95.5,454.2308,67.53345,32.296673,,1190,1495,3244,-0.78894246,-0.6115937,11.5,0.58373415,0.5625,0,0,0.62115556,1306.2,200,40.84732,263.6845,59.87817,244,0.54446507,0,1,0,1,0,0,0,0,0,0,0,0,0,0,0,0,0,0,0,0,1,100,5,11,1.944766653,4,73.79582977|71.02083588,2,73.79582977,71.02083588
S1061,1285,211.50122,2388.2417,296.5349,64.09496,4,392,2911,4764,-0.51543915,0.3193583,370,9.578581,-10,0,0,98.89956,3024.6,198.96468,48.84922,40.156616,53.114693,2067,0.26495403,0,1,0,1,0,0,0,0,0,0,0,0,0,0,0,1,0,0,0,0,0,100,0.5,1,3.82646515,1,112.5291672|23.17083359,8,112.5291672,23.17083359
S5786,1267,131.61621,3437.4023,183.5664,24.196665,,261,3851,6205,0.39932412,0.9167687,1745,5.119382,0.375,0,0,18.65031,6519.2,200,53.640045,224.0743,50.686573,2003,0.2097156,0,1,0,1,0,0,0,0,0,0,0,0,0,0,0,0,0,0,0,0,1,1,0.25,1,2.302585093,2,-155.3125|19.82916641,1,-155.3125,19.82916641
S4260,680,61.5,593.9835,170.48315,31.2,,665,471,3171,0.7441618,0.3550735,12,0.684587,-0.75,0,0.068785675,93.25458,7329,116.70523,61.117477,106.09773,52.756992,,0.62720597,0,1,0,1,0,0,0,0,0,0,0,0,0,0,0,0,0,0,0,1,0,1,0.265,4,2.525728644,2,20.27916718|60.12916565,9,20.27916718,60.12916565
S4853,909,26.466797,621.1509,213.46655,66.99833,,1019,2372,2803,-0.96363586,-0.081362695,911,2.931128,2.5625,0,0,93.60818,5528.8,200,34.626884,222.31874,53.22273,680,0.77110505,0,1,0,1,0,0,0,0,0,0,0,0,0,0,0,0,0,0,0,0,1,1,0.25,5,2.813370738,1,-116.5958328|54.20416641,9,-116.5958328,54.20416641
S7162,1266,136.55005,3570.5193,186.5498,23.998333,,266,3682,5493,0.36486655,0.9310581,1662.5,5.110835,-2.75,0,0,58.27413,11484.8,200,59.214035,235.09749,47.766872,2003,0.2097156,0,1,0,1,0,0,0,0,0,0,0,0,0,0,0,0,0,0,0,0,1,1,0.25,1,1.098612289,3,-155.3041687|19.82916641,1,-155.3041687,19.82916641
S4623,788,75.55005,923.1687,208.5498,21.495003,23,337,2957,4168,0.2377738,0.7446875,719.5,2.840636,4.875,0,0,94.26364,6773.6,200,25.25613,52.291485,56.456364,1291,0.49599174,1,0,0,1,0,0,0,0,0,0,0,0,0,1,0,0,0,0,0,0,0,1,0.6,4,3.68875442,3,9.462499619|48.46250153,7,9.462499619,48.46250153
S3007,961,27.533203,662.06683,208.50024,62.898327,,922,3366,2554,0.93858004,0.34380913,951,0.8845985,-1,0,0,139.66524,5736.4,196.43079,35.776035,226.97191,50.313286,729,0.7495963,0,1,0,1,0,0,0,0,0,0,0,0,0,0,0,0,0,0,0,0,1,1,0.25,5,2.397895273,2,-117.9708328|54.57916641,8,-117.9708328,54.57916641
S2255,1350,217.63281,1267.8339,308.61597,72.70335,33,552,5453,3649,0.81717336,0.48762035,338.5,7.1914263,7.3125,0,1.8993081,63.847466,8838.4,199.38931,33.137455,24.063112,62.323654,2185,0.3078169,0,1,1,0,0,0,0,0,0,1,0,0,0,0,0,0,0,0,0,0,0,100,0.25,1,4.35208275,4,106.5041656|24.05416679,3,106.5041656,24.05416679
S5712,1260,126.59985,3311.0686,180.5664,24.298332,,266,-809,5397,0.1786791,0.98317844,1849,5.4882984,-1.25,0,0,12.071645,11000.8,200,47.679646,182.91426,52.51077,2003,0.20980686,0,1,0,1,0,0,0,0,0,0,0,0,0,0,0,0,0,0,0,0,1,1,0.25,2,2.564718542,4,-155.3208313|19.82083321,1,-155.3208313,19.82083321
S3915,672,64.5,569.9665,197.50024,28.401676,,1258,4590,1246,-0.7439879,6.28e-07,1,0.4455837,-0.25,100,0.05189327,70.7968,6269.6,142.56906,55.12964,110.08702,56.12549,,0.6450463,0,1,0,1,0,0,0,0,0,0,0,0,0,0,0,0,0,0,0,1,0,1,0.265,3,3.156404502,3,19.67083359|60.21250153,9,19.67083359,60.21250153
S4150,1266,136.55005,3570.5193,186.5498,23.998333,,266,3682,5493,0.36486655,0.9310581,1662.5,5.110835,-2.75,0,0,58.27413,11484.8,200,59.214035,235.09749,47.766872,2003,0.2097156,0,1,0,1,0,0,0,0,0,0,0,0,0,0,0,0,0,0,0,0,1,1,0.25,1,2.442347035,5,-155.3041687|19.82916641,1,-155.3041687,19.82916641
S2675,1157,60.500244,622.0508,267.5332,106.49835,63,2069,677,769,0.3965899,0.6039394,245,1.4258142,1.8125,100,4.1793585,39.846222,3040.4,200,35.935272,46.594322,61.10591,860,0.3832094,0,1,0,1,0,0,0,0,0,1,0,0,0,0,0,0,0,0,0,0,0,100,0.5,4,3.2982414,4,125.4375|43.78749847,7,125.4375,43.78749847
S5634,804,83.56665,660.8661,216.5669,12.998352,47,880,3692,2171,0.9940065,-0.10653193,299.5,8.257263,-3.5,0,0,82.03502,6324,200,29.824488,38.11028,60.180016,1122,0.4942212,1,0,0,1,0,0,0,0,0,0,0,0,1,0,0,0,0,0,0,0,0,1,1,4,3.102342009,5,10.40416622|50.97083282,10,10.40416622,50.97083282
S5261,1267,131.61621,3437.4023,183.5664,24.196665,,261,3851,6205,0.39932412,0.9167687,1745,5.119382,0.375,0,0,18.65031,6519.2,200,53.640045,224.0743,50.686573,2003,0.2097156,0,1,0,1,0,0,0,0,0,0,0,0,0,0,0,0,0,0,0,0,1,1,0.25,1,3.262854453,6,-155.3125|19.82916641,1,-155.3125,19.82916641
S1835,1176,185.51636,1544.9668,331.51636,41.198345,100,865,3407,2064,0.8974673,-0.44010708,125,1.8917987,0.6875,0,8.61727,3.3258667,4330,200,31.193157,17.314802,63.765278,1979,0.33031636,0,1,0,1,0,0,0,0,0,1,0,0,0,0,0,0,0,0,0,0,0,400,1.5,1,2.751556578,7,111.8708344|26.76250076,5,111.8708344,26.76250076
S1971,1762,247.5,1126.0165,330.5,86.40165,,321,177,3407,0.90308774,-0.378517,36,0.23910196,-0.25,34.615387,0.027353775,28.696356,7758,200,64.23846,15.340126,61.27091,1091,0.23215778,1,0,0,1,0,0,0,0,0,0,0,0,0,0,0,0,0,0,0,1,0,1,0.25,7,2.48490665,9,34.36249924|-18.97083282,4,34.36249924,-18.97083282
S5411,1311.9999,56.617188,404.83185,260.61694,102.40167,33,816,2293,3177,0.95507574,-0.054065924,955.5,8.6304,-0.6875,0,0,0.1664,2817.2,200,46.050133,29.560154,73.50008,1013,0.42161176,1,0,0,1,0,0,1,0,0,0,0,0,0,0,0,0,0,0,0,0,0,100,0.5,4,1.945910149,6,118.2208328|42.12916565,9,118.2208328,42.12916565
S2191,921,66.5,1030.0669,257.4834,14.9,76,384,-542,2795,-0.31622744,0.7071071,17.5,0.13480535,-0.0625,0,0.6216277,0.86844444,4559.8,200,37.614765,99.281906,62.548576,1233,0.7181875,1,0,1,0,0,0,0,0,0,0,0,0,0,0,0,0,0,1,0,0,0,100,0.5,4,2.833154495,7,-73.37083435|45.72083282,10,-73.37083435,45.72083282
S3239,1323,49.483643,469.93317,262.5166,124.50499,49,418,2213,4399,0.40594703,0.91384673,467.5,4.09223,-4.375,0,1.0435827,0.15928888,2430.4,199.63078,37.435623,23.525505,72.45579,777,0.35170615,1,0,0,1,0,0,1,0,0,0,0,0,0,0,0,0,0,0,0,0,0,100,0.5,8,3.751807294,10,121.4375|45.57083511,5,121.4375,45.57083511
S4994,1267,131.61621,3437.4023,183.5664,24.196665,,261,3851,6205,0.39932412,0.9167687,1745,5.119382,0.375,0,0,18.65031,6519.2,200,53.640045,224.0743,50.686573,2003,0.2097156,0,1,0,1,0,0,0,0,0,0,0,0,0,0,0,0,0,0,0,0,1,1,0.25,1,2.772526195,8,-155.3125|19.82916641,1,-155.3125,19.82916641
S3717,1435,92.483154,335.13327,289.5,95.505,58,1192,2030,2427,-0.8689294,0.47022706,860,1.3216603,0.3125,0,0.0030906955,0,2021.6,200,47.13008,8.135686,84.14241,969,0.3902397,1,0,0,1,0,0,1,0,0,0,0,0,0,0,0,0,0,0,0,0,0,100,0.5,4,3.258096538,8,114.5208359|40.1875,10,114.5208359,40.1875
S4381,865,105.5,809.0496,224.5,11.501673,61,919,3801,3088,0.487353,0.22629812,37,0.61984015,-0.25,0,2.1767347,44.05529,9033.2,200,39.535904,20.211758,60.658054,1024,0.50589156,0,1,0,1,0,0,0,0,0,1,0,0,0,0,0,0,0,0,0,0,0,4,0.25,4,3.090997023,9,4.987500191|50.87083435,6,4.987500191,50.87083435
S3494,1260,126.59985,3311.0686,180.5664,24.298332,,266,-809,5397,0.1786791,0.98317844,1849,5.4882984,-1.25,0,0,12.071645,11000.8,200,47.679646,182.91426,52.51077,2003,0.20980686,0,1,0,1,0,0,0,0,0,0,0,0,0,0,0,0,0,0,0,0,1,1,0.25,2,2.890093988,5,-155.3208313|19.82083321,1,-155.3208313,19.82083321
S3149,1176,185.51636,1544.9668,331.51636,41.198345,100,865,3407,2064,0.8974673,-0.44010708,125,1.8917987,0.6875,0,8.61727,3.3258667,4330,200,31.193157,17.314802,63.765278,1979,0.33031636,0,1,0,1,0,0,0,0,0,1,0,0,0,0,0,0,0,0,0,0,0,400,1.5,1,4.102031628,9,111.8708344|26.76250076,5,111.8708344,26.76250076
S2724,1585,239.51636,1997.5651,320.5332,71.39996,44,459,2773,3592,0.9097073,0.34183684,177.5,1.6658216,1.25,0,0.01237509,67.137245,7425.6,199.48221,53.079338,20.491901,51.25759,3112,0.21614479,0,1,1,0,0,0,0,0,0,1,0,0,0,0,0,0,0,0,0,0,0,100,0.25,1,3.401130686,10,109.5291672|19.47083282,2,109.5291672,19.47083282
S5577,1261,130.56738,3436.2678,183.53369,24.196665,,296,-647,4310,0.58436203,0.811493,1773.5,4.9342194,-0.5,0,0,66.01315,5316.4,200,53.722668,205.09613,49.632347,2003,0.20980686,0,1,0,1,0,0,0,0,0,0,0,0,0,0,0,0,0,0,0,0,1,1,0.25,1,3.0434743,1,-155.3125|19.82083321,1,-155.3125,19.82083321
S5518,804,83.56665,660.8661,216.5669,12.998352,47,880,3692,2171,0.9940065,-0.10653193,299.5,8.257263,-3.5,0,0,82.03502,6324,200,29.824488,38.11028,60.180016,1122,0.4942212,1,0,0,1,0,0,0,0,0,0,0,0,1,0,0,0,0,0,0,0,0,1,1,4,1.945910149,10,10.40416622|50.97083282,10,10.40416622,50.97083282
S2186,873,105.483154,813.0501,224.48315,11.5,59,788,3436,1770,-0.68436384,0.4183836,37,0.53044504,-1.125,0,0.27997532,32.833424,6597.2,200,27.496218,18.358847,61.38324,1024,0.5058858,0,1,0,1,0,0,0,0,0,1,0,0,0,0,0,0,0,0,0,0,0,4,0.25,4,2.970414466,1,4.962500095|50.86249924,6,4.962500095,50.86249924
S5156,868,104.483154,828.0504,223.48315,11.400028,56,611,4080,2934,0.31622803,0.84098816,54,0.39512232,0.4375,0,0.14379153,10.126223,6841.4,200,21.990282,13.275723,63.534966,1024,0.50427854,0,1,0,1,0,0,0,0,0,1,0,0,0,0,0,0,0,0,0,0,0,4,0.25,4,2.772588722,2,4.904166698|50.86249924,6,4.904166698,50.86249924
S5684,953,31.466797,529.0332,217.46704,49.198322,,598,3200,4121,-0.90916264,0.41643113,803,2.488282,-0.5625,0,0,100.69778,4763.4,200,45.198517,191.8483,53.461014,707,0.7212237,0,1,0,1,0,0,0,0,0,0,0,0,0,0,0,0,0,0,0,0,1,1,0.25,6,1.868874811,2,-119.6791687|54.8125,6,-119.6791687,54.8125
S5983,932,18.6167,422.59857,223.71631,45.70502,,834,3918,2295,0.9264581,0.112966165,644.5,4.045503,4.5625,0,0.002423702,116.87911,6537.4,199.87587,33.51485,212.29474,59.648636,659,0.7286248,0,1,0,1,0,0,0,0,0,0,0,0,0,0,0,0,0,0,0,0,1,1,0.25,6,2.708050201,3,-119.0958328|56.26250076,7,-119.0958328,56.26250076
S4294,667.5718,64.5,575.0168,187.51685,28.103323,,,,,,,0,0,0,100,0.3658309,17.775467,4804.6,125.248116,57.884518,117.21346,58.67241,,0.6431824,0,1,0,1,0,0,0,0,0,0,0,0,0,0,0,0,0,0,0,1,0,1,0.265,4,3.676275369,3,19.53750038|60.22083282,9,19.53750038,60.22083282
S4371,1260,126.59985,3311.0686,180.5664,24.298332,,266,-809,5397,0.1786791,0.98317844,1849,5.4882984,-1.25,0,0,12.071645,11000.8,200,47.679646,182.91426,52.51077,2003,0.20980686,0,1,0,1,0,0,0,0,0,0,0,0,0,0,0,0,0,0,0,0,1,1,0.25,2,3.188127917,6,-155.3208313|19.82083321,1,-155.3208313,19.82083321
S6657,934,16.516846,602.066,206.51685,65.298355,,986,3801,2360,0.939626,-0.3421963,1161.5,2.0621483,-0.875,0,0,82.95734,5789,200,36.06001,164.98785,54.173958,854,0.76550436,0,1,0,1,0,0,0,0,0,0,0,0,0,0,0,0,0,0,0,0,1,1,0.25,5,2.078816332,3,-117.3291702|53.80416489,8,-117.3291702,53.80416489
S4022,921,66.5,1030.0669,257.4834,14.9,76,384,-542,2795,-0.31622744,0.7071071,17.5,0.13480535,-0.0625,0,0.6216277,0.86844444,4559.8,200,37.614765,99.281906,62.548576,1233,0.7181875,1,0,1,0,0,0,0,0,0,0,0,0,0,0,0,0,0,1,0,0,0,100,0.5,4,3.784144203,4,-73.37083435|45.72083282,10,-73.37083435,45.72083282
S1628,1440,133.5503,530.9329,291.5503,79.305,100,642,2841,3403,-0.19333062,0.9810485,481.5,5.605859,2.3125,0,2.4905708,5.9989333,3570.4,200,33.14525,17.289968,76.37885,1567,0.42968133,0,1,0,1,0,0,0,0,0,1,0,0,0,0,0,0,0,0,0,0,0,1,0.05,4,4.174371894,5,112.2874985|35.09583282,9,112.2874985,35.09583282
S3596,1239,78.61719,380.76587,252.61694,89.09834,10,1033,2708,4581,0.9902021,0.01440905,1770.5,8.468975,6.6875,0,1.1750517,0,1991,200,33.21549,20.26587,83.314705,985,0.34634617,1,0,0,1,0,0,1,0,0,0,0,0,0,0,0,0,0,0,0,0,0,100,0.5,10,3.068006448,5,105.9124985|36.44583511,4,105.9124985,36.44583511
S5347,735,60.5,695.017,212.51685,34.101673,29,739,3439,3038,0.22804508,0.31622797,42.5,1.1673896,-0.375,0,0,114.606575,4635,200,61.07548,137.31459,50.11888,833,0.5210264,1,0,0,1,0,0,0,0,0,0,0,0,0,0,0,0,0,0,0,1,0,1,0.25,4,2.484406561,6,27.26250076|58.29583359,7,27.26250076,58.29583359
S1234,1425,177.41724,779.73157,286.417,48.401672,58,783,278,2545,-0.7760674,0.6298202,76,2.8819964,-4.5,0,0.34398142,19.1616,8441,200,36.834293,20.159712,74.93907,1965,0.18426913,0,1,0,1,0,0,0,0,0,0,0,0,0,0,0,0,0,0,0,1,0,1,0.25,12,3.663561646,1,3.020833254|39.83750153,4,3.020833254,39.83750153
S3675,1299,225.26562,1176.5,316.24878,78.60167,59,1912,3704,1052,-0.77209544,-0.4566464,284,6.2477617,-10.1875,0,77.08154,10.357156,6283.2,199.99945,31.092428,19.17534,65.17708,2292,0.3138609,0,1,1,0,0,0,0,0,0,1,0,0,0,0,0,0,0,0,0,0,0,100,0.25,1,3.932629238,2,106.2375031|24.28750038,3,106.2375031,24.28750038
S1134,1245,142.48315,577.0167,299.5,76.39997,100,1418,724,981,-0.9970023,6.28e-07,537.5,0.69549346,0,0,34.961853,0,5317.4,200,29.581915,17.220928,77.82496,1373,0.47095197,0,1,0,1,0,0,0,0,0,1,0,0,0,0,0,0,0,0,0,0,0,100,0.25,4,2.63905733,7,108.1624985|34.34583282,6,108.1624985,34.34583282
S1407,1839,159.5,741.1339,248.5,80.50332,45,2575,3478,1955,0.011427979,0.96680707,1589.5,1.2024026,0.8125,30.769232,0,17.565866,3214,198.18483,60.75757,18.997484,59.12576,963,0.21533445,0,1,0,1,0,1,0,0,0,0,0,0,0,0,0,0,0,0,0,0,0,1600,0.5,10,3.666761649,6,29.1875|-25.99583244,9,29.1875,-25.99583244
S1141,1245,142.48315,577.0167,299.5,76.39997,100,1418,724,981,-0.9970023,6.28e-07,537.5,0.69549346,0,0,34.961853,0,5317.4,200,29.581915,17.220928,77.82496,1373,0.47095197,0,1,0,1,0,0,0,0,0,1,0,0,0,0,0,0,0,0,0,0,0,100,0.25,4,3.135494216,8,108.1624985|34.34583282,6,108.1624985,34.34583282
S3320,1747,168.5166,923.96594,284.5166,72.298355,100,1123,2322,1402,-0.40181726,0.90030533,467,0.45562643,0.1875,0,0.88196427,0.33706668,3499.2,200,52.530132,12.861359,64.791435,1101,0.18077233,0,1,0,1,0,0,0,0,0,1,0,0,0,0,0,0,0,0,0,0,0,1,0.5,8,3.341058078,1,-64.1875|-31.5625,9,-64.1875,-31.5625
S1925,1839,159.5,741.1339,248.5,80.50332,45,2575,3478,1955,0.011427979,0.96680707,1589.5,1.2024026,0.8125,30.769232,0,17.565866,3214,198.18483,60.75757,18.997484,59.12576,963,0.21533445,0,1,0,1,0,1,0,0,0,0,0,0,0,0,0,0,0,0,0,0,0,1600,0.5,10,3.650658241,7,29.1875|-25.99583244,9,29.1875,-25.99583244
S7445,1266,136.55005,3570.5193,186.5498,23.998333,,266,3682,5493,0.36486655,0.9310581,1662.5,5.110835,-2.75,0,0,58.27413,11484.8,200,59.214035,235.09749,47.766872,2003,0.2097156,0,1,0,1,0,0,0,0,0,0,0,0,0,0,0,0,0,0,0,0,1,1,0.25,1,2.629728226,3,-155.3041687|19.82916641,1,-155.3041687,19.82916641
S1875,743.0001,-13.081543,1753.4664,136.90186,23.013445,50,1167,4754,1972,-0.46395138,0.80588686,2643,20.417873,18.625,0,0,7.8648887,3759.8,90.026985,47.51743,124.32752,52.496384,1057,0.4406839,0,1,0,1,0,0,0,0,0,0,0,0,0,0,0,0,0,0,0,0,1,100,5,4,3.583463412,9,41.69583511|43.44583511,10,41.69583511,43.44583511
S6755,1254,121.61694,3193.9346,176.5835,24.396688,20,751,4018,3778,0.4215162,0.9067608,1941,5.4097967,2,0,0,8.919644,9833.6,199.96217,45.98457,166.13841,55.210518,2003,0.20980686,0,1,0,1,0,0,0,0,0,0,0,0,0,0,0,0,0,0,0,0,1,1,0.25,2,3.313822294,7,-155.3291626|19.82083321,1,-155.3291626,19.82083321
S1601,1425,177.41724,779.73157,286.417,48.401672,58,783,278,2545,-0.7760674,0.6298202,76,2.8819964,-4.5,0,0.34398142,19.1616,8441,200,36.834293,20.159712,74.93907,1965,0.18426913,0,1,0,1,0,0,0,0,0,0,0,0,0,0,0,0,0,0,0,1,0,1,0.25,12,4.143118862,2,3.020833254|39.83750153,4,3.020833254,39.83750153
S4593,1254,121.61694,3193.9346,176.5835,24.396688,20,751,4018,3778,0.4215162,0.9067608,1941,5.4097967,2,0,0,8.919644,9833.6,199.96217,45.98457,166.13841,55.210518,2003,0.20980686,0,1,0,1,0,0,0,0,0,0,0,0,0,0,0,0,0,0,0,0,1,1,0.25,2,2.970106699,8,-155.3291626|19.82083321,1,-155.3291626,19.82083321
S1312,1021.99994,-1.3825684,1379.0079,187.63428,22.596657,,1769,1322,2437,0.53414994,0.7705729,2094.5,18.36282,-15.4375,0,0,1.0808889,1251.4,61.5736,43.513676,120.381424,57.67844,1018,0.48781145,1,0,0,1,0,0,0,0,0,0,0,0,0,0,0,0,0,0,1,0,0,1,0.25,5,2.995732274,4,-113.3458328|48.46250153,2,-113.3458328,48.46250153
S3516,1260,126.59985,3311.0686,180.5664,24.298332,,266,-809,5397,0.1786791,0.98317844,1849,5.4882984,-1.25,0,0,12.071645,11000.8,200,47.679646,182.91426,52.51077,2003,0.20980686,0,1,0,1,0,0,0,0,0,0,0,0,0,0,0,0,0,0,0,0,1,1,0.25,2,2.708050201,9,-155.3208313|19.82083321,1,-155.3208313,19.82083321
S3127,1933.9998,227.56665,2950.6462,248.5498,17.9,,270,1755,3805,0.74400765,0.6681686,49.5,5.9855947,-4,0,0.09063805,121.70809,16026.4,200,29.373148,81.71923,54.94825,1723,0.19560494,1,0,0,1,0,0,0,0,0,0,0,0,0,0,0,0,0,0,1,0,0,100,0.25,1,2.079316543,4,-156.0375061|20.79583359,2,-156.0375061,20.79583359
S1975,1762,247.5,1126.0165,330.5,86.40165,,321,177,3407,0.90308774,-0.378517,36,0.23910196,-0.25,34.615387,0.027353775,28.696356,7758,200,64.23846,15.340126,61.27091,1091,0.23215778,1,0,0,1,0,0,0,0,0,0,0,0,0,0,0,0,0,0,0,1,0,1,0.25,7,3.218715824,10,34.36249924|-18.97083282,4,34.36249924,-18.97083282
S2757,1278,81.433105,296.0165,225.4497,88.801674,44,3784,4731,674,-0.97701216,0.16058202,2089.5,4.14758,0.25,0,0.7409226,0,2185.8,200,39.753212,15.229593,81.41369,1368,0.3668108,1,0,0,1,0,0,1,0,0,0,0,0,0,0,0,0,0,0,0,0,0,100,0.5,10,3.258096538,8,102.3125|35.96250153,9,102.3125,35.96250153
S4546,921,66.5,1030.0669,257.4834,14.9,76,384,-542,2795,-0.31622744,0.7071071,17.5,0.13480535,-0.0625,0,0.6216277,0.86844444,4559.8,200,37.614765,99.281906,62.548576,1233,0.7181875,1,0,0,1,0,0,0,0,0,0,0,0,0,0,0,0,0,1,0,0,0,100,0.5,4,3.663484762,10,-73.37083435|45.72083282,10,-73.37083435,45.72083282
S3816,1468,80.5,353.98328,292.5,103.798355,40,1839,4647,1940,0.948683,0,357,0.118093684,0.1875,0,0.056577053,0,2485.6,200,53.892452,9.666094,83.93556,859,0.41673002,1,0,0,1,0,0,1,0,0,0,0,0,0,0,0,0,0,0,0,0,0,100,0.5,8,2.583997552,2,120.7125015|42.9375,4,120.7125015,42.9375
S1222,1217,161.5,906.9329,311.5,62.906708,97,327,-1058,4026,-0.8007667,0.57716054,132.5,0.22935012,-0.0625,0,1.5568582,0.3072,4625.6,200,26.514427,11.188347,71.96598,1678,0.36374855,0,1,1,0,0,0,0,0,0,1,0,0,0,0,0,0,0,0,0,0,0,10000,0.5,4,4.545059186,1,111.9124985|32.54583359,6,111.9124985,32.54583359
S1003,1565,254.5332,1292.7991,318.53296,47.999973,100,289,1297,4228,0.35355315,0.1187294,133,1.000066,1.1875,0,2.8668227,121.53458,7983.2,200,66.075485,16.499138,53.647793,1386,0.19993058,0,1,0,1,0,0,1,0,0,0,0,0,0,0,0,0,0,0,0,0,0,113,0.25,1,4.454347296,5,-6.645833492|5.604166508,8,-6.645833492,5.604166508
S4124,1254,121.61694,3193.9346,176.5835,24.396688,20,751,4018,3778,0.4215162,0.9067608,1941,5.4097967,2,0,0,8.919644,9833.6,199.96217,45.98457,166.13841,55.210518,2003,0.20980686,0,1,0,1,0,0,0,0,0,0,0,0,0,0,0,0,0,0,0,0,1,1,0.25,2,3.044474844,10,-155.3291626|19.82083321,1,-155.3291626,19.82083321
S1584,680,61.5,593.9835,170.48315,31.2,,665,471,3171,0.7441618,0.3550735,12,0.684587,-0.75,0,0.068785675,93.25458,7329,116.70523,61.117477,106.09773,52.756992,,0.62720597,0,1,0,1,0,0,0,0,0,0,0,0,0,0,0,0,0,0,0,1,0,1,0.265,4,3.473487052,2,20.27916718|60.12916565,9,20.27916718,60.12916565
S3245,1254,121.61694,3193.9346,176.5835,24.396688,20,751,4018,3778,0.4215162,0.9067608,1941,5.4097967,2,0,0,8.919644,9833.6,199.96217,45.98457,166.13841,55.210518,2003,0.20980686,0,1,0,1,0,0,0,0,0,0,0,0,0,0,0,0,0,0,0,0,1,1,0.25,2,2.740065525,1,-155.3291626|19.82083321,1,-155.3291626,19.82083321
S2062,1613,211.40186,1498.8848,308.3855,83.394936,18,281,2436,4176,-0.97043025,0.103617206,1097.5,15.380306,-13.5625,0,0,101.772446,10705.6,175.26402,41.372284,35.358524,54.18133,2584,0.32555497,0,1,0,1,0,0,0,0,0,0,0,0,0,0,0,0,0,0,0,0,1,100,2,1,3.465704669,6,99.1791687|20.02083397,6,99.1791687,20.02083397
S3591,2027,186.53223,286.05106,301.53198,93.693344,,569,1798,6149,-0.8222693,0.21341285,587.5,0.7494854,-0.8125,0,0,0,2585,105.329865,65.6408,8.778095,73.35013,1137,0.16212343,0,1,0,1,0,0,0,0,0,0,0,0,0,0,0,0,0,0,0,0,1,100,5,7,1.609437912,1,-67.08750153|-29.97083282,5,-67.08750153,-29.97083282
S2830,669,64.4668,594.0667,193.44995,29.000027,,617,-1691,2624,-0.80664515,-0.55662215,0,0.23026973,-0.3125,100,0.08949767,42.418312,6185.6,139.22382,58.24528,107.4457,55.40129,742,0.6560527,0,1,0,1,0,0,0,0,0,0,0,0,0,0,0,0,0,0,0,1,0,1,0.265,4,3.075744228,3,19.78750038|60.36249924,9,19.78750038,60.36249924
S2093,1454,142.5,486.0168,323.5,107.6017,100,2210,4536,1606,-0.76042014,-0.25724745,40,0.20937705,0.125,0,14.784127,0.47786668,3595.6,200,35.351025,10.974536,80.46401,1082,0.40786666,0,1,1,0,0,0,0,0,0,1,0,0,0,0,0,0,0,0,0,0,0,10000,0.5,4,4.432291907,4,114.8874969|37.77083206,4,114.8874969,37.77083206
S3870,741,83.516846,714.7988,198.51685,23.001675,44,441,3718,2879,0.7480703,-0.48094374,40,1.555294,0.125,0,0.002880299,141.34258,7574.2,199.39671,58.331184,85.75061,51.55017,1106,0.5348718,0,1,0,1,0,0,0,0,0,0,0,0,0,0,0,0,0,0,0,0,1,100,2,4,1.386294361,5,12.32916641|56.04583359,2,12.32916641,56.04583359
S7143,709,-71.61841,640.8836,125.381836,58.110046,,1017,1338,2492,0.78782785,-0.02771551,1646.5,4.83019,-7.625,0,0,2.5536,1580.4,145.50647,47.77313,128.08356,51.013355,525,0.35246643,0,1,0,1,0,0,0,0,0,0,0,0,0,0,0,0,0,0,0,0,1,100,2,6,0.6931471806,4,-138.2791595|61.21250153,4,-138.2791595,61.21250153
S2875,1528,243.5,2771.7314,312.4834,86.2,100,417,996,4713,0.707106,-0.6441728,44,0.08750368,-0.1875,0,6.686771,2.2684445,6821.6,200,41.27124,21.388575,61.467976,2311,0.35857847,0,1,0,1,0,0,0,0,0,0,0,0,0,0,0,0,0,0,0,0,1,100,2,1,3.737669618,7,91.10416412|26.47916603,9,91.10416412,26.47916603
S7649,735,60.5,695.017,212.51685,34.101673,29,739,3439,3038,0.22804508,0.31622797,42.5,1.1673896,-0.375,0,0,114.606575,4635,200,61.07548,137.31459,50.11888,833,0.5210264,1,0,0,1,0,0,0,0,0,0,0,0,0,0,0,0,0,0,0,1,0,1,0.25,4,1.252762968,6,27.26250076|58.29583359,7,27.26250076,58.29583359
S6770,1266,136.55005,3570.5193,186.5498,23.998333,,266,3682,5493,0.36486655,0.9310581,1662.5,5.110835,-2.75,0,0,58.27413,11484.8,200,59.214035,235.09749,47.766872,2003,0.2097156,0,1,0,1,0,0,0,0,0,0,0,0,0,0,0,0,0,0,0,0,1,1,0.25,1,3.489421917,8,-155.3041687|19.82916641,1,-155.3041687,19.82916641
S3236,1933.9998,227.56665,2950.6462,248.5498,17.9,,270,1755,3805,0.74400765,0.6681686,49.5,5.9855947,-4,0,0.09063805,121.70809,16026.4,200,29.373148,81.71923,54.94825,1723,0.19560494,1,0,0,1,0,0,0,0,0,0,0,0,0,0,0,0,0,0,1,0,0,100,0.25,1,3.449860563,9,-156.0375061|20.79583359,2,-156.0375061,20.79583359
S4570,1254,121.61694,3193.9346,176.5835,24.396688,20,751,4018,3778,0.4215162,0.9067608,1941,5.4097967,2,0,0,8.919644,9833.6,199.96217,45.98457,166.13841,55.210518,2003,0.20980686,0,1,0,1,0,0,0,0,0,0,0,0,0,0,0,0,0,0,0,0,1,1,0.25,2,2.525408616,2,-155.3291626|19.82083321,1,-155.3291626,19.82083321
S3620,1260,126.59985,3311.0686,180.5664,24.298332,,266,-809,5397,0.1786791,0.98317844,1849,5.4882984,-1.25,0,0,12.071645,11000.8,200,47.679646,182.91426,52.51077,2003,0.20980686,0,1,0,1,0,0,0,0,0,0,0,0,0,0,0,0,0,0,0,0,1,1,0.25,2,2.078441054,3,-155.3208313|19.82083321,1,-155.3208313,19.82083321
S6826,735,60.5,695.017,212.51685,34.101673,29,739,3439,3038,0.22804508,0.31622797,42.5,1.1673896,-0.375,0,0,114.606575,4635,200,61.07548,137.31459,50.11888,833,0.5210264,1,0,0,1,0,0,0,0,0,0,0,0,0,0,0,0,0,0,0,1,0,1,0.25,4,2.428248089,7,27.26250076|58.29583359,7,27.26250076,58.29583359
S4489,506.00003,-7.5671387,669.83875,150.38257,48.796654,,595,2631,3467,-0.9966391,-0.070979126,500,3.085767,-2.5625,0,0,64.70382,2523,199.39287,53.066082,155.85394,48.077972,711,0.5250764,0,1,0,1,0,0,0,0,0,0,0,0,0,0,0,0,0,0,0,0,1,100,2,11,1.098612289,5,19.47916603|67.85416412,10,19.47916603,67.85416412
S3991,1266,136.55005,3570.5193,186.5498,23.998333,,266,3682,5493,0.36486655,0.9310581,1662.5,5.110835,-2.75,0,0,58.27413,11484.8,200,59.214035,235.09749,47.766872,2003,0.2097156,0,1,0,1,0,0,0,0,0,0,0,0,0,0,0,0,0,0,0,0,1,1,0.25,1,3.218755807,10,-155.3041687|19.82916641,1,-155.3041687,19.82916641
S4078,788,75.55005,923.1687,208.5498,21.495003,23,337,2957,4168,0.2377738,0.7446875,719.5,2.840636,4.875,0,0,94.26364,6773.6,200,25.25613,52.291485,56.456364,1291,0.49599174,1,0,0,1,0,0,0,0,0,0,0,0,0,1,0,0,0,0,0,0,0,1,0.6,4,3.49635606,8,9.462499619|48.46250153,7,9.462499619,48.46250153
S6100,1266,136.55005,3570.5193,186.5498,23.998333,,266,3682,5493,0.36486655,0.9310581,1662.5,5.110835,-2.75,0,0,58.27413,11484.8,200,59.214035,235.09749,47.766872,2003,0.2097156,0,1,0,1,0,0,0,0,0,0,0,0,0,0,0,0,0,0,0,0,1,1,0.25,1,2.139713186,1,-155.3041687|19.82916641,1,-155.3041687,19.82916641
S6098,921,66.5,1030.0669,257.4834,14.9,76,384,-542,2795,-0.31622744,0.7071071,17.5,0.13480535,-0.0625,0,0.6216277,0.86844444,4559.8,200,37.614765,99.281906,62.548576,1233,0.7181875,1,0,1,0,0,0,0,0,0,0,0,0,0,0,0,0,0,1,0,0,0,100,0.5,4,1.435084537,9,-73.37083435|45.72083282,10,-73.37083435,45.72083282
S2695,1328,192.48364,1961.0012,337.5,57.60003,100,878,4358,3442,-0.45811355,0.6454882,34,0.6568872,-1.1875,0,1.3069607,2.2357333,4994.6,200,35.020447,14.479261,51.980934,2054,0.37153614,0,1,0,1,0,0,0,0,0,1,0,0,0,0,0,0,0,0,0,0,0,400,1.5,4,3.277144733,10,116.9208298|28.23749924,7,116.9208298,28.23749924
S6075,1254,121.61694,3193.9346,176.5835,24.396688,20,751,4018,3778,0.4215162,0.9067608,1941,5.4097967,2,0,0,8.919644,9833.6,199.96217,45.98457,166.13841,55.210518,2003,0.20980686,0,1,0,1,0,0,0,0,0,0,0,0,0,0,0,0,0,0,0,0,1,1,0.25,2,2.139595442,4,-155.3291626|19.82083321,1,-155.3291626,19.82083321
S3971,1285,211.50122,2388.2417,296.5349,64.09496,4,392,2911,4764,-0.51543915,0.3193583,370,9.578581,-10,0,0,98.89956,3024.6,198.96468,48.84922,40.156616,53.114693,2067,0.26495403,0,1,0,1,0,0,0,0,0,0,0,0,0,0,0,1,0,0,0,0,0,100,0.5,1,3.481240089,2,112.5291672|23.17083359,8,112.5291672,23.17083359
S7513,1606.0001,148.61646,440.8839,234.4834,74.39334,30,377,1234,4387,0.966188,-0.25781167,1057.5,11.171072,1.0625,0,3.265073,23.216534,13596.4,199.68465,39.805405,67.36212,64.19961,2040,0.14967911,0,1,0,1,0,0,0,0,0,0,0,0,0,0,0,0,0,0,0,0,1,100,5,12,1.791759469,3,-16.50416756|28.36249924,5,-16.50416756,28.36249924
S7346,735,60.5,695.017,212.51685,34.101673,29,739,3439,3038,0.22804508,0.31622797,42.5,1.1673896,-0.375,0,0,114.606575,4635,200,61.07548,137.31459,50.11888,833,0.5210264,1,0,0,1,0,0,0,0,0,0,0,0,0,0,0,0,0,0,0,1,0,1,0.25,4,1.968370295,1,27.26250076|58.29583359,7,27.26250076,58.29583359
S915,1538,253.51636,1387.0503,321.5166,48.10003,78,330,1140,3618,0.16270289,0.13121963,233,1.5943131,0.5625,0,0.041057333,83.57387,8198.2,200,59.868458,18.661396,55.783028,1322,0.21374775,0,1,0,1,0,0,1,0,0,0,0,0,0,0,0,0,0,0,0,0,0,113,0.25,1,4.684443367,3,-5.854166508|6.129166603,8,-5.854166508,6.129166603
S1811,921,66.5,1030.0669,257.4834,14.9,76,384,-542,2795,-0.31622744,0.7071071,17.5,0.13480535,-0.0625,0,0.6216277,0.86844444,4559.8,200,37.614765,99.281906,62.548576,1233,0.7181875,1,0,1,0,0,0,0,0,0,0,0,0,0,0,0,0,0,1,0,0,0,100,0.5,4,3.11342638,2,-73.37083435|45.72083282,10,-73.37083435,45.72083282
S7594,1038,77.399414,1627.2146,170.36572,13.898359,52,1346,2769,735,-0.9103291,-0.31932652,459,5.8112087,-5.75,0,0,17.783466,14394.6,167.7548,47.54338,116.94056,55.037052,802,0.09205022,0,1,0,1,0,0,0,0,0,0,0,0,0,0,0,0,0,0,0,0,1,100,2,4,0.6931471806,3,168.0791626|-45.60416794,8,168.0791626,-45.60416794
S2339,788,75.55005,923.1687,208.5498,21.495003,23,337,2957,4168,0.2377738,0.7446875,719.5,2.840636,4.875,0,0,94.26364,6773.6,200,25.25613,52.291485,56.456364,1291,0.49599174,1,0,0,1,0,0,0,0,0,0,0,0,0,1,0,0,0,0,0,0,0,1,0.6,4,3.401097368,4,9.462499619|48.46250153,7,9.462499619,48.46250153
S5653,1223,255.5,3481.8022,297.5,28.39833,,235,3331,5013,0.20944151,0.93635154,114.5,1.6043974,0.375,0,0,278.5895,8695.6,200,46.890476,29.51694,42.53941,1423,0.28101778,0,1,0,1,0,0,0,0,0,0,0,0,0,0,0,0,0,0,0,0,1,100,5,1,2.92654296,4,-69.99583435|-4.037499905,4,-69.99583435,-4.037499905
S4079,1261,130.56738,3436.2678,183.53369,24.196665,,296,-647,4310,0.58436203,0.811493,1773.5,4.9342194,-0.5,0,0,66.01315,5316.4,200,53.722668,205.09613,49.632347,2003,0.20980686,0,1,0,1,0,0,0,0,0,0,0,0,0,0,0,0,0,0,0,0,1,1,0.25,1,2.90416508,5,-155.3125|19.82083321,1,-155.3125,19.82083321
S4297,1634,161.43335,673.03235,321.4502,39.003357,19,435,1928,3572,0.57507366,-0.8181003,440.5,17.22157,-14.3125,7.692308,0,56.07111,0,200,32.331234,34.54907,71.34746,1209.7566,0.26574504,0,1,0,1,0,0,0,0,0,0,0,0,0,0,0,0,0,0,0,0,1,100,2,4,3.486242942,5,55.66249847|37.35416794,7,55.66249847,37.35416794
S1388,1285,211.50122,2388.2417,296.5349,64.09496,4,392,2911,4764,-0.51543915,0.3193583,370,9.578581,-10,0,0,98.89956,3024.6,198.96468,48.84922,40.156616,53.114693,2067,0.26495403,0,1,0,1,0,0,0,0,0,0,0,0,0,0,0,1,0,0,0,0,0,100,0.5,1,3.572345595,6,112.5291672|23.17083359,8,112.5291672,23.17083359
S2358,865,105.5,809.0496,224.5,11.501673,61,919,3801,3088,0.487353,0.22629812,37,0.61984015,-0.25,0,2.1767347,44.05529,9033.2,200,39.535904,20.211758,60.658054,1024,0.50589156,0,1,0,1,0,0,0,0,0,1,0,0,0,0,0,0,0,0,0,0,0,4,0.25,4,3.433987204,6,4.987500191|50.87083435,6,4.987500191,50.87083435
S6797,1254,121.61694,3193.9346,176.5835,24.396688,20,751,4018,3778,0.4215162,0.9067608,1941,5.4097967,2,0,0,8.919644,9833.6,199.96217,45.98457,166.13841,55.210518,2003,0.20980686,0,1,0,1,0,0,0,0,0,0,0,0,0,0,0,0,0,0,0,0,1,1,0.25,2,2.653241951,5,-155.3291626|19.82083321,1,-155.3291626,19.82083321
S1163,1021.99994,-1.3825684,1379.0079,187.63428,22.596657,,1769,1322,2437,0.53414994,0.7705729,2094.5,18.36282,-15.4375,0,0,1.0808889,1251.4,61.5736,43.513676,120.381424,57.67844,1018,0.48781145,1,0,0,1,0,0,0,0,0,0,0,0,0,0,0,0,0,0,1,0,0,1,0.25,5,2.014903021,5,-113.3458328|48.46250153,2,-113.3458328,48.46250153
S2146,746,68.5,675.2013,221.48315,25.298355,71,641,3795,1951,-0.7365597,0.5207956,119.5,2.5771003,1.875,0,0.11477182,59.70311,5572.8,200,56.282387,45.77998,54.76564,759,0.51940656,0,1,0,1,0,0,0,0,0,0,0,0,0,0,0,0,0,0,0,0,1,100,5,4,3.091042453,7,24.92916679|54.82083511,7,24.92916679,54.82083511
S1383,1847,159.51685,731.21735,248.50024,80.5,32,2002,3782,1457,-0.7978782,0.519289,1586,0.9800326,0.5625,100,0,13.526755,3158,199.98038,60.329483,18.810411,60.158558,963,0.2178725,0,1,0,1,0,1,0,0,0,0,0,0,0,0,0,0,0,0,0,0,0,1600,0.5,10,3.375879574,9,29.19583321|-26.01250076,9,29.19583321,-26.01250076
S1399,1285,211.50122,2388.2417,296.5349,64.09496,4,392,2911,4764,-0.51543915,0.3193583,370,9.578581,-10,0,0,98.89956,3024.6,198.96468,48.84922,40.156616,53.114693,2067,0.26495403,0,1,0,1,0,0,0,0,0,0,0,0,0,0,0,1,0,0,0,0,0,100,0.5,1,3.597312261,7,112.5291672|23.17083359,8,112.5291672,23.17083359
S5654,1331,148.63281,10326.317,210.63281,102.9,38,416,1196,3310,0.8395866,0.54322386,1628.5,5.81853,-0.5,0,0.9738824,63.164978,5267.2,192.96315,41.56961,63.10262,52.803463,2391,0.6681572,0,1,0,1,0,0,0,0,0,0,0,0,0,0,0,0,0,0,0,0,1,100,2,1,3.47917644,8,91.60416412|25.35416603,9,91.60416412,25.35416603
S2048,1145,102.56616,670.035,273.53296,83.395004,69,958,1534,2598,-0.31920707,0.2720523,1384.5,8.644741,12.6875,0,1.7709147,0.96746665,4267,200,28.215963,15.9814415,79.119225,1046,0.3843189,1,0,1,0,0,0,0,0,0,0,0,0,0,0,1,0,0,0,0,0,0,400,1,4,3.008105437,8,107.4124985|35.12083435,6,107.4124985,35.12083435
S1651,1365,176.5,1743.864,326.5,46.199974,100,575,3615,3060,0.9093131,0.31324893,40,1.2074372,-0.0625,0,3.4024177,0.5575111,3527.6,200,24.517826,16.358006,59.38554,2138,0.39387298,0,1,0,1,0,1,0,0,0,0,0,0,0,0,0,0,0,0,0,0,0,100,0.5,4,3.590439381,9,115.7208328|29.28750038,6,115.7208328,29.28750038
S4883,1267,131.61621,3437.4023,183.5664,24.196665,,261,3851,6205,0.39932412,0.9167687,1745,5.119382,0.375,0,0,18.65031,6519.2,200,53.640045,224.0743,50.686573,2003,0.2097156,0,1,0,1,0,0,0,0,0,0,0,0,0,0,0,0,0,0,0,0,1,1,0.25,1,3.176886488,9,-155.3125|19.82916641,1,-155.3125,19.82916641
S2345,788,75.55005,923.1687,208.5498,21.495003,23,337,2957,4168,0.2377738,0.7446875,719.5,2.840636,4.875,0,0,94.26364,6773.6,200,25.25613,52.291485,56.456364,1291,0.49599174,1,0,0,1,0,0,0,0,0,0,0,0,0,1,0,0,0,0,0,0,0,1,0.6,4,3.46564214,10,9.462499619|48.46250153,7,9.462499619,48.46250153
S2649,1388,224.46655,1225.2687,314.49976,72.103325,44,1111,-284,1766,-0.16145109,-0.4374038,198,2.8663492,2.9375,100,0,6.1027555,5705.8,200,35.602184,20.015171,64.946686,2185,0.3132306,0,1,1,0,0,0,0,0,0,1,0,0,0,0,0,0,0,0,0,0,0,100,0.25,1,4.369384594,10,106.6374969|23.99583244,3,106.6374969,23.99583244
S1704,675,61.5,593.9835,170.48315,31.2,,1752,3702,1481,-0.36264205,-0.7482291,10,0.237905,-0.25,0,0.12827165,46.171734,6615.2,152.70522,58.94751,78.97082,54.888958,,0.62720597,0,1,0,1,0,0,0,0,0,0,0,0,0,0,0,0,0,0,0,1,0,1,0.265,4,3.516518124,1,20.27083397|60.13750076,9,20.27083397,60.13750076
S6002,735,60.5,695.017,212.51685,34.101673,29,739,3439,3038,0.22804508,0.31622797,42.5,1.1673896,-0.375,0,0,114.606575,4635,200,61.07548,137.31459,50.11888,833,0.5210264,1,0,0,1,0,0,0,0,0,0,0,0,0,0,0,0,0,0,0,1,0,1,0.25,4,2.705981387,2,27.26250076|58.29583359,7,27.26250076,58.29583359
S6006,735,60.5,695.017,212.51685,34.101673,29,739,3439,3038,0.22804508,0.31622797,42.5,1.1673896,-0.375,0,0,114.606575,4635,200,61.07548,137.31459,50.11888,833,0.5210264,1,0,0,1,0,0,0,0,0,0,0,0,0,0,0,0,0,0,0,1,0,1,0.25,4,2.393795966,3,27.26250076|58.29583359,7,27.26250076,58.29583359
S4309,788,75.55005,923.1687,208.5498,21.495003,23,337,2957,4168,0.2377738,0.7446875,719.5,2.840636,4.875,0,0,94.26364,6773.6,200,25.25613,52.291485,56.456364,1291,0.49599174,1,0,0,1,0,0,0,0,0,0,0,0,0,1,0,0,0,0,0,0,0,1,0.6,4,3.314076898,4,9.462499619|48.46250153,7,9.462499619,48.46250153
S3218,788,75.55005,923.1687,208.5498,21.495003,23,337,2957,4168,0.2377738,0.7446875,719.5,2.840636,4.875,0,0,94.26364,6773.6,200,25.25613,52.291485,56.456364,1291,0.49599174,1,0,0,1,0,0,0,0,0,0,0,0,0,1,0,0,0,0,0,0,0,1,0.6,4,3.417726684,5,9.462499619|48.46250153,7,9.462499619,48.46250153
S2925,1322,191.5,1929.0844,336.51685,57.60003,94,977,1966,1999,0.3420723,0.12746729,46.5,0.6154061,1.75,0,5.169994,2.119111,4948.8,200,38.15586,14.091771,51.42794,2054,0.37536183,0,1,0,1,0,0,0,0,0,1,0,0,0,0,0,0,0,0,0,0,0,400,1.5,4,3.555290948,6,116.9041672|28.26250076,7,116.9041672,28.26250076
S2553,1111,68.68237,504.38437,235.66577,84.10336,47,605,1614,3394,0.049324706,-0.47031122,2208,9.69371,5.4375,0,0.36404908,0.14791112,3749,200,30.438738,22.025988,78.60172,1448,0.37106332,1,0,0,1,0,0,1,0,0,0,0,0,0,0,0,0,0,0,0,0,0,100,0.5,10,3.349833881,10,103.4708328|35.44583511,9,103.4708328,35.44583511
S4490,930,5.5168457,657.9165,195.51685,62.301674,,1484,4636,2134,-0.52575064,-0.4759143,1394.5,2.2448254,2,0,0,73.896,5772,200,35.689667,182.23006,55.13674,854,0.7296108,0,1,0,1,0,0,0,0,0,0,0,0,0,0,0,0,0,0,0,0,1,1,0.25,5,2.5648724,6,-117.3291702|53.42083359,9,-117.3291702,53.42083359
S1242,1839,159.5,741.1339,248.5,80.50332,45,2575,3478,1955,0.011427979,0.96680707,1589.5,1.2024026,0.8125,30.769232,0,17.565866,3214,198.18483,60.75757,18.997484,59.12576,963,0.21533445,0,1,0,1,0,1,0,0,0,0,0,0,0,0,0,0,0,0,0,0,0,1600,0.5,10,3.991296186,1,29.1875|-25.99583244,9,29.1875,-25.99583244
S5437,921,66.5,1030.0669,257.4834,14.9,76,384,-542,2795,-0.31622744,0.7071071,17.5,0.13480535,-0.0625,0,0.6216277,0.86844444,4559.8,200,37.614765,99.281906,62.548576,1233,0.7181875,1,0,1,0,0,0,0,0,0,0,0,0,0,0,0,0,0,1,0,0,0,100,0.5,4,2.484739981,7,-73.37083435|45.72083282,10,-73.37083435,45.72083282
S1317,1466,68.500244,366.06665,283.50024,121.59999,48,867,1376,3015,-0.7842369,-0.045150846,331,3.1746314,1.125,0,0.0022130331,0,2551.2,200,50.997967,14.223862,79.3865,825,0.34909835,1,0,0,1,0,0,1,0,0,0,0,0,0,0,0,0,0,0,0,0,0,100,0.5,8,4.071843312,3,120.8458328|44.55416489,5,120.8458328,44.55416489
S3301,1762,247.5,1126.0165,330.5,86.40165,,321,177,3407,0.90308774,-0.378517,36,0.23910196,-0.25,34.615387,0.027353775,28.696356,7758,200,64.23846,15.340126,61.27091,1091,0.23215778,1,0,0,1,0,0,0,0,0,0,0,0,0,0,0,0,0,0,0,1,0,1,0.25,7,3.008154794,2,34.36249924|-18.97083282,4,34.36249924,-18.97083282
S1484,1317,64.450195,426.0156,253.4834,94.204994,48,716,102,3001,0.65355265,-0.753554,1400,1.3086724,-1.0625,0,3.7677116,0,2220.2,200,52.016018,14.715698,78.48483,1109,0.38523972,1,0,0,1,0,0,1,0,0,0,0,0,0,0,0,0,0,0,0,0,0,100,0.5,8,3.46564214,4,112.0541687|39.0625,4,112.0541687,39.0625
S2758,674,64.5,576.9665,193.5,28.200027,6,1243,3619,2126,-0.25617212,0.4637413,0.5,0.5309193,-1,0,0.040785387,65.57244,6465.6,150.15236,58.503414,91.94949,55.672367,,0.6442544,0,1,0,1,0,0,0,0,0,0,0,0,0,0,0,0,0,0,0,1,0,1,0.265,4,3.161246728,8,19.59583282|60.23749924,9,19.59583282,60.23749924
S1665,1837,158.5332,735.184,247.5332,80.50003,54,1652,3359,2629,0.20956373,0.7538591,1592,0.6104131,0.5,23.076923,0,32.954666,4813.6,200,62.098392,17.773172,58.467587,963,0.21783036,0,1,0,1,0,1,0,0,0,0,0,0,0,0,0,0,0,0,0,0,0,1600,0.5,10,4.060443011,2,29.1875|-26.00416756,9,29.1875,-26.00416756
S4405,922,26.516357,592.917,214.5166,61.203316,,884,3874,2619,-0.26371658,0.5859906,1097,1.7206337,2.875,0,0,100.16907,5082.2,200,36.78136,139.2888,59.93956,854,0.74147415,0,1,0,1,0,0,0,0,0,0,0,0,0,0,0,0,0,0,0,0,1,1,0.25,5,2.079316543,7,-116.9208298|53.33750153,9,-116.9208298,53.33750153
S2340,788,75.55005,923.1687,208.5498,21.495003,23,337,2957,4168,0.2377738,0.7446875,719.5,2.840636,4.875,0,0,94.26364,6773.6,200,25.25613,52.291485,56.456364,1291,0.49599174,1,0,0,1,0,0,0,0,0,0,0,0,0,1,0,0,0,0,0,0,0,1,0.6,4,3.17797046,9,9.462499619|48.46250153,7,9.462499619,48.46250153
S3106,1254,121.61694,3193.9346,176.5835,24.396688,20,751,4018,3778,0.4215162,0.9067608,1941,5.4097967,2,0,0,8.919644,9833.6,199.96217,45.98457,166.13841,55.210518,2003,0.20980686,0,1,0,1,0,0,0,0,0,0,0,0,0,0,0,0,0,0,0,0,1,1,0.25,2,3.063390904,6,-155.3291626|19.82083321,1,-155.3291626,19.82083321
S5882,1345,158.36597,781.30273,291.36597,29.308369,8,805,2538,2309,0.57952315,0.491497,305,9.315428,-5.0625,0,0,45.603554,1352.4,200,29.253918,41.532616,68.67583,1383,0.2867565,0,1,0,1,0,0,0,0,0,0,0,0,0,0,0,0,0,0,0,0,1,100,2,4,3.20510143,10,52.82083511|36.21250153,7,52.82083511,36.21250153
S895,1536,254.48364,1387.0837,322.50024,48.301674,100,552,2883,3260,-0.5909777,0.02744678,218,1.9753718,-0.3125,0,16.462826,22.947733,8580.2,200,62.191128,16.690765,56.850895,1322,0.21374775,0,1,0,1,0,0,1,0,0,0,0,0,0,0,0,0,0,0,0,0,0,113,0.25,1,4.586670108,1,-5.845833302|6.154166698,8,-5.845833302,6.154166698
S6756,1266,136.55005,3570.5193,186.5498,23.998333,,266,3682,5493,0.36486655,0.9310581,1662.5,5.110835,-2.75,0,0,58.27413,11484.8,200,59.214035,235.09749,47.766872,2003,0.2097156,0,1,0,1,0,0,0,0,0,0,0,0,0,0,0,0,0,0,0,0,1,1,0.25,1,3.293946169,2,-155.3041687|19.82916641,1,-155.3041687,19.82916641
S6285,934,16.516846,602.066,206.51685,65.298355,,986,3801,2360,0.939626,-0.3421963,1161.5,2.0621483,-0.875,0,0,82.95734,5789,200,36.06001,164.98785,54.173958,854,0.76550436,0,1,0,1,0,0,0,0,0,0,0,0,0,0,0,0,0,0,0,0,1,1,0.25,5,2.151762192,8,-117.3291702|53.80416489,8,-117.3291702,53.80416489
S1676,1730,253.51636,1407.8999,313.4834,50.096657,,935,4058,2275,-0.07071145,-0.7200713,4,0.24536157,0,0,0.19319648,78.5792,15087,160.78421,44.314053,61.490696,70.815544,1542,0.14450379,0,1,0,1,0,0,0,0,0,0,0,0,0,0,0,0,0,0,0,1,0,1,0.25,1,4.219507705,3,-87.1958313|21.21249962,8,-87.1958313,21.21249962
S5464,1267,131.61621,3437.4023,183.5664,24.196665,,261,3851,6205,0.39932412,0.9167687,1745,5.119382,0.375,0,0,18.65031,6519.2,200,53.640045,224.0743,50.686573,2003,0.2097156,0,1,0,1,0,0,0,0,0,0,0,0,0,0,0,0,0,0,0,0,1,1,0.25,1,2.674079654,4,-155.3125|19.82916641,1,-155.3125,19.82916641
S2673,672,64.5,569.9665,197.50024,28.401676,,1258,4590,1246,-0.7439879,6.28e-07,1,0.4455837,-0.25,100,0.05189327,70.7968,6269.6,142.56906,55.12964,110.08702,56.12549,,0.6450463,0,1,0,1,0,0,0,0,0,0,0,0,0,0,0,0,0,0,0,1,0,1,0.265,3,3.969839014,4,19.67083359|60.21250153,9,19.67083359,60.21250153
S5110,1021.99994,-1.3825684,1379.0079,187.63428,22.596657,,1769,1322,2437,0.53414994,0.7705729,2094.5,18.36282,-15.4375,0,0,1.0808889,1251.4,61.5736,43.513676,120.381424,57.67844,1018,0.48781145,1,0,0,1,0,0,0,0,0,0,0,0,0,0,0,0,0,0,1,0,0,1,0.25,5,2.995482284,9,-113.3458328|48.46250153,2,-113.3458328,48.46250153
S5277,1216,167.50024,1653.9944,305.4839,56.296684,41,457,537,2838,0.54097223,0.1759602,236.5,3.777348,-5.125,0,2.2950344,23.691023,7240.8,200,35.17795,22.184742,61.59865,2146,0.3658854,1,0,0,1,0,0,1,0,0,0,0,0,0,0,0,0,0,0,0,0,0,1,0.5,1,2.978840452,5,111.0208359|29.64583397,3,111.0208359,29.64583397
S4392,1254,121.61694,3193.9346,176.5835,24.396688,20,751,4018,3778,0.4215162,0.9067608,1941,5.4097967,2,0,0,8.919644,9833.6,199.96217,45.98457,166.13841,55.210518,2003,0.20980686,0,1,0,1,0,0,0,0,0,0,0,0,0,0,0,0,0,0,0,0,1,1,0.25,2,3.04414144,7,-155.3291626|19.82083321,1,-155.3291626,19.82083321
S7767,1542,153.5498,388.9831,325.583,43.098354,3,823,3783,3713,0.8732744,0.12352383,608,3.9683251,3.5,0,0,9.641245,3506.4,200,44.0988,17.79724,73.5003,1098,0.31433815,0,1,0,1,0,0,0,0,0,0,0,0,0,0,0,0,0,0,0,0,1,100,5,12,0.6931471806,4,-3.512500048|40.27083206,9,-3.512500048,40.27083206
S3019,1323,192.4834,2002.9169,337.4834,57.6,57,,,,-0.21920452,0.31652707,37,0.73725224,-0.8125,100,2.28064,7.475911,2744.8,200,35.016823,18.780645,54.022038,2054,0.37153614,0,1,0,1,0,0,0,0,0,1,0,0,0,0,0,0,0,0,0,0,0,400,1.5,4,3.341093458,1,116.9375|28.21249962,7,116.9375,28.21249962
S1479,788,75.55005,923.1687,208.5498,21.495003,23,337,2957,4168,0.2377738,0.7446875,719.5,2.840636,4.875,0,0,94.26364,6773.6,200,25.25613,52.291485,56.456364,1291,0.49599174,1,0,0,1,0,0,0,0,0,0,0,0,0,1,0,0,0,0,0,0,0,1,0.6,4,3.433987204,2,9.462499619|48.46250153,7,9.462499619,48.46250153
S3854,873,105.483154,813.0501,224.48315,11.5,59,788,3436,1770,-0.68436384,0.4183836,37,0.53044504,-1.125,0,0.27997532,32.833424,6597.2,200,27.496218,18.358847,61.38324,1024,0.5058858,0,1,0,1,0,0,0,0,0,1,0,0,0,0,0,0,0,0,0,0,0,4,0.25,4,3.198632323,3,4.962500095|50.86249924,6,4.962500095,50.86249924
S3323,1266,136.55005,3570.5193,186.5498,23.998333,,266,3682,5493,0.36486655,0.9310581,1662.5,5.110835,-2.75,0,0,58.27413,11484.8,200,59.214035,235.09749,47.766872,2003,0.2097156,0,1,0,1,0,0,0,0,0,0,0,0,0,0,0,0,0,0,0,0,1,1,0.25,1,3.552572782,6,-155.3041687|19.82916641,1,-155.3041687,19.82916641
S1827,986,85.5,1211.318,261.48364,7.9,,473,818,2870,-0.91299415,0.40752846,325,1.7175539,-1.1875,0,2.2223876,78.33369,8275.4,200,56.90684,107.66652,49.993156,1173,0.6622795,0,1,0,1,0,0,0,0,0,0,0,0,0,0,0,0,0,0,0,1,0,100,0.25,4,1.791759469,4,-72.1875|42.48749924,3,-72.1875,42.48749924
S1957,1492,259.2683,3647.469,303.2683,20.100027,,305,2034,3757,-0.81939185,0.02908386,146,8.844811,-8.125,0,0,244.39697,9816.8,192.65326,42.351673,172.01614,43.877098,2660,0.35826954,0,1,0,1,0,0,0,0,0,0,0,0,0,0,0,0,0,0,0,0,1,100,2,1,2.917338237,7,114.0041656|-0.0625,2,114.0041656,-0.0625
S3861,1407,88.516846,354.9501,275.4834,91.09668,32,2708,5458,1938,0.92467785,-0.3616901,1407,0.5687557,0.1875,0,2.6258795,0,2150,200,52.180157,7.963095,84.69459,795,0.33497083,1,0,0,1,0,0,1,0,0,0,0,0,0,0,0,0,0,0,0,0,0,100,0.5,10,1.945910149,3,107.8125|37.52916718,4,107.8125,37.52916718
S1866,1388,224.46655,1225.2687,314.49976,72.103325,44,1111,-284,1766,-0.16145109,-0.4374038,198,2.8663492,2.9375,100,0,6.1027555,5705.8,200,35.602184,20.015171,64.946686,2185,0.3132306,0,1,1,0,0,0,0,0,0,1,0,0,0,0,0,0,0,0,0,0,0,100,0.25,1,4.175648025,8,106.6374969|23.99583244,3,106.6374969,23.99583244
S2680,1819,199.4497,557.51953,282.49976,95.1933,40,,,,-0.26285803,-0.9648268,12.5,2.0649433,-0.1875,100,8.106701,0,,200,40.11186,34.269173,76.29921,1904,0.14228484,0,1,0,1,0,0,0,0,0,0,0,0,0,0,0,0,0,0,0,0,1,100,2,12,3.970291914,5,32.40416718|34.77916718,5,32.40416718,34.77916718
S3513,1266,136.55005,3570.5193,186.5498,23.998333,,266,3682,5493,0.36486655,0.9310581,1662.5,5.110835,-2.75,0,0,58.27413,11484.8,200,59.214035,235.09749,47.766872,2003,0.2097156,0,1,0,1,0,0,0,0,0,0,0,0,0,0,0,0,0,0,0,0,1,1,0.25,1,2.899606751,9,-155.3041687|19.82916641,1,-155.3041687,19.82916641
S1360,1465,145.5,729.9998,306.5,93.30168,100,567,3567,3875,-0.87596,0.16876933,39,0.26062185,-0.375,0,2.5595384,3.8616889,3631.2,200,33.568592,11.540778,75.42536,1249,0.43762094,0,1,1,0,0,0,0,0,0,1,0,0,0,0,0,0,0,0,0,0,0,10000,0.5,4,4.50603466,5,116.9791641|35.0625,10,116.9791641,35.0625
S3065,1728,253.5,1401.9666,313.5,50.198326,,234,1960,4771,-0.7071065,0.61080176,15.5,0.09783207,0.25,0,0,118.8544,14049.4,60.65107,42.211273,75.85825,72.34954,1542,0.14517352,0,1,0,1,0,0,0,0,0,0,0,0,0,0,0,0,0,0,0,1,0,1,0.25,1,1.59594734,10,-87.21250153|21.21249962,8,-87.21250153,21.21249962
S5986,675,61.5,593.9835,170.48315,31.2,,1752,3702,1481,-0.36264205,-0.7482291,10,0.237905,-0.25,0,0.12827165,46.171734,6615.2,152.70522,58.94751,78.97082,54.888958,,0.62720597,0,1,0,1,0,0,0,0,0,0,0,0,0,0,0,0,0,0,0,1,0,1,0.265,4,2.970209331,6,20.27083397|60.13750076,9,20.27083397,60.13750076
S4259,1322,110.48389,616.3341,285.4839,86.10003,64,697,-468,2573,-0.545464,0.7422882,1047,8.166594,6.4375,0,0.29517445,5.1584,4034.6,200,39.41811,21.970211,78.46698,1057,0.36312452,1,0,0,1,0,0,1,0,0,0,0,0,0,0,0,0,0,0,0,0,0,100,0.5,4,3.772714985,7,109.4541702|36.03749847,9,109.4541702,36.03749847
S3263,1100,39.549805,394.96646,251.5498,62.90165,85,1388,2058,1353,0.9864293,0.16007537,807,0.74635416,1.25,0,0.017561192,0,4538,200,41.777393,24.815668,68.62485,603,0.624223,1,0,1,0,0,0,0,0,0,0,0,0,0,0,0,1,0,0,0,0,0,100,1,8,2.367061147,5,-107.6875|50.29583359,4,-107.6875,50.29583359
S1415,1460,222.4834,2051.12,310.46655,64.49834,78,520,700,2845,0.26578808,0.57953596,105.5,3.3489714,-10,0,6.9522505,20.990755,5104.2,200,40.438927,21.212065,59.71818,2184,0.25699183,0,1,1,0,0,0,0,0,0,1,0,0,0,0,0,0,0,0,0,0,0,100,0.25,1,4.771726464,1,110.3791656|22.66250038,10,110.3791656,22.66250038
S991,1554,255.5,1406.1501,320.48364,47.09835,100,594,1694,2479,-0.36331916,-0.40708232,230.5,1.5039495,2.625,0,0.76957864,71.164085,8069.4,200,63.01808,15.802091,55.223503,1152,0.23367602,0,1,0,1,0,0,1,0,0,0,0,0,0,0,0,0,0,0,0,0,0,113,0.25,1,4.599152129,2,-6.487500191|6.129166603,8,-6.487500191,6.129166603
S6613,1267,131.61621,3437.4023,183.5664,24.196665,,261,3851,6205,0.39932412,0.9167687,1745,5.119382,0.375,0,0,18.65031,6519.2,200,53.640045,224.0743,50.686573,2003,0.2097156,0,1,0,1,0,0,0,0,0,0,0,0,0,0,0,0,0,0,0,0,1,1,0.25,1,2.420012536,3,-155.3125|19.82916641,1,-155.3125,19.82916641
S6194,1254,121.61694,3193.9346,176.5835,24.396688,20,751,4018,3778,0.4215162,0.9067608,1941,5.4097967,2,0,0,8.919644,9833.6,199.96217,45.98457,166.13841,55.210518,2003,0.20980686,0,1,0,1,0,0,0,0,0,0,0,0,0,0,0,0,0,0,0,0,1,1,0.25,2,2.944070492,8,-155.3291626|19.82083321,1,-155.3291626,19.82083321
S3587,1293,212.7002,2345.5906,299.71704,63.89665,5,278,1426,4894,0.5062923,0.77756387,326,12.99755,16.125,0,0.016034076,96.45511,10570.8,198.00793,48.86243,43.03658,54.227562,2067,0.2648564,0,1,0,1,0,0,0,0,0,1,0,0,0,0,0,0,0,0,0,0,0,400,1.5,1,3.198673118,4,112.5374985|23.17083359,8,112.5374985,23.17083359
S4169,1254,121.61694,3193.9346,176.5835,24.396688,20,751,4018,3778,0.4215162,0.9067608,1941,5.4097967,2,0,0,8.919644,9833.6,199.96217,45.98457,166.13841,55.210518,2003,0.20980686,0,1,0,1,0,0,0,0,0,0,0,0,0,0,0,0,0,0,0,0,1,1,0.25,2,3.146090091,9,-155.3291626|19.82083321,1,-155.3291626,19.82083321
S3399,1254,121.61694,3193.9346,176.5835,24.396688,20,751,4018,3778,0.4215162,0.9067608,1941,5.4097967,2,0,0,8.919644,9833.6,199.96217,45.98457,166.13841,55.210518,2003,0.20980686,0,1,0,1,0,0,0,0,0,0,0,0,0,0,0,0,0,0,0,0,1,1,0.25,2,2.70765015,10,-155.3291626|19.82083321,1,-155.3291626,19.82083321
S6600,1254,121.61694,3193.9346,176.5835,24.396688,20,751,4018,3778,0.4215162,0.9067608,1941,5.4097967,2,0,0,8.919644,9833.6,199.96217,45.98457,166.13841,55.210518,2003,0.20980686,0,1,0,1,0,0,0,0,0,0,0,0,0,0,0,0,0,0,0,0,1,1,0.25,2,2.917662574,1,-155.3291626|19.82083321,1,-155.3291626,19.82083321
S4823,1145,102.56616,670.035,273.53296,83.395004,69,958,1534,2598,-0.31920707,0.2720523,1384.5,8.644741,12.6875,0,1.7709147,0.96746665,4267,200,28.215963,15.9814415,79.119225,1046,0.3843189,1,0,1,0,0,0,0,0,0,0,0,0,0,0,1,0,0,0,0,0,0,400,1,4,3.044093737,8,107.4124985|35.12083435,6,107.4124985,35.12083435
S1249,1757,255.5,2384.421,331.5332,102.60167,100,1483,4215,1979,0.5465944,0.7982018,162,1.3539343,1.25,0,1.6946396,65.98222,8002.8,200,43.0924,19.185446,55.74422,1524,0.25782186,0,1,0,1,0,0,0,0,0,0,0,0,0,0,0,0,0,0,0,0,1,100,5,2,3.784144203,2,104.7541656|17.39583397,2,104.7541656,17.39583397
S1473,1522,138.5,592.9997,316.5,103.40165,100,839,3039,2384,-0.31622875,0.099133894,12,0.15937415,-0.0625,0,2.7151637,2.051911,3670.4,200,21.713814,12.29388,76.86374,1277,0.39045835,0,1,0,1,0,0,0,0,0,1,0,0,0,0,0,0,0,0,0,0,0,10000,0.5,4,4.344727064,9,117.6791687|36.98749924,2,117.6791687,36.98749924
S4195,737,75.5,561.9666,201.50024,27.198324,81,1471,2909,1872,0.88133454,-0.47167742,48,0.2588114,0,0,20.82155,15.146133,,192.83714,56.143604,47.016853,64.87282,1058,0.64299417,0,1,0,1,0,0,0,0,0,0,0,0,0,0,0,0,0,0,0,0,1,100,2,4,3.526360525,10,18.30416679|57.62916565,2,18.30416679,57.62916565
S3068,813,83.499756,628.3523,216.48315,14.298355,72,754,3960,1958,0.9513384,0.054338474,294.5,2.8189611,1.4375,0,0.498069,39.86969,6268,200,27.55997,33.30711,64.04292,1228,0.48777267,1,0,0,1,0,0,0,0,0,0,0,0,1,0,0,0,0,0,0,0,0,1,1,4,2.484823279,1,10.42083359|51.27083206,10,10.42083359,51.27083206
S891,1688,168.5,958.9997,286.5,70.00164,100,472,-878,2784,-0.23369712,0.9658333,345,0.24536157,-0.125,0,0,1.6398222,2630.2,200,43.891556,15.631587,67.7791,637,0.17174195,0,1,0,1,0,0,0,0,0,0,0,0,0,0,0,0,0,0,0,0,1,100,5,8,3.610917913,6,-63.95416641|-32.60416794,9,-63.95416641,-32.60416794
S2131,1425,177.41724,779.73157,286.417,48.401672,58,783,278,2545,-0.7760674,0.6298202,76,2.8819964,-4.5,0,0.34398142,19.1616,8441,200,36.834293,20.159712,74.93907,1965,0.18426913,0,1,0,1,0,0,0,0,0,0,0,0,0,0,0,0,0,0,0,1,0,1,0.25,12,3.864239331,6,3.020833254|39.83750153,4,3.020833254,39.83750153
S2113,1302,214.6167,1077.7468,306.60034,84.298325,68,855,824,2883,0.23097806,0.9576607,580.5,17.277765,-5.5,0,0.95464814,26.233955,5569,198.2268,32.285313,26.140823,63.120663,2580.0105,0.30463535,0,1,1,0,0,0,0,0,0,1,0,0,0,0,0,0,0,0,0,0,0,100,0.25,1,4.205602608,5,105.4791641|24.8125,3,105.4791641,24.8125
S1300,1440,149.5,585.0841,316.51685,89.40335,100,842,1977,2105,0.57715946,-0.2896736,121,0.20753214,-0.1875,100,6.0891867,0,3839.2,200,27.52971,12.4633875,81.86059,1423,0.42802665,0,1,1,0,0,0,0,0,0,1,0,0,0,0,0,0,0,0,0,0,0,10000,0.5,4,4.405486806,2,113.3958359|34.88750076,9,113.3958359,34.88750076
S5284,965,99.483154,1408.9164,263.48315,37.996655,35,578,1119,2199,-0.7797116,-0.25960442,245.5,3.5946069,-0.375,0,0.6933038,111.56355,7366.8,198.375,38.516678,55.95844,58.056652,1259,0.29063743,0,1,0,1,0,0,0,0,0,0,0,0,0,0,0,0,0,0,0,0,1,100,2,4,2.832860366,3,141.1708374|39.88750076,9,141.1708374,39.88750076
S1973,1708,241.5332,1041.5984,318.5166,77.498344,51,329,-374,3695,0.73168755,0.6768762,502.5,1.0439652,0.375,17.307693,0.40655148,7.3914666,7311.4,200,51.66756,13.214768,65.687874,1530,0.1646569,0,1,0,1,0,0,0,0,0,0,0,0,0,0,0,0,0,0,0,0,1,100,2,9,4.016383021,2,37.41249847|-6.929166794,8,37.41249847,-6.929166794
S6698,986,85.5,1211.318,261.48364,7.9,,473,818,2870,-0.91299415,0.40752846,325,1.7175539,-1.1875,0,2.2223876,78.33369,8275.4,200,56.90684,107.66652,49.993156,1173,0.6622795,0,1,0,1,0,0,0,0,0,0,0,0,0,0,0,0,0,0,0,1,0,100,0.25,4,1.098612289,4,-72.1875|42.48749924,3,-72.1875,42.48749924
S1837,2143,184.46655,700.9165,288.55005,82.69997,,268,2348,6571,-0.32826477,-0.92578137,49,1.6411787,-0.8125,15.384616,0.004409905,61.243378,7899.8,200,77.84545,25.215385,64.60311,1618,0.10725556,0,1,0,1,0,0,0,0,0,0,0,0,0,0,0,0,0,0,0,0,1,100,5,12,3.215309445,7,115.6041641|-31.35416603,8,115.6041641,-31.35416603
S2036,1299,225.26562,1176.5,316.24878,78.60167,59,1912,3704,1052,-0.77209544,-0.4566464,284,6.2477617,-10.1875,0,77.08154,10.357156,6283.2,199.99945,31.092428,19.17534,65.17708,2292,0.3138609,0,1,1,0,0,0,0,0,0,1,0,0,0,0,0,0,0,0,0,0,0,100,0.25,1,4.119037175,6,106.2375031|24.28750038,3,106.2375031,24.28750038
S2550,1017,68.60083,428.69788,235.60083,80.2,30,666,2793,4242,0.4770159,0.14343779,2110.5,6.352394,13.8125,0,0,0,2680.2,200,30.118563,21.153673,79.19761,1196,0.37703997,1,0,0,1,0,0,1,0,0,0,0,0,0,0,0,0,0,0,0,0,0,100,0.5,10,3.433825928,4,104.6958313|35.41249847,9,104.6958313,35.41249847
S5552,1267,131.61621,3437.4023,183.5664,24.196665,,261,3851,6205,0.39932412,0.9167687,1745,5.119382,0.375,0,0,18.65031,6519.2,200,53.640045,224.0743,50.686573,2003,0.2097156,0,1,0,1,0,0,0,0,0,0,0,0,0,0,0,0,0,0,0,0,1,1,0.25,1,1.503632833,7,-155.3125|19.82916641,1,-155.3125,19.82916641
S6533,930,5.5168457,657.9165,195.51685,62.301674,,1484,4636,2134,-0.52575064,-0.4759143,1394.5,2.2448254,2,0,0,73.896,5772,200,35.689667,182.23006,55.13674,854,0.7296108,0,1,0,1,0,0,0,0,0,0,0,0,0,0,0,0,0,0,0,0,1,1,0.25,5,2.196668855,10,-117.3291702|53.42083359,9,-117.3291702,53.42083359
S2786,1266,136.55005,3570.5193,186.5498,23.998333,,266,3682,5493,0.36486655,0.9310581,1662.5,5.110835,-2.75,0,0,58.27413,11484.8,200,59.214035,235.09749,47.766872,2003,0.2097156,0,1,0,1,0,0,0,0,0,0,0,0,0,0,0,0,0,0,0,0,1,1,0.25,1,3.188375402,8,-155.3041687|19.82916641,1,-155.3041687,19.82916641
S5334,1260,37.516846,377.0332,248.5,104.70003,48,746,3307,3786,0.99033046,0.085675746,1343,0.9043521,-0.625,0,0.004994868,0,2068.2,200,49.571487,14.233843,79.75255,888,0.3697996,1,0,0,1,0,0,1,0,0,0,0,0,0,0,0,0,0,0,0,0,0,100,0.5,8,3.384254671,7,116.2791672|42.02916718,9,116.2791672,42.02916718
S4714,1254,121.61694,3193.9346,176.5835,24.396688,20,751,4018,3778,0.4215162,0.9067608,1941,5.4097967,2,0,0,8.919644,9833.6,199.96217,45.98457,166.13841,55.210518,2003,0.20980686,0,1,0,1,0,0,0,0,0,0,0,0,0,0,0,0,0,0,0,0,1,1,0.25,2,3.295540547,3,-155.3291626|19.82083321,1,-155.3291626,19.82083321
S3300,865,105.5,809.0496,224.5,11.501673,61,919,3801,3088,0.487353,0.22629812,37,0.61984015,-0.25,0,2.1767347,44.05529,9033.2,200,39.535904,20.211758,60.658054,1024,0.50589156,0,1,0,1,0,0,0,0,0,1,0,0,0,0,0,0,0,0,0,0,0,4,0.25,4,2.397622485,5,4.987500191|50.87083435,6,4.987500191,50.87083435
S7679,965,8.549561,692.0508,192.5332,63.603344,,1038,-295,2246,0.32847303,-0.4056939,1318.5,3.926982,4.625,0,0,130.72337,5084,200,35.498493,184.18054,51.360176,855,0.71377885,0,1,0,1,0,0,0,0,0,0,0,0,0,0,0,0,0,0,0,0,1,1,0.25,5,1.203872783,1,-118.4875031|54.16249847,8,-118.4875031,54.16249847
S3289,1688,257.5166,2959.9495,293.53345,56.304985,,142,65,5961,-0.41344553,0.7215339,88,4.020423,1.4375,0,0,156.95395,9391,200,37.658844,74.15421,52.18274,1881,0.33074528,1,0,0,1,0,0,0,0,0,0,0,0,0,0,0,0,0,0,1,0,0,400,0.025,1,3.51142598,9,-79.84583282|9.112500191,4,-79.84583282,9.112500191
S2483,1176,185.51636,1544.9668,331.51636,41.198345,100,865,3407,2064,0.8974673,-0.44010708,125,1.8917987,0.6875,0,8.61727,3.3258667,4330,200,31.193157,17.314802,63.765278,1979,0.33031636,0,1,0,1,0,0,0,0,0,1,0,0,0,0,0,0,0,0,0,0,0,400,1.5,1,2.995432203,10,111.8708344|26.76250076,5,111.8708344,26.76250076
S6940,1266,136.55005,3570.5193,186.5498,23.998333,,266,3682,5493,0.36486655,0.9310581,1662.5,5.110835,-2.75,0,0,58.27413,11484.8,200,59.214035,235.09749,47.766872,2003,0.2097156,0,1,0,1,0,0,0,0,0,0,0,0,0,0,0,0,0,0,0,0,1,1,0.25,1,2.582486944,1,-155.3041687|19.82916641,1,-155.3041687,19.82916641
S4052,921,66.5,1030.0669,257.4834,14.9,76,384,-542,2795,-0.31622744,0.7071071,17.5,0.13480535,-0.0625,0,0.6216277,0.86844444,4559.8,200,37.614765,99.281906,62.548576,1233,0.7181875,1,0,1,0,0,0,0,0,0,0,0,0,0,0,0,0,0,1,0,0,0,100,0.5,4,1.945910149,6,-73.37083435|45.72083282,10,-73.37083435,45.72083282
S2986,2393,125.25244,296.1167,306.25244,58.899975,,576,1081,6236,0.5348317,-0.8224919,1790,11.606415,-11.9375,0,0,0.6712889,3018,150.07196,53.697453,15.338998,77.83713,1007,0.29640305,0,1,0,1,0,0,0,0,0,0,0,0,0,0,0,0,0,0,0,0,1,100,2,13,4.034134429,10,-115.5374985|35.97083282,10,-115.5374985,35.97083282
S3737,921,66.5,1030.0669,257.4834,14.9,76,384,-542,2795,-0.31622744,0.7071071,17.5,0.13480535,-0.0625,0,0.6216277,0.86844444,4559.8,200,37.614765,99.281906,62.548576,1233,0.7181875,1,0,1,0,0,0,0,0,0,0,0,0,0,0,0,0,0,1,0,0,0,100,0.5,4,3.54575939,7,-73.37083435|45.72083282,10,-73.37083435,45.72083282
S3781,1254,121.61694,3193.9346,176.5835,24.396688,20,751,4018,3778,0.4215162,0.9067608,1941,5.4097967,2,0,0,8.919644,9833.6,199.96217,45.98457,166.13841,55.210518,2003,0.20980686,0,1,0,1,0,0,0,0,0,0,0,0,0,0,0,0,0,0,0,0,1,1,0.25,2,3.198632323,4,-155.3291626|19.82083321,1,-155.3291626,19.82083321
S5572,1267,131.61621,3437.4023,183.5664,24.196665,,261,3851,6205,0.39932412,0.9167687,1745,5.119382,0.375,0,0,18.65031,6519.2,200,53.640045,224.0743,50.686573,2003,0.2097156,0,1,0,1,0,0,0,0,0,0,0,0,0,0,0,0,0,0,0,0,1,1,0.25,1,1.609437912,2,-155.3125|19.82916641,1,-155.3125,19.82916641
S4695,1260,37.516846,377.0332,248.5,104.70003,48,746,3307,3786,0.99033046,0.085675746,1343,0.9043521,-0.625,0,0.004994868,0,2068.2,200,49.571487,14.233843,79.75255,888,0.3697996,1,0,0,1,0,0,0,0,0,0,0,0,0,0,0,0,0,0,0,1,0,100,0.5,8,3.552486873,8,116.2791672|42.02916718,9,116.2791672,42.02916718
S2998,1260,37.516846,377.0332,248.5,104.70003,48,746,3307,3786,0.99033046,0.085675746,1343,0.9043521,-0.625,0,0.004994868,0,2068.2,200,49.571487,14.233843,79.75255,888,0.3697996,1,0,0,1,0,0,1,0,0,0,0,0,0,0,0,0,0,0,0,0,0,100,0.5,8,3.81769036,9,116.2791672|42.02916718,9,116.2791672,42.02916718
S1301,955,16.5,563.10065,252.50024,104.4,66,661,251,2071,0.98370004,-0.17981732,295.5,2.2579837,-0.625,7.692308,0,3.4972444,3189,200,33.344532,73.1017,60.28853,680,0.2960719,0,1,0,1,0,0,0,0,0,1,0,0,0,0,0,0,0,0,0,0,0,100,0.5,4,3.784144203,8,126.8291702|48.33750153,2,126.8291702,48.33750153
S4170,1260,126.59985,3311.0686,180.5664,24.298332,,266,-809,5397,0.1786791,0.98317844,1849,5.4882984,-1.25,0,0,12.071645,11000.8,200,47.679646,182.91426,52.51077,2003,0.20980686,0,1,0,1,0,0,0,0,0,0,0,0,0,0,0,0,0,0,0,0,1,1,0.25,2,2.995582249,5,-155.3208313|19.82083321,1,-155.3208313,19.82083321
S3562,1450,142.5,484.03354,324.5,107.603355,100,940,745,1601,-0.9067859,0.16876933,42,0.14805226,-0.1875,0,7.9062295,0.22897778,3646,200,33.804752,14.318171,81.48038,1082,0.40882203,0,1,1,0,0,0,0,0,0,1,0,0,0,0,0,0,0,0,0,0,0,10000,0.5,4,4.14503766,9,114.8541641|37.80416489,4,114.8541641,37.80416489
S1983,1285,211.50122,2388.2417,296.5349,64.09496,4,392,2911,4764,-0.51543915,0.3193583,370,9.578581,-10,0,0,98.89956,3024.6,198.96468,48.84922,40.156616,53.114693,2067,0.26495403,0,1,0,1,0,0,0,0,0,0,0,0,0,0,0,1,0,0,0,0,0,100,0.5,1,3.624340933,3,112.5291672|23.17083359,8,112.5291672,23.17083359
S5373,1445,149.5,592.9164,316.5,88.60167,100,710,4537,2545,0.3408786,0.4354644,124,0.20721093,0.125,0,3.7718832,0,3968.6,200,26.641232,11.645044,81.12274,1423,0.43216163,0,1,0,1,0,0,0,0,0,1,0,0,0,0,0,0,0,0,0,0,0,10000,0.5,4,3.911843012,10,113.3541641|34.84583282,9,113.3541641,34.84583282
S4164,1254,121.61694,3193.9346,176.5835,24.396688,20,751,4018,3778,0.4215162,0.9067608,1941,5.4097967,2,0,0,8.919644,9833.6,199.96217,45.98457,166.13841,55.210518,2003,0.20980686,0,1,0,1,0,0,0,0,0,0,0,0,0,0,0,0,0,0,0,0,1,1,0.25,2,3.135363761,6,-155.3291626|19.82083321,1,-155.3291626,19.82083321
S7055,457,-11.449463,1360.1915,126.56714,23.396677,,1400,4023,2870,0.97854966,-0.18756947,545.5,4.068228,-1.4375,0,0,0.2112,1059.2,146.94817,59.909615,96.5324,54.128902,478,0.4655778,0,1,0,1,0,0,0,0,0,0,0,0,0,0,0,0,0,0,0,0,1,100,2,11,1.609437912,6,21.57083321|69.88749695,10,21.57083321,69.88749695
S4757,1266,136.55005,3570.5193,186.5498,23.998333,,266,3682,5493,0.36486655,0.9310581,1662.5,5.110835,-2.75,0,0,58.27413,11484.8,200,59.214035,235.09749,47.766872,2003,0.2097156,0,1,0,1,0,0,0,0,0,0,0,0,0,0,0,0,0,0,0,0,1,1,0.25,1,3.397457078,4,-155.3041687|19.82916641,1,-155.3041687,19.82916641
S5612,1747,255.51636,1336.0334,299.51636,48.698357,,210,1214,4344,-0.19611683,0.55470014,18,0.15774922,-0.5,0,0,93.89813,10742,115.78659,43.172848,98.31163,71.17757,1542,0.15034056,0,1,0,1,0,0,0,0,0,0,0,0,0,0,0,0,0,0,0,1,0,1,0.25,1,3.39952935,5,-87.35416412|20.44583321,8,-87.35416412,20.44583321
S7168,1100,39.549805,394.96646,251.5498,62.90165,85,1388,2058,1353,0.9864293,0.16007537,807,0.74635416,1.25,0,0.017561192,0,4538,200,41.777393,24.815668,68.62485,603,0.624223,1,0,1,0,0,0,0,0,0,0,0,0,0,0,0,1,0,0,0,0,0,100,1,8,1.386294361,10,-107.6875|50.29583359,4,-107.6875,50.29583359
S3936,1254,121.61694,3193.9346,176.5835,24.396688,20,751,4018,3778,0.4215162,0.9067608,1941,5.4097967,2,0,0,8.919644,9833.6,199.96217,45.98457,166.13841,55.210518,2003,0.20980686,0,1,0,1,0,0,0,0,0,0,0,0,0,0,0,0,0,0,0,0,1,1,0.25,2,2.673596747,7,-155.3291626|19.82083321,1,-155.3291626,19.82083321
S5595,1260,126.59985,3311.0686,180.5664,24.298332,,266,-809,5397,0.1786791,0.98317844,1849,5.4882984,-1.25,0,0,12.071645,11000.8,200,47.679646,182.91426,52.51077,2003,0.20980686,0,1,0,1,0,0,0,0,0,0,0,0,0,0,0,0,0,0,0,0,1,1,0.25,2,2.438775415,8,-155.3208313|19.82083321,1,-155.3208313,19.82083321
S5728,931,17.5,447.79868,220.51685,45.40332,,520,1847,2230,0.8691163,-0.48879364,688,0.56365883,-0.1875,0,0.2083459,93.97315,6244.2,200,41.30245,163.83438,58.138805,659,0.707645,0,1,0,1,0,0,0,0,0,0,0,0,0,0,0,0,0,0,0,0,1,1,0.25,6,2.196557684,5,-119.0958328|56.24583435,7,-119.0958328,56.24583435
S3510,1266,136.55005,3570.5193,186.5498,23.998333,,266,3682,5493,0.36486655,0.9310581,1662.5,5.110835,-2.75,0,0,58.27413,11484.8,200,59.214035,235.09749,47.766872,2003,0.2097156,0,1,0,1,0,0,0,0,0,0,0,0,0,0,0,0,0,0,0,0,1,1,0.25,1,2.3950731,6,-155.3041687|19.82916641,1,-155.3041687,19.82916641
S3938,788,75.55005,923.1687,208.5498,21.495003,23,337,2957,4168,0.2377738,0.7446875,719.5,2.840636,4.875,0,0,94.26364,6773.6,200,25.25613,52.291485,56.456364,1291,0.49599174,1,0,0,1,0,0,0,0,0,0,0,0,0,1,0,0,0,0,0,0,0,1,0.6,4,3.465579667,1,9.462499619|48.46250153,7,9.462499619,48.46250153
S6091,961,27.533203,662.06683,208.50024,62.898327,,922,3366,2554,0.93858004,0.34380913,951,0.8845985,-1,0,0,139.66524,5736.4,196.43079,35.776035,226.97191,50.313286,729,0.7495963,0,1,0,1,0,0,0,0,0,0,0,0,0,0,0,0,0,0,0,0,1,1,0.25,5,2.995482284,2,-117.9708328|54.57916641,8,-117.9708328,54.57916641
S3265,1266,136.55005,3570.5193,186.5498,23.998333,,266,3682,5493,0.36486655,0.9310581,1662.5,5.110835,-2.75,0,0,58.27413,11484.8,200,59.214035,235.09749,47.766872,2003,0.2097156,0,1,0,1,0,0,0,0,0,0,0,0,0,0,0,0,0,0,0,0,1,1,0.25,1,2.638700115,7,-155.3041687|19.82916641,1,-155.3041687,19.82916641
S3275,921,66.5,1030.0669,257.4834,14.9,76,384,-542,2795,-0.31622744,0.7071071,17.5,0.13480535,-0.0625,0,0.6216277,0.86844444,4559.8,200,37.614765,99.281906,62.548576,1233,0.7181875,1,0,1,0,0,0,0,0,0,0,0,0,0,0,0,0,0,1,0,0,0,100,0.5,4,2.772276166,2,-73.37083435|45.72083282,10,-73.37083435,45.72083282
S1884,1386,154.5,939.95,311.5,75.505,100,414,-1032,3684,0.7604197,-0.09805776,34,0.20721093,0.375,9.615385,0.98324424,6.575111,4447.8,200,16.195478,13.144553,78.878815,1271,0.41327733,0,1,1,0,0,0,0,0,0,1,0,0,0,0,0,0,0,0,0,0,0,10000,0.5,4,4.305415512,3,115.6291656|33.22916794,3,115.6291656,33.22916794
S1915,940,26.483154,421.08344,229.48364,64.1,63,1279,2511,1406,-0.5005578,0.82370186,688,2.0329497,0.25,100,0,2.3324444,4232.6,200,42.1406,64.55405,68.58091,718,0.7046005,0,1,0,1,0,0,0,0,0,0,0,0,0,0,0,0,0,0,0,0,1,100,5,8,3.915337514,1,-111.5541687|53.08750153,4,-111.5541687,53.08750153
S5704,1236,249.4668,3277.3857,298.48364,22,,118,-1964,5956,-0.67110574,0.15250987,154,2.26895,-3.125,0,0,270.77316,9112.2,200,59.175083,34.60186,41.613045,1396,0.32190883,0,1,0,1,0,0,0,0,0,0,0,0,0,0,0,0,0,0,0,0,1,100,2,1,2.436678864,8,-72.11250305|-0.5625,4,-72.11250305,-0.5625
S5097,1771,242.5,1133.319,324.4834,85.8,,128,-1674,5903,-0.51026034,-0.22177547,120.5,2.755228,-1.125,30.769232,0,56.788445,8348.8,188.10933,64.91112,16.186789,59.68965,1588,0.23701541,1,0,0,1,0,0,0,0,0,0,0,0,0,0,0,0,0,0,0,1,0,1,0.25,7,2.63905733,3,34.1875|-19.02083397,4,34.1875,-19.02083397
S3495,1254,121.61694,3193.9346,176.5835,24.396688,20,751,4018,3778,0.4215162,0.9067608,1941,5.4097967,2,0,0,8.919644,9833.6,199.96217,45.98457,166.13841,55.210518,2003,0.20980686,0,1,0,1,0,0,0,0,0,0,0,0,0,0,0,0,0,0,0,0,1,1,0.25,2,2.420368129,9,-155.3291626|19.82083321,1,-155.3291626,19.82083321
S5533,1266,136.55005,3570.5193,186.5498,23.998333,,266,3682,5493,0.36486655,0.9310581,1662.5,5.110835,-2.75,0,0,58.27413,11484.8,200,59.214035,235.09749,47.766872,2003,0.2097156,0,1,0,1,0,0,0,0,0,0,0,0,0,0,0,0,0,0,0,0,1,1,0.25,1,2.832860366,9,-155.3041687|19.82916641,1,-155.3041687,19.82916641
S7467,735,60.5,695.017,212.51685,34.101673,29,739,3439,3038,0.22804508,0.31622797,42.5,1.1673896,-0.375,0,0,114.606575,4635,200,61.07548,137.31459,50.11888,833,0.5210264,1,0,0,1,0,0,0,0,0,0,0,0,0,0,0,0,0,0,0,1,0,1,0.25,4,2.292534719,4,27.26250076|58.29583359,7,27.26250076,58.29583359
S1858,1425,177.41724,779.73157,286.417,48.401672,58,783,278,2545,-0.7760674,0.6298202,76,2.8819964,-4.5,0,0.34398142,19.1616,8441,200,36.834293,20.159712,74.93907,1965,0.18426913,0,1,0,1,0,0,0,0,0,0,0,0,0,0,0,0,0,0,0,1,0,1,0.25,12,4.007333185,8,3.020833254|39.83750153,4,3.020833254,39.83750153
S2484,1266,136.55005,3570.5193,186.5498,23.998333,,266,3682,5493,0.36486655,0.9310581,1662.5,5.110835,-2.75,0,0,58.27413,11484.8,200,59.214035,235.09749,47.766872,2003,0.2097156,0,1,0,1,0,0,0,0,0,0,0,0,0,0,0,0,0,0,0,0,1,1,0.25,1,3.113470888,10,-155.3041687|19.82916641,1,-155.3041687,19.82916641
S2679,457.99994,-6.4160156,1258.0288,132.60083,26.898325,,464,749,4027,0.99721956,-0.0744867,586,12.542454,-0.6875,0,0,55.923733,2024.8,113.4542,48.249283,172.51036,50.785847,615,0.44828373,0,1,0,1,0,0,0,0,0,0,0,0,0,0,0,0,0,0,0,0,1,100,5,11,2.63905733,7,18.32916641|68.42082977,10,18.32916641,68.42082977
S2063,1176,185.51636,1544.9668,331.51636,41.198345,100,865,3407,2064,0.8974673,-0.44010708,125,1.8917987,0.6875,0,8.61727,3.3258667,4330,200,31.193157,17.314802,63.765278,1979,0.33031636,0,1,0,1,0,0,0,0,0,1,0,0,0,0,0,0,0,0,0,0,0,400,1.5,1,2.833213344,1,111.8708344|26.76250076,5,111.8708344,26.76250076
S1970,1771,242.5,1133.319,324.4834,85.8,,128,-1674,5903,-0.51026034,-0.22177547,120.5,2.755228,-1.125,30.769232,0,56.788445,8348.8,188.10933,64.91112,16.186789,59.68965,1588,0.23701541,1,0,0,1,0,0,0,0,0,0,0,0,0,0,0,0,0,0,0,1,0,1,0.25,7,3.100812732,4,34.1875|-19.02083397,4,34.1875,-19.02083397
S2843,1282,39.649414,530.79987,242.64941,105.10165,48,803,860,2425,0.6585442,0.66123354,1136.5,7.395327,8.625,0,0.37569934,6.7084446,2797.6,200,41.89532,31.06161,71.26271,1082,0.39315498,1,0,0,1,0,0,1,0,0,0,0,0,0,0,0,0,0,0,0,0,0,100,0.5,4,1.791759469,5,117.5458298|41.95416641,9,117.5458298,41.95416641
S2351,788,75.55005,923.1687,208.5498,21.495003,23,337,2957,4168,0.2377738,0.7446875,719.5,2.840636,4.875,0,0,94.26364,6773.6,200,25.25613,52.291485,56.456364,1291,0.49599174,1,0,0,1,0,0,0,0,0,0,0,0,0,1,0,0,0,0,0,0,0,1,0.6,4,3.146305132,6,9.462499619|48.46250153,7,9.462499619,48.46250153
S3586,1176,185.51636,1544.9668,331.51636,41.198345,100,865,3407,2064,0.8974673,-0.44010708,125,1.8917987,0.6875,0,8.61727,3.3258667,4330,200,31.193157,17.314802,63.765278,1979,0.33031636,0,1,0,1,0,0,0,0,0,1,0,0,0,0,0,0,0,0,0,0,0,400,1.5,1,2.707983505,2,111.8708344|26.76250076,5,111.8708344,26.76250076
S1914,1286,41.697754,1071.1472,193.94824,50.491585,35,864,4438,2987,-0.81774503,-0.57556224,2475.5,29.494377,-21.1875,0,0.043005403,39.363556,3736.2,184.49367,52.477528,69.71131,59.456364,1229,0.3762612,0,1,0,1,0,0,0,0,0,0,0,0,0,0,0,0,0,0,0,0,1,100,2,10,3.901952478,5,72.20417023|35.5625,10,72.20417023,35.5625
S6109,1254,121.61694,3193.9346,176.5835,24.396688,20,751,4018,3778,0.4215162,0.9067608,1941,5.4097967,2,0,0,8.919644,9833.6,199.96217,45.98457,166.13841,55.210518,2003,0.20980686,0,1,0,1,0,0,0,0,0,0,0,0,0,0,0,0,0,0,0,0,1,1,0.25,2,2.602615579,10,-155.3291626|19.82083321,1,-155.3291626,19.82083321
S4850,932,18.6167,422.59857,223.71631,45.70502,,834,3918,2295,0.9264581,0.112966165,644.5,4.045503,4.5625,0,0.002423702,116.87911,6537.4,199.87587,33.51485,212.29474,59.648636,659,0.7286248,0,1,0,1,0,0,0,0,0,0,0,0,0,0,0,0,0,0,0,0,1,1,0.25,6,1.791759469,6,-119.0958328|56.26250076,7,-119.0958328,56.26250076
S2697,1298,151.55005,1260.0837,305.55005,59.7,8,442,1703,3728,0.25878167,0.96590745,155.5,5.980219,1.125,0,0.063535385,64.49707,6394.6,200,26.194801,30.921658,59.14651,1641,0.42680907,0,1,0,0,1,0,0,0,0,0,1,0,0,0,0,0,0,0,0,0,0,100,0.5,4,3.931551086,7,118.2791672|32.27916718,10,118.2791672,32.27916718
S6780,1267,131.61621,3437.4023,183.5664,24.196665,,261,3851,6205,0.39932412,0.9167687,1745,5.119382,0.375,0,0,18.65031,6519.2,200,53.640045,224.0743,50.686573,2003,0.2097156,0,1,0,1,0,0,0,0,0,0,0,0,0,0,0,0,0,0,0,0,1,1,0.25,1,2.196557684,3,-155.3125|19.82916641,1,-155.3125,19.82916641
S6376,942,10.533447,562.73254,193.56665,56.010002,,753,2920,3863,0.96480006,0.09124126,1323.5,2.2123065,2.25,0,0,101.49511,4379,194.05327,37.209507,182.86855,53.889946,855,0.7052143,0,1,0,1,0,0,0,0,0,0,0,0,0,0,0,0,0,0,0,0,1,1,0.25,5,1.945910149,3,-118.6041641|53.87916565,8,-118.6041641,53.87916565
S5642,1214,169.46729,1571.1934,307.45093,56.201653,41,765,475,2557,0.12217592,0.3102813,198,3.6310296,-4.8125,0,13.268652,22.345955,6789,200,36.171932,22.22334,61.78308,2146,0.3659008,1,0,0,1,0,0,1,0,0,0,0,0,0,0,0,0,0,0,0,0,0,1,0.5,1,1.600397152,4,111.0374985|29.65416718,3,111.0374985,29.65416718
S6848,935,14.516602,610.05,201.53296,63.1,,380,1916,5744,0.020566715,-0.8690771,1229,3.7300544,4.5625,0,0,111.34951,4667.6,194.80841,40.039696,183.47733,51.4844,855,0.7535415,0,1,0,1,0,0,0,0,0,0,0,0,0,0,0,0,0,0,0,0,1,1,0.25,5,2.014769688,4,-117.7291641|53.94583511,8,-117.7291641,53.94583511
S3711,1933.9998,227.56665,2950.6462,248.5498,17.9,,270,1755,3805,0.74400765,0.6681686,49.5,5.9855947,-4,0,0.09063805,121.70809,16026.4,200,29.373148,81.71923,54.94825,1723,0.19560494,1,0,0,1,0,0,0,0,0,0,0,0,0,0,0,0,0,0,1,0,0,100,0.25,1,2.890149527,5,-156.0375061|20.79583359,2,-156.0375061,20.79583359
S7217,1100,39.549805,394.96646,251.5498,62.90165,85,1388,2058,1353,0.9864293,0.16007537,807,0.74635416,1.25,0,0.017561192,0,4538,200,41.777393,24.815668,68.62485,603,0.624223,1,0,1,0,0,0,0,0,0,0,0,0,0,0,0,1,0,0,0,0,0,100,1,8,2.251081265,2,-107.6875|50.29583359,4,-107.6875,50.29583359
S3729,921,66.5,1030.0669,257.4834,14.9,76,384,-542,2795,-0.31622744,0.7071071,17.5,0.13480535,-0.0625,0,0.6216277,0.86844444,4559.8,200,37.614765,99.281906,62.548576,1233,0.7181875,1,0,1,0,0,0,0,0,0,0,0,0,0,0,0,0,0,1,0,0,0,100,0.5,4,3.375811168,8,-73.37083435|45.72083282,10,-73.37083435,45.72083282
S1979,1261,130.56738,3436.2678,183.53369,24.196665,,296,-647,4310,0.58436203,0.811493,1773.5,4.9342194,-0.5,0,0,66.01315,5316.4,200,53.722668,205.09613,49.632347,2003,0.20980686,0,1,0,1,0,0,0,0,0,0,0,0,0,0,0,0,0,0,0,0,1,1,0.25,1,3.347057958,6,-155.3125|19.82083321,1,-155.3125,19.82083321
S2723,1369,148.44897,926.35284,283.41602,33.905018,,405,1046,4560,0.34604675,-0.89481306,413.5,7.4005527,0.8125,0,0,99.02311,6621,200,26.83502,39.800446,66.8553,1383,0.2892924,0,1,0,1,0,0,0,0,0,0,0,0,0,0,0,0,0,0,0,0,1,100,2,4,3.784144203,9,52.90416718|36.30416489,7,52.90416718,36.30416489
S5072,1266,136.55005,3570.5193,186.5498,23.998333,,266,3682,5493,0.36486655,0.9310581,1662.5,5.110835,-2.75,0,0,58.27413,11484.8,200,59.214035,235.09749,47.766872,2003,0.2097156,0,1,0,1,0,0,0,0,0,0,0,0,0,0,0,0,0,0,0,0,1,1,0.25,1,3.218835846,7,-155.3041687|19.82916641,1,-155.3041687,19.82916641
S3448,788,75.55005,923.1687,208.5498,21.495003,23,337,2957,4168,0.2377738,0.7446875,719.5,2.840636,4.875,0,0,94.26364,6773.6,200,25.25613,52.291485,56.456364,1291,0.49599174,1,0,0,1,0,0,0,0,0,0,0,0,0,1,0,0,0,0,0,0,0,1,0.6,4,3.423121969,10,9.462499619|48.46250153,7,9.462499619,48.46250153
S3599,1260,37.516846,377.0332,248.5,104.70003,48,746,3307,3786,0.99033046,0.085675746,1343,0.9043521,-0.625,0,0.004994868,0,2068.2,200,49.571487,14.233843,79.75255,888,0.3697996,1,0,0,1,0,0,0,0,0,0,0,0,0,0,0,0,0,0,0,1,0,100,0.5,8,4.025083809,3,116.2791672|42.02916718,9,116.2791672,42.02916718
S1369,1749,256.48364,1340.0331,299.48364,48.601646,,182,415,5377,0.5547004,0.5144957,18,0.1383553,0.0625,0,0,90.40711,10552.2,115.72513,42.2999,94.40621,71.63743,1542,0.15034056,0,1,0,1,0,0,0,0,0,0,0,0,0,0,0,0,0,0,0,1,0,1,0.25,1,3.044474844,8,-87.34583282|20.44583321,8,-87.34583282,20.44583321
S5475,788,75.55005,923.1687,208.5498,21.495003,23,337,2957,4168,0.2377738,0.7446875,719.5,2.840636,4.875,0,0,94.26364,6773.6,200,25.25613,52.291485,56.456364,1291,0.49599174,1,0,0,1,0,0,0,0,0,0,0,0,0,1,0,0,0,0,0,0,0,1,0.6,4,3.89161623,1,9.462499619|48.46250153,7,9.462499619,48.46250153
S6941,1260,126.59985,3311.0686,180.5664,24.298332,,266,-809,5397,0.1786791,0.98317844,1849,5.4882984,-1.25,0,0,12.071645,11000.8,200,47.679646,182.91426,52.51077,2003,0.20980686,0,1,0,1,0,0,0,0,0,0,0,0,0,0,0,0,0,0,0,0,1,1,0.25,2,2.563332674,1,-155.3208313|19.82083321,1,-155.3208313,19.82083321
S1486,1730,253.50024,1404.9663,313.5,50.19666,,919,4875,2313,0.08847557,0.99351716,12,0.65471804,0.3125,0,0,110.24427,14348.8,95.24659,43.736202,65.71104,72.457886,1542,0.14450379,0,1,0,1,0,0,0,0,0,0,0,0,0,0,0,0,0,0,0,1,0,1,0.25,1,3.569532696,9,-87.20417023|21.21249962,8,-87.20417023,21.21249962
S1845,670,62.500244,610.10016,186.4668,29.701675,,1066,1206,1917,-0.42582887,0.5810578,3,0.9653414,-0.4375,100,0.58432454,66.11253,6498.2,158.41222,57.197666,99.02958,54.450024,742,0.6547216,0,1,0,1,0,0,0,0,0,0,0,0,0,0,0,0,0,0,0,1,0,1,0.265,4,4.077486623,2,19.92916679|60.34583282,9,19.92916679,60.34583282
S2115,1500,147.81592,1394.1311,225.84912,59.30839,,1244,5770,2943,0.44259173,0.8967085,2153,11.187897,6.5625,0,0.6767714,94.371025,7751.2,199.99776,40.288837,52.61929,53.6475,1720,0.22344801,0,1,0,1,0,0,0,0,0,0,0,0,0,0,0,0,0,0,0,0,1,100,5,1,2.862086542,10,76.8041687|11.40416622,3,76.8041687,11.40416622
S6788,1266,136.55005,3570.5193,186.5498,23.998333,,266,3682,5493,0.36486655,0.9310581,1662.5,5.110835,-2.75,0,0,58.27413,11484.8,200,59.214035,235.09749,47.766872,2003,0.2097156,0,1,0,1,0,0,0,0,0,0,0,0,0,0,0,0,0,0,0,0,1,1,0.25,1,2.395893242,1,-155.3041687|19.82916641,1,-155.3041687,19.82916641
S6758,1266,136.55005,3570.5193,186.5498,23.998333,,266,3682,5493,0.36486655,0.9310581,1662.5,5.110835,-2.75,0,0,58.27413,11484.8,200,59.214035,235.09749,47.766872,2003,0.2097156,0,1,0,1,0,0,0,0,0,0,0,0,0,0,0,0,0,0,0,0,1,1,0.25,1,3.083056137,2,-155.3041687|19.82916641,1,-155.3041687,19.82916641
S2265,1646,248.49976,1364.5867,320.4668,75.7,62,370,2003,4690,-0.44990206,-0.76313484,41,1.0156376,-1.4375,0,0.42761698,5.5584,6528.8,200,53.383972,17.87561,60.721954,2082,0.20859201,0,1,1,0,0,0,0,0,0,1,0,0,0,0,0,0,0,0,0,0,0,100,0.25,1,4.176876516,3,109.0708313|19.47916603,2,109.0708313,19.47916603
S4396,1266,136.55005,3570.5193,186.5498,23.998333,,266,3682,5493,0.36486655,0.9310581,1662.5,5.110835,-2.75,0,0,58.27413,11484.8,200,59.214035,235.09749,47.766872,2003,0.2097156,0,1,0,1,0,0,0,0,0,0,0,0,0,0,0,0,0,0,0,0,1,1,0.25,1,2.740840024,4,-155.3041687|19.82916641,1,-155.3041687,19.82916641
S1059,788,75.55005,923.1687,208.5498,21.495003,23,337,2957,4168,0.2377738,0.7446875,719.5,2.840636,4.875,0,0,94.26364,6773.6,200,25.25613,52.291485,56.456364,1291,0.49599174,1,0,0,1,0,0,0,0,0,0,0,0,0,1,0,0,0,0,0,0,0,1,0.6,4,3.223823586,3,9.462499619|48.46250153,7,9.462499619,48.46250153
S3777,1254,121.61694,3193.9346,176.5835,24.396688,20,751,4018,3778,0.4215162,0.9067608,1941,5.4097967,2,0,0,8.919644,9833.6,199.96217,45.98457,166.13841,55.210518,2003,0.20980686,0,1,0,1,0,0,0,0,0,0,0,0,0,0,0,0,0,0,0,0,1,1,0.25,2,3.257288523,2,-155.3291626|19.82083321,1,-155.3291626,19.82083321
S2977,1453,149.5,612.9499,315.5,88.20335,100,618,2744,4242,0.415362,0.47482157,132,0.40805644,0,0,7.954171,0.11377778,3931.4,200,27.685469,11.101103,80.7244,1423,0.4313984,0,1,0,1,0,0,0,0,0,1,0,0,0,0,0,0,0,0,0,0,0,10000,0.5,4,3.98892852,4,113.3958359|34.8125,9,113.3958359,34.8125
S6000,735,60.5,695.017,212.51685,34.101673,29,739,3439,3038,0.22804508,0.31622797,42.5,1.1673896,-0.375,0,0,114.606575,4635,200,61.07548,137.31459,50.11888,833,0.5210264,1,0,0,1,0,0,0,0,0,0,0,0,0,0,0,0,0,0,0,1,0,1,0.25,4,2.197224577,5,27.26250076|58.29583359,7,27.26250076,58.29583359
S3500,1261,130.56738,3436.2678,183.53369,24.196665,,296,-647,4310,0.58436203,0.811493,1773.5,4.9342194,-0.5,0,0,66.01315,5316.4,200,53.722668,205.09613,49.632347,2003,0.20980686,0,1,0,1,0,0,0,0,0,0,0,0,0,0,0,0,0,0,0,0,1,1,0.25,1,2.63898587,5,-155.3125|19.82083321,1,-155.3125,19.82083321
S3060,875,105.483154,814.0669,224.48315,11.401673,50,898,5169,2135,-0.10548425,0.35290074,36,0.6133426,-1.3125,0,0.0060898503,16.93831,7366.4,200,27.488537,25.08188,62.192486,1024,0.50734645,0,1,0,1,0,0,0,0,0,1,0,0,0,0,0,0,0,0,0,0,0,4,0.25,4,3.044522438,6,4.9375|50.85416794,6,4.9375,50.85416794
S2273,1747,168.5166,923.96594,284.5166,72.298355,100,1123,2322,1402,-0.40181726,0.90030533,467,0.45562643,0.1875,0,0.88196427,0.33706668,3499.2,200,52.530132,12.861359,64.791435,1101,0.18077233,0,1,0,1,0,0,0,0,0,1,0,0,0,0,0,0,0,0,0,0,0,1,0.5,8,2.140066163,4,-64.1875|-31.5625,9,-64.1875,-31.5625
S4092,932,18.6167,422.59857,223.71631,45.70502,,834,3918,2295,0.9264581,0.112966165,644.5,4.045503,4.5625,0,0.002423702,116.87911,6537.4,199.87587,33.51485,212.29474,59.648636,659,0.7286248,0,1,0,1,0,0,0,0,0,0,0,0,0,0,0,0,0,0,0,0,1,1,0.25,6,2.564949357,7,-119.0958328|56.26250076,7,-119.0958328,56.26250076
S1371,1811,158.53345,601.3662,234.53345,90.69164,9,2187,1422,2475,0.71825653,0.5855533,2483,5.897459,-6.875,0,2.4937081,0,4728.6,168.30013,49.79471,4.9982944,71.42739,1344,0.21955813,0,1,0,1,0,0,0,0,0,0,0,0,0,0,0,0,0,0,0,0,1,100,2,2,4.043051268,3,-66.34583282|-17.57916641,8,-66.34583282,-17.57916641
S3677,1302,214.6167,1077.7468,306.60034,84.298325,68,855,824,2883,0.23097806,0.9576607,580.5,17.277765,-5.5,0,0.95464814,26.233955,5569,198.2268,32.285313,26.140823,63.120663,2580.0105,0.30463535,0,1,1,0,0,0,0,0,0,1,0,0,0,0,0,0,0,0,0,0,0,100,0.25,1,4.291376847,6,105.4791641|24.8125,3,105.4791641,24.8125
S7254,1447.9999,100.66748,543.4977,273.68433,41.39668,,492,1602,5658,0.6802275,-0.7045553,1652,15.049555,5.9375,0,0,70.813515,5953.8,190.95566,45.089645,39.135887,64.03502,2083,0.28689593,1,0,0,1,0,0,0,0,0,0,0,0,0,0,0,0,0,0,0,1,0,1,0.5,12,2.769646904,9,-2.837500095|37.40416718,10,-2.837500095,37.40416718
S4293,788,75.55005,923.1687,208.5498,21.495003,23,337,2957,4168,0.2377738,0.7446875,719.5,2.840636,4.875,0,0,94.26364,6773.6,200,25.25613,52.291485,56.456364,1291,0.49599174,1,0,0,1,0,0,0,0,0,0,0,0,0,1,0,0,0,0,0,0,0,1,0.6,4,3.640870235,7,9.462499619|48.46250153,7,9.462499619,48.46250153
S973,2665,220.5,428.0167,324.5,96.90167,,297,3438,6771,3.14e-07,0.70710665,1130,0.07985327,0,0,0.07593541,0,2478.4,200,91.72328,3.162436,74.84442,519,0.21381257,0,1,0,1,0,0,0,0,0,0,0,0,0,0,0,0,0,0,0,0,1,100,5,13,2.197224577,1,21.58749962|-21.92083359,2,21.58749962,-21.92083359
S6792,1267,131.61621,3437.4023,183.5664,24.196665,,261,3851,6205,0.39932412,0.9167687,1745,5.119382,0.375,0,0,18.65031,6519.2,200,53.640045,224.0743,50.686573,2003,0.2097156,0,1,0,1,0,0,0,0,0,0,0,0,0,0,0,0,0,0,0,0,1,1,0.25,1,1.785070487,7,-155.3125|19.82916641,1,-155.3125,19.82916641
S5444,667.5718,64.5,575.0168,187.51685,28.103323,,,,,,,0,0,0,100,0.3658309,17.775467,4804.6,125.248116,57.884518,117.21346,58.67241,,0.6431824,0,1,0,1,0,0,0,0,0,0,0,0,0,0,0,0,0,0,0,1,0,1,0.265,4,3.182958451,8,19.53750038|60.22083282,9,19.53750038,60.22083282
S7237,1260,126.59985,3311.0686,180.5664,24.298332,,266,-809,5397,0.1786791,0.98317844,1849,5.4882984,-1.25,0,0,12.071645,11000.8,200,47.679646,182.91426,52.51077,2003,0.20980686,0,1,0,1,0,0,0,0,0,0,0,0,0,0,0,0,0,0,0,0,1,1,0.25,2,2.250449299,4,-155.3208313|19.82083321,1,-155.3208313,19.82083321
S6642,1690.0001,236.4834,1063.2335,310.4995,86.89165,16,800,1916,2247,-0.9305966,-0.12223317,789.5,0.98746455,-0.625,0,5.044376,85.13529,12889.6,200,42.819756,26.388065,63.606773,2007,0.22782709,0,1,0,1,0,0,0,0,0,0,0,0,0,0,0,0,0,0,0,0,1,100,2,7,2.95745914,5,37.36249924|-3.362499952,7,37.36249924,-3.362499952
S1570,1527,244.56543,3855.4497,296.54883,51.305016,,236,2654,4689,0.22740427,-0.9130057,290.5,8.631853,11.625,0,0,283.35626,9472.2,199.32285,42.477108,38.837585,45.555218,1545,0.3017094,0,1,0,1,0,0,0,0,0,0,0,0,0,0,0,0,0,0,0,0,1,100,5,1,2.978891275,8,-52.21250153|4.554166794,6,-52.21250153,4.554166794
S2515,1033,-24.550049,476.20084,155.48315,96.99332,19,520,432,2271,-0.97477365,0.15759811,3120,0.8318443,-0.5625,0,4.8240147,0,3378,200,41.59771,63.80629,75.210915,1225,0.2967517,1,0,0,1,0,0,0,0,0,0,0,1,0,0,0,0,0,0,0,0,0,4,0.25,10,2.707916869,6,101.1958313|37.62083435,9,101.1958313,37.62083435
S5519,423.00003,-70.55029,659.90594,92.416016,31,,2806,2899,1104,-0.9886191,0.15039341,177,10.563228,-1.6875,0,0,0.43235555,1527.6,109.66306,45.42661,177.99316,57.272,549,0.385449,0,1,0,1,0,0,0,0,0,0,0,0,0,0,0,0,0,0,0,0,1,100,2,11,1.386294361,8,177.8708344|64.6958313,9,177.8708344,64.6958313
S4755,1266,136.55005,3570.5193,186.5498,23.998333,,266,3682,5493,0.36486655,0.9310581,1662.5,5.110835,-2.75,0,0,58.27413,11484.8,200,59.214035,235.09749,47.766872,2003,0.2097156,0,1,0,1,0,0,0,0,0,0,0,0,0,0,0,0,0,0,0,0,1,1,0.25,1,2.420368129,9,-155.3041687|19.82916641,1,-155.3041687,19.82916641
S6010,735,60.5,695.017,212.51685,34.101673,29,739,3439,3038,0.22804508,0.31622797,42.5,1.1673896,-0.375,0,0,114.606575,4635,200,61.07548,137.31459,50.11888,833,0.5210264,1,0,0,1,0,0,0,0,0,0,0,0,0,0,0,0,0,0,0,1,0,1,0.25,4,2.396894802,9,27.26250076|58.29583359,7,27.26250076,58.29583359
S4738,788,75.55005,923.1687,208.5498,21.495003,23,337,2957,4168,0.2377738,0.7446875,719.5,2.840636,4.875,0,0,94.26364,6773.6,200,25.25613,52.291485,56.456364,1291,0.49599174,1,0,0,1,0,0,0,0,0,0,0,0,0,1,0,0,0,0,0,0,0,1,0.6,4,3.349798809,10,9.462499619|48.46250153,7,9.462499619,48.46250153
S2865,1254,121.61694,3193.9346,176.5835,24.396688,20,751,4018,3778,0.4215162,0.9067608,1941,5.4097967,2,0,0,8.919644,9833.6,199.96217,45.98457,166.13841,55.210518,2003,0.20980686,0,1,0,1,0,0,0,0,0,0,0,0,0,0,0,0,0,0,0,0,1,1,0.25,2,3.188375402,5,-155.3291626|19.82083321,1,-155.3291626,19.82083321
S2293,788,75.55005,923.1687,208.5498,21.495003,23,337,2957,4168,0.2377738,0.7446875,719.5,2.840636,4.875,0,0,94.26364,6773.6,200,25.25613,52.291485,56.456364,1291,0.49599174,1,0,0,1,0,0,0,0,0,0,0,0,0,1,0,0,0,0,0,0,0,1,0.6,4,3.102297088,1,9.462499619|48.46250153,7,9.462499619,48.46250153
S2558,1370,87.5,246.96661,269.5,89.00497,,2398,2590,3244,0.47959524,-0.8321446,1715.5,2.5086691,0.875,0,0.16305056,0,1732.2,200,42.15536,7.7705207,83.8125,814,0.34373456,1,0,0,1,0,0,1,0,0,0,0,0,0,0,0,0,0,0,0,0,0,100,0.5,10,3.113470888,7,104.8708344|36.99583435,9,104.8708344,36.99583435
S1712,674,64.5,576.9665,193.5,28.200027,6,1243,3619,2126,-0.25617212,0.4637413,0.5,0.5309193,-1,0,0.040785387,65.57244,6465.6,150.15236,58.503414,91.94949,55.672367,,0.6442544,0,1,0,1,0,0,0,0,0,0,0,0,0,0,0,0,0,0,0,1,0,1,0.265,4,2.890316231,2,19.59583282|60.23749924,9,19.59583282,60.23749924
S2622,1368,176.5,1750.9644,325.51685,46.2,90,777,4744,3068,-0.047540598,-0.285125,60.5,1.1911206,2.125,0,12.18677,1.3155556,3297.6,200,26.787823,15.979309,57.84551,2138,0.3938757,0,1,0,1,0,1,0,0,0,0,0,0,0,0,0,0,0,0,0,0,0,100,0.5,4,3.405355392,3,115.7125015|29.27916718,6,115.7125015,29.27916718
S3261,1100,39.549805,394.96646,251.5498,62.90165,85,1388,2058,1353,0.9864293,0.16007537,807,0.74635416,1.25,0,0.017561192,0,4538,200,41.777393,24.815668,68.62485,603,0.624223,1,0,1,0,0,0,0,0,0,0,0,0,0,0,0,1,0,0,0,0,0,100,1,8,2.484823279,5,-107.6875|50.29583359,4,-107.6875,50.29583359
S4131,1266,136.55005,3570.5193,186.5498,23.998333,,266,3682,5493,0.36486655,0.9310581,1662.5,5.110835,-2.75,0,0,58.27413,11484.8,200,59.214035,235.09749,47.766872,2003,0.2097156,0,1,0,1,0,0,0,0,0,0,0,0,0,0,0,0,0,0,0,0,1,1,0.25,1,2.6854637,10,-155.3041687|19.82916641,1,-155.3041687,19.82916641
S1236,1839,159.5,741.1339,248.5,80.50332,45,2575,3478,1955,0.011427979,0.96680707,1589.5,1.2024026,0.8125,30.769232,0,17.565866,3214,198.18483,60.75757,18.997484,59.12576,963,0.21533445,0,1,0,1,0,1,0,0,0,0,0,0,0,0,0,0,0,0,0,0,0,1600,0.5,10,3.753425783,8,29.1875|-25.99583244,9,29.1875,-25.99583244
S7300,1409,247.43335,1253.0338,306.44995,42.88996,30,654,1084,2018,-0.563799,0.06107804,30,1.3595501,-1.125,0,0,142.45511,15879.2,200,51.356976,20.17075,51.59824,1752,0.2222293,0,1,0,1,0,0,0,0,0,0,0,0,0,0,0,0,0,0,0,0,1,100,2,1,2.937573404,1,-39.88750076|-18.09583282,10,-39.88750076,-18.09583282
S3531,1260,126.59985,3311.0686,180.5664,24.298332,,266,-809,5397,0.1786791,0.98317844,1849,5.4882984,-1.25,0,0,12.071645,11000.8,200,47.679646,182.91426,52.51077,2003,0.20980686,0,1,0,1,0,0,0,0,0,0,0,0,0,0,0,0,0,0,0,0,1,1,0.25,2,2.193662679,6,-155.3208313|19.82083321,1,-155.3208313,19.82083321
S5536,1266,136.55005,3570.5193,186.5498,23.998333,,266,3682,5493,0.36486655,0.9310581,1662.5,5.110835,-2.75,0,0,58.27413,11484.8,200,59.214035,235.09749,47.766872,2003,0.2097156,0,1,0,1,0,0,0,0,0,0,0,0,0,0,0,0,0,0,0,0,1,1,0.25,1,3.495870998,2,-155.3041687|19.82916641,1,-155.3041687,19.82916641
S5868,813,83.499756,628.3523,216.48315,14.298355,72,754,3960,1958,0.9513384,0.054338474,294.5,2.8189611,1.4375,0,0.498069,39.86969,6268,200,27.55997,33.30711,64.04292,1228,0.48777267,1,0,0,1,0,0,0,0,0,0,0,0,1,0,0,0,0,0,0,0,0,1,1,4,2.079316543,4,10.42083359|51.27083206,10,10.42083359,51.27083206
S6779,1260,126.59985,3311.0686,180.5664,24.298332,,266,-809,5397,0.1786791,0.98317844,1849,5.4882984,-1.25,0,0,12.071645,11000.8,200,47.679646,182.91426,52.51077,2003,0.20980686,0,1,0,1,0,0,0,0,0,0,0,0,0,0,0,0,0,0,0,0,1,1,0.25,2,2.196668855,7,-155.3208313|19.82083321,1,-155.3208313,19.82083321
S2461,865,105.5,809.0496,224.5,11.501673,61,919,3801,3088,0.487353,0.22629812,37,0.61984015,-0.25,0,2.1767347,44.05529,9033.2,200,39.535904,20.211758,60.658054,1024,0.50589156,0,1,0,1,0,0,0,0,0,1,0,0,0,0,0,0,0,0,0,0,0,4,0.25,4,3.218875825,5,4.987500191|50.87083435,6,4.987500191,50.87083435
S1216,1578.0002,177.63257,487.78384,236.35107,69.39998,5,1332,3235,2370,-0.6956107,0.7183223,758,18.227982,17,0,0,12.6576,21454,168.97653,41.16966,68.550545,63.111084,2040,0.15338251,0,1,0,1,0,0,0,0,0,0,0,0,0,0,0,0,0,0,0,0,1,100,2,12,3.264460872,10,-16.22083282|28.53750038,5,-16.22083282,28.53750038
S5761,867,105.48364,808.01666,224.48364,11.5,74,763,4001,2662,0.7016457,-0.41915107,35,0.7733285,-1.3125,0,1.1196091,17.368177,6235.6,200,25.698122,17.714739,63.268166,1024,0.5058858,0,1,0,1,0,0,0,0,0,1,0,0,0,0,0,0,0,0,0,0,0,4,0.25,4,1.609437912,6,4.979166508|50.86249924,6,4.979166508,50.86249924
S3204,1244,142.5,606.9831,298.4668,77.69829,100,1548,2660,1145,-0.9095323,-0.35334596,517,1.1950842,1,0,140.00677,0,,200,29.076893,15.165628,79.2258,1724,0.48846725,0,1,1,0,0,0,0,0,0,1,0,0,0,0,0,0,0,0,0,0,0,16,1.5,4,3.020376131,7,108.0625|34.28749847,6,108.0625,34.28749847
S3071,864,104.5,817.96674,224.48315,11.6,62,428,2111,3285,-0.25686583,0.29191923,40,0.42182255,-1.5,0,0.92368823,28.662045,6700.8,200,29.53292,16.30196,61.06855,1024,0.5062358,0,1,0,1,0,0,0,0,0,1,0,0,0,0,0,0,0,0,0,0,0,4,0.25,4,3.33220451,8,4.987500191|50.88750076,6,4.987500191,50.88750076
S1062,1747,255.51636,1336.0334,299.51636,48.698357,,210,1214,4344,-0.19611683,0.55470014,18,0.15774922,-0.5,0,0,93.89813,10742,115.78659,43.172848,98.31163,71.17757,1542,0.15034056,0,1,0,1,0,0,0,0,0,0,0,0,0,0,0,0,0,0,0,1,0,1,0.25,1,3.590439381,3,-87.35416412|20.44583321,8,-87.35416412,20.44583321
