sample_id,longitude,latitude,year_of_sampling
S000172,5.372778,51.125833,2009
GF4S02052b,18.849,68.328056,2008
FMS06172v3,101.28588,21.90957,2013
GF4S21821b,26.7189,58.3835,2017
FMS19502v2,112.8157333,43.71823333,2015
GF4S03664b,100.167,27.167,2015
GF4S21302b,26.38555,58.6339,2020
GF4T124otu,146.91,-6.64,2011
GF3S05821a,14.70904809,48.6648688,2015
FMSA8F1083v2,-83.5,35,2012
GF3S01386a,25.55063,58.35081,2013
GF4S12599b,126.7282834,33.4780278,2015
GF3S05127a,1.034722,41.355,2009
GF4S16139b,-96.58333333,39.0833333,2018
GF4S20475b,25.666878,58.397443,2015
S008888,17.714925,66.137601,2009
N1548,8.174340431,55.82006259,2014
GF3S10247b,23.62,52.65,2017
GF4S19285b,15.78,59.11364451,2016
FMS11032v2,27.0333,58.116,2012
FMS24654v2,-73.9559721,41.3914827,2013
FMS16BI1157v2,149.0097,-35.8766833,2014
GF4S03337b,101.574,21.612,2015
GF4S12319b,-0.257162582,38.88019712,2014
FMS25253v2,15.29,63.18,2014
GF3S05233a,-61.750884,47.443405,2011
GF4S19909b,27.32785,58.27117,2011
GF4S02677b,13.63507972,53.09398488,2011
GF4T1647otu,12.94,47.58,2018
GF4S17389b,11.06,47.44,2016
FMS00294v3,21.298056,40.00722,2013
S008807,17.714042,66.04005,2009
GF4T1635otu,-17.26,28.13,2017
GF4S03874b,100.167,27.167,2015
GF4S02128b,18.854472,68.326056,2008
GF4S21098b,24.57019757,59.00724985,2016
GF4T239otu,-77.48,39.9,2015
FMS23335v2,-120.35,50.88,2010
GF4T214otu,-3.51,34.19,2014
FMS15694v2,-21.55,74.4666667,2011
GF3S02117a,112.5333333,23.16666667,2014
FMSA8F1052v2,-79.85,9.15,2012
GF4S20982b,25.584433,58.28012,2016
GF4S03616b,101.016,24.533,2015
GF3S05747a,14.70376313,48.66696548,2015
FMS22979v2,-95.15,31.11,2012
FMS08142v3a,138.8315,35.9194722,2017
GF4S03657b,100.167,27.167,2015
GF4S19929b,27.33476,58.27534,2011
FMS22848v2,-82.25,46.75,2011
GF4S02581b,10.20844805,51.27821774,2011
GF3S02138a,110.45,28.86666667,2014
GF4S20380b,25.278741,58.565212,2015
N0753,117.908,29.124,2011
FMS25142v2,15.7,63.31,2014
GF4S04078b,101.574,21.612,2015
FMS02390v3,29.58333333,67.7666667,2013
FMS17257v2,58.109556,37.429083,2010
GF4S21780b,22.12827,58.00971,2016
GF3S08613b,1.07433492,42.59273024,2013
GF4S21075b,26.71379789,58.52617706,2016
GF4S20809b,26.086182,58.943558,2015
GF4T1124otu,39.54,51.95,2012
S000718,146.784,-43.175,2012
N0997,-83.96,35.84,2014
GF4S19241b,14.3,58.35431089,2016
GF4S02081b,18.853583,68.3265,2008
GF4S21488b,14.7831314,48.9398206,2018
FMS22975v2,-95.15,31.11,2012
FMS24928v2,14.13,60.96,2014
GF4S11425b,-112.4171,59.8463,2015
FMS24098v2,124.9,41.85,2013
GF4S17780b,-83.459382,35.038205,2013
FMS12392v2,10.25815169,51.36616394,2011
GF4S11372b,-116.3939,62.5565,2015
S000720,146.65,-43.093,2012
FMS00391v3,14.1025,45.82861,2014
GF4S20120b,24.84865,57.1525,2014
GF4S03093b,100.167,27.167,2015
GF4S20525b,23.071676,58.821726,2015
GF4T1006otu,-75.2,8.27,2019
S009226,16.76218389,49.29718392,2013
FMS26379v2,22.19635,58.10709,2012
GF4S20590b,23.695348,58.426627,2015
S000989,18.816002,68.354395,
GF4S09994b,137.01,34.8,2015
GF4S03738b,100.167,27.167,2015
GF4S18779b,21.31583,69.51653,2013
S001543,126.71667,48.15,2012
GF4S19332b,23.1,67.4752065,2016
FMS16BI1514v2,116.17192,-32.52362,2016
N0484,117.91,29.126,2011
FMS00671v3,8.743889,50.11694,2014
FMS25316v2,22.45,66.54,2014
GF4S03689b,101.574,21.612,2015
GF3S05755a,14.70826522,48.66526932,2015
GF3S05158a,1.046111,41.339167,2014
GF4S03300b,101.016,24.533,2015
GF4S10775b,15.32836111,50.8273056,2016
FMS25390v2,22.58,66.51,2014
GF4S17461b,102.0394139,29.59385,2014
GF4S14504b,16.665998,49.2571,2017
GF4S15388b,112.1666667,23.1666667,2017
GF4S04012b,101.016,24.533,2015
FMS16BI0444v2,148.2828,-42.0233,2013
FMS25428v2,22.57,66.54,2014
GF4S03114b,100.167,27.167,2015
GF4S21658b,23.04464,58.78311,2015
S001681,23.551006,58.555214,2011
GF4S19898b,27.32472,58.27711,2011
GF4T15otu,-69.9,-4.01,2012
FMS25311v2,22.45,66.54,2014
GF4S17473b,101.9960583,29.57759444,2014
FMS17340v2,10.498595,32.98347,2010
GF4S02643b,13.84831812,52.98027027,2011
GF4T763otu,-60.08,5.44,2012
GF4S20708b,24.621041,57.94707,2015
FMS16BI0254v2,148.7826,-35.4502,2013
GF4S21486b,14.3053139,48.8091272,2018
FMS10578v2,-66.988986,18.14844,
FMS16BI0636v2,131.0138,-25.3629,2012
GF4S17665b,138.79941,35.9158,2014
N1543,8.136246233,56.22776562,2014
GF4S03560b,101.016,24.533,2015
GF4S21469b,27.2828,57.9608,2013
GF4S19711b,27.046468,58.337961,2016
FMS17364v2,-69.648175,10.002322,2009
FMS23581v2,-126.31,52.32,2008
GF4S15348b,-85.37,42.38,2015
N0731,117.91,29.127,2011
N1714,10.8935071,55.73474604,2014
FMS16BI1810v2,150.73138,-33.60942,2015
FMS25146v2,15.29,62.23,2014
GF4S10748b,5.777071,52.014828,2016
GF4T799otu,-67.52,-54.46,2012
GF4S20388b,25.50726,59.645853,2015
GF4S19874b,26.403609,58.038308,2017
N1509,10.22988076,56.93212855,2014
GF4T259otu,-112.12,36.37,2015
S005800,5.263889,51.236111,2009
GF3S03449a,117.93,40.82,2015
FMS00592v3,19.527222,42.9975,2014
FMS25387v2,22.58,66.51,2014
GF3S03482a,113.69,35.01,2015
GF4S21996b,48.4661398,-18.978997,2016
GF4S21524b,14.5768328,50.1292903,2017
GF4S20489b,27.697127,57.914655,2015
GF4S02506b,9.472756701,48.38845837,2011
GF4S20414b,24.350368,59.320555,2015
N3821,84.51666667,44.1833333,2016
GF4T487otu,-16.29,28.52,2019
GF4S20286b,22.88935,58.402858,2015
S00D589,27.5019,59.0579,2013
S005757,5.263889,51.236111,2009
FMS16BI0080v2,150.268179,-33.652818,2014
FMS16BI0525v2,121.2342833,-28.17221667,2011
GF4S14348b,16.683848,49.321515,2017
S000991,18.816002,68.354395,
GF4S02568b,10.46243387,51.08998735,2011
GF4S20332b,25.874442,57.918112,2015
FMS25247v2,15.19,63.15,2014
N1537,8.372399908,56.17065016,2014
GF4S01198b,115.627917,33.22595,2015
GF4T1233otu,153.19,-28.21,2012
GF4T727otu,2.19,9.26,2010
FMS23483v2,-121.92,52.32,2009
N3556,110.2,31.24,2011
GF4S19903b,27.3247,58.27508,2011
GF4T705otu,-97.22,19.85,2018
GF4S16244b,-96.58333333,39.0833333,2015
GF3S05152a,1.0325,41.351667,2013
S008673,17.819018,65.96866,2009
GF3S01553a,124.2333,43.3167,2017
GF4S21764b,24.40731,59.02274,2015
FMS22850v2,-82.25,46.75,2011
FMS17585v2,96.73333333,32.88333333,2011
GF4S03479b,100.167,27.167,2015
GF4S20381b,24.816219,59.510831,2015
GF4T26otu,-75.49,6.75,2012
GF4S17749b,138.81526,35.95783,2014
FMS26292v2,22.18282,58.10608,2012
S003507,-122.89019,38.09925,2012
GF4S01191b,117.035847,35.038192,2015
FMS21723v2,10.311229,51.271436,2012
GF4T668otu,18.38,68.38,2014
GF4S19835b,26.564057,58.405732,2017
FMS25035v2,14.19,60.73,2014
FMS16BI1322v2,138.678149,-34.688921,2016
N1477,8.560815489,57.03741515,2014
GF4S20325b,26.197093,58.541379,2015
FMS23307v2,-122.61,54.35,2008
GF3S02142a,110.8833333,26.81666667,2014
GF4S01169b,113.32212,34.83114,2014
GF4T1211otu,146.32,-42.73,2012
GF4S16283b,-93.21,45.43,2017
GF4S11417b,-116.49,62.3506,2015
FMS26310v2,22.26762,58.29701,2012
GF4S20233b,26.239938,57.701586,2015
FMS06211v3,101.2291,21.98685,2013
GF4T1633otu,13.97,37.93,2018
FMSA8F1077v2,-79.85,9.15,2012
S001540,126.91667,47.45,2012
GF4T38otu,-75.17,4.88,2019
GF4S03532b,101.574,21.612,2015
GF4S02135b,18.854472,68.326056,2008
FMS24186v2,5.63,52.25,2012
GF3S01365a,24.30017741,58.95934694,2016
GF4S04080b,101.574,21.612,2015
GF4S13166b,4.4042,50.7491,2019
GF4S11494b,-116.4771,62.5097,2015
GF4T275otu,-122.16,43.63,2016
GF4S02867b,101.574,21.612,2015
GF4S19630b,26.68675,57.58672,2013
FMS10990v2,27.31,58.25,2012
GF3S06771a,128.463275,38.032124,2018
GF4S20643b,26.358796,57.983528,2015
FMS22990v2,-95.15,31.11,2012
GF4T966otu,-4.33,56.68,2012
N0499,117.909,29.126,2011
S008885,17.715826,66.140629,2009
GF4S20803b,26.777913,59.283187,2015
GF4S15851b,-72.1875,42.4836111,2016
FMS25168v2,15.84,62.72,2014
GF4S16478b,112.1666667,23.1666667,2016
S009269,16.65409793,49.32141518,2013
GF4S20135b,22.3927,57.6318,2014
GF4S14663b,13.93221976,48.7579784,2016
GF4T764otu,-60.09,5.44,2012
GF4T890otu,26.79,-22.28,2019
FMS21684v2,10.311229,51.271436,2012
GF3S09261b,112.83,22.57,2018
N3619,-123.2666667,54.3333333,2015
GF3S01559a,124.2333,43.3167,2017
FMS04339v3,19.927444,60.346778,2015
GF3S01501a,8.374609994,46.56891902,2017
GF4S03830b,101.574,21.612,2015
FMS20309v2,24.17,61.51,2011
GF4S14555b,13.4972,49.09084672,2016
GF4S11358b,-114.1022,60.3057,2015
GF4T953otu,13.84,53.17,2019
FMS17246v2,116.994528,49.031528,2010
GF4T101otu,-7,31.72,2015
GF4S03122b,101.016,24.533,2015
S009268,16.65293883,49.32502104,2013
FMS17598v2,96,33.58333333,2011
GF4T1678otu,177.85,64.7,2018
GF4S02674b,13.86398563,53.07658317,2011
GF4S20297b,25.672482,58.800185,2015
GF4S03216b,100.167,27.167,2015
S008777,17.725049,66.13815,2009
FMS16BI1728v2,143.09857,-13.82992,2015
FMS05325v3,111.91027,32.54168,2015
GF4S20469b,26.909698,57.638698,2015
FMS16BI1287v2,138.782866,-34.62018833,2016
GF4S16408b,-85.37,42.38,2015
GF3S03178a,26.55598,58.36978,2014
GF4S21183b,26.52815,57.56308,2017
N1869,-71.23333333,-12.63333333,
GF4S10867b,-1.32,51.78,2014
GF4T47otu,-69.9,-4.01,2019
FMS02398v3,29.58333333,67.7666667,2013
FMS21818v2,10.224485,51.268042,2012
GF4S03990b,101.016,24.533,2015
FMS25276v2,22.54,66.58,2014
GF4T1330otu,43.51,41.76,2014
GF4T1722otu,54.1,17.2,2019
S000853,-97.30001,19.1697,2012
GF4S21048b,26.21502637,57.75198123,2016
FMS12388v2,10.51696741,51.35579218,2011
FMS16BI2104v2,138.116732,-35.631434,2014
FMS08119v3a,138.8315,35.9194722,2016
GF4S16490b,112.1666667,23.1666667,2016
GF4S02924b,100.167,27.167,2015
S001775,23.31667,58.55,2011
GF4S19669b,26.6065,57.99839,2017
GF4S13338b,4.4232,50.7497,2019
GF4T4otu,-72.11,-0.56,2012
FMSA8F1017v2,-72.19,42.53,2012
GF4S03973b,101.016,24.533,2015
S003034,-119.93833,37.84261,2011
S000795,130.68616,42.75629,2010
GF3S02402a,122.4327,50.9896,2017
GF4S19221b,20.87,65.84220953,2016
GF4S17762b,138.81882,35.91744,2014
FMS16BI0450v2,146.6711,-42.6793,2013
GF4S11507b,-116.456,62.5402,2015
GF3S03518a,105.64,37.45,2015
GF4S20006b,23.57,58.58,2019
FMS22840v2,-82.25,46.75,2011
GF4S20026b,22.31476,58.21082,2013
S003373,-78.97022,36.01264,2011
N0765,117.908,29.124,2011
GF3S01301a,25.06363,58.72258,2015
GF4T1632otu,14.43,38,2018
GF4S21443b,26.4676,57.6687,2013
FMS22892v2,-82.85,47.57,2011
GF4S21653b,22.51694,58.71806,2015
S005842,5.263889,51.236111,2011
GF4T1652otu,13.05,47.57,2018
GF4S19549b,122.0544444,51.8413889,2021
GF4S16130b,-96.58333333,39.0833333,2018
GF3S05779a,14.707853,48.6658366,2015
N1694,12.25085014,55.98726197,2014
FMS16BI0579v2,150.7075604,-35.13802306,2012
N1872,-111.00378,45.573646,
GF4S04119b,101.574,21.612,2015
GF4T1104otu,25.44,66.35,2020
N1558,8.19077075,55.69423108,2014
FMS21694v2,10.31103,51.27151,2012
GF4S19699b,27.03095,58.4203,2017
FMS16BI1542v2,117.15546,-34.619163,2016
FMS25283v2,22.45,66.55,2014
S008850,17.871057,65.945096,2009
FMS25938v2,22.38666,58.32899,2012
FMS16BI0602v2,118.8708528,-34.07607972,2013
FMS19753v2,-64.7257,-22.3833,
FMS10004v2,-61.28,10.38,2015
FMS00648v3,21.985556,40.88361,2014
FMS00389v3,23.070278,40.70194,2014
GF4S04069b,101.574,21.612,2015
N1718,10.89727399,55.74078685,2014
GF4S17386b,11.06,47.44,2016
FMS23045v2,-95.15,31.11,2012
GF4S03910b,101.574,21.612,2015
S003023,-119.93833,37.84261,2011
GF4S21826b,23.61462,59.21818,2018
FMS23104v2,-120.28,50.93,2010
FMS24684v2,-73.3378848,42.4750834,2013
FMS26394v2,22.19635,58.10709,2012
FMS10985v2,27.31,58.25,2012
S003062,-119.49117,37.80889,2012
GF3S01337a,24.98596,59.61535,2016
GF4S17771b,-64.86466667,-32.0725556,2014
GF4S03240b,101.016,24.533,2015
GF4S21284b,25.9695,58.6612,2020
FMS16BI0124v2,132.370453,-15.258583,
GF4S17376b,11.06,47.44,2016
GF3S03504a,111.51,36.11,2015
N3698,-123.2666667,54.3333333,2014
GF4S20562b,27.331703,58.125912,2015
FMS23449v2,-121.92,52.32,2009
GF4S21864b,14.5283969,50.2005714,2017
N1572,8.897732161,55.1432163,2014
N0569,117.907,29.122,2011
FMS17268v2,-101.273809,23.204697,2008
GF3S00742a,-3.35483,36.92412,2014
FMS16BI0353v2,138.8613,-34.60901,2013
GF4T1697otu,-4.75,7.63,2018
GF4T1367otu,166.47,-22.02,2014
GF3S04678a,-96.610631,39.101036,2015
GF4S00195b,102.8290556,33.9374167,2019
GF4S03466b,100.167,27.167,2015
GF3S05248a,-61.753794,47.453659,2011
FMS05326v3,111.93469,32.58003,2015
GF4S03428b,101.016,24.533,2015
GF4S19892b,26.82084,58.46239,2018
N1552,8.182877548,55.77354752,2014
GF4S21757b,26.666999,57.572335,2015
GF4S03954b,101.016,24.533,2015
FMS24717v2,-73.2508238,42.1290612,2013
FMS25056v2,14.21,60.95,2014
FMS16BI1200v2,149.01088,-35.8748666,2014
FMS23459v2,-121.92,52.32,2009
S000713,147.65,-42.533,2012
GF4T582otu,43.1,42.95,2015
GF4S03439b,101.574,21.612,2015
FMS25186v2,13.96,62.66,2014
GF4S19290b,15.7,61.91783736,2016
GF4S19807b,26.27879,58.22426,2017
GF4S03255b,101.574,21.612,2015
S000992,18.816002,68.354395,
S008774,17.766267,66.139609,2009
GF4S09322b,-96.58333333,39.0833333,2018
FMS26442v2,22.26849,58.29754,2012
GF4S20761b,25.664158,59.151644,2015
FMS00288v3,21.8025,40.99361,2013
GF4S03574b,101.016,24.533,2015
GF4S19614b,26.93328,58.25645,2012
FMS24291v2,5.63,52.25,2016
GF3S04450a,24.9500236,60.1724044,2019
GF4S14365b,16.645243,49.312548,2017
GF4S03943b,101.574,21.612,2015
GF4S02535b,10.59698864,51.08644727,2011
FMS16BI1828v2,150.73423,-33.62075,2015
S000854,-96.635,17.1666,2012
GF4S03186b,100.167,27.167,2015
FMS16BI1690v2,143.09814,-13.83469,2015
GF3S05147a,1.049167,41.341111,2013
FMS16BI1683v2,147.4391,-42.80744,2014
N3668,-123.2666667,54.3333333,2015
GF4S19295b,16.33,61.86122121,2016
FMS25085v2,14.56,61.42,2014
GF4T671otu,18.43,68.41,2014
FMS16BI0618v2,118.7302858,-34.30374389,2013
GF4T769otu,-59.92,5.31,2012
GF3S02398a,122.0863,50.9448,2017
N1554,8.241796699,55.67383734,2014
GF4S10557b,117.5203223,31.95517748,2015
GF4T1138otu,23.62,54.74,2020
GF3S03545a,-83.5378,35.6904,2017
FMS20328v2,24.17,61.51,2011
S008991,17.807557,65.977202,2009
FMS24994v2,14.29,61.19,2014
S000710,168.0811,-45.601,2012
FMS16BI0417v2,148.7953167,-35.42273333,2013
GF4S21012b,23.25202218,58.99896669,2016
FMS17559v2,100.4833333,35.55,2011
FMS11737v2,-61.739396,47.474459,2011
GF4S19791b,25.20219,56.69142,2019
GF4S03695b,100.167,27.167,2015
S00D573,21.7,61.8,2011
N3724,-123.2666667,54.3333333,2014
GF4S12271b,-0.843973775,39.57116326,2014
GF4S01660b,4.98599,50.87578,2018
S009093,17.81088,65.974564,2009
FMS16BI1088v2,138.5673,-31.32774,2013
GF4S21112b,24.03989056,59.37664116,2016
FMS26670v2,22.83214,58.48656,2012
GF4S09308b,-99.15,39.0833333,2018
GF3S01739a,24.48,61.4,2014
FMS20292v2,24.17,61.51,2011
GF3S05105a,-84.16,10.27,2014
GF3S03514a,118.49,24.88,2015
S005795,5.263889,51.236111,2009
GF4S14156b,-106.6972497,34.3158173,2013
GF4T1130otu,24.39,54.21,2020
GF4S02083b,18.853583,68.3265,2008
FMS25200v2,15.26,63.18,2014
FMS16BI0320v2,130.92864,-25.2875,
FMS24948v2,14.42,61.48,2014
GF4S03919b,101.016,24.533,2015
FMS23141v2,-120.42,50.85,2010
GF4S21152b,25.50775334,58.44381338,2016
N0640,117.909,29.125,2011
GF4T474otu,-50.4,-25.47,2018
GF4S03863b,100.167,27.167,2015
FMS17687v2,92.61666667,34.36666667,2011
GF4S19944b,27.29928,58.28122,2011
GF4S20855b,25.656038,58.177845,2016
GF4S19955b,27.32669,58.29013,2011
GF4S03190b,100.167,27.167,2015
FMS17336v2,9.116646,35.160036,2010
FMS16BI1883v2,146.6442606,-43.08869766,2015
GF4S19315b,18.77,64.50849168,2016
GF3S05090a,118.5,32.05,2017
GF4S19690b,26.41898,58.12368,2017
GF4S02007b,18.848083,68.330444,2008
GF3S04488a,29.893027,62.63427439,2019
GF4S21445b,26.4768,57.6898,2013
S000546,116.27998,-34.36291,2011
N3720,-123.2666667,54.3333333,2014
GF3S02317a,121.8086,50.9869,2017
GF3S01324a,24.71194,58.04579,2011
GF4T1354otu,29.88,36.58,2009
S000825,26.60463,58.35203,2013
GF4S03974b,101.016,24.533,2015
GF3S05266a,-61.758033,47.4738,2011
S000967,8.46667,46.63333,
S003254,-82.47547,29.71003,2012
GF4S13373b,4.4389,50.7657,2019
N1553,8.182877548,55.77354752,2014
GF4S11472b,-117.1704,61.7777,2015
GF4S20650b,26.635311,57.918843,2015
FMS17249v2,116.786556,48.609778,2010
FMS24680v2,-73.3378848,42.4750834,2013
GF4S21283b,25.9695,58.6599,2020
GF4S12601b,126.7282834,33.4780278,2015
GF4S20055b,22.2487,58.3535,2014
N0843,117.91,29.127,2011
FMS23211v2,-120.42,50.85,2010
N1456,9.879929238,57.51774803,2014
GF4S20536b,22.800584,58.993798,2015
GF3S05249a,-61.761492,47.446546,2011
N3641,-123.2666667,54.3333333,2015
GF4S19678b,26.80318,58.18892,2016
FMS24660v2,-73.9559721,41.3914827,2013
GF3S02177a,108.45,33.43333333,2014
GF4S02815b,101.574,21.612,2015
GF4S03456b,100.167,27.167,2015
GF4S21647b,22.8645,58.97688,2015
GF3S03539a,-83.5077,35.6967,2017
GF4S16769b,21.31583,69.51653,2013
GF4T1388otu,14.79,-22.69,2014
FMS23311v2,-122.61,54.35,2008
S008909,17.84363,65.946791,2009
N3550,110.21,31.29,2011
GF4S20703b,26.144752,58.703219,2015
FMS16BI1353v2,138.7817383,-34.615925,2016
S008680,17.714042,66.04005,2009
FMS08076v3a,138.7976944,35.9149167,2017
GF4S19800b,26.560474,58.420407,2017
GF4S19720b,26.281285,58.745646,2017
GF4S03972b,101.016,24.533,2015
N3611,-123.2666667,54.3333333,2015
GF4S21943b,26.932778,58.329722,2014
GF4S03569b,101.574,21.612,2015
GF4S21133b,25.27921329,59.47013283,2016
GF3S02298a,121.1959,50.9034,2017
S008821,17.715826,66.140629,2009
N1014,-83.96,35.84,2014
FMS23383v2,-120.35,50.88,2010
S001605,17.49111,60.39944,2008
GF4S03312b,101.574,21.612,2015
GF4S17794b,-83.433849,35.047616,2013
GF4T20otu,-69.89,-4,2012
FMS24726v2,-72.2078598,42.508422,2013
GF4S01992b,18.848083,68.330444,2008
GF3S02344a,122.4315,50.9892,2017
FMS11074v2,26.433,58.1833,2012
GF4S21637b,22.8584,58.98545,2015
GF3S02382a,121.1959,50.9034,2017
FMS06210v3,101.22928,21.98676,2013
GF3S01493a,8.375228997,46.56841099,2017
N2031,146.919987,-34.346187,
GF4T571otu,42.7,43.09,2015
FMS16BI1251v2,138.666971,-34.691187,2016
GF4S17819b,-83.08076,35.58786,2013
GF4S20720b,27.300752,57.438436,2015
GF4S21640b,22.33186,58.92065,2015
FMSA8F1001v2,-83.5,35,2012
S006234,-96.602712,39.233533,2014
GF4S13165b,4.4035,50.7472,2019
FMS23239v2,-122.61,54.35,2008
GF4T150otu,145.32,-6.2,2011
FMS12377v2,9.305009907,48.49235467,2011
FMS16BI0049v2,149.0076,-35.881,2014
FMS17325v2,-2.345141,39.127509,2010
GF4S17648b,138.8039,35.94627,2014
GF4S03851b,101.016,24.533,2015
GF4S19262b,13.87,57.84653703,2016
FMS25297v2,22.41,66.58,2014
GF4S20615b,26.666538,58.011861,2015
GF4S12607b,126.7282834,33.4780278,2015
N1013,-83.96,35.84,2014
FMS25261v2,15.29,63.18,2014
GF4S10859b,-1.32,51.77,2014
GF4S10815b,5.89,45.11,2014
GF4T1650otu,13.04,47.58,2018
GF3S05121a,-84.16,10.27,2015
S008948,17.846592,65.954818,2009
FMS16BI1827v2,150.7354,-33.6213,2015
GF4S21125b,23.73995447,58.99756104,2016
GF4S21610b,23.173,58.609,2015
GF4T792otu,-71.47,-40.14,2012
GF4S21870b,14.1815497,49.7775758,2017
FMS20344v2,24.17,61.51,2011
GF3S00691a,-2.9683,37.0371,2014
GF3S03438a,116.49,28.21,2015
GF4S03920b,100.167,27.167,2015
GF4S21483b,27.352,57.9389,2013
GF4S12602b,126.7282834,33.4780278,2015
GF3S08429b,7.416666667,60.55,
FMS00461v3,13.259722,48.40417,2014
GF4S17670b,138.80341,35.9195,2014
GF4S19769b,24.14617,56.56989,2019
GF4T1115otu,23.47,70.11,2020
FMS16BI0363v2,140.7273,-33.97274,2013
FMS25001v2,14.08,60.94,2014
FMS23567v2,-126.31,52.32,2008
GF4S02653b,13.95939293,52.88145553,2011
GF4S19303b,14.26,56.39203678,2016
N0757,117.908,29.124,2011
GF4T1251otu,28.01,-19.1,2013
GF4S17733b,138.81926,35.91549,2014
FMS00665v3,13.243611,48.30722,2014
GF4S19952b,27.30979,58.2704,2011
GF4T1394otu,-65.59,-30.63,2014
FMS16BI0131v2,138.6038,-33.9142,2013
FMS17658v2,98.38333333,37.26666667,2011
GF4S11376b,-112.6686,60.1361,2015
FMS16BI1037v2,143.92897,-39.72931,2013
GF4S02511b,10.43294888,50.99809149,2011
GF3S03448a,125.24,43.93,2015
GF3S01366a,24.57019757,59.00724985,2016
GF4S01202b,119.9383056,36.61855556,2015
GF3S02185a,108.45,33.43333333,2014
GF3S01508a,8.374815015,46.56944197,2017
S000623,12.51,3.35357,2011
GF4S19755b,24.075478,56.56412,2019
FMS22790v2,-122.61,54.35,2008
GF4S21784b,22.54025,58.2844,2016
S001658,23.31667,58.55,2011
GF4T901otu,8.81,39.27,2019
FMS22731v2,-89.41,49.07,2011
FMS24109v2,124.9,41.85,2013
GF4S19969b,27.32624,58.27872,2011
GF4S17396b,11.06,47.44,2016
S00D550,21.7,61.7,2011
FMS26010v2,21.98974,58.26431,2012
GF4S16716b,15.8,60.9666667,2011
FMS02376v3,29.58333333,67.7666667,2013
S000504,133.67668,43.49187,2010
FMS16BI0490v2,133.24855,-25.70963333,2011
GF4S20680b,22.214235,58.115619,2015
S000495,-149.5992,68.6232,2012
GF3S05250a,-61.750452,47.46191,2011
GF4S16738b,21.31598,69.51748,2013
FMS15541v2,146.643614,-41.674283,2012
FMS11743v2,-61.752028,47.475074,2011
GF4S14534b,13.3378267,49.16345875,2015
GF4S21514b,13.7624794,49.857965,2017
FMS17294v2,-2.900725,40.068228,2006
FMS12387v2,10.23937826,51.26771983,2011
FMS16BI1149v2,149.01165,-35.8748166,2014
GF4S20867b,26.436552,58.714839,2016
GF4S10882b,-1.32,51.77,2014
FMS25138v2,15.7,63.31,2014
S000176,5.372778,51.125833,2009
S005898,5.263889,51.236111,2011
GF4S03614b,100.167,27.167,2015
S008886,17.715826,66.140629,2009
GF4T1374otu,153.13,-28.46,2014
GF3S06764a,128.463275,38.032124,2018
FMS08023v3a,138.8177222,35.9173889,2016
FMS11758v2,-61.746572,47.465424,2011
GF4T1219otu,27.66,-11.48,2012
FMS17312v2,-1.784601,37.726728,2010
GF4S03575b,101.016,24.533,2015
GF4S03906b,100.167,27.167,2015
S000155,5.372778,51.125833,2009
S00D503,27.32377,58.27797,2011
FMS16BI1191v2,149.0076,-35.881,2014
FMS24644v2,-74.009257,41.419898,2013
GF4S20737b,25.303503,59.380334,2015
GF4S04051b,100.167,27.167,2015
GF4S19967b,27.33501,58.28426,2011
GF4S02824b,100.167,27.167,2015
GF4S02501b,9.378308438,48.37909578,2011
GF3S02070a,115.4333333,39.96666667,2014
FMS16BI1888v2,150.72258,-33.60885,2015
GF4T528otu,38.93,8.89,2019
GF4S03243b,100.167,27.167,2015
GF4S14498b,16.65280849,49.25627461,2017
GF4S12262b,-0.860988785,39.57932373,2014
FMS21754v2,10.311413,51.271362,2012
FMS00327v3,14.373611,48.41361,2014
N1528,8.195221697,56.29494445,2014
FMS22933v2,-120.78,39.26,2011
FMS24947v2,14.42,61.48,2014
FMS25088v2,14.56,61.42,2014
FMS20320v2,24.17,61.51,2011
GF4T613otu,26.47,57.67,2013
GF4T1029otu,90.66,30.58,2019
GF4S04100b,101.016,24.533,2015
FMS20287v2,24.17,61.51,2011
GF4S15909b,-149.53333,68.61667,2012
FMS25405v2,22.53,66.58,2014
GF3S05238a,-61.737702,47.479141,2011
GF4T1052otu,100.15,20.07,2020
FMS00248v3,14.974722,46.25306,2013
FMS16BI1837v2,150.73693,-33.61008,2015
GF4S20225b,26.280924,57.720133,2015
FMS26556v2,21.94149,58.26765,2012
N0567,117.907,29.122,2011
GF4S12801b,-76.3255,44.567667,2016
GF4T672otu,18.38,68.42,2014
GF4T464otu,-42.47,-22.64,2018
FMS08158v3a,114.6906034,27.3713588,2015
FMS24790v2,24.70361111,68.4877778,2011
GF4S14152b,-106.6975128,34.31578341,2013
FMS17593v2,96.35,33.26666667,2011
GF3S05830a,14.70868677,48.66555302,2015
FMS16BI0573v2,150.7568768,-35.12809248,2012
GF4S21525b,14.4377764,49.0531314,2017
GF4S20537b,22.784287,58.84069,2015
GF4S19537b,122.0841667,51.7947222,2021
N0814,117.908,29.124,2011
GF4S21100b,24.30017741,58.95934694,2016
GF4S19834b,26.564057,58.405732,2017
N1797,12.45141795,54.96752392,2014
GF3S04546a,25.799686,61.026764,2019
GF4S20501b,25.635892,59.026903,2015
FMS11768v2,-61.767544,47.463891,2011
FMS25947v2,22.38666,58.32899,2012
GF4S14660b,13.91308459,48.75602924,2016
GF4S02976b,101.016,24.533,2015
GF4S03274b,101.016,24.533,2015
FMS05336v3,111.93469,32.58003,2015
GF4S03598b,101.574,21.612,2015
FMS24765v2,24.70361111,68.4877778,2011
S005863,5.263889,51.236111,2011
GF4S21140b,26.40866359,57.83887374,2016
GF4S10723b,5.777071,52.014828,2016
S006206,-96.602712,39.233533,2014
GF4S02675b,13.82748705,52.94235077,2011
GF3S03179a,26.55598,58.36978,2014
GF4S17730b,138.80378,35.91998,2014
FMS24944v2,14.42,61.48,2014
GF4S21866b,14.5283969,50.2005714,2017
GF4S10828b,5.89,45.1,2014
GF4S03702b,101.016,24.533,2015
GF4S17726b,138.80124,35.91544,2014
S005844,5.263889,51.236111,2011
GF4S04079b,101.574,21.612,2015
GF4S11521b,-116.5478,62.4897,2015
FMS19527v2,83.74633333,42.90952778,2015
FMS16BI0612v2,118.8603189,-34.0944175,2013
S000711,172.1041386,-42.30237935,2012
FMS16BI1853v2,150.736,-33.61623,2015
N1582,8.950998317,55.20709468,2014
FMS16BI0140v2,150.5943242,-35.17363378,2012
GF4S03269b,101.016,24.533,2015
GF3S02100a,128.15,42.18333333,2014
GF4S17564b,124.3333333,51.7,2018
GF4S10831b,5.89,45.1,2014
GF4S17690b,138.79847,35.95949,2014
FMS26358v2,23.07564,58.59682,2012
GF4S03988b,100.167,27.167,2015
N3564,-70.964722,-28.769446,2015
FMS00612v3,14.496111,46.39917,2014
FMS25184v2,15.17,63.17,2014
GF4T1179otu,-82.22,8.76,2012
FMS23119v2,-120.28,50.93,2010
GF4S21787b,22.54061,58.28355,2016
GF4S03634b,101.016,24.533,2015
GF4T620otu,27.33,57.92,2013
FMS25044v2,14.54,61.26,2014
GF4S18772b,21.31466,69.51624,2013
FMS26718v2,22.82668,58.48978,2012
GF3S01496a,8.375477018,46.56830002,2017
GF4S20168b,26.7251,58.4709,2014
FMS24662v2,-73.9559721,41.3914827,2013
GF4S20530b,23.041655,58.842917,2015
FMS00613v3,8.771944,50.27167,2014
FMS00455v3,19.623333,43.38722,2014
GF3S00714a,-2.97133,37.01965,2013
GF3S05642a,16.767108,49.325313,2014
GF4S10746b,5.777071,52.014828,2016
GF4T733otu,132.05,43.21,2010
GF4S20886b,23.933777,59.211863,2016
GF4S19957b,27.31072,58.289,2011
S003121,-119.26342,37.91069,2012
GF4S02423b,9.448648359,48.48725232,2011
FMS22897v2,-83.37,46.42,2011
FMS17624v2,99.38333333,35.41666667,2011
N3829,84.51666667,44.1833333,2016
FMS24308v2,5.63,52.25,2016
GF4S04070b,101.016,24.533,2015
FMS16BI0053v2,149.0083,-35.8811,2014
FMS05374v3,114.88472,37.82851,2015
GF4S21109b,23.92720593,59.3310369,2016
FMS24304v2,5.63,52.25,2016
GF4T1572otu,38.42,-4.89,2016
GF3S01476a,8.372783996,46.56863898,2017
GF4S19564b,26.48778,58.23692,2013
GF3S02838a,13.085274,56.662709,2014
GF4S14603b,13.4536914,48.97698295,2016
S005824,5.263889,51.236111,2011
N0506,117.909,29.124,2011
GF4S19242b,14.3,58.35431089,2016
FMS11482v2,9.931472421,46.49633659,2014
GF4S14552b,13.49239862,49.09240975,2016
GF4S03548b,101.016,24.533,2015
S005237,13.91724799,52.86242309,2011
GF4S19613b,26.62547,58.12398,2013
S00D625,27.3643,57.9386,2013
N1665,9.752402725,55.69123563,2014
GF4S21550b,25.54067,58.13673,2013
S006175,147.34867,-9.4448,2011
GF4S03733b,101.574,21.612,2015
FMS08205v3a,106.5259303,38.8519783,2015
GF4S17375b,11.06,47.44,2016
GF3S04476a,29.74067904,62.60495966,2019
FMS17570v2,100.2166667,34.53333333,2011
S005731,5.263889,51.236111,2009
GF3S05270a,-61.741688,47.478432,2011
GF3S02349a,122.4343,50.9896,2017
GF4S03073b,101.016,24.533,2015
GF4S02630b,13.97380234,53.10083633,2011
N1902,145.747545,-33.346019,
N1925,145.779652,-34.538107,
GF4S02517b,10.3807873,51.22389737,2011
S009215,16.74571583,49.30214773,2013
GF4S20702b,26.292596,58.622742,2015
S000164,5.372778,51.125833,2009
GF4T1321otu,171.35,-42.11,2014
GF4S21424b,26.5529,57.6764,2013
S005759,5.263889,51.236111,2009
GF4S20678b,22.14902,58.173545,2015
GF4S20308b,25.620771,58.272058,2015
GF4S21897b,14.3304764,50.3498575,2017
GF4T548otu,42.79,43.07,2015
FMS21829v2,10.224485,51.268042,2012
GF4S17490b,101.968075,29.55494167,2014
GF3S05229a,-61.729644,47.476672,2011
GF4S21020b,23.69915748,58.66996316,2016
N1680,12.31617428,55.99989788,2014
GF4S01207b,114.26951,33.42504,2015
GF4S15347b,-85.37,42.38,2015
N0556,117.91,29.127,2011
FMSA8F1006v2,-105.38,39.99,2012
FMS25998v2,21.89557,58.32669,2012
GF4S10942b,83.07,55.01,2017
FMS16BI1150v2,149.01165,-35.8748166,2014
FMS24950v2,14.42,61.48,2014
GF4S02097b,18.853583,68.3265,2008
GF4S21025b,24.65739166,58.02673767,2016
FMS16BI1668v2,119.142832,-32.814728,2016
FMS9528v2,13.85521407,48.77657274,2011
GF4S10819b,5.89,45.1,2014
FMS21804v2,10.238938,51.26789,2012
GF3S05183a,52.1063,36.3998,2018
FMS17675v2,93.85,35.5,2011
GF4T1163otu,15.93,67.97,2020
S001777,23.31667,58.55,2011
FMS11001v2,27.0333,58.116,2012
GF4S14419b,16.70662324,49.29034152,2017
N0537,117.909,29.124,2011
FMS16BI1437v2,138.7746583,-34.62681666,2016
GF4S03968b,101.016,24.533,2015
FMS26703v2,22.82668,58.48978,2012
FMS11345v2,-111.423,58.908,2010
S00D540,21.7,61.7,2011
GF4T185otu,-17.12,32.69,2013
FMS19529v2,82.82713889,43.57477778,2015
S008983,17.719246,66.137992,2009
FMS16BI0062v2,149.01025,-35.8769333,2014
FMS17335v2,9.97436,33.52157,2010
GF4S21574b,12.67908056,50.24188611,2014
GF3S01358a,26.43521,58.58016,2015
S009123,17.749183,66.14522,2009
GF4S19738b,26.62186,57.99788,2017
N1762,10.36894119,55.12918933,2014
FMS08079v3a,138.7976944,35.9149167,2017
GF4S00197b,98.83541111,29.5346333,2019
S005942,13.617083,49.043133,2012
S005202,9.261355982,48.39623841,2011
GF3S01395a,24.6661,59.42275,2013
FMS17319v2,-1.232379,37.593066,2010
FMS16BI0632v2,131.0404,-25.3374,2012
GF4S20931b,25.9058,59.4798,2016
FMS17670v2,94.5,35.86666667,2011
FMS08143v3a,138.8315,35.9194722,2017
GF3S10244b,23.6,52.89,2017
GF4S03309b,100.167,27.167,2015
S005877,5.263889,51.236111,2011
GF4T526otu,2.73,9.26,2019
S005832,5.263889,51.236111,2011
GF4S15354b,-89.35,43.1333333,2015
GF3S04576a,24.029352,61.5378,2019
FMS23387v2,-120.35,50.88,2010
GF4S16142b,-96.58333333,39.0833333,2018
N1914,145.992029,-34.76219,
FMS23365v2,-120.35,50.88,2010
GF4S15379b,112.1666667,23.1666667,2015
GF4S21879b,13.4588053,49.6936806,2017
GF4S03037b,101.016,24.533,2015
GF4S15869b,-72.1875,42.4836111,2016
GF3S02315a,121.809,50.9862,2017
GF4S12217b,-0.400587573,39.81767261,2014
S008842,17.749183,66.14522,2009
FMS16BI0575v2,150.7536825,-35.15368962,2012
GF3S01344a,22.0958,58.30223,2012
S009060,17.715826,66.140629,2009
GF4S21700b,24.09308,58.3972,2015
FMS16BI0188v2,132.6333546,-12.62067646,2012
GF3S05264a,-61.753336,47.466188,2011
GF3S03478a,108.24,30.67,2015
FMS22763v2,-89.39,49.07,2011
GF3S03553a,-83.5378,35.6904,2017
GF4S19759b,22.76504,57.06564,2019
FMS22786v2,-89.39,49.07,2011
GF4S03437b,100.167,27.167,2015
S003174,-73.34356,41.87275,2012
GF4T1093otu,9.64,62.37,2020
FMS25911v2,21.98962,58.26414,2012
FMS17777v2,-72.95,-40.79,2013
FMS11805v2,-61.743674,47.461696,2010
GF4T1703otu,-99.1,19,2018
GF4S10766b,15.23075,50.8325833,2016
GF4S19763b,23.15643,56.61266,2019
GF4T879otu,177.32,-18.1,2019
GF4T225otu,39.45,40.24,2015
GF4S17454b,102.0441083,29.59420833,2014
GF3S02106a,128.1166667,42.13333333,2014
GF4S17518b,124.3333333,51.7,2018
GF4S13145b,4.4224,50.7498,2019
GF4S03652b,101.016,24.533,2015
FMS16BI1402v2,138.680987,-34.710871,2016
GF4S03966b,101.574,21.612,2015
S005214,10.31073846,51.2716477,2011
GF4S04106b,100.167,27.167,2015
FMS17612v2,97.01666667,33.75,2011
FMS16BI0157v2,141.97655,-35.11641,2012
GF4S04031b,100.167,27.167,2015
GF4S20966b,24.99949,59.6342,2016
GF4S03997b,101.574,21.612,2015
FMS24737v2,-72.2078598,42.508422,2013
GF4T1579otu,38.98,-5.44,2016
GF4S03305b,100.167,27.167,2015
GF4S03219b,101.574,21.612,2015
FMS16BI0050v2,149.0076,-35.881,2014
FMS25152v2,15.29,62.23,2014
GF4S16310b,8.716666667,47.05,2014
FMS21796v2,10.238938,51.26789,2012
FMS23114v2,-120.28,50.93,2010
N0522,117.909,29.124,2011
FMS24930v2,14.13,60.96,2014
GF4S19632b,26.64834,58.41071,2017
GF4S03595b,101.574,21.612,2015
GF4S14657b,13.90231245,48.7569978,2016
GF4S10940b,83.07,55.01,2017
FMS23535v2,-126.31,52.32,2008
FMS11703v2,-61.739908,47.459647,2011
FMS24092v2,124.9,41.85,2013
GF4T1227otu,-78.97,36.01,2012
FMS16BI0123v2,132.370453,-15.258583,
FMS20362v2,24.17,61.51,2011
GF4S20383b,25.768018,59.634155,2015
S008732,17.795147,66.128665,2009
N1648,9.730524609,55.69191227,2014
FMS25398v2,22.58,66.51,2014
FMS16BI1024v2,152.87905,-27.387121,2013
GF4S16410b,-85.37,42.38,2015
S000833,145.23591,-6.05495,2011
GF4S02699b,13.90992535,52.91229384,2011
GF3S05240a,-61.732651,47.47394,2011
GF3S10227b,11.27,43.12,2017
GF4S02889b,100.167,27.167,2015
GF4S02012b,18.848083,68.330444,2008
FMS06317v3,-84,30.75,2014
S00D519,27.30979,58.2704,2011
S001741,23.551006,58.555214,2011
GF4S21341b,26.301464,58.189678,2017
N1506,10.21615467,56.93746576,2014
GF3S08475b,7.416666667,60.55,
GF4S21710b,26.5561,58.3701,2015
GF4S20364b,25.909157,58.707571,2015
GF3S04486a,29.78302609,62.61025854,2019
FMS00359v3,13.447778,48.50944,2014
GF4S03711b,101.574,21.612,2015
GF4S14654b,13.89852943,48.7587453,2016
N1531,8.507933548,56.24883484,2014
GF4T1608otu,53.6,36.66,2017
GF4T215otu,-3.5,34.19,2014
S001709,23.21667,58.66667,2011
GF4T1200otu,172.1,-42.3,2012
S003044,-119.91283,37.81261,2011
FMS16BI1447v2,138.666994,-34.692037,2016
S000661,2.18613,9.41,2010
GF3S00680a,-2.98583,37.00702,2014
GF4S20999b,27.326,59.224,2016
GF4S01131b,117.6763889,36.98427778,2014
FMS24273v2,5.63,52.25,2016
FMS17366v2,-69.8208,9.767953,2009
FMS16BI0509v2,125.2178,-17.67413333,2011
FMS00489v3,8.671111,50.26639,2014
S009296,16.65949322,49.30205489,2013
S006202,-96.602712,39.233533,2014
GF4S19974b,27.30141,58.26102,2011
FMS00550v3,5.83,52.198,2014
GF3S05202a,-61.743329,47.454411,2011
GF4S13051b,9.357219301,48.44220388,2015
GF4S04010b,100.167,27.167,2015
FMS22800v2,-122.61,54.35,2008
GF4S19861b,26.41113,58.19204,2017
S005825,5.263889,51.236111,2011
GF4S19794b,26.656313,58.403435,2016
GF4S03441b,101.016,24.533,2015
FMS23112v2,-120.28,50.93,2010
GF4S03596b,101.574,21.612,2015
FMS23611v2,-126.31,52.32,2008
GF4S10935b,83.07,55.01,2017
GF4T96otu,-60.02,-2.57,2015
FMS16BI0574v2,150.7568768,-35.12809248,2012
FMS26649v2,21.97197,58.45095,2012
GF4S04050b,100.167,27.167,2015
GF4S15856b,-72.1875,42.4836111,2016
GF4S19339b,16.37,63.14394148,2016
S000641,98.3916,18.5289,2012
S009088,17.808482,65.996435,2009
GF3S01444a,8.36681298,46.56567698,2017
GF4S21883b,14.1742458,49.5002411,2017
GF4S21003b,27.51445,59.27139,2016
FMS15544v2,146.643614,-41.674283,2012
GF4S21703b,23.48397,59.0029694,2015
GF4S19910b,25.587969,58.36562,2011
FMS00493v3,19.636667,42.43028,2014
FMS16BI0554v2,142.28933,-36.67107,2012
FMS06170v3,101.28593,21.90926,2013
S009053,17.725049,66.13815,2009
FMS17213v2,-70.080944,-41.253333,2010
GF3S09240b,11.70554167,51.6299111,2016
S000772,23.57021,58.58463,2012
GF4T1192otu,-97.3,19.17,2012
GF4S12287b,-0.685451565,39.60404801,2014
FMS16BI1874v2,150.73733,-33.60963,2015
FMS19746v2,-64.7225,-22.3556,
S008756,17.715826,66.140629,2009
GF4S17369b,11.06,47.44,2016
FMS23525v2,-121.92,52.32,2009
S005882,5.263889,51.236111,2011
FMS17752v2,100.1,37.4,2011
GF4S17495b,101.9670806,29.55476667,2014
GF4S19687b,26.96298,58.35702,2017
FMS9549v2,13.85525297,48.77658416,2011
GF4S03257b,101.574,21.612,2015
GF4S19296b,16.33,61.86122121,2016
N0593,117.907,29.123,2011
GF4T313otu,-50.65,67.02,2017
GF4S21965b,22.2487,58.3535,2014
FMS10991v2,27.31,58.25,2012
FMS08136v3a,138.8315,35.9194722,2017
S000528,75.01802,13.52236,2013
FMS16BI0066v2,149.01088,-35.8748666,2014
GF4S03101b,101.574,21.612,2015
GF4S03010b,100.167,27.167,2015
GF4S13162b,4.4394,50.7658,2019
GF4S13040b,9.457952708,48.40133333,2015
FMS16BI1085v2,138.7083,-34.88076,2013
FMS16BI1797v2,150.72043,-33.61072,2015
GF4T1472otu,74.51,42.55,2015
GF4S20893b,26.761448,59.077543,2016
GF4S03751b,101.574,21.612,2015
FMSA8F1033v2,-65.8,18.3,2012
GF4T5otu,-69.9,-4,2012
GF4S03570b,101.574,21.612,2015
GF4S21128b,24.0119391,59.22915378,2016
FMS05311v3,114.8905,37.76742,2015
GF4T937otu,11.7,48.41,2019
S000956,8.46667,46.63333,
GF4S20361b,25.739164,58.694428,2015
FMS11025v2,27.0333,58.116,2012
GF4S03588b,100.167,27.167,2015
GF4S20986b,26.645258,58.73948,2016
GF4S20875b,24.146808,59.355928,2016
GF4S03061b,101.574,21.612,2015
FMS23621v2,-126.31,52.32,2008
FMS19745v2,-64.7256,-22.3424,
FMS16BI0190v2,132.4452461,-13.51830376,2013
FMS26085v2,22.44765,58.35375,2012
GF4S21026b,24.65739166,58.02673767,2016
FMS22812v2,-121.04,39.55,2011
GF4T1005otu,-75.12,8.28,2019
N1963,-71.585444,-31.199813,
FMS05332v3,114.9625,36.23167,2015
GF4S13043b,9.492124587,48.42264028,2015
GF4S20127b,22.721,57.288,2014
GF3S05732a,14.70723444,48.66342256,2015
GF4S10830b,5.89,45.1,2014
FMS23116v2,-120.28,50.93,2010
GF4S21744b,22.21582,58.49144,2015
GF4S02667b,13.81032804,53.04453521,2011
GF4S20602b,26.524716,59.485886,2015
S008702,17.742322,66.150675,2009
N0789,117.908,29.124,2011
GF4S20845b,24.257883,59.400528,2015
GF4T798otu,-67.52,-54.47,2012
GF4S17512b,124.3333333,51.7,2018
GF3S00725a,-2.96982,37.03661,2013
GF4S21458b,27.3258,57.9246,2013
FMS16BI1691v2,143.13999,-13.68124,2015
FMS16BI0279v2,145.4472167,-16.10298333,2013
GF4T1051otu,100.1,20.22,2020
GF4S20906b,27.064086,57.734887,2016
GF4S21582b,26.61229,58.32833,2014
FMS24975v2,13.85,60.68,2014
GF4S14570b,13.4377447,49.03253102,2015
GF4S17700b,138.80341,35.9195,2014
S000638,145.58507,-17.02205,2012
FMS24992v2,14.29,61.19,2014
GF4S21221b,26.52324,58.35534,2019
GF4S21145b,26.49781,58.74809,2016
GF3S04430a,24.516578,60.294299,2019
FMS20301v2,24.17,61.51,2011
FMS24768v2,24.70361111,68.4877778,2011
GF4S21432b,26.4149,57.6415,2013
GF4S02921b,100.167,27.167,2015
FMS17602v2,95.7,33.93333333,2011
GF3S00697a,-2.97198,37.05358,2014
GF4T687otu,-98.67,20.48,2015
GF4S21046b,26.19105564,57.75733861,2016
GF4S03092b,101.016,24.533,2015
GF4S19819b,26.81494,57.98483,2017
GF4T827otu,-73.01,-37.82,2018
GF4S17711b,138.80077,35.94163,2014
FMS16BI1897v2,146.7409397,-43.04549934,2015
GF4S03602b,100.167,27.167,2015
GF4S02596b,10.46017454,51.07935906,2011
GF4T65otu,-51.44,-1.74,2015
GF4S03544b,101.016,24.533,2015
GF4S19273b,19.11,65.13255426,2016
S00D608,26.4768,57.6898,2013
GF3S05840a,14.70872691,48.66470334,2015
GF4S12314b,-0.252719131,38.88032242,2014
GF3S03542a,-83.5065,35.6942,2017
GF4S17789b,-83.434013,35.049007,2013
FMS16BI0225v2,115.2526,-30.16913333,2013
GF3S05210a,-61.750839,47.439167,2011
GF3S05228a,-61.734224,47.472942,2011
FMS24072v2,124.9,41.85,2013
GF4S20365b,25.946528,58.693705,2015
GF4S20279b,22.781012,58.475907,2015
GF4T232otu,39.7,40.83,2015
FMS00285v3,14.809167,46.20444,2013
GF4T545otu,42.74,43.11,2015
GF4S19946b,27.31049,58.27957,2011
N3629,-123.2666667,54.3333333,2014
FMS11756v2,-61.7619,47.45207,2011
FMS16BI0619v2,118.7302858,-34.30374389,2013
GF4T1235otu,153.17,-28.27,2012
GF4S19877b,26.557575,58.417659,2017
GF4S14470b,16.66541,49.267661,2016
GF4S17652b,138.82731,35.9488,2014
FMS26751v2,23.30707,58.54605,2012
GF4T1407otu,-149.6,68.62,2012
GF4S03817b,100.167,27.167,2015
FMS23615v2,-126.31,52.32,2008
GF4T981otu,-63.53,45.57,2019
FMS16BI1776v2,147.01602,-42.38684,2014
GF4S19915b,27.32476,58.28328,2011
FMS24179v2,5.63,52.25,2012
GF4T1609otu,35.87,-3.81,2018
GF4S03884b,101.574,21.612,2015
N2032,147.422757,-34.435437,
GF4S03480b,100.167,27.167,2015
GF4S01142b,115.0418333,36.23005556,2014
GF3S01308a,27.79904,59.17464,2015
GF4S21047b,26.21502637,57.75198123,2016
FMS16BI0091v2,150.267756,-33.652613,2014
GF4T973otu,126.93,54.12,2019
FMS23029v2,-95.15,31.11,2012
FMS25043v2,14.54,61.26,2014
FMS24187v2,5.63,52.25,2012
GF4S02684b,13.74618179,52.91740128,2011
S006275,-96.602712,39.233533,2014
FMS22930v2,-120.78,39.26,2011
GF4S21420b,26.6012,57.6823,2013
FMS23539v2,-126.31,52.32,2008
GF4S21473b,27.3688,57.9504,2013
GF4S21903b,15.2511161,50.3191369,2017
FMS05383v3,117.07359,35.06678,2015
GF4S21446b,26.4768,57.6898,2013
FMS25052v2,14.21,60.95,2014
GF4T358otu,90.7,25.65,2018
FMS25071v2,14.05,61.03,2014
FMS16BI1197v2,149.01025,-35.8769333,2014
FMS24969v2,14.14,60.69,2014
S00D535,21.7,61.7,2011
GF4S03593b,100.167,27.167,2015
GF4S19278b,14.4,59.17199001,2016
GF3S02338a,122.4327,50.9896,2017
FMS20372v2,24.17,61.51,2011
GF4S20133b,22.2878,57.6288,2014
GF4S11338b,-112.182,59.7256,2015
GF4T684otu,-98.55,20.16,2015
GF4S02990b,101.016,24.533,2015
FMS22918v2,-83.37,46.42,2011
GF4S17803b,-83.45717,35.04411,2013
S000965,8.46667,46.63333,
FMS10974v2,27.31,58.25,2012
FMS16BI1482v2,116.22374,-32.57229,2016
FMS25304v2,22.41,66.58,2014
GF4S02089b,18.853583,68.3265,2008
FMS16BI0432v2,148.336683,-42.105769,2013
FMS24736v2,-72.2078598,42.508422,2013
GF4T489otu,8.6,45.79,2019
FMS06320v3,-84,30.75,2014
GF4S19841b,27.324793,58.281896,2017
S005736,5.263889,51.236111,2009
GF3S04570a,23.98333333,61.50888889,2019
GF4S21052b,26.32409991,57.59420473,2016
GF3S05660a,16.745643,49.287801,2014
FMS05360v3,119.99864,36.62681,2015
FMS22784v2,-89.39,49.07,2011
GF3S06715a,128.463275,38.032124,2018
N0668,117.907,29.123,2011
GF4T1605otu,55.48,37.14,2017
N1583,8.950998317,55.20709468,2014
GF4T729otu,133.58,43.49,2010
FMS23301v2,-122.61,54.35,2008
FMS23213v2,-120.42,50.85,2010
GF4S19582b,26.57166,58.25496,2013
GF4S20436b,24.735237,59.433238,2015
FMS12311v2,17.5457,60.0725,2012
FMS25027v2,14.19,60.73,2014
FMS25300v2,22.41,66.58,2014
GF3S00757a,-3.33887,36.9659,2014
N1603,10.48020474,56.29155915,2014
FMS9521v2,13.8552011,48.77656893,2011
GF4S02696b,13.67073695,52.88848023,2011
FMS00491v3,13.447778,48.50944,2014
GF4S03197b,101.574,21.612,2015
GF4S20087b,26.9591,58.0629,2014
GF4S20824b,24.672744,59.06406,2015
GF4S21094b,24.55077913,59.27369111,2016
S000723,153.17305,-28.26482,2012
GF4T685otu,-98.6,20.64,2015
GF4S19676b,26.738877,58.204615,2016
FMS24282v2,5.63,52.25,2016
GF4S17558b,124.3333333,51.7,2018
FMS22787v2,-89.39,49.07,2011
GF4T1044otu,14.04,37.86,2017
FMS05388v3,115.04183,36.23006,2015
FMS03000v3,114.6833333,37.8833333,2016
GF3S01325a,22.2878,57.6288,2014
GF4S16467b,-89.35,43.1333333,2015
GF4T1402otu,12.34,56.03,2014
FMS23351v2,-120.35,50.88,2010
FMS00501v3,8.437983,50.00225,2014
S000701,-67.51814,-54.46653,2011
GF4S20305b,25.488969,58.251449,2015
GF4S02529b,10.7525687,51.19070434,2011
GF4S03646b,100.167,27.167,2015
GF4T1484otu,18.42,-33.97,2016
FMS25033v2,14.19,60.73,2014
S009221,16.74571583,49.30214773,2013
FMS19523v2,84.18541667,43.04130556,2015
GF4T1106otu,24.03,68.06,2020
GF4S04054b,101.574,21.612,2015
FMS06192v3,101.25925,21.9496,2013
GF4S20514b,23.744084,58.94699,2015
FMS16BI1083v2,138.8613,-34.60901,2013
FMS16BI0209v2,148.599397,-34.858486,2013
GF4S17769b,-64.86466667,-32.0725556,2014
GF4S03023b,101.574,21.612,2015
S008944,17.749183,66.14522,2009
FMS24692v2,-73.3378848,42.4750834,2013
GF4S11360b,-117.1347,61.6239,2015
GF3S10216b,11.22,43.08,2017
FMS25431v2,22.57,66.54,2014
GF4S13308b,4.4045,50.7486,2019
GF4S20717b,27.332668,57.532119,2015
GF4S04052b,100.167,27.167,2015
FMS25073v2,14.05,61.03,2014
FMS9559v2,13.85524093,48.77662118,2011
GF3S02079a,124.8333333,40.85,2014
GF4S17494b,101.9672972,29.55484167,2014
GF4S01998b,18.848083,68.330444,2008
GF4S21161b,25.05618911,58.45034707,2016
GF4S02580b,10.35927854,51.33715025,2011
GF4S17673b,138.81961,35.91551,2014
FMS17362v2,-69.946911,9.666497,2009
FMS24993v2,14.29,61.19,2014
GF4T247otu,-72.23,42.49,2015
FMS16BI1249v2,138.692509,-34.721531,2016
GF4S20759b,25.699726,59.097677,2015
GF3S02072a,115.4333333,39.95,2014
GF4S03420b,101.016,24.533,2015
GF3S01421a,26.33548312,58.05627566,2016
FMS26439v2,22.26849,58.29754,2012
GF4S02429b,9.357219301,48.44220388,2011
GF4S13157b,4.4172,50.7426,2019
FMS20330v2,24.17,61.51,2011
FMS24076v2,124.9,41.85,2013
FMS16BI0189v2,132.4531142,-13.52161823,2013
GF3S05160a,1.033056,41.3475,2014
FMS08128v3a,138.8315,35.9194722,2017
GF4S14488b,16.63922327,49.25554086,2016
S00D570,21.7,61.8,2011
GF4T753otu,47.31,38.34,2012
GF4S03121b,100.167,27.167,2015
GF4S21844b,23.82291,59.21635,2018
FMS00498v3,19.549444,43.39583,2014
GF4S14174b,8.716666667,47.05,2014
FMS24756v2,-71.3317636,42.4093993,2013
GF4S03742b,100.167,27.167,2015
GF4S02589b,10.37731423,51.14225263,2011
GF3S06717a,128.463275,38.032124,2018
GF4S04109b,101.016,24.533,2015
FMS08199v3a,111.6710272,40.7704282,2015
GF4S11506b,-116.456,62.5402,2015
FMS16BI0512v2,120.68075,-19.76865,2011
GF4S02999b,101.016,24.533,2015
GF3S05235a,-61.725088,47.477783,2011
FMS16BI1167v2,141.898047,-29.055658,2014
GF4S11424b,-114.1562,60.3362,2015
S000584,147.35164,-9.4347,2011
GF4T510otu,24.64,70.81,2019
GF4S14621b,13.64528734,48.93936618,2016
GF4S03184b,100.167,27.167,2015
N0498,117.909,29.126,2011
GF4T404otu,-66.07,18.13,2018
FMS25159v2,15.84,62.72,2014
GF4S03253b,101.574,21.612,2015
S000968,8.46667,46.63333,
GF4S21947b,26.71925,58.46564,2014
FMS16BI1034v2,143.92897,-39.72931,2013
FMS22988v2,-95.15,31.11,2012
GF4T1400otu,12.33,56.05,2014
FMS15739v2,81.82666667,32.07333333,2011
GF4T146otu,145.28,-6.36,2011
S006600,-149.53333,68.61667,2012
GF4S01168b,111.89003,32.52867,2014
S009292,16.725744,49.315702,2013
GF4S17440b,102.0756861,29.60756389,2014
S005893,5.263889,51.236111,2011
GF4S10715b,5.777071,52.014828,2016
FMS00582v3,14.594444,46.42722,2014
S009300,16.71357561,49.30599656,2013
GF4T467otu,-44.74,-22.36,2018
FMS08000v3a,138.8177222,35.9173889,2016
FMS11699v2,-61.753256,47.431722,2011
GF4S11346b,-117.1724,61.7765,2015
FMS16BI1840v2,150.71983,-33.61007,2015
GF3S08610b,1.072876411,42.59339011,2013
N1529,8.195221697,56.29494445,2014
FMS10982v2,27.31,58.25,2012
GF3S09282b,12.6584281,50.2383325,2008
GF4S21271b,26.8737,57.9812,2020
N0529,117.91,29.124,2011
FMS16BI1529v2,150.364634,-33.57884446,2015
GF4S11366b,-116.4846,62.5076,2015
FMS25177v2,15.17,63.17,2014
GF4S12628b,126.7282834,33.4780278,2015
GF4T1653otu,12.96,47.53,2018
FMS16BI1775v2,147.42226,-42.61778,2014
FMS16BI0372v2,145.895516,-41.532403,2013
GF4S10873b,-1.32,51.77,2014
GF3S05243a,-61.737718,47.467965,2011
GF4S16291b,-93.21,45.43,2017
GF4S02665b,13.69441893,53.10734802,2011
GF4S19893b,26.82084,58.46239,2018
GF4T1119otu,24.12,54.88,2020
GF4S16763b,21.31689,69.51724,2013
FMS06184v3,101.25327,21.91028,2013
FMS24633v2,-74.009257,41.419898,2013
GF4S03992b,101.016,24.533,2015
N0591,117.909,29.123,2011
GF3S00709a,-2.98623,37.00643,2013
FMS17262v2,-100.420636,22.644511,2008
FMS08105v3a,138.8315,35.9194722,2016
GF4S03478b,101.016,24.533,2015
GF4T1286otu,-68.12,-54.71,2013
GF4S20715b,24.542464,58.061631,2015
S001742,23.551006,58.555214,2011
GF4S02919b,101.016,24.533,2015
N1527,8.195221697,56.29494445,2014
GF4S20208b,26.597387,58.653021,2015
FMS00445v3,14.072778,46.01472,2014
FMS24711v2,-73.2508238,42.1290612,2013
GF4T958otu,11.69,48.41,2019
S005940,13.61705,49.044033,2012
GF4T1370otu,166.35,-22.06,2014
GF4S03458b,101.574,21.612,2015
GF4S20856b,26.924543,58.027909,2016
GF4S20773b,26.925252,58.273944,2015
GF4S20079b,26.6617,58.3345,2014
GF4T1668otu,28.74,-2.32,2018
S000836,145.40921,-6.01602,2011
GF3S02194a,110.5,31.81666667,2014
FMS08135v3a,138.8315,35.9194722,2017
GF4S21743b,22.20443,58.37142,2015
FMS05391v3,119.93831,36.61856,2015
GF4S20679b,21.968263,58.346171,2015
FMS19521v2,93.57758333,43.42055556,2015
N1461,10.0571607,57.590327,2014
GF4S03631b,101.574,21.612,2015
GF4S20609b,27.128256,58.604359,2015
S000855,-102.60055,22.1989,2012
S000673,31.62103,-18.17803,2013
GF4T617otu,26.52,57.66,2013
FMS21776v2,10.238754,51.267973,2012
GF4T588otu,27.42,59.1,2013
FMS08013v3a,138.8177222,35.9173889,2016
FMS20333v2,24.17,61.51,2011
GF4S02944b,101.016,24.533,2015
GF3S04568a,23.98333333,61.50888889,2019
GF4T907otu,9.61,39.78,2019
GF3S03437a,113,30.25,2015
N1764,10.36883286,55.13503083,2014
N3620,-123.2666667,54.3333333,2014
FMS24116v2,124.9,41.85,2013
GF4S20470b,26.909698,57.638698,2015
GF3S02336a,122.0858,50.9454,2017
S000521,19.47575,67.85596,2013
GF4S21528b,14.1211611,50.4057406,2017
N1617,10.51406821,56.09713964,2014
GF3S04528a,25.758985,62.153809,2019
GF4S21729b,26.3507,59.3382,2015
FMS23092v2,-120.28,50.93,2010
GF4S20549b,22.633461,58.832579,2015
GF4T203otu,98.86,19.41,2014
GF4S19243b,15.3,60.01075424,2016
GF4T1455otu,77.2,32.91,2015
FMS25367v2,22.67,66.52,2014
FMS25104v2,15.27,63.23,2014
FMS16BI0429v2,148.3395,-42.1074,2013
GF4S02611b,13.98569964,53.10283431,2011
GF4S19636b,25.941583,58.681431,2017
FMS24686v2,-73.3378848,42.4750834,2013
GF4S14651b,13.88461819,48.76221498,2016
GF4S14506b,16.73067243,49.28874761,2016
N1880,-111.00378,45.573646,
GF3S06753a,128.463275,38.032124,2018
GF4S02637b,13.99869535,53.09036377,2011
FMS16BI1300v2,138.7781367,-34.616255,2016
FMS25099v2,15.69,63.31,2014
FMS15711v2,-21.55,74.4666667,2011
GF3S02303a,121.1949,50.9034,2017
FMS17237v2,-71.663635,-30.662263,2007
FMS17721v2,92.86666667,31.81666667,2011
GF4S19647b,26.06014,57.9711,2017
FMS17704v2,91.66666667,32.18333333,2011
GF4S21825b,23.61462,59.21818,2018
N1672,11.99150258,56.01851756,2014
S005862,5.263889,51.236111,2011
FMS05350v3,115.60347,33.30233,2015
GF3S02841a,13.110873,56.700918,2014
FMS24100v2,124.9,41.85,2013
FMS16BI0548v2,141.97659,-35.11641,2012
GF4S21043b,25.26657354,58.1307016,2016
N0634,117.911,29.126,2011
GF4S20996b,27.05494,57.71752,2016
FMS22965v2,-95.15,31.11,2012
FMS08002v3a,138.8177222,35.9173889,2016
GF3S02839a,13.085274,56.662709,2014
N0604,117.909,29.127,2011
GF4S19916b,27.32152,58.28402,2011
GF4S10743b,5.777071,52.014828,2016
FMS12371v2,9.415217623,48.36934576,2011
GF4S21671b,27.4399,58.217,2015
GF4T1449otu,72.24,35.46,2015
FMS00303v3,14.809167,46.20444,2013
GF4S20806b,26.863815,58.178392,2015
FMS17681v2,93.03333333,35.11666667,2011
GF4S19863b,26.76819,58.05183,2017
GF4S21246b,26.4982,59.4845,2020
GF4T1469otu,74.53,42.54,2015
GF4S21915b,13.3799631,50.2077114,2018
N1065,-83.96,35.84,2014
FMS23421v2,-120.35,50.88,2010
FMS26652v2,21.97197,58.45095,2012
GF4S03543b,101.016,24.533,2015
GF4S21363b,27.293347,58.255969,2017
GF3S05730a,14.70723444,48.66342256,2015
GF4S15892b,-72.1875,42.4836111,2016
FMS16BI0445v2,148.2828,-42.0233,2013
N3697,-123.2666667,54.3333333,2014
GF4S17591b,94.42694444,29.6497222,2018
GF3S01411a,24.7292,59.3969,2014
GF4S17802b,-83.45717,35.04411,2013
GF4S17397b,11.06,47.44,2016
FMS26283v2,22.18282,58.10608,2012
GF4S16158b,13.110873,56.700918,2014
GF3S00777a,-3.33889,36.96574,2013
GF4S19307b,16.22,63.47296588,2016
GF4S20336b,25.551979,58.005046,2015
GF3S02179a,108.4333333,33.43333333,2014
GF4T88otu,-60.33,-2.56,2015
GF4T984otu,-0.92,6.15,2019
FMS02377v3,29.58333333,67.7666667,2013
GF4T606otu,26.45,57.66,2013
GF4T111otu,116.76,-34.95,2011
GF4S20566b,27.359105,57.731672,2015
FMS11055v2,26.433,58.1833,2012
GF4S11428b,-116.3878,62.5635,2015
GF3S03537a,97.21,28.37,2015
GF4T971otu,127.36,53.87,2019
FMS04017v3,9.638183,46.09528,2014
FMS25932v2,21.89578,58.32481,2012
S008865,17.737975,66.044107,2009
GF4S21091b,25.59474,58.97949,2016
GF4T781otu,-73.1,-44.07,2012
FMS16BI0244v2,148.9508666,-35.60156666,2013
GF4S19742b,26.959045,58.520612,2016
FMS25116v2,15.27,63.23,2014
GF4S03715b,100.167,27.167,2015
FMS25357v2,22.48,66.58,2014
FMS16BI0310v2,151.629,-26.87439,2013
FMS16BI1429v2,138.7747333,-34.62640333,2016
N1606,10.84880409,56.29851274,2014
GF4S03183b,101.574,21.612,2015
GF4S17601b,94.42694444,29.6497222,2018
GF4S17781b,-83.459382,35.038205,2013
FMS24193v2,5.63,52.25,2012
S003485,-121.26792,43.42414,2012
GF4T1413otu,4.34,52.14,2010
GF3S08587b,0.835781089,42.66736486,2013
GF4S03217b,101.016,24.533,2015
FMS26025v2,21.98974,58.26431,2012
GF4S10753b,15.23122222,50.8327222,2016
GF4S20775b,27.2178,58.23795,2015
GF4S03842b,101.016,24.533,2015
GF4S20513b,23.744084,58.94699,2015
GF4S03778b,101.016,24.533,2015
FMS17560v2,100.9166667,35.35,2011
FMS00381v3,23.191389,40.70167,2014
GF4S21089b,25.75668589,58.35995847,2016
GF4S02685b,14.00104384,52.88995461,2011
GF4S03516b,100.167,27.167,2015
FMS17605v2,96.36666667,33.96666667,2011
FMS06308v3,-84,30.75,2014
GF4S15837b,-72.1875,42.4836111,2016
GF4S17594b,94.42694444,29.6497222,2018
FMS24661v2,-73.9559721,41.3914827,2013
FMS16BI0240v2,132.48192,-12.67332,2013
GF4S02538b,10.35991085,51.20185247,2011
FMSA8F1036v2,-65.8,18.3,2012
GF4T704otu,-97.1,19.78,2018
FMS19490v2,120.5583667,43.20568333,2015
GF4S20238b,27.959511,59.414634,2015
FMS16BI0501v2,130.0357667,-20.2924,2011
FMS17223v2,142.508839,-34.018527,2010
GF4S02464b,9.445936708,48.39405132,2011
GF4S21860b,14.4379681,50.21714,2017
GF4S17686b,138.79862,35.95876,2014
FMS00344v3,8.671111,50.26639,2014
GF4S20277b,22.852675,58.589028,2015
FMS17714v2,91.33333333,31.5,2011
GF4S13177b,4.4239,50.7503,2019
GF4S03155b,101.016,24.533,2015
GF3S10246b,23.64,52.9,2017
GF4T1583otu,38.28,-5.33,2016
FMS24182v2,5.63,52.25,2012
GF3S05227a,-61.723653,47.483641,2011
GF3S10298b,-0.97611,37.82364,2017
GF3S09243b,11.70554167,51.6299111,2016
GF4T1031otu,176.27,-37.74,2020
GF4S03248b,101.016,24.533,2015
GF4S17791b,-83.434013,35.049007,2013
FMS24696v2,-73.2508238,42.1290612,2013
GF4S16496b,112.1666667,23.1666667,2017
FMS26715v2,22.82668,58.48978,2012
GF4S20799b,26.635593,59.111463,2015
N1621,10.58723175,56.22247706,2014
GF4S11461b,-113.9752,60.2657,2015
FMS08056v3a,138.7976944,35.9149167,2016
FMS25325v2,22.41,66.54,2014
FMS16BI1412v2,138.681674,-34.735588,2016
FMS06193v3,101.25915,21.94968,2013
FMS11930v2,-149.34,68.38,2012
FMS23065v2,-95.15,31.11,2012
GF4T398otu,-94.64,30.33,2018
GF4T1658otu,73.4,34.07,2018
GF4S16415b,-85.37,42.38,2015
S006186,147.37553,-9.43501,2011
GF4T1709otu,-90.83,16.25,2018
GF4S19829b,26.75013,58.06969,2017
S009126,17.84363,65.946791,2009
FMS00242v3,14.974722,46.25306,2013
GF4S10804b,5.89,45.11,2014
GF4S17653b,138.804,35.93671,2014
S000573,-72.08,-0.395,2011
GF3S06542a,10.612222,46.692222,2016
GF4S17368b,11.06,47.44,2016
GF4S03361b,100.167,27.167,2015
FMS24284v2,5.63,52.25,2016
GF4S21412b,27.5044,59.0606,2013
GF4S19812b,26.86708,58.54058,2016
GF4S02980b,100.167,27.167,2015
GF3S04422a,24.451141,60.291071,2019
FMS11845v2,-65.8,18.3,2012
GF4T745otu,131.55,43.11,2010
GF4S20865b,24.906467,59.293948,2016
FMS22920v2,-83.37,46.42,2011
FMS16BI0204v2,138.5946,-31.54388,2013
GF4S03743b,100.167,27.167,2015
FMS11700v2,-61.75143,47.436933,2011
GF4S03723b,101.016,24.533,2015
GF3S05093a,49.33555555,55.61583333,2016
GF4S14591b,13.43900973,48.99606936,2016
GF4T963otu,86.5,69.42,2019
GF4S02891b,101.574,21.612,2015
FMS16BI0280v2,145.4478833,-16.10341667,2013
GF4S20812b,25.943342,58.970045,2015
GF4S02686b,13.66404142,52.88395673,2011
GF4S03180b,101.574,21.612,2015
GF4T475otu,-53.19,-25.08,2018
GF4S17793b,-83.433849,35.047616,2013
GF4S01183b,114.8905,37.76741667,2015
GF4S03272b,101.016,24.533,2015
GF4T318otu,-50.77,67,2017
GF3S02133a,121.25,51.5,2014
GF3S01522a,8.377075028,46.57022702,2017
GF4T1137otu,23.6,54.78,2020
FMS16BI0407v2,115.08955,-30.14106667,2013
FMS19290v2,166.6864,-22.1559,2014
GF3S00716a,-2.97137,37.0196,2013
GF4S17728b,138.80189,35.91698,2014
GF4S03844b,101.574,21.612,2015
S000780,25.36253,59.49325,2013
FMS11478v2,9.931472421,46.49633659,2014
GF4S11467b,-112.4218,59.8454,2015
GF4S03493b,101.574,21.612,2015
GF3S09226b,11.08298056,51.8620639,2016
FMS26070v2,21.99088,58.26558,2012
GF4S20293b,25.611732,58.912715,2015
GF4S03946b,100.167,27.167,2015
FMS25397v2,22.58,66.51,2014
GF4S02620b,13.96516661,53.08739029,2011
GF4S20350b,27.478745,58.102419,2015
FMS24734v2,-72.2078598,42.508422,2013
FMS24758v2,-71.3317636,42.4093993,2013
S001771,23.21667,58.66667,2011
GF4S19625b,26.79088,58.09323,2013
N1903,145.25161,-31.8654,
GF3S05207a,-61.718659,47.481228,2011
GF4S02438b,9.457297791,48.45623781,2011
FMS24690v2,-73.3378848,42.4750834,2013
GF4S19318b,18.77,64.50849168,2016
FMS16BI0010v2,119.5756944,-34.16769444,2013
N0738,117.908,29.123,2011
FMS12389v2,10.38114965,51.13024193,2011
GF4S21144b,26.52069083,57.91781836,2016
GF4S20186b,27.071928,57.707022,2015
GF4S10810b,5.89,45.11,2014
FMS15023v2,-69.77,-54.77,2009
GF3S01381a,27.5136,59.4269,2014
FMS24669v2,-73.9559721,41.3914827,2013
GF3S01388a,22.47637,58.35784,2013
GF4S04081b,101.016,24.533,2015
GF4T137otu,145.06,-5.79,2011
GF3S05641a,16.779675,49.314014,2014
FMS08241v3a,114.198473,33.665981,2015
FMS16BI1218v2,152.424726,-28.288659,2014
FMS16BI0523v2,121.2342833,-28.17221667,2011
GF4S13357b,4.4015,50.7467,2019
FMS16BI1425v2,116.06857,-32.57056,2016
GF4S03268b,101.574,21.612,2015
GF4S02509b,10.40536291,50.97164834,2011
N1682,12.31617428,55.99989788,2014
FMS11746v2,-61.753794,47.453659,2011
GF4S21050b,26.35493157,57.59761457,2016
GF4S01218b,113.39588,34.8165,2015
GF4S03311b,101.016,24.533,2015
FMS00452v3,8.437983,50.00225,2014
GF4T1218otu,128.12,42.43,2012
GF4S02958b,101.574,21.612,2015
GF4S14341b,16.669242,49.32103,2017
GF4S03424b,100.167,27.167,2015
GF4S11394b,-116.8218,61.7581,2015
FMS22732v2,-89.41,49.07,2011
N1608,10.47165215,56.28731419,2014
GF4S20674b,21.835334,58.300352,2015
GF4S21326b,26.5943,58.38449,2020
GF4T976otu,-3.47,57.01,2012
GF4S02447b,9.425682926,48.39421808,2011
GF4S19581b,27.04318,58.1678,2013
FMS25288v2,22.45,66.55,2014
GF4T299otu,-76.51,20.17,2017
N1961,-71.250724,-29.749902,
GF4S01144b,116.982095,35.06384,2014
GF3S01465a,8.372351993,46.56759703,2017
GF4S21472b,27.3688,57.9504,2013
S009270,16.65274324,49.32493388,2013
FMS00407v3,14.4225,48.60472,2014
S001526,124.33333,43.08333,2012
FMS26583v2,21.94149,58.26765,2012
N3549,110.21,31.29,2011
GF4S21404b,27.5112,59.0618,2013
GF3S06743a,128.463275,38.032124,2018
S008955,17.795147,66.128665,2009
FMS11782v2,-61.752397,47.448903,2010
FMS00307v3,21.298056,40.00722,2013
GF3S06757a,128.463275,38.032124,2018
FMS12309v2,17.519,60.104,2012
GF4S02811b,101.016,24.533,2015
FMS26445v2,22.26849,58.29754,2012
GF4S14561b,13.50621968,49.07699766,2016
FMS23936v2,-121.92,52.32,2009
GF4S02863b,101.016,24.533,2015
FMS11779v2,-61.747242,47.45282,2010
FMS16415v2,15.5292,50.7554167,2013
GF3S02410a,121.2927,51.1402,2017
FMS24206v2,5.63,52.25,2012
GF3S10303b,-0.76553,37.82781,2017
GF4S21916b,13.3652,50.2472,2018
FMS25305v2,22.41,66.58,2014
S008716,17.742322,66.150675,2009
GF4S20295b,25.716927,58.892167,2015
N1875,-111.00378,45.573646,
GF4T1414otu,4.53,52.34,2010
FMS21795v2,10.238938,51.26789,2012
GF4S20205b,27.043087,58.379486,2015
FMS10984v2,27.31,58.25,2012
GF3S10237b,23.75,52.77,2017
FMS02396v3,29.58333333,67.7666667,2013
FMS24936v2,14.05,60.94,2014
GF4S02091b,18.853583,68.3265,2008
GF3S06732a,128.463275,38.032124,2018
FMS25136v2,15.7,63.31,2014
GF4S03018b,101.574,21.612,2015
GF4S03502b,100.167,27.167,2015
GF4T748otu,136.43,35.05,2010
GF3S01728a,27.33,64.27,2014
GF4T378otu,23.92,63.41,2018
GF4T601otu,26.6,57.68,2013
GF4S12615b,126.7282834,33.4780278,2015
FMS00373v3,14.334167,48.45417,2014
GF4S21282b,26.0082,58.6532,2020
GF4T1335otu,-72.17,-40.67,2014
GF4T596otu,27.51,59.06,2013
GF4T579otu,42.81,43.09,2015
GF4S02874b,100.167,27.167,2015
GF3S09249b,112.83,22.57,2018
FMS16BI1162v2,149.597383,-30.20098099,2014
GF4S02070b,18.853583,68.3265,2008
FMS22995v2,-95.15,31.11,2012
N1850,-123.38,48.46,
FMS23265v2,-122.61,54.35,2008
GF4S03434b,101.574,21.612,2015
GF4S03675b,100.167,27.167,2015
S009280,16.683848,49.321515,2013
GF4T1531otu,-47.48,-13.64,2016
GF4T46otu,-69.9,-4,2019
FMS16BI0395v2,115.1575167,-30.1363,2013
GF4S20128b,22.721,57.288,2014
GF3S08431b,7.416666667,60.55,
GF4S12301b,-0.84604976,39.58793321,2014
FMS23269v2,-122.61,54.35,2008
FMS17317v2,-3.388677,40.36936,2010
GF3S04586a,23.761666,61.499722,2019
FMS9523v2,13.8551886,48.77658477,2011
GF4S14410b,16.688937,49.28631,2016
GF3S04584a,23.761666,61.499722,2019
FMS25354v2,22.48,66.58,2014
GF4T1070otu,30.03,-23.82,2020
GF3S04574a,24.029352,61.5378,2019
GF4S20302b,25.500695,58.298336,2015
GF4S17398b,11.06,47.44,2016
GF4S02913b,101.016,24.533,2015
GF3S01415a,23.68405,58.89269,2012
GF4S03001b,101.574,21.612,2015
GF4S03316b,101.574,21.612,2015
N1480,8.929984696,57.05433542,2014
FMS16BI1294v2,138.673023,-34.742505,2016
GF4S03850b,101.016,24.533,2015
GF4S03436b,100.167,27.167,2015
N1863,-96.71,44.26,
N4179,112.6,29.3666667,2016
GF4S21194b,23.43423,58.62724,2017
GF3S03191a,26.55598,58.36978,2013
N1975,-100.943528,23.601688,
GF4S16308b,8.716666667,47.05,2014
N1994,-3.618947,39.992036,
GF4S01571b,4.96052,50.86117,2018
N3674,-123.2666667,54.3333333,2015
GF4S03333b,100.167,27.167,2015
FMS17582v2,96.91666667,33.01666667,2011
GF4S03321b,101.016,24.533,2015
GF3S05776a,14.70922455,48.66597527,2015
FMS22724v2,-89.41,49.07,2011
GF4S21229b,26.6557,58.36329,2018
FMS16BI0639v2,131.0138,-25.3629,2012
GF3S02073a,115.4333333,39.95,2014
S000698,-71.2801,-41.2506,2011
GF4S20390b,25.465613,59.474627,2015
GF4S17593b,94.42694444,29.6497222,2018
GF3S05246a,-61.741289,47.47561,2011
FMS05345v3,113.34479,34.88979,2015
FMS17221v2,142.481679,-34.24777,2010
GF4T624otu,27.38,57.92,2013
FMS05375v3,114.85628,37.80311,2015
GF4T1363otu,166.68,-22.12,2014
FMS06286v3,-84,30.75,2014
GF4T395otu,-94.63,29.68,2018
GF3S02843a,13.110873,56.700918,2014
GF4S02587b,10.37968683,51.12754282,2011
FMS16416v2,15.52741667,50.7560167,2013
GF4S21644b,22.67471,58.91431,2015
GF4S12259b,-0.455030384,39.78917736,2014
GF4S03233b,101.574,21.612,2015
FMS22806v2,-122.61,54.35,2008
FMS16BI0129v2,138.0327,-32.82851,2013
GF4T335otu,10.93,-1.8,2018
GF4S13054b,9.460024461,48.45874493,2015
FMS00561v3,19.223333,42.37861,2014
N1692,12.25085014,55.98726197,2014
GF3S01514a,8.376441021,46.56932001,2017
FMS25403v2,22.53,66.58,2014
FMS24113v2,124.9,41.85,2013
GF4T916otu,9.72,40.7,2019
GF3S01515a,8.376441021,46.56932001,2017
GF3S05834a,14.70952899,48.6640991,2015
FMS11047v2,26.433,58.1833,2012
GF3S02826a,13.110873,56.700918,2014
FMS16BI0239v2,132.48192,-12.67332,2013
GF4S17778b,-83.459382,35.038205,2013
S008972,17.725049,66.13815,2009
N0908,-83.96,35.84,2014
GF4S15369b,112.1666667,23.1666667,2015
FMS11966v2,129.23,35.812778,2011
N1693,12.25085014,55.98726197,2014
GF3S03446a,130.42,46.79,2015
FMS23293v2,-122.61,54.35,2008
FMS23505v2,-121.92,52.32,2009
N1492,8.91187667,57.04493901,2014
N1755,10.31710074,55.12083699,2014
S000804,-2.20868,53.12398,2011
GF4S02103b,18.854472,68.326056,2008
FMS24775v2,24.70361111,68.4877778,2011
GF4S20464b,26.611401,57.615133,2015
FMS23521v2,-121.92,52.32,2009
GF4S19843b,26.634895,58.41251,2016
GF4T834otu,4.66,8.45,2018
S009216,16.74737922,49.30328303,2013
GF4S11529b,-117.0406,61.6777,2015
FMS23127v2,-120.42,50.85,2010
FMS16BI1766v2,146.77292,-42.57264,2014
FMS06187v3,101.25306,21.91024,2013
GF4T851otu,176.3,-37.77,2019
GF4S03573b,101.016,24.533,2015
FMS24668v2,-73.9559721,41.3914827,2013
GF4S21907b,15.4468,49.1857,2017
GF4S11350b,-116.4459,62.5375,2015
FMS26169v2,21.99024,58.26571,2012
N0628,117.911,29.126,2011
S000822,22.52195,58.49267,2012
FMS24681v2,-73.3378848,42.4750834,2013
GF4S20313b,25.779796,58.319125,2015
FMS25075v2,14.05,61.03,2014
GF4S19543b,122.0594444,51.8283333,2021
FMS00463v3,14.565278,48.43722,2014
N1906,145.613197,-32.640211,
FMS16BI1865v2,150.7354,-33.6213,2015
S001790,23.551006,58.555214,2011
GF4T446otu,-37.48,-11.48,2018
GF4T19otu,-69.9,-4,2012
GF4T789otu,-71.68,-40.13,2012
GF4S14522b,13.26847883,49.1220382,2015
S009317,16.6232342,49.27314193,2013
GF4S19953b,27.32895,58.29075,2011
GF3S01406a,26.81878,58.32802,2015
GF3S08611b,1.073791444,42.59296424,2013
GF4S19981b,26.55972,58.33669,2011
FMS24101v2,124.9,41.85,2013
GF4T1664otu,25.3,0.3,2018
GF4S01203b,119.9986389,36.62680556,2015
N1618,10.51406821,56.09713964,2014
FMS06321v3,-84,30.75,2014
S005726,5.263889,51.236111,2009
FMS23075v2,-120.28,50.93,2010
FMS00506v3,19.497222,42.4375,2014
GF4S15366b,112.1666667,23.1666667,2016
GF3S01722a,27.33,64.27,2014
GF4S10860b,-1.33,51.78,2014
FMS23463v2,-121.92,52.32,2009
GF4S11458b,-112.2285,59.7383,2015
S008809,17.777006,66.034394,2009
GF4S09300b,-99.15,39.0833333,2018
GF4T1083otu,8.32,59.82,2020
S008929,17.743818,66.025354,2009
FMS23105v2,-120.28,50.93,2010
N1756,10.31710074,55.12083699,2014
GF4S20735b,25.269286,59.445208,2015
GF3S01396a,26.69961,58.523913,2014
GF4S11336b,-112.2381,59.7496,2015
GF3S05798a,14.70430334,48.66356651,2015
GF4S21185b,26.73579,58.40254,2017
GF3S08391b,7.416666667,60.55,
FMS16BI1446v2,138.666994,-34.692037,2016
GF4S21843b,23.82181,59.21741,2018
N1983,-2.372904,34.159182,
S008893,17.808482,65.996435,2009
GF3S00767a,-3.32158,36.97675,2014
GF4T118otu,147.35,-9.43,2011
FMS25031v2,14.19,60.73,2014
FMS24115v2,124.9,41.85,2013
FMS21792v2,10.238748,51.267749,2012
GF4S03091b,100.167,27.167,2015
GF3S05122a,1.046111,41.339167,2009
GF3S10284b,-1.19511,38.04628,2017
S000594,147.11343,-7.30575,2011
GF4S11471b,-117.1704,61.7777,2015
GF3S03549a,-83.5345,35.6953,2017
FMS23223v2,-120.42,50.85,2010
FMS16BI1235v2,138.681513,-34.736194,2016
GF3S03454a,112.53,37.69,2015
GF4S16488b,112.1666667,23.1666667,2016
GF4S19889b,27.323742,58.278753,2017
GF4S19858b,26.87087,58.5894,2017
GF4S19576b,26.87286,57.68446,2013
FMS16BI0629v2,131.0343,-25.3523,2012
S009324,16.71767847,49.27898345,2013
GF4S20111b,26.6385,58.52899,2014
N2027,147.388211,-33.844892,
FMS16BI1355v2,138.7817383,-34.615925,2016
GF4S03208b,100.167,27.167,2015
GF4T1282otu,-72.88,-49.38,2013
GF3S05167a,1.044722,41.36,2014
GF4S03347b,100.167,27.167,2015
GF4S20057b,22.1522,58.4211,2014
GF4T746otu,-87.19,21.21,2010
FMS19482v2,119.0061833,49.33255,2015
GF3S05729a,14.70804675,48.66431415,2015
GF4T163otu,101.74,3.71,2011
FMS22816v2,-121.04,39.55,2011
N3859,119.0078778,29.652275,2015
FMS08117v3a,138.8315,35.9194722,2016
GF4T492otu,8.19,46.15,2019
GF4S09306b,-99.15,39.0833333,2018
S001534,126.36667,45.38333,2012
N0459,117.907,29.124,2011
S005805,5.263889,51.236111,2009
S009064,17.719246,66.137992,2009
GF3S04554a,25.665306,61.0086313,2019
FMS16BI0514v2,120.68075,-19.76865,2011
GF4S20515b,23.589883,58.934854,2015
GF4T1226otu,-79.09,35.98,2012
GF4T1112otu,22.04,70.01,2020
GF4S19855b,27.36125,58.18046,2017
FMS02386v3,29.58333333,67.7666667,2013
FMS21690v2,10.311229,51.271436,2012
S000842,144.9914167,-6.0145,2011
GF4T1204otu,145.59,-17.03,2012
GF3S05640a,16.788116,49.318581,2014
FMS24691v2,-73.3378848,42.4750834,2013
FMS16BI1751v2,141.61639,-13.84394,2015
GF4T1271otu,-112.07,36.23,2013
GF4S03965b,101.574,21.612,2015
FMS16BI0423v2,148.9125,-35.58598333,2013
N1674,12.27208167,55.95692068,2014
GF3S00764a,-3.32157,36.97663,2014
GF3S09216b,11.41656111,51.6224444,2016
GF4S02095b,18.853583,68.3265,2008
GF3S08502b,7.416666667,60.55,
GF4S16168b,13.110873,56.700918,2014
FMS16BI0121v2,135.77629,-13.40822,2013
FMS25287v2,22.45,66.55,2014
GF4S21515b,13.7624794,49.857965,2017
FMS16BI0242v2,132.4792078,-12.67858864,2013
GF3S08411b,7.416666667,60.55,
GF3S03189a,26.55598,58.36978,2013
GF4T928otu,11.85,50,2019
FMS00481v3,8.215833,50.02867,2014
FMS16BI0412v2,115.1499833,-30.10953333,2013
GF4S19821b,26.86359,58.54332,2016
GF4S17559b,124.3333333,51.7,2018
FMS03215v3,113.7658333,35.1277778,2017
GF4S14398b,16.62124157,49.28154739,2016
GF4S01199b,119.9374444,36.68844444,2015
GF4S15888b,-72.1875,42.4836111,2016
N3651,-123.2666667,54.3333333,2014
FMS24188v2,5.63,52.25,2012
S001607,17.32472,59.94278,2008
FMS06194v3,101.25896,21.9498,2013
GF4S19942b,27.30645,58.26353,2011
GF4S11377b,-112.3496,59.7795,2015
GF4S19538b,122.0841667,51.7947222,2021
GF4S02005b,18.848083,68.330444,2008
GF4S20718b,27.332668,57.532119,2015
S00D564,21.7,61.8,2011
FMS25394v2,22.58,66.51,2014
N1909,145.698279,-33.993636,
GF4S03623b,101.016,24.533,2015
GF4S21263b,24.5047,59.35455,2020
FMS11790v2,-61.752349,47.44917,2010
GF4S19934b,27.31735,58.27091,2011
GF4S19867b,26.57601,57.88336,2017
GF4S03927b,100.167,27.167,2015
S003429,-121.62656,42.79114,2012
FMS19484v2,118.6237833,49.45751667,2015
GF4S20520b,22.998345,58.891576,2015
FMS11787v2,-61.747125,47.453536,2010
GF3S09218b,11.41656111,51.6224444,2016
FMS19301v2,166.6766,-22.1525,2014
FMS02378v3,29.58333333,67.7666667,2013
GF4S03786b,100.167,27.167,2015
FMSA8F1018v2,-72.19,42.53,2012
FMS16BI0371v2,140.7186,-33.9569,2013
FMS23397v2,-120.35,50.88,2010
GF4T1101otu,25.43,65.14,2020
S001620,15.36564,59.66508,2008
N1982,-2.422588,33.052487,
FMS24199v2,5.63,52.25,2012
S000637,145.59023,-17.0264,2012
FMS17599v2,95.86666667,33.71666667,2011
FMS16BI1505v2,118.943641,-31.902235,2016
GF4S10739b,5.777071,52.014828,2016
S000846,145.2764167,-6.358083333,2011
GF4T13otu,-72.07,-0.64,2012
GF3S02083a,124.8333333,40.85,2014
N1920,145.2644,-31.875593,
GF4S03510b,101.016,24.533,2015
FMS25251v2,15.19,63.15,2014
GF4S20669b,24.69484,58.67886,2015
FMS00319v3,13.233889,48.3275,2014
GF4T1016otu,11.5,3.4,2020
FMS00660v3,19.623333,43.38722,2014
GF4S20368b,26.084657,58.662933,2015
GF4S10742b,5.777071,52.014828,2016
GF3S06736a,128.463275,38.032124,2018
GF3S10292b,-1.16275,38.03344,2017
GF4S03750b,101.574,21.612,2015
FMS16BI0243v2,148.9508666,-35.60156666,2013
N1577,8.935220188,55.17319834,2014
GF4S21517b,13.8045522,49.8313847,2017
FMS16BI0431v2,148.340808,-42.106246,2013
S005847,5.263889,51.236111,2011
N0491,117.909,29.127,2011
FMS16BI1213v2,139.84894,-34.09934,2014
GF4S17510b,124.3333333,51.7,2018
FMS11804v2,-61.753956,47.442755,2010
GF4S19999b,22.80056,58.61218,2012
FMS24698v2,-73.2508238,42.1290612,2013
GF3S08573b,0.835920252,42.6679258,2013
S000543,13.94333,37.96639,2011
GF4S03289b,101.016,24.533,2015
FMS24962v2,14.14,60.69,2014
GF4T1710otu,-91.69,16.1,2018
GF4S17523b,124.3333333,51.7,2018
FMS11773v2,-61.750884,47.443405,2011
GF4S20839b,24.80877,59.549775,2015
S00D529,27.32733,58.27893,2011
N3623,-123.2666667,54.3333333,2014
S001160,3.943405,51.827238,2010
FMS17782v2,-72.95,-40.79,2013
N1818,-54.68333333,-26.73333333,
GF4S16494b,112.1666667,23.1666667,2017
GF4S01162b,114.26951,33.42504,2014
GF4T1155otu,15.39,66.82,2020
N2023,-111.856829,36.685466,
GF4S19731b,26.416319,58.158132,2017
FMS24292v2,5.63,52.25,2016
GF4T723otu,45.37,-22.53,2010
FMS16BI0004v2,119.2123056,-34.00033333,2013
GF4S19786b,24.78666,56.86395,2019
FMS25234v2,15.37,63.16,2014
S000732,22.31476,58.21082,2013
GF4S02554b,10.7535482,51.20689506,2011
GF4S20329b,25.877605,57.860706,2015
FMS17754v2,100.1,37.4,2011
S00D520,27.32895,58.29075,2011
GF4S13052b,9.51342304,48.40438131,2015
FMS17676v2,93.85,35.5,2011
N3667,-123.2666667,54.3333333,2015
GF3S01727a,27.33,64.27,2014
GF3S05214a,-61.727804,47.474307,2011
GF4S09998b,138.53,35.9,2015
GF4S03696b,101.574,21.612,2015
FMS00425v3,19.281667,42.57083,2014
GF4S20706b,24.680392,58.019004,2015
GF4S19960b,27.31184,58.27111,2011
GF4S16430b,-85.37,42.38,2015
GF4S19579b,26.67997,58.06516,2013
GF4S19592b,25.29783,59.24056,2013
N1474,8.951189918,57.14458777,2014
GF3S01377a,26.32409991,57.59420473,2016
N1563,8.080258493,55.56292804,2014
FMS24789v2,24.70361111,68.4877778,2011
GF4S17722b,138.8176,35.91696,2014
FMS24651v2,-73.9559721,41.3914827,2013
GF3S06754a,128.463275,38.032124,2018
N1763,10.36894119,55.12918933,2014
FMS16BI0167v2,147.17873,-19.733298,2012
S000659,45.37018,-22.53736,2010
S008965,17.764602,66.141219,2009
GF3S04492a,29.893027,62.63427439,2019
S005737,5.263889,51.236111,2009
FMS16BI1590v2,132.1970971,-30.88586317,2016
GF4T1339otu,50.95,35.89,2012
S001617,13.9728,60.31347,2008
FMS17297v2,-3.419164,40.208781,2006
GF3S02351a,122.4335,50.9891,2017
N4028,119.0073694,29.65255278,2015
GF4S15386b,112.1666667,23.1666667,2016
FMS00636v3,14.571111,46.27722,2014
GF4S20860b,25.432142,59.320673,2016
S003235,-82.47547,29.71003,2012
GF4T1655otu,-82.21,39.43,2018
N1971,56.560944,37.371111,
FMS16BI0384v2,140.6958,-34.0597,2013
GF3S05650a,16.765138,49.323867,2014
GF4S20047b,22.8236,58.47449,2013
FMS25250v2,15.19,63.15,2014
GF4S20753b,26.283433,57.900657,2015
FMS15702v2,-21.55,74.4666667,2011
GF4S20784b,25.258805,58.658852,2015
GF4S17750b,138.79837,35.95979,2014
S00D605,26.495,57.6524,2013
N0748,117.908,29.124,2011
FMS25140v2,15.7,63.31,2014
GF4S16294b,-93.21,45.43,2017
GF4S21462b,27.3497,57.9409,2013
GF3S03529a,112.33,25.85,2015
N3689,-123.2666667,54.3333333,2015
FMS05334v3,115.04183,36.23006,2015
GF4S02034b,18.849,68.328056,2008
GF4S21337b,26.74911,58.37468,2020
GF4S02792b,101.016,24.533,2015
S000529,75.02213,13.45437,2013
GF4S21554b,26.52957,58.42553,2013
N1619,10.51406821,56.09713964,2014
N1570,8.216409166,55.6726212,2014
GF4S03861b,101.574,21.612,2015
FMS23110v2,-120.28,50.93,2010
FMS24667v2,-73.9559721,41.3914827,2013
GF4S17519b,124.3333333,51.7,2018
S005239,13.75414255,52.95136417,2011
GF4T417otu,-61.74,16.19,2018
GF4S19765b,25.42451,56.25794,2019
GF4S15381b,112.1666667,23.1666667,2016
GF4S21418b,26.5691,57.6726,2013
GF3S05083a,118.5,32.05,2017
FMS21710v2,10.311413,51.271362,2012
GF4S21122b,23.55081548,58.7813563,2016
GF3S02103a,128.05,42.06666667,2014
GF4S20944b,24.75966,59.06159,2016
FMS17595v2,96.35,33.26666667,2011
GF4S21212b,26.77559,58.36462,2018
GF3S01165a,-57.9455556,-35.5986111,2015
FMS16BI1081v2,120.6425258,-30.19192056,2013
GF3S01327a,22.6416,57.2431,2014
GF4S10862b,-1.33,51.78,2014
GF4S14185b,8.716666667,47.05,2014
N0704,117.91,29.126,2011
GF4S11422b,-116.4698,62.5208,2015
GF4S11330b,-114.2401,60.3917,2015
GF4T856otu,176.32,-37.78,2019
S005821,5.263889,51.236111,2011
GF4S20139b,23.5685,58.5854,2014
GF4S19873b,26.480831,58.509993,2017
GF4S19704b,26.355521,58.783017,2017
FMS26604v2,22.32023,58.28365,2012
GF4S18769b,21.31598,69.51748,2013
GF3S02417a,121.4963,50.9425,2017
GF4S17782b,-83.459382,35.038205,2013
FMS16BI0505v2,129.1592333,-20.18768333,2011
GF4S04034b,100.167,27.167,2015
GF3S09292b,12.7354503,50.2551353,2006
FMS16BI1518v2,132.1973492,-30.88487305,2016
S000985,8.46667,46.63333,
N1453,9.926169346,57.51694351,2014
GF4T1502otu,32.41,-28.38,2016
GF3S02134a,111.3,29.65,2014
GF4S10869b,-1.32,51.78,2014
GF4S03969b,101.574,21.612,2015
GF4S17450b,102.0439472,29.59486667,2014
FMS19501v2,112.6597,43.7463,2015
GF4S12799b,-76.3298,44.575183,2016
GF3S02165a,108.8333333,18.71666667,2014
GF4S02998b,100.167,27.167,2015
FMS16BI1253v2,138.666971,-34.691187,2016
GF4T1571otu,38.45,-4.95,2016
GF3S05114a,-84.16,10.27,2015
GF4S03338b,101.016,24.533,2015
GF4S20044b,25.55063,58.35081,2013
GF4S10936b,83.07,55.01,2017
S005233,13.84168805,52.90744279,2011
FMS25436v2,22.57,66.54,2014
S008923,17.737975,66.044107,2009
GF4S19988b,22.65545,58.38859,2019
FMS16BI0195v2,138.7083,-34.88076,2013
GF4S12603b,126.7282834,33.4780278,2015
S008975,17.716848,66.141895,2009
FMS23519v2,-121.92,52.32,2009
GF4S13171b,4.5311,50.8129,2019
GF4S03605b,101.016,24.533,2015
S005784,5.263889,51.236111,2009
FMS21798v2,10.238938,51.26789,2012
GF4S03141b,101.574,21.612,2015
GF4S19639b,26.4417,58.25622,2017
GF4S21497b,16.98616,49.7055119,2018
FMS16BI1459v2,150.319166,-33.64796144,2015
N1897,145.582,-33.4569,
FMS06287v3,-84,30.75,2014
GF3S03461a,118.49,24.88,2015
GF3S01376a,26.66094035,58.34605474,2016
GF4S21168b,25.93082604,58.14298872,2016
GF3S09305b,12.7354503,50.2551353,2010
N3647,-123.2666667,54.3333333,2014
FMS11753v2,-61.73329,47.477811,2011
GF4S21411b,27.4316,59.0972,2013
FMS22766v2,-89.39,49.07,2011
S000715,146.367,-42.833,2012
FMS16BI0605v2,118.8686719,-34.07723778,2013
FMS16BI0527v2,121.0622833,-30.4051,2011
FMS23475v2,-121.92,52.32,2009
FMS24741v2,-71.3317636,42.4093993,2013
GF4S20851b,27.123513,57.952797,2016
GF3S02151a,123.8910833,40.85576667,2014
GF3S03516a,106.53,38.85,2015
FMS23007v2,-95.15,31.11,2012
FMS22842v2,-82.25,46.75,2011
GF4S20768b,25.850344,59.124614,2015
GF4S14464b,16.65108039,49.26543913,2016
FMS16BI1104v2,149.59689,-30.20091302,2014
GF4S21017b,23.20192547,59.02162565,2016
N0614,117.909,29.127,2011
GF4S03135b,100.167,27.167,2015
FMS00328v3,23.070278,40.70194,2014
GF3S08566b,0.835863965,42.66778966,2013
GF4S19978b,24.71194,58.04579,2011
GF4S03032b,100.167,27.167,2015
GF4S03845b,101.574,21.612,2015
S000197,5.372778,51.125833,2009
GF4S20797b,25.588313,58.363913,2015
FMS19756v2,-65.8781,-27.3335,
GF4S03282b,100.167,27.167,2015
S001730,23.31667,58.55,2011
FMS16BI0484v2,136.7403888,-31.24283403,2011
GF4S20250b,23.182024,58.617927,2015
GF4S20077b,26.6008,58.41088,2014
GF3S01346a,24.90647,59.29395,2016
FMS23327v2,-122.61,54.35,2008
GF4S21186b,26.73579,58.40254,2017
S00D594,27.4353,59.0729,2013
GF4S20193b,27.440058,58.21592,2015
FMS16BI1375v2,138.678375,-34.688195,2016
GF4S02513b,10.32252672,51.21589441,2011
GF4T1379otu,144.44,-15.48,2014
S005911,5.263889,51.236111,2011
FMS17280v2,-3.373502,33.976574,2010
GF4T832otu,4.65,8.47,2018
FMS15713v2,-21.55,74.4666667,2011
GF4T1078otu,44.77,26.37,2020
GF4S10868b,-1.32,51.78,2014
FMS25239v2,15.19,63.15,2014
GF3S05735a,14.70723444,48.66342256,2015
FMS03214v3,113.7658333,35.1277778,2017
FMS06329v3,-84,30.75,2014
GF4S01174b,117.7190278,36.94669444,2015
N1546,8.493946977,56.2452577,2014
FMS11851v2,-105.38,39.99,2012
FMS22736v2,-89.38,49.08,2011
GF4S19313b,18.77,64.50870173,2016
FMS26721v2,22.82668,58.48978,2012
GF3S01746a,26.55,60.48,2014
GF3S04664a,-96.612233,39.102039,2015
N1670,11.99315224,56.02263786,2014
GF3S02156a,108.8833333,18.71666667,2014
FMS17310v2,-1.836988,37.721332,2010
GF4S03500b,101.016,24.533,2015
GF3S02094a,128.0833333,42.4,2014
GF4S20262b,23.285973,58.586933,2015
GF4T919otu,51.56,25.69,2018
FMS16BI1297v2,138.7781367,-34.616255,2016
S000683,145.41597,-37.52567,2011
GF4S03105b,101.574,21.612,2015
FMS16BI0147v2,118.7615269,-34.11718167,2013
GF4S03869b,101.574,21.612,2015
GF4S10730b,5.777071,52.014828,2016
GF4S12596b,126.7282834,33.4780278,2015
N1873,-111.00378,45.573646,
FMS21827v2,10.224485,51.268042,2012
GF4S20652b,26.762403,57.924312,2015
GF4S03387b,100.167,27.167,2015
GF3S02391a,121.809,50.9862,2017
FMS25434v2,22.57,66.54,2014
GF4S21099b,24.30017741,58.95934694,2016
N1664,9.869621187,55.68895496,2014
N1470,8.655690266,57.11689518,2014
GF4T1161otu,13.83,68.26,2020
GF4T935otu,12.09,42.08,2019
GF4S20468b,26.614228,57.581006,2015
FMS25240v2,15.19,63.15,2014
GF4S13055b,9.460024461,48.45874493,2015
GF3S09317b,12.7354503,50.2551353,2015
FMS17634v2,100.9166667,36.96666667,2011
FMS16BI0448v2,146.6099,-42.6831,2013
GF4T1510otu,-101.03,25.35,2016
FMS23024v2,-95.15,31.11,2012
FMS16BI1028v2,143.884,-40.11,2013
FMS11759v2,-61.741624,47.469857,2011
FMS15690v2,-21.55,74.4666667,2011
GF4S20219b,26.464301,58.685068,2015
FMS22919v2,-83.37,46.42,2011
GF3S01168a,-58.0605556,-35.7608333,2015
FMS06316v3,-84,30.75,2014
FMS23235v2,-122.61,54.35,2008
GF3S10261b,26.05,47.29,2017
GF4T1567otu,37.76,-4.2,2016
GF4S21118b,23.55022405,58.91728521,2016
FMS17744v2,91.05,30.45,2011
GF4S02540b,10.56761008,51.07551064,2011
GF4S10857b,-1.32,51.77,2014
FMS26580v2,21.94149,58.26765,2012
GF4S20772b,26.925252,58.273944,2015
FMS26571v2,21.94149,58.26765,2012
FMSA8F1019v2,-72.19,42.53,2012
GF4T493otu,8.2,46.12,2019
FMS08134v3a,138.8315,35.9194722,2017
N0851,-83.96,35.84,2014
S000570,-72.2324,-0.3837,2011
N3559,110.2,31.24,2011
N3645,-123.2666667,54.3333333,2015
GF4S02951b,100.167,27.167,2015
GF3S03469a,117.3,34.28,2015
S000660,2.18633,9.264,2010
GF4S20872b,26.926233,58.216834,2016
GF3S08472b,7.416666667,60.55,
GF4S20226b,26.299831,57.594384,2015
N1655,9.693193422,55.60660146,2014
FMS00241v3,5.976667,52.0175,2013
GF3S02364a,121.2915,51.1542,2017
GF4T986otu,8.27,50.14,2012
FMS24676v2,-73.3378848,42.4750834,2013
GF4S13237b,4.4175,50.7426,2019
GF4S20181b,27.214004,57.583841,2015
GF3S05760a,14.70447406,48.66430814,2015
S000635,145.60042,-17.02675,2012
GF3S06750a,128.463275,38.032124,2018
GF4S01214b,113.32212,34.83114,2015
GF4T311otu,-51.59,64.2,2017
GF4S10747b,5.777071,52.014828,2016
GF4S02859b,101.574,21.612,2015
GF4S17384b,11.06,47.44,2016
S005834,5.263889,51.236111,2011
GF4S21746b,22.04076,58.43581,2015
GF4S20623b,26.38902,57.886026,2015
FMS23058v2,-95.15,31.11,2012
GF4T1350otu,101.17,21.58,2014
FMS23247v2,-122.61,54.35,2008
S000566,-69.53,-3.598,2011
N0570,117.907,29.122,2011
GF4S03866b,101.016,24.533,2015
GF4S14422b,16.71786991,49.28890402,2016
N0538,117.909,29.124,2011
FMS16BI1214v2,139.84894,-34.09934,2014
FMS11740v2,-61.745904,47.469631,2011
FMS25423v2,22.68,66.51,2014
FMS11035v2,27.0333,58.116,2012
S005728,5.263889,51.236111,2009
S003457,-121.23583,43.37469,2012
FMS23151v2,-120.42,50.85,2010
FMS25977v2,21.89557,58.32669,2012
FMS25417v2,22.68,66.51,2014
FMS16434v2,15.7694,50.7406,2013
GF4T714otu,47,-24.95,2010
GF4S21852b,23.77407,59.18513,2018
GF3S00756a,-3.33887,36.9659,2014
GF4S21008b,23.9714,58.7297,2016
GF3S08400b,7.416666667,60.55,
GF4S19746b,27.14257,58.59426,2016
N0706,117.91,29.126,2011
FMS21746v2,10.311438,51.27173,2012
GF4S20827b,14.548436,49.98539,2015
GF4S21523b,14.5843778,50.1361472,2017
N0697,117.91,29.126,2011
GF4S21310b,24.85862,59.43404,2020
N1473,8.951189918,57.14458777,2014
GF4S20382b,24.816219,59.510831,2015
FMS16BI1592v2,117.754283,-34.476888,2016
GF4T424otu,5.96,50.77,2018
GF4S19267b,18.58,64.39750537,2016
FMS25003v2,14.08,60.94,2014
FMS25278v2,22.54,66.58,2014
GF3S03510a,123.55,41.82,2015
S002867,-78.8108,40.0503,2010
FMS00279v3,14.648611,46.20278,2013
FMS08037v3a,138.8177222,35.9173889,2017
FMS08082v3a,138.7976944,35.9149167,2017
FMS11708v2,-61.711167,47.485151,2011
FMS03210v3,113.7658333,35.1277778,2017
S001527,124.46667,43.33333,2012
FMS24697v2,-73.2508238,42.1290612,2013
GF4S21702b,23.737669,59.0825694,2015
GF4T1082otu,8.55,59.44,2020
GF4T291otu,-83.38,22.75,2017
FMS16BI0478v2,143.85151,-39.9214,2013
GF4S02679b,13.74045092,52.91558831,2011
FMSA8F1028v2,-65.8,18.3,2012
GF4S03701b,100.167,27.167,2015
GF4S02584b,10.51303152,51.34432624,2011
N1620,10.58723175,56.22247706,2014
GF3S02394a,122.0942,50.9428,2017
GF4S21835b,23.82582,59.23916,2018
N0714,117.91,29.126,2011
GF4S19846b,26.486455,58.121815,2017
GF4S15911b,-149.53333,68.61667,2012
GF4S16285b,-93.21,45.43,2017
S009103,17.871057,65.945096,2009
GF4T518otu,25.4,65.06,2019
FMS16BI1168v2,141.352819,-29.035917,2014
GF3S08604b,1.073839616,42.59298306,2013
GF4S20398b,23.831604,58.823095,2015
FMS11056v2,26.433,58.1833,2012
GF4S01154b,119.9374444,36.68844444,2014
GF4S10722b,5.777071,52.014828,2016
GF4T592otu,27.52,59.06,2013
GF4T1578otu,39.04,-5.36,2016
FMS16BI0357v2,140.7258,-33.97432,2013
GF4S19340b,16.37,63.14394148,2016
N0910,-83.96,35.84,2014
GF4T1000otu,54.99,24.29,2019
GF4S19606b,24.8882,59.23448,2013
GF4S19792b,25.07734,57.04657,2019
GF4S21544b,26.5561,58.3701,2018
FMS16BI1710v2,147.17126,-41.75804,2014
GF3S01371a,23.57021,58.58463,2012
GF4S21313b,24.90225,58.9089,2020
GF4S17662b,138.8188,35.91955,2014
GF4S03586b,101.574,21.612,2015
FMS16BI1674v2,120.257423,-30.68535,2016
FMS22970v2,-95.15,31.11,2012
GF4S03089b,101.016,24.533,2015
FMS23201v2,-120.42,50.85,2010
FMS23537v2,-126.31,52.32,2008
FMS24694v2,-73.2508238,42.1290612,2013
N1673,11.99150258,56.01851756,2014
GF4S02794b,101.574,21.612,2015
GF3S05741a,14.70354388,48.66689105,2015
FMS06279v3,-84,30.75,2014
GF4T565otu,42.72,43.06,2015
FMS06296v3,-84,30.75,2014
GF4S21901b,14.1769297,50.5682753,2017
GF4S02497b,9.236431962,48.37566437,2011
GF4S02466b,9.382384493,48.38258955,2011
GF3S02213a,117.87,25.3,2015
S009333,16.63922327,49.25554086,2013
FMS16BI0373v2,145.895516,-41.532403,2013
GF4S03887b,101.016,24.533,2015
FMS11858v2,-105.38,39.99,2012
N0568,117.907,29.122,2011
GF4T967otu,-84.69,10.5,2016
GF4S21016b,23.19989839,59.00615895,2016
GF4S21745b,22.21582,58.49144,2015
GF4S02681b,13.77919187,52.94897298,2011
FMS16BI1981v2,138.116249,-35.630431,2014
S008829,17.808482,65.996435,2009
S006200,-96.602712,39.233533,2014
FMS16BI0635v2,131.0403,-25.3374,2012
FMS22723v2,-89.41,49.07,2011
S001796,23.551006,58.555214,2011
FMS24114v2,124.9,41.85,2013
GF4S12232b,-0.442269288,39.88715157,2014
GF4S20201b,26.550666,58.365547,2015
GF4S19685b,27.1077,58.3431,2017
GF3S03186a,26.5866,58.41797,2013
FMS22865v2,-82.85,47.57,2011
GF4S20618b,26.675474,58.002513,2015
GF4S09320b,-96.58333333,39.0833333,2018
GF3S02412a,121.2938,51.1405,2017
GF4S21444b,26.4676,57.6687,2013
FMS17580v2,98.45,34.85,2011
GF4S02629b,13.61111293,53.10624377,2011
N1919,145.67999,-32.62636,
S009089,17.808482,65.996435,2009
GF4S20994b,26.63616,58.35759,2016
FMS24094v2,124.9,41.85,2013
N0439,117.906,29.121,2011
FMS16BI1449v2,116.18371,-32.52046,2016
FMS25093v2,15.69,63.31,2014
GF4T581otu,42.78,43.08,2015
GF4S17732b,138.81882,35.91744,2014
GF4S16480b,112.1666667,23.1666667,2016
GF4S20451b,27.741027,58.995903,2015
FMS00473v3,19.25,42.35194,2014
N1493,8.91187667,57.04493901,2014
GF4T996otu,55.49,24.97,2019
GF4S17432b,102.0962944,29.6077,2014
FMS16BI1031v2,144.11969,-39.935,2013
N1574,8.897732161,55.1432163,2014
N4027,119.0073056,29.65313333,2015
GF4S17403b,11.06,47.44,2016
FMS08191v3a,121.1630548,41.1992908,2015
S000650,132.7516667,-12.76216667,2011
N0999,-83.96,35.84,2014
GF4S19664b,26.35436,58.78356,2017
GF4S11446b,-117.2238,61.5284,2015
FMS17343v2,-115.79572,33.754262,2009
FMS22774v2,-89.39,49.07,2011
GF4T817otu,34.82,31.1,2019
FMS16BI1042v2,143.97147,-39.62658,2013
FMS08223v3a,117.8300596,31.079999,2015
GF4T1715otu,-96.47,15.68,2018
GF4S03476b,101.016,24.533,2015
GF4S19838b,26.264594,58.718771,2017
FMS08005v3a,138.8177222,35.9173889,2016
N1937,144.5354,-35.3858,
GF4S21955b,26.69961,58.523913,2014
GF3S01392a,26.719139,58.458611,2014
GF4S19989b,22.17463,58.01829,2012
GF4S03849b,101.016,24.533,2015
N3822,84.51666667,44.1833333,2016
GF4S15866b,-72.1875,42.4836111,2016
FMS16BI0593v2,150.6135971,-35.15730226,2012
GF4T772otu,145.74,-37.68,2012
GF3S02173a,127.6656667,45.41666667,2014
FMS17321v2,-1.802287,39.538668,2010
GF4T1058otu,100.55,19.37,2019
GF4S14579b,13.44594429,49.01258587,2016
FMS03200v3,113.7658333,35.1277778,2017
S00D567,21.7,61.8,2011
GF3S08597b,1.073587426,42.59246552,2013
FMS24713v2,-73.2508238,42.1290612,2013
FMS21819v2,10.224485,51.268042,2012
GF4S02445b,9.413545473,48.39615094,2011
FMS19480v2,119.3546167,49.30615,2015
FMS16BI1276v2,138.7872783,-34.62678,2016
GF4S02044b,18.849,68.328056,2008
GF4S02011b,18.848083,68.330444,2008
GF4S20019b,23.86384,58.92812,2012
FMS22869v2,-82.85,47.57,2011
GF4S03375b,101.016,24.533,2015
GF4S17742b,138.82762,35.94903,2014
FMS20322v2,24.17,61.51,2011
FMS08177v3a,117.8713477,40.7748878,2015
GF4S19832b,26.883228,58.544565,2016
GF4S19871b,26.638174,58.404762,2016
FMS16BI0221v2,115.2115667,-30.18156667,2013
GF4S21138b,26.27391234,57.90808177,2016
GF4S03306b,101.574,21.612,2015
GF4S21226b,26.52014,58.35743,2019
GF4S17720b,138.79837,35.95979,2014
FMS26478v2,22.44009,58.2402,2012
GF4S20666b,25.560889,57.986929,2015
GF4S19578b,25.75728,59.46488,2013
GF4S20169b,26.7251,58.4709,2014
GF4T1053otu,100.1,20.24,2020
FMS20297v2,24.17,61.51,2011
FMS24287v2,5.63,52.25,2016
FMS05397v3,115.56705,33.25602,2015
GF4S02585b,10.52126396,51.35611614,2011
GF4S15349b,-85.37,42.38,2015
S009308,16.715029,49.296975,2013
FMS08094v3a,138.7976944,35.9149167,2017
N0457,117.907,29.124,2011
FMS23087v2,-120.28,50.93,2010
FMS23052v2,-95.15,31.11,2012
GF3S02086a,111.9333333,33.5,2014
GF3S04510a,25.609344,62.204284,2019
GF4S21858b,14.5990467,49.700345,2017
S009249,16.64881277,49.26161526,2013
GF4S20642b,26.363032,58.041153,2015
GF4S21173b,26.18096232,58.13151339,2016
FMS22944v2,-120.35,50.88,2010
GF4T1393otu,-66.63,-30.12,2014
S000685,-71.3718,-41.146,2011
GF4S12621b,126.7282834,33.4780278,2015
GF4T1481otu,18.43,-33.98,2016
GF4S03828b,100.167,27.167,2015
GF4S02550b,10.46478396,51.06944137,2011
GF4S03948b,100.167,27.167,2015
S001817,23.21667,58.66667,2011
GF4S11850b,144.5,-37.47,2015
GF4S03620b,101.016,24.533,2015
FMS25051v2,14.21,60.95,2014
GF4S20533b,22.839152,58.801436,2015
GF4T1343otu,-122.11,47.53,2014
GF4S19550b,122.0544444,51.8413889,2021
GF4S17453b,102.0440583,29.59438333,2014
GF3S08576b,0.836289767,42.66641993,2013
GF4S01156b,119.9809722,36.66411111,2014
S005912,5.263889,51.236111,2011
GF4S01582b,4.98774,50.87258,2018
GF4S03102b,101.016,24.533,2015
GF3S01370a,25.58373965,58.27947963,2016
GF4S02039b,18.849,68.328056,2008
N0633,117.911,29.126,2011
GF4S21141b,26.51756513,57.862202,2016
S008855,17.84593,65.955791,2009
FMS26082v2,22.44765,58.35375,2012
FMS16BI1957v2,138.129228,-35.640719,2014
GF4S20522b,22.958023,58.880851,2015
FMS16BI0328v2,130.936,-25.26861,2012
FMS17607v2,96.36666667,33.96666667,2011
FMS25130v2,14.75,63.51,2014
FMS16BI2044v2,138.1164129,-35.632738,2014
GF4T618otu,26.47,57.67,2013
FMS15522v2,150.275056,-33.647806,2012
N4202,130.54,31.34,2015
N0481,117.909,29.125,2011
GF3S05743a,14.70354388,48.66689105,2015
GF3S02829a,13.110873,56.700918,2014
GF4S21266b,24.04174,59.37195,2020
FMS12315v2,17.5006,60.0643,2012
GF3S01471a,8.372054016,46.56782501,2017
GF4S01680b,4.93665,50.84997,2018
FMS24074v2,124.9,41.85,2013
GF3S05212a,-61.738293,47.462124,2011
N1751,10.24668713,55.12991274,2014
GF4T848otu,128.26,42.06,2012
FMS17718v2,91.06666667,31.48333333,2011
GF4S01976b,-72.1875,42.4836111,2016
GF4S02522b,10.43579984,51.2940602,2011
FMS00540v3,14.291111,48.37222,2014
FMS23919v2,-120.35,50.88,2010
GF4S19939b,27.31156,58.26329,2011
FMS16BI1765v2,146.84851,-42.54686,2014
GF4S02642b,13.84719968,52.98313507,2011
FMS11777v2,-61.755403,47.430892,2010
GF4S19887b,26.418418,58.171883,2017
FMS22789v2,-89.39,49.07,2011
GF4S03408b,101.574,21.612,2015
GF3S02188a,124.9331333,41.85,2014
GF4T241otu,-75.53,41.42,2015
GF4T157otu,131.82,-13.84,2011
GF4T1555otu,28.98,41.18,2016
GF4S11433b,-112.4171,59.8463,2015
GF4T355otu,91.28,25.5,2018
GF4S11444b,-117.1794,61.5497,2015
GF4S14135b,-106.6943784,34.31601693,2013
FMS23457v2,-121.92,52.32,2009
GF3S02097a,128.0833333,42.38333333,2014
N1547,8.493946977,56.2452577,2014
FMS00601v3,5.912222,52.19167,2014
FMS24722v2,-72.2078598,42.508422,2013
GF4S21015b,23.19989839,59.00615895,2016
S000831,-75.4667,6.705,2011
S009289,16.684671,49.313081,2013
GF3S00731a,-2.97196,37.05364,2013
GF4S15865b,-72.1875,42.4836111,2016
GF3S01519a,8.376596002,46.56961304,2017
N1831,-85.4,42.4,
FMS24761v2,-71.3317636,42.4093993,2013
GF3S08615b,1.076708117,42.59125722,2013
GF4S21153b,25.50775334,58.44381338,2016
FMS23487v2,-121.92,52.32,2009
FMS16BI0413v2,115.1499833,-30.10953333,2013
FMS16BI1288v2,138.782866,-34.62018833,2016
FMS11784v2,-61.755539,47.432926,2010
GF4S21546b,26.588,58.4176,2013
GF4S17434b,102.1012278,29.61508333,2014
GF4T1190otu,-149.6,68.62,2012
GF4S02436b,9.492303341,48.46207347,2011
FMS19760v2,-64.8534,-23.7554,
FMS11928v2,-149.34,68.38,2012
FMS16BI0411v2,115.1745833,-30.16111667,2013
GF4S16441b,-89.35,43.1333333,2015
GF4S17807b,-83.45717,35.04411,2013
GF4S02953b,101.016,24.533,2015
GF4T1690otu,151.32,59.58,2018
FMS23043v2,-95.15,31.11,2012
FMS00346v3,13.914167,46.48333,2014
GF4S09319b,-96.58333333,39.0833333,2018
GF3S01736a,24.48,61.4,2014
GF3S10301b,-0.97611,37.82364,2017
GF3S01336a,24.99532,59.615525,2016
GF4S16712b,15.8,60.9666667,2011
GF4S20322b,26.774751,58.783737,2015
FMS26694v2,22.83214,58.48656,2012
GF4T1487otu,20.46,-33.99,2016
GF4T1342otu,-116.97,48.9,2014
GF4S16147b,-96.58333333,39.0833333,2018
GF4S03841b,101.016,24.533,2015
GF4S16484b,112.1666667,23.1666667,2017
GF4S14354b,16.61782192,49.30769876,2017
GF4S19881b,26.641166,58.405003,2016
GF3S05746a,14.70376313,48.66696548,2015
S000671,30.0195,-18.3284,2013
GF4S03051b,100.167,27.167,2015
FMS08169v3a,127.4627083,50.2527004,2015
GF3S02206a,117.87,25.3,2015
GF4S03011b,101.574,21.612,2015
N1496,8.874824156,57.04487099,2014
GF4S20419b,24.043841,59.383398,2020
FMS23253v2,-122.61,54.35,2008
FMS11864v2,-72.19,42.53,2012
GF3S02204a,101.2,21.1,2014
GF3S06744a,128.463275,38.032124,2018
FMS25067v2,14.05,61.03,2014
GF4T911otu,9.49,39.23,2019
FMS24129v2,130.66,46.58,2012
GF4S21506b,17.8016458,49.0336358,2018
FMS16BI0492v2,132.6421,-22.91015,2011
FMS16BI1767v2,143.14101,-13.67883,2015
GF4S03076b,101.574,21.612,2015
GF4S20378b,24.900982,58.470287,2015
GF4S02821b,101.016,24.533,2015
GF3S02363a,121.2915,51.1539,2017
GF4S03088b,100.167,27.167,2015
FMS24688v2,-73.3378848,42.4750834,2013
GF3S05649a,16.758058,49.331957,2014
FMS17749v2,99.3,36.7,2011
FMS05314v3,117.63278,36.95022,2015
GF4S21602b,26.588,58.4176,2014
GF4T1176otu,-9,38.47,2012
FMS16BI2043v2,138.1164129,-35.632738,2014
GF4S19788b,22.99427,56.72302,2019
GF4S21964b,22.2487,58.3535,2014
FMS11042v2,26.433,58.1833,2012
GF4T1529otu,-48.85,-15.81,2016
GF4S03042b,101.016,24.533,2015
GF4S20935b,25.6283,59.5836,2016
GF4S19782b,22.59988,56.77181,2019
GF4S01150b,115.60347,33.302332,2014
GF3S04542a,25.799686,61.026764,2019
FMS25382v2,22.46,66.53,2014
FMS17779v2,-72.95,-40.79,2013
GF4S16736b,21.31707,69.51785,2013
FMS26691v2,22.83214,58.48656,2012
FMS22761v2,-89.39,49.07,2011
S005718,5.263889,51.236111,2009
GF3S02355a,121.2931,51.1404,2017
FMS00291v3,14.055556,45.86333,2013
GF4S21219b,26.52303,58.35575,2019
GF3S01387a,21.936,58.30122,2013
GF4S11532b,-116.8152,61.7596,2015
FMS17620v2,99.16666667,35.35,2011
GF4S21881b,14.1742458,49.5002411,2017
GF3S03567a,-83.2387,35.0851,2017
N3660,-123.2666667,54.3333333,2014
GF3S09258b,112.83,22.57,2018
GF4S21619b,25.5544,58.5601,2015
FMS17574v2,98.96666667,34.83333333,2011
FMS22776v2,-89.39,49.07,2011
FMS00476v3,23.200556,41.66611,2014
FMS23281v2,-122.61,54.35,2008
GF4S02661b,13.6430016,52.92070744,2011
GF4S19312b,18.77,64.50870173,2016
FMS23563v2,-126.31,52.32,2008
GF3S10249b,23.62,52.71,2017
S00D614,27.3258,57.9246,2013
GF4S21502b,17.7887778,49.9681328,2018
GF4S20635b,26.614423,57.510618,2015
GF4S20248b,23.273948,58.556037,2015
FMS17610v2,96.2,34.1,2011
GF4S12280b,-0.840801278,39.47065889,2014
FMS25376v2,22.46,66.53,2014
N0596,117.907,29.123,2011
GF4T1177otu,-9.42,38.79,2012
GF4S20683b,22.214309,58.11566,2015
FMS21821v2,10.224485,51.268042,2012
S000503,132.9514,43.37804,2010
GF4S22128b,-61.46143333,-1.46143333,2015
FMS16BI1866v2,150.73138,-33.60942,2015
FMS16BI0024v2,119.7616944,-33.68836111,2013
GF4T399otu,-94.1,30.36,2018
GF3S01162a,-58.0394444,-35.7502778,2015
S000812,39.54464,51.90789,2011
FMS25347v2,22.48,66.58,2014
N3672,-123.2666667,54.3333333,2015
GF4S20084b,26.5666,58.0374,2014
GF3S02308a,121.7937,51.0133,2017
FMS16BI0378v2,146.299029,-42.041572,2013
FMS16BI1540v2,117.266107,-34.599564,2016
GF4S21086b,25.88171873,58.29474953,2016
GF3S02335a,122.0856,50.9451,2017
FMS05363v3,116.9821,35.06384,2015
GF4S19830b,26.06582,57.95532,2017
GF4S01964b,-72.1875,42.4836111,2016
GF4S02531b,10.33818645,51.13430497,2011
GF4S15867b,-72.1875,42.4836111,2016
FMS25353v2,22.48,66.58,2014
GF4S21714b,26.1435,59.4228,2015
FMS17323v2,-1.527039,38.065532,2010
GF3S06777a,128.463275,38.032124,2018
GF4S03505b,100.167,27.167,2015
GF3S09301b,12.6793169,50.2420728,2010
GF4S02914b,100.167,27.167,2015
GF3S04470a,30.10211017,62.62874716,2019
GF4T833otu,4.67,8.46,2018
GF4S20246b,27.862994,59.375088,2015
GF4S02795b,100.167,27.167,2015
GF4T400otu,-94.35,30.47,2018
GF4T1128otu,24.39,54.21,2020
FMS17356v2,-109.413583,37.730413,2009
FMS16BI0397v2,115.02035,-30.04105,2013
FMS16BI0577v2,150.7352711,-35.15304021,2012
FMS00400v3,13.259722,48.40417,2014
GF4T1580otu,38.99,-5,2016
GF4S10877b,-1.32,51.77,2014
GF4S21070b,26.22834144,59.05142692,2016
N0643,117.909,29.125,2011
GF4S03933b,100.167,27.167,2015
GF4S19228b,20.53,66.39001683,2016
GF3S09281b,112.83,22.57,2018
GF4S03549b,100.167,27.167,2015
FMS17659v2,97.13333333,37.35,2011
GF3S01484a,8.37415402,46.56916667,2017
GF4S02435b,9.479931659,48.41913964,2011
FMS08181v3a,111.5103971,36.111012,2015
GF4S21709b,26.5561,58.3701,2015
GF4S21234b,26.6595,58.4206,2020
S000512,52.99851,57.11726,2011
FMS06285v3,-84,30.75,2014
FMS16BI1803v2,150.72482,-33.61583,2015
FMS16BI0458v2,148.79855,-35.4214,2013
GF4S19301b,14.26,56.39203678,2016
GF4S21660b,23.04723,58.77486,2015
FMS11718v2,-61.752569,47.433106,2011
GF3S09227b,11.08298056,51.8620639,2016
FMSA8F1038v2,-65.8,18.3,2012
GF4S13384b,4.4399,50.7659,2019
FMS22725v2,-89.41,49.07,2011
FMS16BI1771v2,141.89049,-13.77007,2015
GF4T113otu,116.84,-34.95,2011
FMS25404v2,22.53,66.58,2014
FMS23098v2,-120.28,50.93,2010
GF4S21414b,27.4353,59.0729,2013
S006150,29.58333,67.76667,2011
GF4S15371b,112.1666667,23.1666667,2016
FMS17224v2,142.460103,-33.960183,2010
GF4S03058b,100.167,27.167,2015
GF4S13353b,4.4401,50.7662,2019
FMS17684v2,92.93333333,34.93333333,2011
GF4S20925b,25.443573,58.467259,2016
GF4S20094b,27.0601,58.0554,2014
GF4S20010b,24.10171,58.62038,2012
GF4T629otu,27.37,57.95,2013
S005217,10.23937826,51.26771983,2011
GF4S20889b,25.787722,58.766276,2016
GF4S20202b,26.993145,58.43458,2015
GF4S21571b,26.6166,58.3183,2013
GF3S00737a,-2.97938,37.081,2013
S008768,17.761085,66.141704,2009
S000524,131.4395,-13.7655,2011
FMS25083v2,14.56,61.42,2014
S001705,23.21667,58.66667,2011
GF4S17470b,101.9960306,29.57904167,2014
GF3S01731a,27.33,64.27,2014
N3683,-123.2666667,54.3333333,2014
FMSA8F1022v2,-72.19,42.53,2012
GF4T580otu,42.8,43.09,2015
GF4S19227b,20.53,66.39001683,2016
GF4T1060otu,99.67,19.88,2019
GF4T1265otu,18.86,69.48,2013
GF3S01405a,22.51694,58.71806,2015
FMS23607v2,-126.31,52.32,2008
GF3S03533a,113.56,24.5,2015
FMS16BI0390v2,140.719,-33.9556,2013
FMS21736v2,10.31103,51.27151,2012
GF4S03383b,101.016,24.533,2015
GF4S03308b,100.167,27.167,2015
GF4S20732b,25.016531,59.427424,2015
GF4S20943b,24.7593,59.0671,2016
S009262,16.61626134,49.29642094,2013
GF4S20184b,26.96879,57.606413,2015
FMS16BI0106v2,135.20189,-12.93256,2013
S009256,16.61626134,49.29642094,2013
GF4S21770b,24.28041,59.01857,2015
S005944,13.616167,49.042733,2012
FMS16BI1693v2,147.50573,-42.8223,2014
S000809,14.01583,37.87472,2011
FMS24935v2,14.05,60.94,2014
GF4S21609b,23.173,58.609,2015
GF4S02013b,18.848083,68.330444,2008
GF4S02971b,101.574,21.612,2015
FMS17244v2,117.272139,49.525333,2010
GF4S19827b,25.88983,58.69349,2017
GF4S21398b,27.4557,59.0826,2013
GF4S20890b,25.787722,58.766276,2016
GF4S21402b,27.4582,59.0771,2013
GF4S17479b,101.9873528,29.57247778,2014
FMS06199v3,101.28458,21.90821,2013
GF4S03807b,100.167,27.167,2015
GF4T1298otu,15.7,78.2,2014
FMS17557v2,100.4833333,35.55,2011
N1788,12.53900708,54.98049301,2014
GF4S19265b,18.58,64.39750537,2016
GF4T742otu,131.56,43.1,2010
GF4S20075b,27.32441,58.27905,2014
GF4S16440b,-85.37,42.38,2015
GF4S02480b,9.452638141,48.38230724,2011
FMSA8F1087v2,-83.5,35,2012
GF4T882otu,25.51,-25.13,2019
GF4S19972b,27.32733,58.27893,2011
GF3S10245b,23.71,52.68,2017
S001788,23.551006,58.555214,2011
FMS17688v2,92.61666667,34.36666667,2011
GF4T524otu,3.18,11.63,2019
GF4S21518b,14.8362128,50.2046864,2017
GF4S20391b,25.285663,59.492609,2015
GF4S19727b,26.74296,57.70343,2017
GF4S02703b,13.83788884,53.04545452,2011
GF3S01438a,27.32624,58.27872,2011
S008906,17.749183,66.14522,2009
FMS22676v2,-117.11382,46.75833333,2013
FMS21772v2,10.238754,51.267973,2012
FMS00428v3,5.74,52.05861,2014
GF4S20980b,25.8958,58.2344,2016
GF4S14428b,16.6232342,49.27314193,2016
GF4S20882b,24.141349,59.218735,2016
FMS17298v2,-3.618947,39.992036,2006
S000716,146.317,-42.733,2012
GF4S21417b,26.5988,57.6824,2013
GF4S20672b,24.610563,58.674271,2015
GF4T334otu,9.73,0.46,2018
GF4S14474b,16.66541,49.267661,2017
GF4S19300b,17.4,64.0731283,2016
FMS16BI0376v2,145.895516,-41.533383,2013
GF4S20473b,25.74195,58.391298,2015
GF4S11443b,-117.1794,61.5497,2015
GF4S19226b,16.3,63.82444,2016
GF3S02378a,121.3357,50.9254,2017
GF4S20046b,25.55063,58.35081,2018
FMS17786v2,-72.95,-40.79,2013
GF4T85otu,-60.77,-3.04,2015
GF4S02673b,13.73755256,52.91454208,2011
GF4S03583b,100.167,27.167,2015
GF4S13150b,4.4629,50.813,2019
GF3S01495a,8.375477018,46.56830002,2017
GF3S02316a,121.8093,50.9858,2017
GF4T1698otu,-4.44,11.19,2018
GF4S03325b,101.574,21.612,2015
FMS23062v2,-95.15,31.11,2012
FMS17363v2,-69.946911,9.666497,2009
FMS16BI1846v2,150.72493,-33.61353,2015
GF4S04007b,100.167,27.167,2015
GF4T1478otu,-8.84,41.71,
FMS25012v2,14.07,60.94,2014
GF4S21841b,23.80917,59.20612,2018
FMS16BI1841v2,150.72878,-33.6145,2015
FMS00661v3,13.422222,48.49583,2014
FMS16BI0286v2,145.6202167,-17.09208333,2013
GF4S20937b,25.6273,59.5836,2016
GF4S20056b,22.2487,58.3535,2014
N1691,12.07340872,56.04420107,2014
GF4S14443b,16.70424253,49.27761804,2017
GF4S21725b,26.2621,59.32169,2015
GF3S02360a,121.2938,51.1405,2017
FMS08090v3a,138.7976944,35.9149167,2017
GF4S21367b,27.287325,58.269263,2017
FMS16BI0128v2,138.6902,-35.27211,2013
GF4S17366b,11.06,47.44,2016
S008990,17.807557,65.977202,2009
FMS17584v2,96.73333333,32.88333333,2011
S00D495,27.32349,58.27515,2011
GF4S03329b,101.016,24.533,2015
S00D571,21.7,61.8,2011
N3695,-123.2666667,54.3333333,2015
GF4S01181b,114.8562778,37.80311111,2015
GF4S02796b,101.574,21.612,2015
GF4S16733b,21.3176,69.51824,2013
GF4T1684otu,151.8,60.84,2018
GF4T1512otu,-99.98,24.52,2016
GF4S02090b,18.853583,68.3265,2008
GF4S21278b,26.7744,58.3843,2020
GF4S10749b,5.777071,52.014828,2016
S00D629,27.352,57.9389,2013
GF4S21449b,26.5578,57.671,2013
GF4S16762b,21.31689,69.51724,2013
S000526,79.22805,29.45644,2013
GF3S02121a,122.2,42.81666667,2014
FMS16BI0440v2,148.3021,-42.0578,2013
FMS16BI0272v2,148.84465,-35.371917,2013
GF4T7otu,-69.9,-3.99,2012
FMS00388v3,19.5275,42.49778,2014
S005218,10.46243387,51.08998735,2011
GF4S19797b,26.453287,58.089488,2017
GF4S19732b,26.538815,58.098221,2017
FMS22945v2,-120.35,50.88,2010
FMS06188v3,101.21543,21.97762,2013
FMS26559v2,21.94149,58.26765,2012
S000154,5.372778,51.125833,2009
GF4S20825b,24.703291,59.066714,2015
GF4S20629b,26.237011,57.932791,2015
FMS25236v2,15.37,63.16,2014
FMS11008v2,27.0333,58.116,2012
S001539,127.11667,47.21667,2012
GF4T468otu,-44.76,-22.39,2018
FMS17644v2,98.38333333,37.26666667,2011
GF4S20059b,27.193,58.0114,2014
GF4T1736otu,-64.38,-17.27,2018
GF3S08600b,1.076745491,42.59123084,2013
GF3S02369a,121.4963,50.9425,2017
GF4T1428otu,16.53,43.14,2015
GF4S13335b,4.4235,50.7498,2019
FMS12374v2,9.452638141,48.38230724,2011
GF3S01314a,22.84337,58.58002,2015
FMS19518v2,93.29175,43.5765,2015
GF4T1086otu,5.78,61.32,2020
S003502,-122.89019,38.09925,2012
GF4T129otu,147.12,-7.31,2011
FMS17279v2,-2.192604,34.430867,2010
GF4S16148b,13.110873,56.700918,2014
GF4S19363b,-78.842,-2.936,2017
FMS06292v3,-84,30.75,2014
GF3S05217a,-61.716306,47.482374,2011
S005796,5.263889,51.236111,2009
GF4T649otu,17.79,67.64,2014
FMS21801v2,10.238938,51.26789,2012
FMS25175v2,15.17,63.17,2014
S000678,28.01028,-19.0999,2013
GF3S02831a,13.110873,56.700918,2014
GF4S17706b,138.80197,35.94394,2014
FMSA8F1055v2,-122.26,44.2,2012
GF3S09206b,11.87559444,51.3915694,2016
GF4S21080b,25.58476542,58.27976235,2016
GF4S04035b,100.167,27.167,2015
GF4S20891b,25.804132,58.738082,2016
N1467,10.2409176,57.59655266,2014
GF3S00766a,-3.32158,36.97675,2014
FMS16BI1209v2,139.02281,-35.28922,2014
S005788,5.263889,51.236111,2009
GF4S17826b,-83.47651,35.56452,2013
GF4S20175b,26.637989,58.085014,2015
GF4S17775b,-64.93383333,-32.0506667,2014
GF3S05094a,49.33555555,55.61583333,2016
GF3S05148a,1.033056,41.3475,2013
FMS17715v2,91.33333333,31.5,2011
GF4S04024b,101.574,21.612,2015
GF4S19912b,27.32315,58.28339,2011
GF4S03659b,101.016,24.533,2015
FMS16BI0196v2,138.7083,-34.88076,2013
GF4S03403b,101.016,24.533,2015
GF3S04588a,23.761666,61.499722,2019
GF3S04502a,25.597211,62.218918,2019
N1968,116.786556,48.609778,
N0531,117.91,29.124,2011
GF4S01593b,4.96335,50.86229,2018
FMS26502v2,22.843,58.5,2012
GF4S02544b,10.51023343,51.03144656,2011
GF4S03144b,101.016,24.533,2015
FMS00435v3,8.756667,50.24417,2014
FMS16BI0227v2,115.2526,-30.16913333,2013
GF3S04532a,25.794602,61.103164,2019
FMS00409v3,8.698333,50.14194,2014
GF4S21394b,27.4131,59.1001,2013
FMS17590v2,96.38333333,32,2011
FMS17638v2,98.9,36.93333333,2011
FMS24302v2,5.63,52.25,2016
GF4S20037b,26.74147,58.40102,2013
FMS9548v2,13.85525922,48.77657593,2011
FMS16BI0419v2,148.79725,-35.40371667,2013
GF4S01177b,117.6293056,37.00355556,2015
FMS00256v3,5.976667,52.0175,2013
GF4S20429b,24.499174,58.670138,2015
GF3S00685a,-2.97163,37.01942,2014
FMS00249v3,6.020833,52.04222,2013
FMS16BI0263v2,148.8271,-35.3941,2013
GF4S17515b,124.3333333,51.7,2018
FMS22734v2,-89.38,49.08,2011
FMS22903v2,-83.37,46.42,2011
S000565,-72.059,-0.3466,2011
GF4S21198b,23.58581,58.69132,2017
N3578,-70.964722,-28.769444,2015
GF4S21009b,23.55104439,58.55893563,2016
GF4S19854b,26.89262,58.34545,2017
GF4S20396b,24.041118,58.964201,2015
FMS08051v3a,138.7976944,35.9149167,2016
GF4T1424otu,18.3,57.63,2015
FMS25359v2,22.67,66.52,2014
GF4S17459b,102.035775,29.59431667,2014
GF4S20050b,22.5766,58.30027,2013
FMS00259v3,6.020833,52.04222,2013
FMS24787v2,24.70361111,68.4877778,2011
S008726,17.809004,65.972129,2009
GF4S20326b,26.197093,58.541379,2015
GF4S03443b,100.167,27.167,2015
GF4S03520b,100.167,27.167,2015
S001809,22.76667,58.83333,2011
FMS24081v2,124.9,41.85,2013
GF4T1030otu,90.69,30.6,2019
S000682,145.52147,-37.52706,2011
GF4S20936b,25.6273,59.5836,2016
GF4S21078b,25.58373965,58.27947963,2016
FMS21683v2,10.311229,51.271436,2012
S000675,29.45594,-19.88456,2013
GF4S02545b,10.51449434,51.03239075,2011
S005756,5.263889,51.236111,2009
GF4S16459b,-89.35,43.1333333,2015
GF4S20756b,26.277399,57.903686,2015
S003225,-82.23083,29.73961,2012
FMS16BI1087v2,137.9544,-32.32096,2013
GF4S11538b,-112.2437,59.7429,2015
GF4S14438b,16.649731,49.274439,2017
GF3S06727a,128.463275,38.032124,2018
GF4S10939b,83.07,55.01,2017
GF3S03513a,111.67,40.77,2015
GF4S19596b,26.34942,59.07132,2013
FMS26457v2,22.44009,58.2402,2012
GF3S03515a,116.82,26.22,2015
GF4S20760b,25.699726,59.097677,2015
GF4S02963b,100.167,27.167,2015
GF4S17359b,11.06,47.44,2016
FMS24205v2,5.63,52.25,2012
GF4S20405b,24.210115,58.953768,2015
GF3S00746a,-3.34738,36.93335,2014
FMS22904v2,-83.37,46.42,2011
FMS16BI0316v2,131.085,-25.3119,2013
GF4S19922b,27.32687,58.27624,2011
FMS25198v2,13.96,62.66,2014
GF4S20577b,24.035084,58.617214,2015
S005761,5.263889,51.236111,2009
GF4S03468b,101.574,21.612,2015
FMS16BI1778v2,147.46838,-42.27962,2014
GF4S17492b,101.96775,29.55503889,2014
GF4T735otu,133.58,43.48,2010
GF4S01166b,111.91027,32.54168,2014
GF4S15860b,-72.1875,42.4836111,2016
FMS00264v3,13.873889,46.14333,2013
FMS23231v2,-122.61,54.35,2008
GF4T1203otu,145.6,-17.02,2012
FMS06324v3,-84,30.75,2014
FMS04011v3,9.633578,46.091386,2014
FMS00643v3,19.167222,42.67861,2014
GF4S21865b,14.5283969,50.2005714,2017
GF4S21369b,27.279147,58.264297,2017
S00D578,27.4422,59.096,2013
GF3S03170a,26.5866,58.41797,2013
GF4S03501b,100.167,27.167,2015
FMS26178v2,21.99024,58.26571,2012
GF4S21928b,14.5405472,50.6190522,2018
FMS16BI1086v2,138.727,-34.93343,2013
GF4S19616b,26.82118,58.254,2012
GF4S21760b,24.655039,58.336725,2015
N1594,9.067590023,55.2925393,2014
FMS02365v3,26.63333306,67.35,2013
N1990,-3.464915,34.625548,
GF4S19748b,26.31774,58.76681,2017
FMS17666v2,95.48333333,37.43333333,2011
S00D543,21.7,61.7,2011
N0906,-83.96,35.84,2014
GF4S19701b,26.74647,58.06976,2017
GF4S21936b,14.3778558,48.8152186,2018
GF4S20599b,23.62096,58.652031,2019
N3560,110.2,31.24,2011
FMS17719v2,92.86666667,31.81666667,2011
S009235,16.72117293,49.2669467,2013
FMS17352v2,-111.696845,37.086092,2009
FMS25072v2,14.05,61.03,2014
GF4T1494otu,23.9,-33.96,2016
S000755,76.05474,32.54428,2012
FMS23291v2,-122.61,54.35,2008
S005777,5.263889,51.236111,2009
GF3S05835a,14.70952899,48.6640991,2015
N0729,117.91,29.127,2011
GF4S02826b,100.167,27.167,2015
S000569,-72.231,-0.3738,2011
FMS17247v2,116.994528,49.031528,2010
S005216,10.24095787,51.26387813,2011
GF4S03618b,100.167,27.167,2015
FMS22907v2,-83.37,46.42,2011
GF4S15338b,-85.37,42.38,2015
FMS10995v2,27.31,58.25,2012
GF4S20842b,24.503427,59.441821,2015
GF3S06756a,128.463275,38.032124,2018
GF3S03524a,108.07,34.29,2015
FMS19755v2,-65.4541,-24.1206,
GF3S05782a,14.70922455,48.66597527,2015
S008764,17.795147,66.128665,2009
GF3S04773a,38.61888889,7.0838889,2015
GF4T212otu,-74.01,11.28,2014
GF4S21900b,14.2030575,50.5590117,2017
GF4S03864b,100.167,27.167,2015
FMS11960v2,127.980833,37.693056,2011
GF3S04556a,25.665306,61.0086313,2019
S000214,5.372778,51.125833,2009
GF4T1459otu,77.75,34.66,2015
GF4S20767b,25.852309,59.126063,2015
GF4S21536b,13.47508,49.01738,2011
GF4S20015b,26.34164,58.08112,2012
FMS21738v2,10.31103,51.27151,2012
GF4T1542otu,41.69,43.45,2016
FMS17693v2,92.36666667,34.11666667,2011
GF3S01730a,27.33,64.27,2014
GF4S01931b,101.2,37.6166667,2012
FMS19530v2,82.70063889,43.58783333,2015
GF4T51otu,-69.9,-3.99,2019
FMS17255v2,56.560944,37.371111,2010
GF4S20686b,22.548541,58.581946,2015
FMS16BI0095v2,152.878872,-27.386111,2013
GF4S20731b,25.016531,59.427424,2015
FMS15709v2,-21.55,74.4666667,2011
FMS02397v3,29.58333333,67.7666667,2013
N4030,119.007225,29.652775,2015
S00D622,27.3249,57.9557,2013
FMS00573v3,8.871944,50.23444,2014
GF4S21777b,23.9683,58.1447,2016
S00D601,26.4683,57.6652,2013
N1969,116.015833,48.223083,
FMS11027v2,27.0333,58.116,2012
GF4T1458otu,77.75,34.66,2015
GF4S03495b,101.574,21.612,2015
GF4S15885b,-72.1875,42.4836111,2016
FMS11929v2,-149.34,68.38,2012
GF3S01745a,26.55,60.48,2014
GF4S03637b,101.016,24.533,2015
GF4S11438b,-112.2437,59.7429,2015
GF4S02810b,101.016,24.533,2015
GF4S20940b,24.66265,59.4194,2016
FMS16BI0179v2,146.50833,-36.10959,2012
GF4S13135b,4.4643,50.8151,2019
GF4S20888b,23.830305,59.185868,2016
FMS08003v3a,138.8177222,35.9173889,2016
N0770,117.908,29.124,2011
GF4S04049b,101.016,24.533,2015
FMS16BI1762v2,147.42226,-42.61778,2014
S001735,23.551006,58.555214,2011
N1524,8.378025751,56.16754556,2014
GF4T674otu,17.59,68.16,2014
FMS17233v2,-71.244902,-29.311377,2009
FMS08036v3a,138.8177222,35.9173889,2017
GF4S13345b,4.4176,50.7493,2019
FMS16BI0609v2,118.8600872,-34.09390556,2013
GF4S19710b,27.16238,58.54311,2017
GF4S21776b,23.9683,58.1447,2016
GF4S21775b,24.0118,58.1448,2016
GF4S19584b,26.93822,58.18852,2013
N1647,9.730524609,55.69191227,2014
S000604,74.75724,14.26995,2013
GF4S03399b,101.016,24.533,2015
GF4S03924b,101.574,21.612,2015
GF4T31otu,-72.09,-0.63,2019
FMS23109v2,-120.28,50.93,2010
S000786,132.97392,43.3633,2010
GF4T1669otu,28.74,-2.32,2018
FMS22976v2,-95.15,31.11,2012
GF4T1602otu,55.12,36.98,2017
GF4S02979b,101.016,24.533,2015
GF4S21888b,14.5358447,50.0178889,2017
FMS23523v2,-121.92,52.32,2009
FMS23343v2,-120.35,50.88,2010
GF4S02104b,18.854472,68.326056,2008
GF3S01368a,24.55077913,59.27369111,2016
N0636,117.911,29.126,2011
FMS16BI1603v2,150.251209,-33.31107767,2015
S008729,17.781014,66.133167,2009
FMS16BI1780v2,147.521225,-24.853827,2014
N2046,151.057451,-33.982,
FMS16BI1745v2,147.31059,-42.38459,2014
FMS26592v2,22.32023,58.28365,2012
FMS25402v2,22.53,66.58,2014
GF4S11523b,-116.839,61.7379,2015
GF3S00752a,-3.33348,36.95188,2014
GF4S03606b,101.574,21.612,2015
FMS16BI0463v2,148.7971667,-35.42386667,2013
GF4T235otu,39.5,41.02,2015
FMS22883v2,-82.85,47.57,2011
FMS16BI1359v2,138.666254,-34.677165,2016
GF4S15873b,-72.1875,42.4836111,2016
GF4S14338b,16.669242,49.32103,2016
FMS23111v2,-120.28,50.93,2010
FMS21752v2,10.311413,51.271362,2012
GF4S20460b,26.610205,57.862795,2015
N0681,117.91,29.126,2011
FMS16BI1152v2,149.0076,-35.881,2014
GF4S19868b,27.38157,58.0918,2017
FMS11733v2,-61.725088,47.477783,2011
FMS05380v3,114.829,37.83464,2015
N1992,-2.900725,40.068228,
GF4S20528b,22.940762,58.869644,2015
FMS25049v2,14.54,61.26,2014
GF4S01630b,4.98985,50.87237,2018
FMS24753v2,-71.3317636,42.4093993,2013
S008694,17.743818,66.025354,2009
GF4S19272b,19.11,65.13255426,2016
FMS16BI1678v2,147.40767,-42.40422,2014
GF3S05106a,-84.16,10.27,2014
FMS23137v2,-120.42,50.85,2010
GF3S05206a,-61.725206,47.476603,2011
GF4S17405b,11.06,47.44,2016
FMS16BI1694v2,147.50573,-42.8223,2014
GF4S21960b,26.719139,58.458611,2014
GF3S04498a,25.734625,62.144427,2019
S005203,9.382384493,48.38258955,2011
GF3S01597a,124.2333,43.3167,2017
GF3S01729a,26.55,60.48,2014
FMS21800v2,10.238938,51.26789,2012
GF4S13418b,4.4215,50.7504,2019
GF4S02692b,13.85214702,52.89582589,2011
GF4S13173b,4.5305,50.8126,2019
GF4S20155b,22.8662,58.43088,2014
GF4S03358b,100.167,27.167,2015
N1791,12.2700817,55.05469893,2014
GF3S01429a,26.27391234,57.90808177,2016
FMS17629v2,101.0166667,36.85,2011
GF4S20934b,25.9528,59.5769,2016
GF4S19959b,27.31184,58.27111,2011
FMS16BI0499v2,131.1041333,-21.70758333,2011
GF4S21932b,15.1231019,50.6537439,2018
GF4T117otu,117.05,-33.18,2011
GF4S19337b,15.14,62.39679319,2016
GF4S17361b,11.06,47.44,2016
GF4S20496b,25.795687,58.040238,2015
FMS11049v2,27.0333,58.116,2012
S00D494,27.32412,58.27423,2011
FMS16BI0443v2,148.3021,-42.0578,2013
GF4S14431b,16.6232342,49.27314193,2017
S005939,13.6182,49.043017,2013
GF4S12636b,126.7282834,33.4780278,2015
FMS25122v2,14.75,63.51,2014
GF4S01664b,4.98676,50.87565,2018
S008901,17.81088,65.974564,2009
GF4S02925b,101.574,21.612,2015
FMS06335v3,-84,30.75,2014
S000656,45.38101,-22.56155,2010
GF3S05825a,14.70868677,48.66555302,2015
FMS23377v2,-120.35,50.88,2010
GF4S02440b,9.485781341,48.46583326,2011
GF3S01450a,8.368494976,46.56744196,2017
GF3S00735a,-2.97942,37.08098,2013
GF4T850otu,176.24,-38.95,2019
FMS16BI1215v2,139.84894,-34.09934,2014
N1576,8.935220188,55.17319834,2014
GF4S03507b,101.574,21.612,2015
GF4S20009b,23.57,58.58,2018
GF4S20034b,22.46296,58.28253,2013
N1557,8.19077075,55.69423108,2014
FMS16BI0171v2,149.595675,-30.201225,2013
GF3S03180a,26.5866,58.41797,2015
GF3S08575b,0.836114052,42.66656069,2013
GF4S20497b,25.69482,58.140109,2015
GF4S20247b,23.273948,58.556037,2015
FMS05377v3,114.979,36.28419,2015
GF4T1599otu,49.3,33.15,2017
GF4T104otu,-6.99,31.56,2015
FMS25057v2,14.21,60.95,2014
GF4S20745b,25.100894,59.205561,2015
FMS22823v2,-121.04,39.55,2011
FMS26463v2,22.44009,58.2402,2012
N1677,12.27163112,55.96826784,2014
GF4S21809b,24.9807,58.415,2016
FMS00412v3,4.915,51.98,2014
GF4S01966b,-72.1875,42.4836111,2016
GF4S02912b,101.574,21.612,2015
N0766,117.908,29.124,2011
N3628,-123.2666667,54.3333333,2014
S000530,46.8687,-25.0621,2010
FMS26190v2,23.07545,58.59697,2012
FMS21717v2,10.311229,51.271436,2012
GF4S03275b,100.167,27.167,2015
FMS16BI0601v2,118.8501972,-34.08451028,2013
GF4S02414b,9.441678108,48.40126215,2011
GF3S03177a,26.55598,58.36978,2014
GF4S21298b,28.19321,59.39218,2020
FMSA8F1029v2,-65.8,18.3,2012
GF4S19577b,27.32285,57.9108,2013
GF4S17585b,94.42694444,29.6497222,2018
FMS22758v2,-89.39,49.07,2011
GF4S03448b,100.167,27.167,2015
FMS00404v3,8.215833,50.02867,2014
GF3S08409b,7.416666667,60.55,
GF3S03484a,97.21,28.37,2015
GF4S02908b,100.167,27.167,2015
GF4S21779b,23.02356,58.62933,2016
FMS11073v2,26.433,58.1833,2012
FMS21810v2,10.238754,51.267973,2012
FMS16BI0439v2,148.2851,-42.173,2013
GF4S19996b,22.83183,58.48655,2012
FMS21816v2,10.224485,51.268042,2012
GF4S21149b,26.51096346,58.75619517,2016
GF4T1297otu,15.66,78.17,2014
S009003,17.737975,66.044107,2009
GF4S03636b,100.167,27.167,2015
GF4T1157otu,15.39,66.82,2020
GF3S09260b,112.83,22.57,2018
FMS22782v2,-89.39,49.07,2011
GF4S20234b,28.144766,59.349081,2015
GF4T1228otu,98.39,18.53,2012
FMS22963v2,-95.15,31.11,2012
GF4T866otu,-20.61,74.47,2019
GF4S19809b,26.415432,58.160118,2017
FMS16BI1169v2,142.717778,-30.395,2014
GF3S05195a,52.0445,36.5614,2018
GF4T983otu,-63.43,45.39,2019
GF4S21256b,25.6068,58.38357,2020
GF4S02583b,10.22396937,51.28456698,2011
N0584,117.909,29.123,2011
GF3S06765a,128.463275,38.032124,2018
GF4S03049b,100.167,27.167,2015
N1804,12.50972319,54.96462731,2014
GF4S21912b,15.6506325,50.2191386,2018
FMS24701v2,-73.2508238,42.1290612,2013
S003096,-119.44064,37.85158,2012
GF4S03166b,101.574,21.612,2015
GF3S02822a,13.110873,56.700918,2014
GF4S20701b,26.292596,58.622742,2015
GF4S20095b,27.0601,58.0554,2014
GF4S03098b,100.167,27.167,2015
GF3S10306b,-0.76553,37.82781,2017
GF3S10257b,26.04,47.29,2017
FMS26625v2,21.97197,58.45095,2012
GF4S03145b,101.016,24.533,2015
S00D512,27.31185,58.26203,2011
S001802,22.76667,58.83333,2011
GF4S11405b,-116.5827,62.4851,2015
GF4S22066b,-70.07126667,-4.42538333,2015
GF4S20654b,27.45956,59.390218,2015
GF4T1047otu,99.95,20.03,2020
FMS23549v2,-126.31,52.32,2008
GF4S20984b,25.45529,58.33807,2016
FMS10966v2,27.31,58.25,2012
FMS05399v3,115.50656,33.29347,2015
GF4S01153b,115.627917,33.22595,2014
FMS16BI1357v2,138.666254,-34.677165,2016
GF4S20730b,26.712763,58.251661,2015
FMS16BI0437v2,148.2851,-42.173,2013
GF4S17477b,101.9868389,29.57201111,2014
FMS23021v2,-95.15,31.11,2012
S006128,29.58333,67.76667,2011
FMS17597v2,96,33.58333333,2011
GF4S20689b,24.066592,58.537702,2015
GF4T242otu,-75.2,41.3,2015
FMS24122v2,124.9,41.85,2013
GF4T1461otu,77.11,34.8,2015
FMS16BI1366v2,138.79065,-34.624175,2016
S005719,5.263889,51.236111,2009
FMS23419v2,-120.35,50.88,2010
GF4T1100otu,25.44,65.08,2020
N3632,-123.2666667,54.3333333,2015
S001800,22.76667,58.83333,2011
GF3S05838a,14.70872691,48.66470334,2015
GF3S08518b,20.180339,47.90674,2017
FMS22739v2,-89.38,49.08,2011
FMS25341v2,22.63,66.5,2014
FMS23063v2,-95.15,31.11,2012
GF4T1585otu,38.6,-5.16,2016
GF4S20119b,24.844,57.179,2014
GF4S11537b,-112.3496,59.7795,2015
FMS23233v2,-122.61,54.35,2008
FMS22859v2,-82.25,46.75,2011
GF4S21919b,13.4430758,50.5109781,2018
N4184,112.6,29.3666667,2016
GF4S20164b,27.207,57.948,2014
GF4T317otu,-50.77,67.01,2017
GF3S00788a,-3.34732,36.93336,2013
FMS10571v2,-66.967743,18.404516,
GF3S02327a,122.094,50.9424,2017
GF4S19574b,27.13176,58.15621,2013
GF3S05696a,16.788116,49.318581,2014
GF4S01148b,117.073337,35.00309,2014
S000758,26.5561,58.3701,2013
FMS24656v2,-73.9559721,41.3914827,2013
GF4S03418b,101.016,24.533,2015
GF4T1134otu,23.7,54.87,2020
N0658,117.907,29.123,2011
S001626,14.84222,59.27222,2008
FMS26472v2,22.44009,58.2402,2012
GF4S03902b,101.574,21.612,2015
S000957,8.46667,46.63333,
S006142,29.58333,67.76667,2011
FMS17609v2,96.2,34.1,2011
FMS24952v2,14.42,61.48,2014
S009325,16.62371465,49.26374892,2013
GF4S14184b,8.716666667,47.05,2014
GF4S20479b,25.463703,58.477372,2015
GF3S08612b,1.073071595,42.59338439,2013
S008846,17.84363,65.946791,2009
GF4S03139b,101.574,21.612,2015
FMS16BI0271v2,148.81105,-35.3912,2013
FMS00415v3,5.808333,52.10833,2013
FMS00260v3,21.298056,40.00722,2013
GF4S20063b,24.285,58.335,2014
GF3S05714a,16.72054,49.281044,2014
S000557,51.573399,30.732353,2011
GF4S14404b,16.661869,49.284314,2016
GF4S02875b,101.574,21.612,2015
GF4S03236b,101.574,21.612,2015
N1661,9.857507134,55.68390164,2014
GF4S20334b,25.711784,57.963171,2015
GF4S21312b,24.52982,58.86771,2020
GF4S21425b,26.5529,57.6764,2013
GF4S14600b,13.49650476,49.00470201,2016
GF4S02849b,101.574,21.612,2015
GF4S21895b,15.3221769,49.9690553,2017
GF4S19563b,26.48778,58.23692,2013
GF4S17806b,-83.45717,35.04411,2013
GF4S22092b,-51.45273333,-1.71751666,2015
FMS16BI0507v2,127.8730167,-17.87356667,2011
FMS16BI1717v2,147.31092,-42.38433,2014
GF4T1396otu,-67.29,-30.21,2014
S009119,17.81088,65.974564,2009
S003415,-121.62656,42.79114,2012
GF4S17713b,138.80453,35.937,2014
GF4S21259b,25.5949,58.3703,2020
GF4S11535b,-116.8218,61.7581,2015
GF4T29otu,-72.07,-0.64,2019
GF4T1634otu,13.91,37.96,2018
GF4S03612b,101.574,21.612,2015
GF4S03577b,101.016,24.533,2015
GF4S16743b,21.31546,69.51703,2013
GF4S19781b,23.42558,56.99967,2019
FMS16BI1594v2,117.754283,-34.476888,2016
GF4S20878b,24.133589,59.075966,2016
FMS17329v2,-2.039614,37.6339,2010
GF4S19700b,26.74647,58.06976,2017
GF4S01212b,111.94426,32.52209,2015
GF3S10233b,23.73,52.82,2017
GF4S03837b,100.167,27.167,2015
GF4T229otu,41.82,41.23,2015
GF4S01970b,-72.1875,42.4836111,2016
N1807,12.53898782,54.96620118,2014
FMS16BI1705v2,146.69943,-42.42688,2014
GF4S17654b,138.80029,35.95813,2014
GF4S20041b,26.72325,58.31681,2013
GF4S01673b,4.96303,50.86246,2018
GF4S19599b,26.95928,58.2451,2013
GF3S04781a,38.61888889,7.0838889,2015
FMS00657v3,14.743333,46.39389,2014
FMS21809v2,10.238754,51.267973,2012
GF4S15855b,-72.1875,42.4836111,2016
S009261,16.62698512,49.30045341,2013
FMS19744v2,-64.891,-23.6847,
N1489,8.916948894,57.05073517,2014
GF4S21285b,25.80972,58.74266,2020
GF4S20049b,22.5766,58.30027,2013
FMS23353v2,-120.35,50.88,2010
GF4S20040b,26.89759,58.43891,2013
FMS08089v3a,138.7976944,35.9149167,2017
GF4T127otu,147.12,-7.31,2011
FMS22888v2,-82.85,47.57,2011
GF4S01651b,4.93629,50.85095,2018
GF4S16432b,-85.37,42.38,2015
GF4S21318b,27.28495,58.28381,2020
S003188,-72.96664,41.82708,2012
FMS16BI0399v2,115.0423,-30.0489,2013
S000611,-65.8167,18.3167,2011
GF4S20189b,27.106665,57.744726,2015
GF4S20896b,26.75944,59.113685,2016
GF4S19259b,15.02,57.88891968,2016
GF3S01297a,23.57538,58.58855,2015
N1901,145.55909,-33.47484,
FMSA8F1049v2,-79.85,9.15,2012
N0587,117.909,29.123,2011
GF3S00780a,-3.33518,36.95113,2013
FMS17339v2,9.717897,34.956452,2010
S000700,-71.47167,-42.78133,2011
GF4S03667b,100.167,27.167,2015
FMS21715v2,10.311229,51.271436,2012
GF3S05745a,14.70376313,48.66696548,2015
FMS16BI1839v2,150.71983,-33.61007,2015
GF4S03558b,100.167,27.167,2015
FMS23341v2,-120.35,50.88,2010
GF4S02973b,100.167,27.167,2015
GF4S21362b,27.287989,58.262164,2017
GF4S20191b,27.47202,58.212507,2015
FMS20335v2,24.17,61.51,2011
GF4S01961b,-72.1875,42.4836111,2016
GF3S10240b,23.78,52.74,2017
FMS16BI0249v2,148.9296944,-35.6072777,2013
GF3S05754a,14.70826522,48.66526932,2015
S00D521,27.32669,58.29013,2011
GF4T1182otu,-82.22,8.66,2012
GF4S21193b,27.00099,57.8397,2017
FMS26607v2,22.32023,58.28365,2012
GF3S01434a,23.73995447,58.99756104,2016
S009263,16.65409793,49.32141518,2013
GF3S10265b,26.05,47.29,2017
S009087,17.714925,66.137601,2009
FMS11711v2,-61.741354,47.45786,2011
GF4S20386b,25.756804,59.638149,2015
GF4T151otu,145.34,-6.19,2011
GF4S17372b,11.06,47.44,2016
GF4S14187b,8.716666667,47.05,2014
GF4S16281b,-93.21,45.43,2017
GF4S02834b,101.016,24.533,2015
FMS19750v2,-64.8659,-23.705,
GF4S16742b,21.31546,69.51703,2013
GF3S04776a,38.61888889,7.0838889,2015
GF4S02933b,100.167,27.167,2015
FMS26196v2,23.07539,58.59697,2012
GF4T578otu,42.82,43.08,2015
GF4S20928b,25.603911,58.395626,2016
GF4S04087b,101.574,21.612,2015
GF4S03896b,101.574,21.612,2015
GF4S20961b,24.98596,59.61535,2016
GF4S20346b,27.49112,58.100037,2015
GF4S03875b,100.167,27.167,2015
S00D621,27.299,57.9384,2013
GF3S02113a,128.0666667,42.08333333,2014
GF4S10741b,5.777071,52.014828,2016
GF4S13179b,4.422,50.7518,2019
GF4T1223otu,29.45,-19.88,2013
FMS25120v2,14.75,63.51,2014
GF3S01298a,24.03508,58.61721,2015
GF4T238otu,-77.87,39.94,2015
GF4S02691b,13.88743776,52.91504202,2011
S000610,46.9255,-24.9879,2010
GF4S21230b,26.6557,58.36329,2018
FMS25095v2,15.69,63.31,2014
GF4T87otu,-60.32,-2.56,2015
GF4S20144b,23.1117,58.5312,2014
FMS24111v2,124.9,41.85,2013
FMS23299v2,-122.61,54.35,2008
GF4S11450b,-112.2237,59.7423,2015
GF3S02108a,128.1166667,42.13333333,2014
GF4T1242otu,77.3,30.57,2012
FMS02375v3,29.58333333,67.7666667,2013
GF4S20770b,25.800229,59.112887,2015
GF4S03945b,100.167,27.167,2015
GF4S21724b,26.24502,59.30415,2015
GF4S01591b,4.99096,50.88655,2018
N1987,-1.999301,34.309672,
FMS24118v2,124.9,41.85,2013
FMSA8F1037v2,-65.8,18.3,2012
GF3S08598b,1.074323293,42.59271203,2013
FMS25385v2,22.46,66.53,2014
S006602,-149.53333,68.61667,2012
FMS16BI0291v2,133.249341,-22.282754,2013
GF4S00202b,98.83541111,29.5346333,2019
GF3S01340a,25.9528,59.5769,2016
GF4T1430otu,115.19,-30.29,2015
FMS22914v2,-83.37,46.42,2011
GF4S20242b,27.846037,59.394025,2015
GF3S00751a,-3.33352,36.95193,2014
GF4S15882b,-72.1875,42.4836111,2016
GF3S09283b,12.6584281,50.2383325,2008
GF4T520otu,2.19,7.81,2019
GF4S19612b,26.8386,58.21791,2013
FMS23086v2,-120.28,50.93,2010
GF4S20805b,26.863815,58.178392,2015
GF3S01475a,8.372932021,46.56869799,2017
GF4S21586b,22.12285,57.95478,2014
GF4S15879b,-72.1875,42.4836111,2016
GF3S03433a,106.05,30.87,2015
GF4S13044b,9.448648359,48.48725232,2015
GF4S21925b,13.1789528,50.3844758,2018
GF3S02393a,122.093,50.9429,2017
FMS10975v2,27.31,58.25,2012
GF4S03328b,101.574,21.612,2015
GF4T1383otu,146.11,-19.02,2014
FMS15695v2,-21.55,74.4666667,2011
FMS16424v2,15.7065,50.7191,2013
S000761,-112.06814,36.23099,2013
GF3S01342a,26.78071,58.25126,2016
GF4S02420b,9.350230928,48.38912209,2011
FMS06208v3,101.23959,21.91958,2013
FMS16BI1637v2,132.1961667,-30.88627118,2016
GF4S18749b,15.8,60.9666667,2011
FMS24937v2,14.05,60.94,2014
S009258,16.62698512,49.30045341,2013
GF4S03714b,101.016,24.533,2015
FMSA8F1007v2,-105.38,39.99,2012
S008918,17.84593,65.955791,2009
FMS25289v2,22.45,66.55,2014
GF4S19828b,25.88983,58.69349,2017
FMS26484v2,21.97216,58.45105,2012
FMS08021v3a,138.8177222,35.9173889,2016
N0512,117.909,29.127,2011
GF3S02087a,111.9333333,33.5,2014
FMS19764v2,-65.6256,-27.2218,
FMS25917v2,21.99097,58.26556,2012
GF4S14395b,16.68807241,49.29490555,2017
FMS25258v2,15.29,63.18,2014
GF4S21006b,23.4343709,58.62853367,2016
FMS23056v2,-95.15,31.11,2012
FMS11704v2,-61.735333,47.465381,2011
S000773,24.10171,58.62038,2012
GF4S10849b,5.85,45.11,2014
S001207,-73.5979,-3.833,2008
GF3S02353a,121.292,51.1402,2017
GF3S01310a,24.81622,59.51083,2015
S008769,17.761085,66.141704,2009
GF3S06544a,10.575556,46.692222,2016
GF4S03673b,101.574,21.612,2015
GF4S13134b,4.4644,50.8147,2019
FMS16BI0223v2,115.2134333,-30.17106667,2013
GF4S20366b,25.946528,58.693705,2015
GF4S04015b,100.167,27.167,2015
FMS16BI0502v2,129.9691167,-20.27151667,2011
GF4S20507b,25.09558,58.903782,2015
GF4S03724b,100.167,27.167,2015
FMS16BI0055v2,149.0097,-35.8766833,2014
GF4S20870b,26.932326,58.217867,2016
FMS16BI0132v2,150.6731254,-35.1630042,2012
GF4S17471b,101.996,29.57833333,2014
FMS08198v3a,111.6710272,40.7704282,2015
GF4S03159b,100.167,27.167,2015
GF4S02454b,9.434888801,48.39697142,2011
N1446,10.07802317,57.58822589,2014
GF4S02862b,101.574,21.612,2015
GF4T647otu,17.63,67.69,2014
GF4S04042b,101.016,24.533,2015
GF4T831otu,119.43,30.34,2012
GF4S20604b,26.520841,59.497473,2015
GF4S10874b,-1.32,51.77,2014
GF4S21065b,26.22692909,59.25681255,2016
GF4S03005b,101.574,21.612,2015
GF4S19902b,27.3247,58.27508,2011
GF4T1403otu,10.38,0.63,2009
GF4S13287b,4.4384,50.7657,2019
GF3S01317a,26.23994,57.70159,2015
GF4S03205b,100.167,27.167,2015
GF4S21311b,25.42577,58.77773,2020
S005200,9.414681796,48.41961847,2011
FMS16BI0383v2,140.6958,-34.0597,2013
GF4S16745b,21.31508,69.51659,2013
GF4T1162otu,15.98,67.97,2020
GF4S19257b,15.02,57.88891968,2016
S005801,5.263889,51.236111,2009
GF4T1151otu,15.47,66.73,2020
GF4S02426b,9.521442437,48.38294187,2011
S008721,17.749183,66.14522,2009
S009316,16.71786991,49.28890402,2013
GF4S03642b,100.167,27.167,2015
S00D596,26.5691,57.6726,2013
N3678,-123.2666667,54.3333333,2014
GF4S19224b,16.3,63.82444,2016
FMS16BI0241v2,132.4792078,-12.67858864,2013
GF4S02088b,18.853583,68.3265,2008
GF3S01449a,8.368094992,46.56712504,2017
FMS26568v2,21.94149,58.26765,2012
S000787,132.50927,43.61065,2010
FMS24675v2,-73.3378848,42.4750834,2013
FMS00263v3,6.020833,52.04222,2013
GF4S11525b,-114.1562,60.3362,2015
N0702,117.91,29.126,2011
FMS22830v2,-121.04,39.55,2011
S005810,5.263889,51.236111,2009
FMS26256v2,23.07562,58.59677,2012
S000840,145.0333333,-5.9305,2011
GF4S17483b,101.9688,29.55956111,2014
GF3S09307b,12.6584281,50.2383325,2015
S000677,25.4991,-18.07174,2013
GF3S09298b,12.6401353,50.2319303,2010
GF4S19697b,26.920106,57.749939,2017
GF4S21423b,26.6047,57.6669,2013
GF4S17747b,138.82538,35.95045,2014
GF4T1721otu,54.08,17.32,2019
S000796,130.78776,42.57212,2010
GF4S02433b,9.259596584,48.395478,2011
N0583,117.909,29.123,2011
GF3S02296a,121.3346,50.9258,2017
GF4S03096b,100.167,27.167,2015
GF4S20835b,26.886887,58.357352,2015
GF4T795otu,-71.28,-41.25,2012
GF4S04018b,101.016,24.533,2015
GF4S19779b,26.09737,57.65579,2019
N1644,9.850810822,55.67579903,2014
GF4T980otu,-138.68,63.96,2019
FMS24279v2,5.63,52.25,2016
GF3S08563b,0.835834551,42.66723079,2013
GF4S01598b,4.990793,50.887179,2018
FMS16BI0252v2,148.7826,-35.4502,2013
GF4S20218b,26.464301,58.685068,2015
FMS17571v2,100.2166667,34.53333333,2011
FMS16BI0016v2,119.4254444,-34.19216667,2013
GF4S04082b,100.167,27.167,2015
GF4S21768b,24.34035,59.10435,2015
GF4T357otu,90.74,25.61,2018
GF3S09289b,12.6793169,50.2420728,2006
FMS11000v2,27.0333,58.116,2012
FMS16BI1742v2,147.01602,-42.38684,2014
GF4S16749b,21.31466,69.51624,2013
FMS23441v2,-121.92,52.32,2009
GF4S14186b,8.716666667,47.05,2014
GF4T634otu,27.35,57.94,2013
GF3S09299b,12.6401353,50.2319303,2010
S003517,-122.89653,38.12031,2012
GF3S01461a,8.370495988,46.56669899,2017
GF4T965otu,-83.72,8.64,2016
GF4S21117b,23.55022405,58.91728521,2016
GF3S05801a,14.70564365,48.66385984,2015
FMS17328v2,-2.039614,37.6339,2010
GF3S02325a,122.093,50.9429,2017
GF3S05190a,52.1643,36.2818,2018
GF4S01155b,120.0127222,36.69275,2014
FMS05317v3,117.70531,37.02925,2015
GF4S02498b,9.349436605,48.49960223,2011
GF4S03435b,100.167,27.167,2015
GF4S10833b,5.89,45.1,2014
GF4S03244b,101.016,24.533,2015
FMS17567v2,100.3833333,34.46666667,2011
GF4S21532b,14.8862675,49.7051789,2017
GF4S20256b,23.082578,58.590427,2015
GF3S01400a,26.932778,58.329722,2014
GF4S10932b,83.07,55.01,2017
S000830,-75.4917,6.33,2011
N1857,-96.81,40.87,
GF4S20907b,27.057701,57.715224,2016
GF4S20091b,26.5767,57.91727,2014
GF4T266otu,-108.22,32.88,2015
GF4S03356b,100.167,27.167,2015
FMS11761v2,-61.748936,47.470815,2011
GF4S21767b,24.31246,59.08235,2015
GF4S03496b,101.574,21.612,2015
GF4T1675otu,177.85,64.75,2018
FMS25419v2,22.68,66.51,2014
GF4S09302b,-99.15,39.0833333,2018
GF4S19335b,15.14,62.39679319,2016
S002968,-148.27486,64.76619,2011
GF4S20229b,26.257867,57.613881,2015
FMS23423v2,-120.35,50.88,2010
GF4T1700otu,-5.42,11.24,2018
GF4S15376b,112.1666667,23.1666667,2017
FMS17664v2,95.9,37.48333333,2011
GF4T1306otu,-3.77,8.76,2014
GF4S21796b,22.30828,58.46634,2016
N1458,10.08032401,57.58100162,2014
GF4T312otu,-51.73,64.18,2017
GF4S03765b,101.016,24.533,2015
GF4S20691b,24.333098,58.475458,2015
GF4T886otu,24.57,-24.61,2019
GF4S16728b,21.31831,69.51875,2013
GF4S02598b,10.49825888,51.07994428,2011
GF4S21792b,22.12264,58.26628,2016
FMS24742v2,-71.3317636,42.4093993,2013
GF4S20933b,25.9528,59.5769,2016
GF3S01413a,22.5004,58.15685,2013
GF3S01724a,27.33,64.27,2014
GF4S20897b,26.827395,59.154495,2016
GF4S12802b,-76.3255,44.567667,2016
GF4S14347b,16.683848,49.321515,2017
GF3S02397a,122.085,50.9444,2017
S00D597,26.6012,57.6823,2013
S001733,23.551006,58.555214,2011
FMS10999v2,27.0333,58.116,2012
S000686,-71.5514,-41.0832,2011
GF4S02616b,14.01709964,53.11397068,2011
GF4S16451b,-89.35,43.1333333,2015
N1604,10.48020474,56.29155915,2014
GF4S11371b,-116.3939,62.5565,2015
GF3S02414a,121.2914,51.1536,2017
FMS25217v2,15.28,63.19,2014
GF4T1316otu,118.75,44.22,2014
GF4S20551b,22.5162,58.696468,2015
GF4T109otu,116.29,-34.36,2011
FMS16BI1707v2,141.50677,-13.74184,2015
GF4S01957b,-72.1875,42.4836111,2016
FMS19493v2,116.7232167,44.32773333,2015
N3702,-123.2666667,54.3333333,2014
GF4S16479b,112.1666667,23.1666667,2016
FMS21691v2,10.31103,51.27151,2012
FMS26031v2,21.98974,58.26431,2012
GF4S21293b,25.53064,58.31888,2020
GF3S05209a,-61.752835,47.433137,2011
GF4S17393b,11.06,47.44,2016
S000969,8.46667,46.63333,
GF4S02857b,101.574,21.612,2015
GF3S08430b,7.416666667,60.55,
GF4S21876b,13.5344694,49.6698928,2017
FMS11765v2,-61.758429,47.472396,2011
FMS23076v2,-120.28,50.93,2010
FMS17667v2,95.48333333,37.43333333,2011
FMS16BI0339v2,132.68674,-12.85747,2013
GF4S03589b,101.574,21.612,2015
FMS16BI0614v2,118.8614839,-34.09445056,2013
GF3S08603b,1.080707741,42.59118924,2013
GF4S02896b,101.016,24.533,2015
GF4S12213b,-0.399277319,39.81883117,2014
GF4T1288otu,-68.38,-54.8,2013
FMS16BI0268v2,148.7763,-35.5252,2013
FMS25342v2,22.63,66.5,2014
GF4S20621b,26.485078,57.524674,2015
GF3S00748a,-3.34707,36.9334,2014
S003527,-122.89653,38.12031,2012
FMS08203v3a,116.8185917,26.2199353,2015
GF3S02842a,13.110873,56.700918,2014
FMS24190v2,5.63,52.25,2012
FMS16BI1630v2,132.1980571,-30.88704988,2016
FMS22950v2,-120.35,50.88,2010
FMS16BI0186v2,132.6333546,-12.62067646,2012
N0642,117.909,29.125,2011
GF4T975otu,125.66,54.37,2019
S00D588,27.5112,59.0618,2013
GF4S03324b,101.016,24.533,2015
FMS16BI0453v2,148.7989167,-35.42356667,2013
GF4S11518b,-116.5485,62.4905,2015
GF3S09257b,112.83,22.57,2018
FMS24780v2,24.70361111,68.4877778,2011
GF4S10879b,-1.32,51.77,2014
GF4S21781b,22.12827,58.00971,2016
S008688,17.714042,66.04005,2009
S009297,16.67256665,49.30332358,2013
FMS23089v2,-120.28,50.93,2010
GF4S14374b,16.67256665,49.30332358,2016
FMS04028v3,9.630967,46.0915,2014
GF3S00701a,-2.97187,37.0536,2014
FMS25986v2,21.89557,58.32669,2012
FMS17716v2,91.06666667,31.48333333,2011
N0513,117.908,29.127,2011
FMS23163v2,-120.42,50.85,2010
GF3S05149a,1.032778,41.349167,2013
FMS23575v2,-126.31,52.32,2008
GF4T785otu,-71.58,-41.35,2012
FMS16BI0238v2,132.9485214,-12.43047409,2013
GF4S02700b,13.91453434,52.90274751,2011
N0722,117.91,29.127,2011
FMS16BI0489v2,133.5572333,-27.23993333,2011
FMS21737v2,10.31103,51.27151,2012
GF4S20785b,25.513599,58.678472,2015
GF3S06742a,128.463275,38.032124,2018
GF4S11343b,-117.1765,61.773,2015
GF4S21206b,25.15923,59.44022,2017
GF4S20873b,26.926233,58.216834,2016
GF4S21675b,26.2963,58.22851,2015
GF3S09312b,12.6793169,50.2420728,2015
FMS21724v2,10.311229,51.271436,2012
GF4T11otu,-72.08,-0.64,2012
N3642,-123.2666667,54.3333333,2015
GF4T1340otu,53.35,35.57,2012
FMS25980v2,21.89557,58.32669,2012
GF4S20727b,26.548988,58.286338,2015
GF4S03960b,100.167,27.167,2015
FMS02395v3,29.58333333,67.7666667,2013
GF4T160otu,131.07,-12.67,2011
FMS17316v2,-3.388677,40.36936,2010
GF4S19321b,23.8,66.94586398,2016
GF4S11470b,-117.1724,61.7765,2015
FMS24666v2,-73.9559721,41.3914827,2013
FMS16BI1783v2,150.73423,-33.62075,2015
GF3S01316a,27.97139,59.41076,2015
FMS26295v2,22.18282,58.10608,2012
GF4S17755b,138.79973,35.91565,2014
GF4S02974b,101.016,24.533,2015
S000188,5.372778,51.125833,2009
GF4S19984b,21.89557,58.32669,2013
FMS17604v2,95.7,33.93333333,2011
GF4S20662b,25.548041,58.11988,2016
FMS20315v2,24.17,61.51,2011
GF4S02601b,10.35802388,51.33209873,2011
GF4T1296otu,15.73,78.21,2014
GF4T982otu,-63.39,45.47,2019
FMS16BI1718v2,147.31059,-42.38459,2014
FMS16BI0212v2,148.567311,-34.858056,2013
GF4S20030b,25.36253,59.49325,2013
FMS25267v2,22.54,66.58,2014
FMS11926v2,-149.34,68.38,2012
GF4S21742b,22.94584,58.47962,2015
GF4S03357b,100.167,27.167,2015
FMS9553v2,13.85522797,48.77661707,2011
GF4S03552b,101.574,21.612,2015
GF4S20987b,26.5651,58.768008,2016
GF4S20228b,26.257867,57.613881,2015
GF4S15767b,101.2,37.6166667,2012
GF4T1701otu,40.87,-2.3,2018
GF4S19818b,26.38788,58.04124,2017
FMS00393v3,8.698333,50.14194,2014
FMS23147v2,-120.42,50.85,2010
FMS22791v2,-122.61,54.35,2008
GF4S20834b,24.538283,57.855456,2015
GF4T619otu,27.34,57.95,2013
GF4S03320b,101.016,24.533,2015
S009067,17.715826,66.140629,2009
GF4S12811b,-76.357217,44.551667,2016
GF4S22121b,-60.77676667,-3.07933333,2015
FMS22861v2,-82.25,46.75,2011
FMS25008v2,14.08,60.94,2014
GF3S06549a,10.576111,46.675,2016
GF4T1452otu,77.12,32.8,2015
N1449,10.40397373,57.64472817,2014
GF4T1096otu,23.35,61.83,2020
FMS05338v3,111.94426,32.52209,2015
GF4S03551b,101.016,24.533,2015
GF4T1704otu,-99.37,19.28,2018
FMS16BI0556v2,142.30177,-36.66839,2012
GF4S20243b,27.875269,59.390166,2015
GF4S17562b,124.3333333,51.7,2018
GF4S01573b,4.960782,50.861122,2018
GF3S06751a,128.463275,38.032124,2018
S000810,14.04111,37.86361,2011
GF4S21684b,26.5561,58.3701,2015
GF4S17774b,-64.89566667,-32.0539722,2014
GF4T1640otu,38.01,-6.66,2018
GF4S19723b,26.61541,58.416181,2016
GF4S16163b,13.110873,56.700918,2014
GF4S21147b,26.51096346,58.75619517,2016
GF4S03793b,100.167,27.167,2015
FMS02368v3,26.63333306,67.35,2013
FMS17750v2,99.3,36.7,2011
S005219,10.40085432,51.10283444,2011
GF4T547otu,42.78,43.06,2015
GF4S20584b,23.532999,58.676028,2015
FMS26271v2,22.18282,58.10608,2012
GF4T1518otu,-106.53,39.12,2015
GF3S05200a,-61.75143,47.436933,2011
GF4T1604otu,55.47,37.17,2017
GF4S04039b,101.574,21.612,2015
N1523,8.128703025,56.31348114,2014
N0758,117.908,29.124,2011
GF4T1714otu,-95.78,15.93,2018
GF3S09304b,12.7354503,50.2551353,2010
S005826,5.263889,51.236111,2011
GF4S15854b,-72.1875,42.4836111,2016
GF4S21905b,15.0201053,50.2907222,2017
GF4S14482b,16.71916517,49.27026736,2016
N1622,10.58723175,56.22247706,2014
GF4S19692b,25.95098,58.69171,2017
GF4T465otu,-43.56,-22.6,2018
GF4S19545b,122.0594444,51.8283333,2021
S001719,23.31667,58.55,2011
FMS16BI1397v2,138.679629,-34.710551,2016
FMS15738v2,82.07583333,32.38055556,2011
GF4S19890b,26.82084,58.46239,2011
GF4T1140otu,-0.9,6.15,2020
FMS17722v2,91.68333333,31.06666667,2011
GF4S15343b,-85.37,42.38,2015
GF4T1334otu,-76.62,3.32,2014
GF4S21383b,27.4422,59.096,2013
FMS17608v2,96.2,34.1,2011
GF4S10724b,5.777071,52.014828,2016
GF4S00194b,102.8290556,33.9374167,2019
FMS05333v3,113.39588,34.81651,2015
S009240,16.64881277,49.26161526,2013
GF4T801otu,-67.44,-54.49,2012
FMS16BI1172v2,144.111706,-29.945633,2014
GF4T166otu,101.84,3.22,2011
FMS16BI0522v2,120.5453166,-28.05314507,2011
FMS16BI1154v2,149.0083,-35.8811,2014
FMS16BI1680v2,147.17126,-41.75804,2014
GF3S05084a,118.5,32.05,2017
GF4S16305b,8.716666667,47.05,2014
GF4S03530b,100.167,27.167,2015
FMS16BI0584v2,150.7250605,-35.16259382,2012
GF3S01352a,25.22027,59.18189,2015
FMS23028v2,-95.15,31.11,2012
S009128,17.871057,65.945096,2009
GF4T1159otu,13.85,68.28,2020
GF4S03957b,101.574,21.612,2015
GF4S01132b,117.6293056,37.00355556,2014
FMS16BI1782v2,148.151667,-35.656611,2015
GF4S14503b,16.665998,49.2571,2017
GF4T458otu,-40.73,-20.69,2018
FMS24946v2,14.42,61.48,2014
GF3S01753a,26.55,60.48,2014
GF4S12617b,126.7282834,33.4780278,2015
GF4S15901b,-48.35194444,-21.30638889,2018
N2038,148.609224,-33.833655,
GF3S01428a,26.52069083,57.91781836,2016
GF4S21252b,26.5792,59.4992,2020
FMS02384v3,29.58333333,67.7666667,2013
FMS22894v2,-83.37,46.42,2011
GF3S03540a,-83.4798,35.6899,2017
GF4T790otu,-71.46,-40.13,2012
S001666,23.31667,58.55,2011
GF4T1356otu,-80.11,26.04,2013
FMS08026v3a,138.8177222,35.9173889,2017
GF3S04592a,23.748899,61.503556,2019
FMS08070v3a,138.7976944,35.9149167,2016
GF3S02093a,128.0833333,42.4,2014
N1796,12.27018455,55.03992619,2014
GF4S20016b,23.68405,58.89269,2012
FMS16BI1388v2,138.782866,-34.62018833,2016
GF3S00717a,-2.97137,37.0196,2013
GF4S11480b,-113.1353,62.5409,2015
GF4S19546b,122.0594444,51.8283333,2021
FMS19539v2,81.04041667,44.41572222,2015
FMS20325v2,24.17,61.51,2011
GF4S17493b,101.9675639,29.55504444,2014
GF4S16214b,-96.58333333,39.0833333,2015
GF4T989otu,91.36,30.83,2019
GF3S01749a,26.55,60.48,2014
S000752,128.297,26.837,2012
GF4S21555b,27.68945,57.87791,2013
N1595,9.067590023,55.2925393,2014
S00D585,27.4557,59.0826,2013
FMS17324v2,-2.345141,39.127509,2010
FMS24106v2,124.9,41.85,2013
GF3S02331a,122.0856,50.9451,2017
GF4S21749b,26.51305,57.53299,2015
GF4S03905b,100.167,27.167,2015
GF4S21535b,13.47508,49.01738,2011
FMS00348v3,21.8925,40.91306,2014
FMS21708v2,10.311413,51.271362,2012
FMS17712v2,91.85,31.56666667,2011
GF4T804otu,-71.73,-44.83,2012
GF4S20762b,25.664158,59.151644,2015
GF4S17829b,-83.49488,35.56527,2013
S009043,17.761085,66.141704,2009
S00D508,27.33115,58.27285,2011
N3621,-123.2666667,54.3333333,2014
GF4S04009b,101.016,24.533,2015
GF4S19566b,26.48628,58.23698,2013
GF3S03451a,111.51,36.11,2015
GF3S10219b,11.2,43.07,2017
FMS16BI1714v2,145.09314,-41.58365,2014
GF4S17489b,101.9762028,29.55298611,2014
GF4S20818b,26.879972,57.85263,2015
FMS11868v2,-72.19,42.53,2012
FMS25426v2,22.57,66.54,2014
FMS11788v2,-61.745726,47.456164,2010
GF4S02123b,18.854472,68.326056,2008
FMS25127v2,14.75,63.51,2014
GF4S21405b,27.5019,59.0579,2013
GF3S01299a,27.20106,57.84645,2015
FMS24176v2,5.63,52.25,2012
GF4S19657b,26.869,58.54666,2016
GF4S17660b,138.81944,35.91363,2014
GF4T1537otu,41.72,43.44,2016
FMS15519v2,150.275056,-33.647806,2012
FMS00269v3,14.974722,46.25306,2013
GF3S03488a,103.11,25.36,2015
FMS15542v2,146.643614,-41.674283,2012
GF4S13161b,4.4628,50.8131,2019
FMS17614v2,97.98333333,34.58333333,2011
GF4S20823b,24.672744,59.06406,2015
FMS26754v2,23.30707,58.54605,2012
GF3S01311a,25.49964,58.31679,2015
FMS11796v2,-61.75321,47.446027,2010
FMS22937v2,-120.78,39.26,2011
FMS21786v2,10.238748,51.267749,2012
FMS16BI1488v2,132.2222569,-30.90068195,2016
S000544,14.04278,38.01639,2011
GF3S05718a,16.738484,49.316541,2014
S005864,5.263889,51.236111,2011
FMS16BI1348v2,138.786575,-34.62351166,2016
FMS11024v2,27.0333,58.116,2012
GF4S01668b,4.93619,50.85123,2018
GF4S17705b,138.82679,35.92719,2014
GF4S02820b,100.167,27.167,2015
GF3S01701a,24.48,61.4,2014
GF3S03528a,81.84,43.23,2015
GF4S01217b,113.354,34.84568,2015
GF4T440otu,-36.91,-10.79,2018
FMS23115v2,-120.28,50.93,2010
FMS25013v2,14.07,60.94,2014
GF3S05225a,-61.709441,47.487346,2011
N1650,9.689242409,55.61045139,2014
FMS21770v2,10.238754,51.267973,2012
GF3S02358a,121.2927,51.1402,2017
FMS05376v3,115.00036,36.25369,2015
GF4S21606b,26.69698,58.36755,2014
GF4T1450otu,72.6,35.51,2015
GF4S20924b,25.585856,58.365659,2016
GF3S05704a,16.800567,49.318893,2014
GF4S02930b,100.167,27.167,2015
S008932,17.750305,66.023694,2009
GF3S01417a,26.18096232,58.13151339,2016
FMS00339v3,8.821667,50.15861,2014
S000636,145.59963,-17.02313,2012
GF4S19772b,22.68044,57.07765,2019
GF3S02823a,13.110873,56.700918,2014
S003306,-94.84192,46.74806,2012
FMS25429v2,22.57,66.54,2014
FMS16BI0616v2,118.7278044,-34.30320667,2013
GF4T863otu,-20.58,74.48,2019
S005763,5.263889,51.236111,2009
S000657,45.36419,-22.56647,2010
GF3S01362a,24.03989056,59.37664116,2016
FMS26679v2,22.83214,58.48656,2012
GF4S20449b,26.692656,58.399936,2015
FMS16BI1567v2,116.14246,-32.51827,2016
GF4S20116b,26.7264,58.5301,2014
GF4S03451b,101.016,24.533,2015
GF4S21071b,26.68439937,58.23762199,2016
GF3S02318a,121.8087,50.9866,2017
GF3S05193a,52.1326,36.3133,2018
FMS16BI0375v2,145.895516,-41.533383,2013
FMS26574v2,21.94149,58.26765,2012
GF4S09990b,141.45,39.32,2015
GF4S17581b,94.42694444,29.6497222,2018
GF3S00736a,-2.97938,37.081,2013
GF3S05095a,49.33555555,55.61583333,2016
N1532,8.507933548,56.24883484,2014
FMS12395v2,10.31900538,51.1942783,2011
GF4S20509b,25.179611,58.915266,2015
FMS16BI1495v2,150.4564183,-33.70503742,2015
GF4S20284b,22.924297,58.378154,2015
GF3S05663a,16.734936,49.287695,2014
GF4S21427b,26.4493,57.6567,2013
GF4T950otu,14.38,60.89,2019
GF4S02496b,9.445434938,48.38299188,2011
FMS05339v3,111.89003,32.52867,2015
N0518,117.908,29.127,2011
FMS24293v2,5.63,52.25,2016
GF4T1259otu,25.16,66.17,2019
GF4S19261b,13.87,57.84653703,2016
GF4S03766b,100.167,27.167,2015
GF4S21005b,23.4343709,58.62853367,2016
FMS16BI1675v2,120.257423,-30.68535,2016
FMS25358v2,22.48,66.58,2014
GF4S03879b,101.016,24.533,2015
GF4S03200b,101.016,24.533,2015
GF4S02415b,9.37684713,48.39142098,2011
S009209,16.76111792,49.3077972,2013
GF4S16437b,-85.37,42.38,2015
GF4S19637b,26.2109,58.1996,2017
GF4S21914b,15.6664303,50.2244547,2018
FMS10582v2,-66.869982,17.973813,
FMS08118v3a,138.8315,35.9194722,2016
GF4S03899b,101.016,24.533,2015
GF4S02880b,100.167,27.167,2015
FMS22721v2,-89.41,49.07,2011
GF4T494otu,7.94,45.97,2019
N1533,8.388856329,56.16729256,2014
GF3S03550a,-83.5065,35.6942,2017
GF4S03626b,100.167,27.167,2015
N4219,130.46,31.31,2015
FMS00454v3,5.735833,52.10028,2014
FMS23022v2,-95.15,31.11,2012
GF4S21127b,24.0119391,59.22915378,2016
GF4S21353b,27.314478,58.272478,2017
GF4S20967b,24.79904,59.41085,2016
N1716,10.89727399,55.74078685,2014
GF4S02424b,9.455662505,48.40197195,2011
GF4S20474b,25.74195,58.391298,2015
GF4S20723b,26.999301,57.625778,2015
S000684,-73.096796,-44.07439,2011
GF4S20535b,22.800584,58.993798,2015
S000577,-69.8975,-4.0086,2011
GF3S09309b,12.6401353,50.2319303,2015
FMS24084v2,124.9,41.85,2013
FMS00528v3,14.439722,46.45528,2014
GF3S02400a,122.0858,50.9454,2017
N0639,117.909,29.125,2011
GF3S08506b,20.187345,47.918885,2017
FMS17309v2,-1.717695,38.791855,2006
GF3S02384a,121.1963,50.9032,2017
GF4S19901b,27.32429,58.27644,2011
FMS23553v2,-126.31,52.32,2008
GF3S00681a,-2.98583,37.00702,2014
GF4T1061otu,99.95,8.55,2019
GF3S01504a,8.374675037,46.56938698,2017
S009055,17.716848,66.141895,2009
FMS17701v2,91.95,32.93333333,2011
S001694,22.76667,58.83333,2011
FMS16BI1744v2,147.20049,-42.55598,2014
GF4S19240b,14.3,58.35431089,2016
GF3S03536a,120.19,30.32,2015
GF4S12214b,-0.399212085,39.81873953,2014
GF4T1706otu,-99.19,19.29,2018
GF4S03890b,100.167,27.167,2015
GF4S19561b,26.76935,58.01056,2013
GF4S03348b,100.167,27.167,2015
GF4S21403b,27.5112,59.0618,2013
GF4S02662b,13.84731137,52.91734663,2011
GF4S03146b,101.574,21.612,2015
FMS23325v2,-122.61,54.35,2008
FMS21785v2,10.224485,51.268042,2012
N3707,-123.2666667,54.3333333,2014
N1896,144.819,-35.4895,
GF4S20348b,27.525909,58.126246,2015
GF4S20630b,26.272726,57.955749,2015
N1806,12.53898782,54.96620118,2014
GF4S03834b,101.016,24.533,2015
GF4S04083b,101.016,24.533,2015
GF4T655otu,17.37,67.62,2014
GF4T1095otu,11.1,60.27,2020
GF4S01993b,18.848083,68.330444,2008
FMS16BI1178v2,149.0097,-35.8766833,2014
GF4S01130b,117.7053056,37.02925,2014
FMS12381v2,9.349436605,48.49960223,2011
FMS16BI0466v2,148.7967667,-35.42325,2013
FMS26202v2,22.19456,58.11009,2012
GF4S03227b,101.016,24.533,2015
GF4S03736b,101.016,24.533,2015
GF4S21059b,26.45794038,59.30702267,2016
FMS23010v2,-95.15,31.11,2012
GF4S02920b,101.016,24.533,2015
S005831,5.263889,51.236111,2011
GF4T553otu,42.62,43,2015
GF4T1713otu,-95.32,16.11,2018
FMS16BI1911v2,150.72173,-33.61572,2015
GF4T433otu,-38.81,-8.68,2018
GF3S01516a,8.37627003,46.56937801,2017
GF4S20781b,26.96401,58.382365,2015
GF4S17737b,138.80233,35.94339,2014
GF3S00203a,11.097,47.033,2016
FMS11850v2,-105.38,39.99,2012
FMS21721v2,10.311229,51.271436,2012
FMS24740v2,-71.3317636,42.4093993,2013
GF4S01930b,101.2,37.6166667,2012
FMS11707v2,-61.718659,47.481228,2011
GF3S02354a,121.2927,51.1402,2017
GF3S02124a,121.25,51.43333333,2014
GF4T751otu,121.29,24.16,2010
GF4S04036b,101.016,24.533,2015
GF4S03727b,101.574,21.612,2015
GF4T296otu,-79.22,22.3,2017
GF4S20274b,22.843367,58.580017,2015
N0700,117.91,29.126,2011
FMS23091v2,-120.28,50.93,2010
GF4S14485b,16.71916517,49.27026736,2017
FMS25197v2,13.96,62.66,2014
GF4S03998b,101.574,21.612,2015
GF4S13341b,4.4216,50.7506,2019
GF4T27otu,-75.47,6.71,2012
FMS25018v2,14.07,60.94,2014
FMS17332v2,8.673783,35.167767,2010
FMS17252v2,58.6695,36.696167,2010
S001696,22.76667,58.83333,2011
S000740,119.42985,30.33869,2011
GF4S02057b,18.849,68.328056,2008
S006180,147.34958,-9.44475,2011
S000790,133.15603,43.27805,2010
GF3S01416a,25.51400833,58.33114836,2016
S006158,29.58333,67.76667,2011
GF4S20418b,24.043841,59.383398,2015
FMS15715v2,90.39916667,31.37444444,2011
GF4S21814b,24.8779,59.4698,2017
GF4S17404b,11.06,47.44,2016
GF4S19885b,26.319457,58.748047,2017
GF4S20498b,25.69482,58.140109,2015
GF4S02812b,100.167,27.167,2015
FMS23569v2,-126.31,52.32,2008
GF3S05828a,14.70868677,48.66555302,2015
N1676,12.27208167,55.95692068,2014
FMS02385v3,29.58333333,67.7666667,2013
S000643,116.02197,5.48864,2012
GF4S04003b,101.574,21.612,2015
GF4S20541b,22.829189,58.792501,2015
GF4T626otu,27.28,57.96,2013
GF4S03907b,101.574,21.612,2015
FMS21806v2,10.238754,51.267973,2012
GF3S05080a,118.5,32.05,2017
GF4S17768b,-64.75069444,-32.0390278,2014
FMS22799v2,-122.61,54.35,2008
GF3S00745a,-3.34748,36.93338,2014
GF4S20887b,23.830305,59.185868,2016
GF4S20121b,24.84865,57.1525,2014
GF3S02293a,121.3361,50.9252,2017
GF4S21650b,22.56574,58.85375,2015
GF4S15844b,-72.1875,42.4836111,2016
FMS25920v2,22.44777,58.3539,2012
GF4S20819b,26.879972,57.85263,2015
FMS16BI0511v2,123.7349,-17.50701667,2011
GF4T593otu,27.46,59.08,2013
GF4S01184b,115.0357778,36.28433333,2015
GF3S05657a,16.710087,49.305557,2014
FMS24716v2,-73.2508238,42.1290612,2013
GF4T933otu,-2.85,57.01,2012
GF4S20523b,22.939254,58.8653,2015
GF4S02969b,101.016,24.533,2015
N3692,-123.2666667,54.3333333,2015
S000208,5.372778,51.125833,2009
GF3S06555a,10.57,46.701944,2016
GF4S19682b,26.88825,57.93885,2017
GF4S02478b,9.318719503,48.37010376,2011
GF4S21338b,26.6443,58.3592,2020
GF4S17455b,102.0440278,29.59418333,2014
GF3S08449b,7.416666667,60.55,
FMS21741v2,10.31103,51.27151,2012
GF4T816otu,35.11,31.34,2019
FMS16BI1180v2,149.01025,-35.8769333,2014
FMS16BI0052v2,149.0083,-35.8811,2014
GF3S02830a,13.110873,56.700918,2014
FMS24286v2,5.63,52.25,2016
GF4S21933b,15.0943339,50.6255125,2018
GF4S21220b,26.52324,58.35534,2019
GF4S20539b,22.803321,58.761815,2015
GF4S17430b,102.0969139,29.60827222,2014
FMS16BI0495v2,132.0354,-22.43503333,2011
FMS24689v2,-73.3378848,42.4750834,2013
GF4S20920b,25.59288,58.360027,2016
GF3S06728a,128.463275,38.032124,2018
GF3S09313b,12.6793169,50.2420728,2015
GF4S17478b,101.9867194,29.57226667,2014
GF4S21740b,26.42818,59.25517,2015
N4029,119.0073944,29.65273333,2015
GF3S10218b,11.19,43.08,2017
GF4S03068b,101.574,21.612,2015
FMS00604v3,8.604567,50.30862,2014
GF4S14450b,16.71767847,49.27898345,2017
GF3S09288b,12.6793169,50.2420728,2006
GF3S00795a,-3.35489,36.92413,2013
S000514,53.15841,57.09869,2011
GF4T1702otu,35.39,-1.6,2018
GF4S03109b,100.167,27.167,2015
GF4S21399b,27.5162,59.0619,2013
FMS00647v3,14.978333,46.32111,2014
FMS21697v2,10.31103,51.27151,2012
GF4S19251b,15.54,57.79859393,2016
FMS23001v2,-95.15,31.11,2012
GF4T488otu,8.57,45.79,2019
S005901,5.263889,51.236111,2011
GF4S12238b,-0.473717649,39.91868358,2014
GF4S02845b,101.016,24.533,2015
GF4S21406b,27.5019,59.0579,2013
S000704,-67.44128,-54.48728,2011
GF3S06556a,10.5925,46.692222,2016
FMS16BI0251v2,148.7850833,-35.44535,2013
N2022,-110.516686,38.003108,
GF3S00759a,-3.3389,36.96588,2014
GF4S13226b,4.4222,50.7512,2019
FMS16BI0067v2,149.01165,-35.8748166,2014
N1561,8.21282134,55.79507753,2014
GF3S06746a,128.463275,38.032124,2018
FMS22727v2,-89.41,49.07,2011
FMS19522v2,84.30094444,43.06497222,2015
GF4S21395b,27.4371,59.1006,2013
FMS11793v2,-61.754859,47.43331,2010
GF4S20576b,24.035084,58.617214,2015
S001779,23.31667,58.55,2011
GF4S13131b,4.4631,50.8132,2019
GF4T1570otu,38.4,-5.07,2016
FMS16BI0368v2,140.7596,-34.04319,2013
GF4S13185b,4.4236,50.75,2019
GF4S03060b,101.016,24.533,2015
FMS24295v2,5.63,52.25,2016
FMS16BI1612v2,119.142832,-32.814728,2016
FMS16BI0362v2,140.7064,-34.03715,2013
GF3S09266b,112.83,22.57,2018
GF4S10843b,5.85,45.11,2014
S000668,29.45,-19.8833,2012
GF4S21666b,25.26525,58.80102,2015
GF4S21833b,23.82621,59.24028,2018
FMS00610v3,14.529722,48.40528,2014
GF4S02558b,10.42077395,51.2765094,2011
GF4S02975b,101.016,24.533,2015
FMS21787v2,10.238748,51.267749,2012
S008707,17.846592,65.954818,2009
S008859,17.819018,65.96866,2009
GF4S20638b,26.601199,57.520914,2015
N0763,117.908,29.124,2011
GF4S20260b,23.165822,58.675789,2015
N1757,10.31710074,55.12083699,2014
S001798,23.551006,58.555214,2011
GF3S09251b,112.83,22.57,2018
GF4S21373b,26.555425,58.326308,2017
S000631,-82.4336,8.68,2012
S008905,17.749183,66.14522,2009
FMS24987v2,14.29,61.19,2014
FMS16BI0247v2,148.9320833,-35.6055,2013
GF4T706otu,-98.04,19.27,2015
FMS11484v2,9.931472421,46.49633659,2014
S000516,25.313889,66.670278,2013
FMS16BI0139v2,150.5940691,-35.17371885,2012
GF3S09294b,12.6584281,50.2383325,2010
GF4S02020b,18.848083,68.330444,2008
GF4S21306b,27.04099,58.05234,2020
GF4S01619b,4.90409,50.86578,2018
GF4S16764b,21.31689,69.51724,2013
GF3S05770a,14.70370355,48.66751012,2015
FMS25216v2,15.28,63.19,2014
FMS16BI1192v2,149.0076,-35.881,2014
GF4S15890b,-72.1875,42.4836111,2016
S005714,5.263889,51.236111,2009
S006154,29.58333,67.76667,2011
N0826,117.91,29.127,2011
FMS15024v2,-69.77,-54.77,2009
GF3S05816a,14.70494027,48.66344805,2015
S00D510,27.31735,58.27091,2011
GF4S21559b,21.9648,58.3325,2014
GF4T447otu,-37.48,-11.66,2018
GF3S01384a,26.3716,58.27961,2011
GF3S06547a,10.583611,46.682778,2016
GF4S02597b,10.46586146,51.09295393,2011
S000995,18.816002,68.354395,
GF4S11383b,-116.4801,62.4914,2015
GF4S20478b,25.463703,58.477372,2015
FMS24921v2,14.13,60.96,2014
FMS08088v3a,138.7976944,35.9149167,2017
S001751,22.76667,58.83333,2011
FMS22974v2,-95.15,31.11,2012
GF4S20130b,22.2878,57.6288,2014
FMS11776v2,-61.755804,47.43036,2010
FMS23044v2,-95.15,31.11,2012
S000779,22.81871,58.28062,2013
GF4S19615b,26.93328,58.25645,2012
GF4S01140b,114.979,36.28419444,2014
FMS25111v2,15.27,63.23,2014
GF3S05134a,1.046111,41.339167,2012
FMS17703v2,91.95,32.93333333,2011
GF4S02881b,100.167,27.167,2015
FMSA8F1061v2,-79.85,9.15,2012
GF4S19236b,14.96,60.3024673,2016
FMS22980v2,-95.15,31.11,2012
S001759,22.76667,58.83333,2011
FMS26049v2,21.99088,58.26558,2012
FMS26079v2,22.44765,58.35375,2012
GF4S19565b,26.48628,58.23698,2013
S009257,16.61116838,49.29714876,2013
N1530,8.507933548,56.24883484,2014
GF3S00790a,-3.34703,36.93335,2013
GF4T416otu,-61.8,16.31,2018
S001603,17.63694,60.43444,2008
GF3S08344b,7.416666667,60.55,
GF4T42otu,-75.19,4.88,2019
N4199,130.46,31.31,2015
FMS23059v2,-95.15,31.11,2012
S009124,17.749183,66.14522,2009
FMS16BI0061v2,149.01025,-35.8769333,2014
GF4S19896b,27.03222,58.12324,2011
GF4T923otu,51.08,25.86,2018
FMS05390v3,114.979,36.28419,2015
GF4S17748b,138.81961,35.95736,2014
FMS00434v3,19.371389,42.565,2014
S009049,17.766267,66.139609,2009
FMS23096v2,-120.28,50.93,2010
GF4S13065b,9.439200708,48.39587586,2015
FMS16BI1091v2,132.84315,-12.70607,2013
GF3S01410a,27.0525,58.0405,2014
GF4T784otu,-71.61,-41.43,2012
FMS26676v2,22.83214,58.48656,2012
FMS16BI0084v2,150.268179,-33.652818,2014
GF4T1049otu,100.07,20.03,2020
N1890,146.347,-34.6507,
GF4T1539otu,41.69,43.45,2016
GF4S21906b,15.4468,49.1857,2017
GF4S02599b,10.45493741,51.10805619,2011
S008790,17.84593,65.955791,2009
FMS23399v2,-120.35,50.88,2010
GF4S20863b,24.928578,59.205782,2016
GF4T721otu,46.85,-24.76,2010
FMS23355v2,-120.35,50.88,2010
S000952,8.46667,46.63333,
FMS15022v2,-69.77,-54.77,2009
GF4T1454otu,77.2,32.91,2015
GF4S01678b,4.9604,50.86249,2018
FMS20291v2,24.17,61.51,2011
GF4T298otu,-77.04,21.51,2017
N0659,117.907,29.123,2011
N0701,117.91,29.126,2011
FMS08132v3a,138.8315,35.9194722,2017
GF4S19593b,25.29783,59.24056,2013
GF4T573otu,42.67,43.09,2015
FMS24080v2,124.9,41.85,2013
N1469,10.2409176,57.59655266,2014
GF4T466otu,-44.67,-22.4,2018
S009248,16.64813256,49.26306429,2013
GF4S21276b,26.8855,58.25424,2020
GF4S16289b,-93.21,45.43,2017
GF4S19652b,26.656205,58.740535,2017
GF4S04060b,101.574,21.612,2015
S000531,47.00013,-24.95139,2010
GF4T1740otu,83.04,51.12,2018
FMS25334v2,22.63,66.5,2014
FMS25187v2,13.96,62.66,2014
FMS16BI0064v2,149.01088,-35.8748666,2014
FMS24745v2,-71.3317636,42.4093993,2013
GF4S19878b,26.557575,58.417659,2017
FMS25103v2,15.27,63.23,2014
GF4T333otu,9.32,0.57,2018
FMS24743v2,-71.3317636,42.4093993,2013
GF4T1213otu,146.78,-43.18,2013
GF4T1659otu,73.4,33.93,2018
GF4S10745b,5.777071,52.014828,2016
GF4S20442b,24.91857,59.096977,2015
GF4S20276b,22.852675,58.589028,2015
GF4S19557b,122.0386111,51.8372222,2021
GF4T1691otu,151.27,59.57,2018
FMS16BI0027v2,119.9183889,-33.87711111,2013
GF4T726otu,2.19,9.26,2010
GF4S03488b,101.016,24.533,2015
GF4S19724b,26.398581,58.112031,2017
S009299,16.699755,49.305549,2013
GF4S03340b,101.016,24.533,2015
GF4S19333b,23.1,67.4752065,2016
S009287,16.65740556,49.3111101,2013
FMS16BI1207v2,142.27515,-34.42796,2014
N3710,-123.2666667,54.3333333,2014
GF4T948otu,26.02,66.61,2019
FMS00628v3,8.609433,50.30873,2014
GF4S02527b,10.47321979,51.07323751,2011
GF4T1338otu,50.89,34.69,2012
GF4T602otu,26.57,57.67,2013
FMS16BI0021v2,119.7221389,-33.72838889,2013
FMS16417v2,15.525,50.7575833,2013
GF4S20742b,25.233075,59.179688,2015
FMS16BI1038v2,143.97764,-39.66524,2013
GF4S11329b,-112.6686,60.1361,2015
GF3S05120a,-84.16,10.27,2015
GF4S21228b,26.6557,58.36329,2018
FMS16423v2,15.70698333,50.7211167,2013
S005204,9.415217623,48.36934576,2011
GF4S20862b,24.971383,59.223065,2016
FMS24705v2,-73.2508238,42.1290612,2013
FMS12318v2,17.5215,60.1029,2012
S005732,5.263889,51.236111,2009
GF4S20787b,25.696773,58.691568,2015
S009265,16.65293883,49.32502104,2013
N2009,-2.039614,37.6339,
GF4T456otu,-40.01,-19,2018
FMS22854v2,-82.25,46.75,2011
GF4S11359b,-117.1347,61.6239,2015
S000589,147.36922,-9.42183,2011
N1485,8.642470696,57.06436271,2014
GF4T156otu,132.46,-13.04,2011
GF3S01439a,27.03222,58.12324,2011
GF4S10809b,5.89,45.11,2014
GF4S02968b,100.167,27.167,2015
GF3S02189a,124.9408667,41.85,2014
N1447,10.07802317,57.58822589,2014
S005790,5.263889,51.236111,2009
FMS25055v2,14.21,60.95,2014
S000674,31.06442,-20.13699,2013
S009224,16.74571583,49.30214773,2013
FMS11854v2,-105.38,39.99,2012
GF4S19248b,15.54,57.79859393,2016
FMS17219v2,142.556909,-34.204296,2010
GF4S02571b,10.31294671,51.24264396,2011
GF4S20917b,26.886468,58.390576,2016
GF4S17556b,124.3333333,51.7,2018
GF4S21543b,26.5561,58.3701,2013
FMS22966v2,-95.15,31.11,2012
S005846,5.263889,51.236111,2011
FMS16BI1223v2,152.427209,-28.227565,2014
GF4S02639b,13.83543792,53.14908648,2011
GF4S21937b,27.045556,58.288889,2014
GF4T1099otu,23.9,63.4,2020
FMS00552v3,19.527222,42.9975,2014
GF4S20963b,24.99532,59.615525,2016
S001166,4.709229,52.822073,2010
GF4S03445b,100.167,27.167,2015
GF4S12631b,126.7282834,33.4780278,2015
GF4T105otu,-5.13,33.31,2015
GF3S05697a,16.779675,49.314014,2014
FMS11483v2,9.931472421,46.49633659,2014
N1900,145.758459,-33.35119,
FMS23121v2,-120.28,50.93,2010
GF4S02846b,100.167,27.167,2015
GF4S03178b,101.574,21.612,2015
GF4S20062b,23.9901,58.3457,2014
GF4S03004b,101.574,21.612,2015
FMS16BI0019v2,119.4345278,-33.80952778,2013
FMS08055v3a,138.7976944,35.9149167,2016
N4232,130.46,31.31,2015
GF4S03941b,100.167,27.167,2015
GF4T1117otu,23.42,70.11,2020
GF4S20789b,25.851675,58.40486,2015
GF4S19928b,27.33773,58.276,2011
N0773,117.908,29.124,2011
FMS16BI0543v2,141.9765,-35.11641,2012
GF4S21991b,48.464653,-18.978997,2016
GF4S19362b,-78.8339,-2.936,2017
GF4S03967b,100.167,27.167,2015
GF3S00754a,-3.33313,36.95207,2014
GF4S19927b,27.33773,58.276,2011
FMS16BI0154v2,118.7205022,-34.24008889,2013
GF4S20510b,25.179611,58.915266,2015
GF4S16421b,-85.37,42.38,2015
GF4S03885b,101.016,24.533,2015
FMS17671v2,94.26666667,35.7,2011
FMS22775v2,-89.39,49.07,2011
GF4T402otu,-65.91,18.45,2018
GF4S17820b,-83.08076,35.58786,2013
GF4S21927b,14.5405472,50.6190522,2018
GF4S11357b,-116.8351,61.7345,2015
GF4S15385b,112.1666667,23.1666667,2016
GF4T540otu,42.7,43.04,2015
FMS05355v3,114.17215,33.42341,2015
FMS05381v3,116.99994,35.00517,2015
FMS00456v3,13.466389,48.57139,2014
FMS24781v2,24.70361111,68.4877778,2011
N0710,117.91,29.126,2011
FMS24296v2,5.63,52.25,2016
GF4S17657b,138.8249,35.95049,2014
N1933,144.580937,-35.351175,
FMS17628v2,99.46666667,35.43333333,2011
N3673,-123.2666667,54.3333333,2015
S00D602,26.4148,57.6457,2013
FMS21797v2,10.238938,51.26789,2012
GF4T535otu,42.72,43.08,2015
GF4S19255b,15.56,60.63115615,2016
GF3S02095a,128.0833333,42.4,2014
S000620,-59.910361,5.296917,2011
GF4S17751b,138.81928,35.91358,2014
GF4S17727b,138.79769,35.91492,2014
GF4S17725b,138.79973,35.91565,2014
GF4S11527b,-117.0406,61.6777,2015
S003446,-121.61869,42.79305,2012
GF4T961otu,80.54,73.34,2019
FMS06197v3,101.28432,21.90843,2013
GF3S09308b,12.6584281,50.2383325,2015
GF4S20581b,23.690746,58.686175,2015
GF3S09314b,12.6793169,50.2420728,2015
GF4T36otu,-73.43,5.77,2019
GF4T445otu,-37.26,-10.97,2018
GF4T1427otu,-82.95,9.86,2013
GF3S03496a,108.24,22.6,2015
GF3S05810a,14.707853,48.6658366,2015
S009278,16.655187,49.321654,2013
FMS24773v2,24.70361111,68.4877778,2011
N4317,114.65,22.57,2017
FMS21750v2,10.311438,51.27173,2012
GF4T1346otu,99.72,27.8,2014
N1854,-96.88,31.48,
FMS23173v2,-120.42,50.85,2010
GF4S03681b,101.016,24.533,2015
FMS06294v3,-84,30.75,2014
FMS23413v2,-120.35,50.88,2010
GF4S03783b,100.167,27.167,2015
FMS12380v2,9.236548625,48.37578824,2011
FMS26613v2,22.32023,58.28365,2012
GF4S13355b,4.4393,50.7652,2019
GF4T386otu,-149.22,63.71,2018
N3669,-123.2666667,54.3333333,2015
GF4S20499b,25.68184,58.140754,2015
FMS11794v2,-61.754005,47.445294,2010
GF4T1225otu,-79.07,36.04,2012
FMS16BI1581v2,116.15891,-32.53487,2016
FMS16BI1729v2,141.65258,-13.97474,2015
GF3S05263a,-61.748936,47.470815,2011
GF4S21114b,24.14483316,59.25535402,2016
GF3S09208b,11.87559444,51.3915694,2016
GF4S03858b,100.167,27.167,2015
GF4S20748b,24.959016,59.351231,2015
GF4S03729b,101.574,21.612,2015
GF4S02932b,100.167,27.167,2015
FMS16BI1277v2,138.7872783,-34.62678,2016
FMS16BI1043v2,143.97147,-39.62658,2013
FMS20277v2,24.17,61.51,2011
FMS25004v2,14.08,60.94,2014
GF4S21735b,26.324419,59.205747,2015
GF3S02374a,121.4968,50.9423,2017
FMS23261v2,-122.61,54.35,2008
GF3S02167a,108.7833333,18.71666667,2014
FMS23369v2,-120.35,50.88,2010
GF4T529otu,39.13,7.88,2019
GF3S01349a,24.67274,59.06406,2015
GF3S10241b,23.67,52.69,2017
GF4S15871b,-72.1875,42.4836111,2016
GF4S09991b,139.56,35.85,2015
FMS24678v2,-73.3378848,42.4750834,2013
GF3S04522a,25.719109,62.229073,2019
GF4S20592b,23.695348,58.426627,2018
FMS00255v3,14.974722,46.25306,2013
GF4S21490b,14.7831314,48.9398206,2018
GF4S15891b,-72.1875,42.4836111,2016
FMS16BI0343v2,132.4531142,-13.52161823,2013
S00D584,27.4371,59.1006,2013
GF4S21010b,23.55104439,58.55893563,2016
GF4S10855b,-1.32,51.78,2014
S005742,5.263889,51.236111,2009
FMS16BI1558v2,132.2180168,-30.89909373,2016
FMS23101v2,-120.28,50.93,2010
GF4S14413b,16.688937,49.28631,2017
GF3S01523a,8.377075028,46.57022702,2017
GF3S05143a,1.044722,41.36,2012
GF4S16416b,-85.37,42.38,2015
FMS16BI0298v2,140.3515262,-34.098,2013
GF4S19869b,26.79959,57.84144,2017
FMS05361v3,114.22539,33.37315,2015
GF4S15770b,101.2,37.6166667,2012
S000537,77.92019,30.35214,2012
GF3S03470a,109.3,36.32,2015
FMS24091v2,124.9,41.85,2013
GF3S08342b,7.416666667,60.55,
FMS16BI1151v2,149.0076,-35.881,2014
S000491,21.74517,68.60353,2012
GF4T739otu,130.69,42.74,2010
S008930,17.743818,66.025354,2009
GF4S03692b,101.016,24.533,2015
FMS11801v2,-61.754267,47.443938,2010
GF4S10701b,113.1066778,30.36164572,2015
FMS25086v2,14.56,61.42,2014
GF3S04524a,25.758985,62.153809,2019
S008968,17.766267,66.139609,2009
FMS24274v2,5.63,52.25,2016
GF4S20151b,22.05,58.01,2014
GF4T350otu,93.02,25.12,2018
GF4S03838b,100.167,27.167,2015
FMS16BI1333v2,138.678607,-34.717025,2016
GF4S03970b,101.016,24.533,2015
FMS17548v2,100.8833333,36.31666667,2011
FMS16BI0318v2,131.084,-25.3118,2013
GF4T252otu,-115.67,36.28,2015
GF3S02139a,110.45,28.85,2014
GF3S09306b,12.6584281,50.2383325,2015
GF3S02137a,113.65,28.18333333,2014
GF4S03176b,101.016,24.533,2015
FMS17554v2,100.2166667,35.98333333,2011
GF3S05652a,16.780021,49.318891,2014
GF3S02164a,108.8333333,18.71666667,2014
GF4S11440b,-112.6764,60.1323,2015
FMS25294v2,22.41,66.58,2014
S005829,5.263889,51.236111,2011
FMS06309v3,-84,30.75,2014
GF4S20484b,25.58592,58.36433,2020
GF4S20534b,22.839152,58.801436,2015
GF4T906otu,8.66,39.84,2019
GF4S20663b,25.550255,57.978541,2015
GF4S14540b,13.36671068,49.14571321,2015
GF4S20688b,22.943649,58.47507,2015
FMS16BI1101v2,149.596946,-30.20049501,2014
GF4S13050b,9.357219301,48.44220388,2015
GF4S21880b,14.1591153,49.5117447,2017
N3613,-123.2666667,54.3333333,2015
FMS21841v2,10.238748,51.267749,2012
S008753,17.719246,66.137992,2009
FMS16BI0116v2,146.6542886,-43.09507123,2013
GF4S19936b,27.3179,58.26206,2011
GF4S19760b,22.76504,57.06564,2019
FMS23165v2,-120.42,50.85,2010
GF4T1273otu,-52.21,4.55,2013
GF4S03143b,101.574,21.612,2015
GF4S13192b,4.4147,50.7459,2019
FMS16BI0307v2,152.10497,-28.20754,2013
GF4S21856b,14.7979383,49.74848,2017
GF4S20076b,27.32441,58.27905,2014
GF4T1596otu,51.53,30.59,2017
FMS16BI0003v2,119.2123056,-34.00033333,2013
GF4S03557b,100.167,27.167,2015
GF4S21297b,27.11273,59.40758,2020
N2012,9.97436,33.52157,
GF4S12338b,-0.230616067,38.85669739,2014
FMS19509v2,111.7718,41.71233333,2015
GF3S05234a,-61.753638,47.435378,2011
GF4S20054b,24.7935,59.4399,2014
GF3S04544a,25.799686,61.026764,2019
GF4S21401b,27.4582,59.0771,2013
GF4T470otu,-47.88,-24.6,2018
FMS00536v3,19.623333,43.38722,2014
FMS00442v3,15.688889,46.14528,2014
GF4S17664b,138.81067,35.92239,2014
GF4S19619b,27.04865,58.15738,2013
GF3S01437a,24.10171,58.62038,2012
FMS16BI0597v2,150.686346,-35.14969942,2012
GF4S01208b,114.17215,33.4234,2015
GF4S21867b,14.5283969,50.2005714,2017
S005740,5.263889,51.236111,2009
S001757,22.76667,58.83333,2011
GF4S09323b,-96.58333333,39.0833333,2018
GF4S01963b,-72.1875,42.4836111,2016
FMS16BI1278v2,138.7872783,-34.62678,2016
GF4T206otu,-73.93,11.31,2014
GF3S01432a,24.54918489,59.43495649,2016
GF4T1401otu,12.36,56.02,2014
GF4S17499b,101.9636833,29.55320556,2014
S005914,5.263889,51.236111,2011
FMS9530v2,13.85520157,48.77658873,2011
GF4S19904b,27.32412,58.27423,2011
GF3S01385a,22.8236,58.47449,2013
GF4S21255b,26.82206,58.18111,2020
GF4S17378b,11.06,47.44,2016
FMS16BI1695v2,147.07991,-42.39835,2014
GF3S05708a,16.780021,49.318891,2014
N1887,145.759,-33.3576,
FMS16BI0105v2,135.20189,-12.93256,2013
S000775,23.68405,58.89269,2012
GF3S00696a,-2.97198,37.05358,2014
GF4T1660otu,74.8,35.35,2018
GF4S22124b,-61.44468333,-1.95511666,2015
FMS22909v2,-83.37,46.42,2011
GF4S19667b,26.7497,58.07034,2017
GF4S11441b,-112.6764,60.1323,2015
GF4S02462b,9.244827343,48.39909865,2011
GF4S21701b,26.46058,58.04031,2015
GF4S17596b,94.42694444,29.6497222,2018
FMS20323v2,24.17,61.51,2011
GF4T587otu,27.51,59.06,2013
GF4S19985b,22.65545,58.38859,2012
GF4S17480b,101.9704667,29.56076389,2014
GF4S03301b,101.016,24.533,2015
GF4S10734b,5.777071,52.014828,2016
FMS23385v2,-120.35,50.88,2010
GF4T1412otu,3.86,51.81,2010
GF4S17796b,-83.433849,35.047616,2013
S000802,115.42577,39.95546,2011
GF4S20596b,23.575376,58.58855,2015
GF4S04045b,101.016,24.533,2015
GF4T920otu,51.47,25.4,2018
FMS21789v2,10.238748,51.267749,2012
FMS23064v2,-95.15,31.11,2012
GF3S02088a,111.9333333,33.5,2014
GF4S12614b,126.7282834,33.4780278,2015
GF4T415otu,-61.26,15.5,2018
FMS24727v2,-72.2078598,42.508422,2013
FMS23287v2,-122.61,54.35,2008
FMS25193v2,13.96,62.66,2014
FMS23319v2,-122.61,54.35,2008
S000606,75.2251,13.49556,2013
FMS00625v3,6.027778,52.04861,2014
GF4S03241b,100.167,27.167,2015
GF4T1468otu,74.53,42.53,2015
GF4T1249otu,30.4,-19.22,2013
S009021,17.742322,66.150675,2009
S000500,21.94517,68.22592,2012
S008669,17.819018,65.96866,2009
GF4S20069b,27.519,59.4268,2014
GF3S08511b,20.192281,47.921977,2017
GF4S19635b,26.69756,58.7923,2017
FMS16BI0585v2,150.6583748,-35.12804944,2012
GF4T838otu,119.44,30.34,2012
GF4S19595b,26.92941,58.24941,2013
FMS22796v2,-122.61,54.35,2008
FMS10972v2,27.31,58.25,2012
GF4S03788b,100.167,27.167,2015
GF4S21791b,22.12264,58.26628,2016
FMS25333v2,22.63,66.5,2014
FMSA8F1095v2,-83.5,35,2012
S000851,103.78167,22.35164,2012
GF4S20582b,23.690746,58.686175,2015
GF4T586otu,27.49,59.08,2013
GF4S21954b,26.69961,58.523913,2014
FMSA8F1060v2,-79.85,9.15,2012
GF4S12608b,126.7282834,33.4780278,2015
GF4S14181b,8.716666667,47.05,2014
FMS16BI0561v2,142.08896,-37.84156,2012
FMS17360v2,-111.856829,36.685466,2009
GF4S21477b,27.3643,57.9386,2013
GF3S10228b,11.22,43.15,2017
GF4T892otu,27.05,-22.52,2019
FMS24183v2,5.63,52.25,2012
GF4T710otu,-103.85,20.83,2015
GF4T552otu,42.58,43.12,2015
GF3S01332a,26.63616,58.35759,2016
GF4T1028otu,90.6,30.57,2019
S009285,16.63047943,49.30907172,2013
GF3S10208b,30.21,62.36,2017
GF4S03034b,101.016,24.533,2015
S008962,17.761085,66.141704,2009
FMS00292v3,15.095278,46.18556,2013
FMS02986v3,114.6833333,37.8833333,2016
GF4S03450b,101.016,24.533,2015
GF4S19698b,26.79476,58.1886,2016
GF4S21620b,25.5154,58.476,2015
GF4S21460b,27.3465,57.9374,2013
FMS23175v2,-120.42,50.85,2010
GF4S20060b,27.193,58.0114,2014
FMS11738v2,-61.732651,47.47394,2011
GF4S14335b,16.62821054,49.3174786,2017
GF3S06745a,128.463275,38.032124,2018
GF4S19810b,26.527451,58.092054,2017
GF4T836otu,4.67,8.47,2018
FMS16BI1174v2,149.0076,-35.881,2014
GF4S17677b,138.80277,35.9436,2014
GF4T1107otu,24.15,68.17,2020
GF3S02193a,110.5,31.81666667,2014
GF3S01430a,25.29829695,59.47062971,2016
FMS17235v2,-71.250724,-29.749902,2009
FMS24925v2,14.13,60.96,2014
GF4S21850b,23.77166,59.18386,2018
GF4S21553b,27.01191,58.13621,2013
GF3S05267a,-61.758429,47.472396,2011
N0698,117.91,29.126,2011
GF4S17465b,102.0307639,29.58538333,2014
N1598,8.949862276,55.18478471,2014
FMS24985v2,14.29,61.19,2014
N0819,117.909,29.123,2011
GF4S02633b,13.61799082,53.11062829,2011
FMS26184v2,21.99024,58.26571,2012
FMSA8F1090v2,-83.5,35,2012
GF3S03547a,-83.5077,35.6967,2017
FMS16BI1823v2,150.73618,-33.61565,2015
FMS9560v2,13.8552914,48.776575,2011
GF4S04019b,100.167,27.167,2015
GF4S14645b,13.94109894,48.81333078,2016
FMS16BI1704v2,147.01244,-42.40319,2014
FMS25422v2,22.68,66.51,2014
GF4T326otu,30.39,0.65,2018
N1793,12.2700817,55.05469893,2014
GF4S02853b,100.167,27.167,2015
GF4S04029b,101.016,24.533,2015
GF4T1540otu,41.61,43.41,2016
GF3S02322a,122.0942,50.9428,2017
S000703,-67.44908,-54.48108,2011
GF4T554otu,42.62,42.99,2015
GF4T1443otu,-88.62,47.21,2015
GF3S02203a,110.4833333,31.31666667,2014
GF4S03279b,100.167,27.167,2015
S000970,8.46667,46.63333,
FMS00466v3,8.387867,50.06262,2014
S000190,5.372778,51.125833,2009
S00D620,27.2828,57.9608,2013
GF4S17765b,138.82738,35.92715,2014
GF4S20065b,24.3231,58.3827,2014
GF4S02101b,18.854472,68.326056,2008
GF4S03934b,100.167,27.167,2015
FMS23243v2,-122.61,54.35,2008
GF4S01682b,4.96044,50.86233,2018
GF4S21853b,25.82583,57.89817,2017
FMS24723v2,-72.2078598,42.508422,2013
GF4S19918b,27.32098,58.27779,2011
FMS25418v2,22.68,66.51,2014
GF4S04047b,100.167,27.167,2015
GF4S20808b,27.089911,57.638712,2015
FMS25965v2,22.38666,58.32899,2012
GF4S02787b,100.167,27.167,2015
S000616,-60.079306,5.439917,2011
GF4S17590b,94.42694444,29.6497222,2018
FMS25244v2,15.19,63.15,2014
GF4S17520b,124.3333333,51.7,2018
GF4S20162b,27.0622,57.7368,2014
GF4T666otu,18.74,68.36,2014
FMS24960v2,14.14,60.69,2014
GF4S21305b,26.69838,58.5848,2020
FMS00595v3,8.824167,50.22667,2014
GF4S16425b,-85.37,42.38,2015
FMS17286v2,-3.558751,33.932621,2010
FMS16BI1224v2,152.426866,-28.227608,2014
GF4S16454b,-89.35,43.1333333,2015
FMS08043v3a,138.8177222,35.9173889,2017
GF4T787otu,-71.66,-40.13,2012
FMS08062v3a,138.7976944,35.9149167,2016
S009011,17.743818,66.025354,2009
GF4S17744b,138.79995,35.95834,2014
GF4T1419otu,46.99,35.43,2012
GF4S03298b,100.167,27.167,2015
FMS22929v2,-120.78,39.26,2011
FMS17661v2,97.13333333,37.35,2011
GF4S02918b,100.167,27.167,2015
GF4T57otu,-70,-4.32,2015
GF4S03067b,101.016,24.533,2015
GF3S00747a,-3.34738,36.93335,2014
N1580,8.959030055,55.01130815,2014
GF4S19914b,27.32476,58.28328,2011
S003258,-94.71467,47.375,2012
GF4S17770b,-64.86466667,-32.0725556,2014
FMS21774v2,10.238754,51.267973,2012
FMS15691v2,-21.55,74.4666667,2011
GF3S10222b,10.96,43.35,2017
GF4S20258b,23.09898,58.600973,2015
GF3S02195a,110.5,31.81666667,2014
GF4T1720otu,54.14,17.13,2019
GF4S19717b,27.269549,58.258361,2017
GF3S01748a,26.55,60.48,2014
FMS17596v2,96,33.58333333,2011
GF4S16160b,13.110873,56.700918,2014
S009117,17.807557,65.977202,2009
FMS26724v2,22.82668,58.48978,2012
GF4S14444b,16.70424253,49.27761804,2017
FMS06169v3,101.28588,21.90903,2013
N1715,10.8935071,55.73474604,2014
S005769,5.263889,51.236111,2009
GF4S20769b,25.850344,59.124614,2015
GF4T845otu,51.09,25.07,2019
GF4S21892b,15.4162678,49.9663489,2017
FMS16BI1977v2,138.116249,-35.630431,2014
GF4S03045b,101.016,24.533,2015
S008744,17.725049,66.13815,2009
GF4T1613otu,37.04,-6.18,2018
GF4S15910b,-149.53333,68.61667,2012
FMSA8F1045v2,-122.26,44.2,2012
N3685,-123.2666667,54.3333333,2014
S006165,29.58333,67.76667,2011
FMS02394v3,29.58333333,67.7666667,2013
GF4S20871b,26.932326,58.217867,2016
GF3S01425a,26.51096346,58.75619517,2016
FMS24275v2,5.63,52.25,2016
FMS23405v2,-120.35,50.88,2010
GF3S01414a,27.3776551,57.69420368,2012
FMS16BI0374v2,140.7186,-33.9569,2013
GF4S21771b,24.507,59.04086,2015
FMS24774v2,24.70361111,68.4877778,2011
N1792,12.2700817,55.05469893,2014
GF4S02693b,13.85341878,52.91126795,2011
GF4S21316b,27.28654,58.28311,2020
N2037,148.947758,-33.981005,
S000994,18.816002,68.354395,
GF4T755otu,-65.82,18.32,2011
FMS20306v2,24.17,61.51,2011
GF4S02487b,9.356606222,48.38366171,2011
FMS00278v3,14.745833,46.00556,2013
N0610,117.909,29.127,2011
S001643,14.77806,59.42367,2008
FMS16BI0344v2,138.6902,-35.27211,2013
S000676,30.39775,-19.21745,2013
FMS05344v3,113.32212,34.83114,2015
GF4S11369b,-114.1022,60.3057,2015
GF3S10302b,-0.76553,37.82781,2017
GF3S04512a,25.744052,62.230309,2019
GF4T1406otu,-149.6,68.62,2012
S003019,-119.93833,37.84261,2011
GF4T757otu,-65.73,18.32,2011
FMS08148v3a,103.1097947,25.3587595,2015
FMS17783v2,-72.95,-40.79,2013
FMS25424v2,22.57,66.54,2014
S000695,-71.4692,-40.1411,2011
GF4S20367b,26.084657,58.662933,2015
GF4S17731b,138.8133,35.92194,2014
GF4T750otu,141.17,39.88,2010
N1833,-85.4,42.4,
GF4S17448b,102.057125,29.608,2014
FMS16BI1334v2,138.678607,-34.717025,2016
GF4S21664b,25.22249,58.80407,2015
FMS24746v2,-71.3317636,42.4093993,2013
GF3S09264b,112.83,22.57,2018
GF4S02528b,10.37098081,51.22106451,2011
GF4S03210b,101.574,21.612,2015
S009318,16.6357162,49.27408339,2013
FMS25134v2,15.7,63.31,2014
FMS23161v2,-120.42,50.85,2010
GF3S05089a,118.5,32.05,2017
GF4S20675b,21.835334,58.300352,2015
N4192,130.54,31.34,2015
FMS23259v2,-122.61,54.35,2008
GF4S21182b,26.52815,57.56308,2017
FMS11922v2,-149.34,68.38,2012
GF4T339otu,11.38,-0.1,2018
GF4T1003otu,-59.63,13.33,2019
FMS26745v2,23.30707,58.54605,2012
FMS16BI1689v2,146.77098,-42.5705,2014
GF4S17631b,94.42694444,29.6497222,2018
GF4S03065b,101.016,24.533,2015
GF4S16714b,15.8,60.9666667,2011
GF4S03526b,101.574,21.612,2015
GF4S02660b,13.77802812,52.95172886,2011
FMS24085v2,124.9,41.85,2013
GF4T537otu,42.73,43.04,2015
GF4S21151b,26.92723559,58.54840721,2016
N1794,12.27018455,55.03992619,2014
GF3S06758a,128.463275,38.032124,2018
N1659,9.857507134,55.68390164,2014
GF4S21585b,26.81878,58.32802,2014
FMS23100v2,-120.28,50.93,2010
FMS25926v2,22.38694,58.32926,2012
GF4T451otu,-39,-14.16,2018
GF4S03719b,101.016,24.533,2015
FMS17365v2,-69.648175,10.002322,2009
N1609,10.47165215,56.28731419,2014
FMS24665v2,-73.9559721,41.3914827,2013
GF4S21129b,24.29544725,59.39427325,2016
GF4S13339b,4.4206,50.7512,2019
GF4S20413b,24.350368,59.320555,2015
FMS25143v2,15.7,63.31,2014
N1812,12.29951999,55.02428234,2014
GF4S21576b,22.68792,58.36637,2014
GF4S15876b,-72.1875,42.4836111,2016
FMS16BI1641v2,150.1397234,-33.32938057,2015
GF4S20131b,22.2878,57.6288,2014
N0662,117.907,29.123,2011
GF4S02978b,101.574,21.612,2015
FMS16BI1898v2,146.7409397,-43.04549934,2015
GF4S11406b,-116.5827,62.4851,2015
FMS16BI1566v2,116.14246,-32.51827,2016
GF4S13188b,4.422,50.7517,2019
GF4S20911b,26.865143,57.529058,2016
GF4T1195otu,128.22,26.72,2012
FMS16BI0220v2,115.1639167,-30.10295,2013
S000680,145.74039,-37.67784,2011
GF4S15363b,-89.35,43.1333333,2015
GF4S19870b,26.638174,58.404762,2016
FMS21830v2,10.238748,51.267749,2012
GF4T1541otu,41.69,43.45,2016
S009016,17.757837,66.161164,2009
GF3S01390a,22.248666,58.353845,2014
GF4S01196b,115.567054,33.25602,2015
FMS24630v2,-74.009257,41.419898,2013
GF4S19790b,24.93961,56.74038,2019
GF3S05701a,16.773878,49.318596,2014
GF4T495otu,-90.14,20.86,2019
FMS17347v2,-112.552224,37.113448,2010
FMS16BI1489v2,132.2222569,-30.90068195,2016
FMS24759v2,-71.3317636,42.4093993,2013
GF4S17759b,138.80739,35.92016,2014
GF4T1349otu,101.49,21.57,2014
FMS21825v2,10.224485,51.268042,2012
GF4T1043otu,144.22,-37.45,2019
FMS16BI1528v2,150.364634,-33.57884446,2015
GF3S02376a,121.4953,50.9427,2017
GF4S20452b,27.741027,58.995903,2015
N3657,-123.2666667,54.3333333,2014
FMS21740v2,10.31103,51.27151,2012
GF4S20004b,23.55,58.56,2019
FMS05354v3,117.63278,36.95022,2015
GF4T1149otu,15.43,66.66,2020
GF4S03846b,101.574,21.612,2015
FMS06322v3,-84,30.75,2014
GF4S02028b,18.849,68.328056,2008
FMS16BI0576v2,150.7536825,-35.15368962,2012
S000664,27.6624,-11.4795,2012
FMS00484v3,13.466389,48.57139,2014
GF4S20589b,23.838839,58.387113,2015
S005867,5.263889,51.236111,2011
FMS08049v3a,138.7976944,35.9149167,2016
GF4S01586b,4.986316,50.87137,2018
GF4T1237otu,76.05,32.54,2012
FMS16BI0135v2,150.6666743,-35.13674651,2012
GF4T1210otu,146.37,-42.83,2012
GF4T473otu,-49.7,-25.47,2018
GF4S20052b,27.45895,58.09875,2013
FMS10992v2,27.31,58.25,2012
GF4S20627b,26.282492,57.901044,2015
GF3S03485a,118.9,28.95,2015
FMSA8F1008v2,-105.38,39.99,2012
GF4S21281b,26.1956,58.6109,2020
GF3S08614b,1.073112856,42.59323199,2013
GF3S10288b,-1.19511,38.04628,2017
GF4S16766b,21.31631,69.51689,2013
GF4T1576otu,38.43,-4.43,2016
FMS08042v3a,138.8177222,35.9173889,2017
GF4S12598b,126.7282834,33.4780278,2015
GF4S19314b,18.77,64.50870173,2016
FMS06189v3,101.21555,21.97769,2013
S005905,5.263889,51.236111,2011
FMS08077v3a,138.7976944,35.9149167,2017
FMS16BI0081v2,150.268179,-33.652818,2014
GF4S20254b,23.089555,58.535661,2015
GF4S02065b,18.853583,68.3265,2008
GF4S21019b,23.69915748,58.66996316,2016
GF4S19737b,26.76475,57.96177,2017
FMS25306v2,22.45,66.54,2014
FMS00467v3,23.191389,40.70167,2014
FMS25002v2,14.08,60.94,2014
GF3S01419a,25.93082604,58.14298872,2016
GF4S21878b,13.4588053,49.6936806,2017
GF4S19951b,27.30979,58.2704,2011
GF4S16757b,21.318,69.51803,2013
FMS20363v2,24.17,61.51,2011
S001714,23.21667,58.66667,2011
GF4S02669b,13.63370377,53.09029365,2011
GF4S01999b,18.848083,68.330444,2008
S008802,17.737975,66.044107,2009
GF4S02680b,13.91407472,53.06013855,2011
FMS16BI0351v2,138.6038,-33.9142,2013
GF4T1121otu,24.1,54.81,2020
GF4S21643b,22.05616,58.92356,2015
S008985,17.715826,66.140629,2009
GF4S14525b,13.27369692,49.12728851,2015
GF3S02077a,115.4166667,39.95,2014
GF4S19768b,24.33792,56.65789,2019
GF4S17475b,102.010625,29.571625,2014
GF3S02297a,121.1953,50.9036,2017
GF3S02836a,13.085274,56.662709,2014
FMS23008v2,-95.15,31.11,2012
N0461,117.908,29.125,2011
S008691,17.777006,66.034394,2009
GF3S05211a,-61.741354,47.45786,2011
GF4S14531b,13.33295205,49.15317831,2015
GF3S04496a,25.734625,62.144427,2019
N0808,117.908,29.124,2011
S000771,23.54882,58.55674,2012
FMS06303v3,-84,30.75,2014
N0453,117.907,29.124,2011
GF4S03630b,101.016,24.533,2015
N0549,117.908,29.124,2011
GF4T800otu,-67.45,-54.48,2012
GF4S20594b,23.595061,58.553826,2015
FMS11021v2,27.0333,58.116,2012
GF4S15884b,-72.1875,42.4836111,2016
GF3S02345a,122.4343,50.9896,2017
GF4S02593b,10.40507395,51.10468996,2011
GF4T1389otu,15.03,-22.67,2014
S008825,17.714925,66.137601,2009
FMS16BI1617v2,118.905108,-31.845833,2016
GF4T736otu,131.56,43.1,2010
GF4S20763b,25.657685,59.153576,2015
GF3S03187a,26.5866,58.41797,2014
GF4S20942b,24.7938,59.4433,2016
S000607,46.852,-24.745,2010
GF4S21201b,23.72366,58.56145,2017
S005891,5.263889,51.236111,2011
GF4S04095b,101.016,24.533,2015
GF4S02887b,100.167,27.167,2015
FMS16BI0474v2,145.029247,-36.673214,2013
FMS16BI1041v2,143.97275,-39.65086,2013
FMS25190v2,13.96,62.66,2014
FMS17272v2,-102.455579,22.352438,2008
FMS25962v2,22.38666,58.32899,2012
GF4T1453otu,77.12,32.8,2015
GF4S19911b,25.587969,58.36562,2011
GF3S01357a,27.30075,57.43844,2015
GF4S21447b,26.4768,57.6898,2013
S008894,17.808482,65.996435,2009
FMS00304v3,23.128889,40.65889,2013
GF4S12267b,-0.849321823,39.57528206,2014
GF4S21106b,23.93453038,59.31387387,2016
S008986,17.715826,66.140629,2009
GF4S03154b,100.167,27.167,2015
GF3S05123a,1.049167,41.341111,2009
FMS19743v2,-64.8997,-23.6853,
GF3S08514b,20.184321,47.91627,2017
GF4S03177b,101.016,24.533,2015
FMS00333v3,14.1025,45.82861,2014
GF4S02453b,9.457952708,48.40133333,2011
GF4T1otu,-72.4,-0.62,2012
FMS26160v2,21.99024,58.26571,2012
FMS21817v2,10.224485,51.268042,2012
S006599,-149.53333,68.61667,2012
FMS23241v2,-122.61,54.35,2008
FMS23527v2,-121.92,52.32,2009
S008969,17.766267,66.139609,2009
FMS16BI0493v2,132.6403667,-23.25241667,2011
S000548,116.75884,-34.95216,2011
GF4S03491b,101.574,21.612,2015
GF4S03504b,100.167,27.167,2015
FMS16BI0428v2,148.3395,-42.1074,2013
N1832,-147.84,64.85,
GF3S03501a,125.24,43.93,2015
GF4T633otu,27.29,57.96,2013
GF4T165otu,101.62,3.3,2011
N3624,-123.2666667,54.3333333,2014
FMS23057v2,-95.15,31.11,2012
GF4S19839b,26.569691,58.438397,2017
N1444,10.3637338,57.62822782,2014
GF3S02125a,121.2333333,51.51666667,2014
N1491,8.91187667,57.04493901,2014
GF4S17466b,102.02985,29.58485556,2014
GF4S03604b,101.016,24.533,2015
S000497,20.94322,68.96782,2013
FMSA8F1043v2,-122.26,44.2,2012
GF4T1040otu,143.7,-38.54,2019
GF4S21945b,26.72,58.4625,2014
GF4S22054b,-70.01043333,-4.33586666,2015
FMS24194v2,5.63,52.25,2012
S000545,116.291,-34.36113,2011
FMS22741v2,-89.38,49.08,2011
GF4S03958b,100.167,27.167,2015
S006597,-149.53333,68.61667,2012
GF4S15841b,-72.1875,42.4836111,2016
FMS23921v2,-120.35,50.88,2010
FMS16BI1203v2,149.01165,-35.8748166,2014
GF4S20989b,26.32,58.988,2016
GF4S03117b,100.167,27.167,2015
GF4S17800b,-83.433849,35.047616,2013
S001702,22.76667,58.83333,2011
GF4T506otu,-91,14.78,2019
N3717,-123.2666667,54.3333333,2014
GF4T1091otu,14.21,37.99,2012
GF4T1612otu,35.82,-5.72,2018
N0540,117.909,29.124,2011
FMS08086v3a,138.7976944,35.9149167,2017
GF4S14359b,16.63047943,49.30907172,2017
GF4S14446b,16.71767847,49.27898345,2016
GF3S02135a,111.3,29.65,2014
FMS11043v2,26.433,58.1833,2012
FMS16BI0311v2,151.07478,-26.87469,2013
FMS17283v2,-3.638859,34.473045,2010
GF3S09248b,112.83,22.57,2018
GF4S11401b,-116.4284,62.5466,2015
FMS16BI0203v2,138.5673,-31.32774,2013
S00D609,26.5578,57.671,2013
GF4T70otu,-51.46,-1.74,2015
GF4S13132b,4.4633,50.8133,2019
S009129,17.871057,65.945096,2009
GF4T1025otu,90.97,30.77,2019
S00D558,21.7,61.8,2011
GF4S20369b,25.231659,58.279915,2015
S005242,13.92832556,52.90097652,2011
GF4S19816b,26.76525,57.96056,2017
GF4S21011b,23.25202218,58.99896669,2016
FMS26517v2,23.30633,58.54681,2012
N1578,8.959030055,55.01130815,2014
FMS16BI1688v2,146.77292,-42.57264,2014
FMS19505v2,112.1647833,42.08951667,2015
GF4T1667otu,28.76,-2.31,2018
GF4S17659b,138.79847,35.95949,2014
FMS23227v2,-120.42,50.85,2010
FMS24945v2,14.42,61.48,2014
GF4S19670b,26.11451,58.65938,2017
GF4S14179b,8.716666667,47.05,2014
FMS23084v2,-120.28,50.93,2010
S008979,17.715826,66.140629,2009
GF4S02590b,10.35859032,51.13952828,2011
S000792,130.68873,42.74177,2010
FMS23591v2,-126.31,52.32,2008
GF4T656otu,18.83,67.88,2014
GF4T1473otu,74.49,42.56,2015
GF3S02181a,108.45,33.43333333,2014
GF4T651otu,17.49,67.6,2014
N0533,117.91,29.123,2011
FMS06178v3,101.21313,21.9167,2013
FMS16BI0355v2,139.0061,-34.57692,2013
GF4S20738b,25.428926,59.163261,2015
GF4S20550b,22.466148,58.720225,2015
S000745,-4.3333,56.6769,2011
GF4S02572b,10.25815169,51.36616394,2011
GF4S21244b,26.2665,59.2348,2020
GF4S21946b,26.72,58.4625,2014
FMS9556v2,13.85525968,48.77659627,2011
N3605,-123.2666667,54.3333333,2014
GF4S04090b,100.167,27.167,2015
FMS20347v2,24.17,61.51,2011
GF4S04076b,100.167,27.167,2015
S009030,17.846592,65.954818,2009
FMS16BI0327v2,131.0738,-25.3311,2012
GF4S19293b,16.33,61.86122121,2016
GF4S20457b,26.761667,58.667759,2015
GF4S03397b,101.574,21.612,2015
GF3S02388a,121.7937,51.0133,2017
FMS23295v2,-122.61,54.35,2008
GF3S06723a,128.463275,38.032124,2018
S001536,127.03333,46.1,2012
GF4S03891b,101.016,24.533,2015
FMS24954v2,14.42,61.48,2014
S005948,13.617667,49.045967,2012
FMS12386v2,10.24095787,51.26387813,2011
N0902,-83.96,35.84,2014
FMS20308v2,24.17,61.51,2011
GF4T348otu,92.37,26.13,2018
GF3S02071a,115.4333333,39.95,2014
FMS17697v2,92.1,33.71666667,2011
GF4S11423b,-116.4698,62.5208,2015
S00D566,21.7,61.8,2011
GF4S15336b,-85.37,42.38,2015
S000498,18.47499,69.55089,2013
GF3S01334a,25.45529,58.33807,2016
GF3S02101a,128.15,42.18333333,2014
GF4S12248b,-0.59989226,39.81206231,2014
GF4S03199b,101.574,21.612,2015
S008922,17.737975,66.044107,2009
GF4S13178b,4.4239,50.7503,2019
FMS15718v2,88.93777778,32.51527778,2011
GF4S20066b,24.3231,58.3827,2014
GF4T58otu,-70,-4.32,2015
GF4S20068b,24.2876,59.3994,2014
GF4T505otu,-90.88,14.52,2019
FMS16BI1921v2,146.6542886,-43.09507123,2013
GF3S02186a,108.45,33.43333333,2014
GF4S03055b,101.016,24.533,2015
GF4S13172b,4.4629,50.8132,2019
FMSA8F1075v2,-122.26,44.2,2012
GF4T959otu,11.5,46.41,2019
GF4S19925b,27.3335,58.26945,2011
FMS16BI0528v2,121.0622833,-30.4051,2011
GF4S12235b,-0.444439787,39.89162346,2014
GF3S05736a,14.70785875,48.66318166,2015
FMS24788v2,24.70361111,68.4877778,2011
GF4S01967b,-72.1875,42.4836111,2016
FMS21695v2,10.31103,51.27151,2012
GF4S02546b,10.34153521,51.11620269,2011
FMS11967v2,129.23,35.812778,2011
FMS16BI0337v2,132.2710697,-13.55388091,2013
GF3S05767a,14.70370355,48.66751012,2015
FMS11048v2,26.433,58.1833,2012
GF4T1520otu,-59.54,-51.63,2016
FMS00431v3,23.200556,41.66611,2014
FMS16BI0469v2,148.7965833,-35.42385,2013
N0652,117.909,29.125,2011
N0454,117.907,29.124,2011
GF3S04516a,25.744052,62.230309,2019
N3694,-123.2666667,54.3333333,2015
GF4S11512b,-114.227,60.3769,2015
GF3S08408b,7.416666667,60.55,
GF4S13356b,4.4017,50.7467,2019
FMS24988v2,14.29,61.19,2014
GF4S20724b,26.999301,57.625778,2015
GF4T201otu,98.44,18.51,2014
GF4S21021b,23.67499816,58.73505869,2016
GF4S19859b,26.70184,58.23053,2017
GF4S02871b,100.167,27.167,2015
S008879,17.846592,65.954818,2009
FMS25242v2,15.19,63.15,2014
FMS23583v2,-126.31,52.32,2008
FMS17232v2,-71.244902,-29.311377,2009
N3681,-123.2666667,54.3333333,2014
S000520,18.86423,69.48389,2013
GF4S19713b,27.00387,58.57532,2017
GF4S03540b,101.016,24.533,2015
FMS22912v2,-83.37,46.42,2011
FMS16BI0126v2,130.794355,-13.179121,
GF3S00744a,-3.34748,36.93338,2014
GF3S01345a,26.43655,58.71484,2016
S008856,17.84593,65.955791,2009
GF4S17825b,-83.47651,35.56452,2013
S000741,119.43606,30.33524,2011
GF4S21319b,27.28492,58.28396,2020
GF4T278otu,-122.13,42.98,2016
GF4T173otu,24.79,70.15,2019
FMS17238v2,-71.585444,-31.199813,2007
GF4S21541b,22.52195,58.49267,2012
GF4S19271b,19.11,65.13255426,2016
S008851,17.871057,65.945096,2009
GF4S20798b,26.79703,59.001027,2015
S00D493,27.3247,58.27508,2011
GF4T513otu,23.29,69.99,2019
GF4S19626b,26.79088,58.09323,2013
S000511,13.47508,49.01738,2011
FMS08066v3a,138.7976944,35.9149167,2016
GF4S21529b,14.1581039,50.4533344,2017
GF4S09988b,143.36,42.87,2015
GF4T289otu,-83.71,22.54,2017
FMS08219v3a,109.2997346,36.3258241,2015
FMSA8F1064v2,-79.85,9.15,2012
GF4S20107b,26.665,58.3611,2014
FMS22803v2,-122.61,54.35,2008
GF4T459otu,-41.29,-21.2,2018
GF3S02828a,13.110873,56.700918,2014
GF4S14350b,16.61782192,49.30769876,2016
GF4S02657b,13.85657868,52.97473349,2011
GF4S21634b,23.09454,58.75463,2015
FMS24991v2,14.29,61.19,2014
GF4S20441b,24.91857,59.096977,2015
FMS08041v3a,138.8177222,35.9173889,2017
GF3S01431a,25.27921329,59.47013283,2016
GF4S19845b,26.54341,58.430373,2016
GF4T155otu,132.75,-12.76,2011
FMS26448v2,22.44009,58.2402,2012
FMS25259v2,15.29,63.18,2014
GF4S20031b,22.47637,58.35784,2013
GF3S09223b,11.41656111,51.6224444,2016
FMS16BI0168v2,149.112782,-21.15956,2012
S008841,17.749183,66.14522,2009
GF4S20458b,26.761667,58.667759,2015
GF3S10235b,23.61,52.87,2017
FMS22934v2,-120.78,39.26,2011
GF4S12592b,126.7282834,33.4780278,2015
GF3S02309a,121.7926,51.0125,2017
GF3S04526a,25.758985,62.153809,2019
FMS00432v3,5.698611,51.93528,2014
GF3S04566a,23.98333333,61.50888889,2019
GF4S16771b,21.31514,69.51599,2013
GF4T56otu,-70.01,-4.33,2015
GF4S17467b,102.0295389,29.58471111,2014
GF4T425otu,5.77,51.25,2018
N1465,10.40702263,57.64315915,2014
GF4S21489b,14.7831314,48.9398206,2018
N0536,117.909,29.124,2011
FMS11487v2,9.932285399,46.49587773,2014
GF3S02835a,13.085274,56.662709,2014
GF4S20214b,26.527136,58.732434,2015
FMS24075v2,124.9,41.85,2013
GF4S15880b,-72.1875,42.4836111,2016
GF4S17675b,138.82679,35.92719,2014
GF4S21659b,23.04814,58.78039,2015
GF3S01454a,8.36866999,46.56750097,2017
FMS17621v2,99.16666667,35.35,2011
FMS06186v3,101.2531,21.91028,2013
GF4T643otu,17.72,67.69,2014
GF4S02058b,18.849,68.328056,2008
FMS25194v2,13.96,62.66,2014
GF4S19311b,18.77,64.50870173,2016
FMS17660v2,97.13333333,37.35,2011
GF4T1712otu,-95.02,16.6,2018
FMS23199v2,-120.42,50.85,2010
GF4T915otu,9.71,40.65,2019
GF3S06733a,128.463275,38.032124,2018
FMS16BI0473v2,148.7963833,-35.42318333,2013
FMS08180v3a,111.5103971,36.111012,2015
FMS25054v2,14.21,60.95,2014
GF4S21350b,26.26625,57.768394,2017
FMS00623v3,19.2875,42.46444,2014
S008862,17.809004,65.972129,2009
GF3S05191a,52.1752,36.2846,2018
GF4S02984b,100.167,27.167,2015
FMS9520v2,13.85520735,48.77656102,2011
GF4S01639b,4.98994,50.87219,2018
GF3S05765a,14.70367145,48.66762904,2015
GF4S17500b,101.9638667,29.553425,2014
FMS16BI0366v2,140.7273,-33.97274,2013
GF4T1499otu,31.38,-28.88,2016
GF4S03804b,101.574,21.612,2015
FMS11840v2,-105.38,39.99,2012
FMS21799v2,10.238938,51.26789,2012
FMS16BI0329v2,130.90739,-25.28819,2012
FMS17591v2,96.38333333,32,2011
N0780,117.908,29.124,2011
GF4S13163b,4.4396,50.7659,2019
GF4T1229otu,98.38,18.53,2012
GF4S20281b,22.826322,58.359671,2015
GF4T1524otu,108.81,53.63,2016
GF3S05659a,16.699058,49.296334,2014
FMS25277v2,22.54,66.58,2014
GF4T995otu,103.74,25.53,2019
GF4T1270otu,-119.55,37.75,2013
GF4T1683otu,150.86,59.51,2018
GF4T1185otu,-82.27,8.76,2012
GF4S11508b,-114.1035,60.2948,2015
S008713,17.750305,66.023694,2009
GF4T660otu,18.93,67.86,2014
FMS06281v3,-84,30.75,2014
GF4S20244b,27.875269,59.390166,2015
GF4T1206otu,145.58,-17.02,2012
FMS22764v2,-89.39,49.07,2011
FMS22956v2,-120.35,50.88,2010
S000759,26.588,58.4176,2013
GF3S01464a,8.371427972,46.56761102,2017
FMS23375v2,-120.35,50.88,2010
FMS17348v2,-109.710268,38.173514,2009
S008958,17.799359,66.12506,2009
FMS25323v2,22.41,66.54,2014
GF4S17704b,138.83178,35.91949,2014
GF4S19633b,27.17655,58.54372,2017
GF4S02003b,18.848083,68.330444,2008
FMS05353v3,115.50656,33.29347,2015
S006164,29.58333,67.76667,2011
GF4S17503b,124.3333333,51.7,2018
GF4S03962b,100.167,27.167,2015
FMS23139v2,-120.42,50.85,2010
GF4S21442b,26.4667,57.667,2013
FMS06198v3,101.28453,21.90824,2013
GF4S03017b,101.016,24.533,2015
FMS26028v2,21.98974,58.26431,2012
GF4T1080otu,44.93,26.3,2020
GF4S01972b,-72.1875,42.4836111,2016
FMS25181v2,15.17,63.17,2014
GF4S02108b,18.854472,68.326056,2008
FMS17780v2,-72.95,-40.79,2013
N3704,-123.2666667,54.3333333,2014
GF4S03134b,101.016,24.533,2015
S000702,-67.52086,-54.46289,2011
FMS00398v3,14.072778,46.01472,2014
FMS16BI0534v2,121.7603,-32.15871667,2011
GF4S20955b,21.9127,58.2617,2016
GF4S21371b,27.326503,58.275708,2017
GF4T868otu,127.07,36.71,2019
GF4S02458b,9.467648735,48.40565587,2011
N1534,8.388856329,56.16729256,2014
GF4S19849b,26.729912,58.44002,2017
GF4S17598b,94.42694444,29.6497222,2018
FMS17354v2,-112.02167,37.507278,2009
GF4S11452b,-112.2237,59.7423,2015
FMS16BI1365v2,138.79065,-34.624175,2016
S000653,131.3180833,-13.53216667,2011
FMS25042v2,14.54,61.26,2014
GF3S02099a,128.15,42.18333333,2014
GF4S20830b,25.010018,58.041623,2015
GF4S21530b,14.1621197,50.4445333,2017
GF4S20048b,22.8236,58.47449,2013
GF3S01339a,25.6283,59.5836,2016
S008737,17.761085,66.141704,2009
GF4S04121b,101.016,24.533,2015
GF4S17694b,138.81067,35.92239,2014
GF4T341otu,11.27,-0.06,2018
GF4T931otu,11.35,46.37,2019
FMS05335v3,111.84103,32.55538,2015
S00D556,21.7,61.8,2011
FMS16BI0471v2,148.7963833,-35.42318333,2013
FMS16BI0264v2,148.81485,-35.3929,2013
GF4S21512b,12.6091789,50.0068861,2017
GF4S03318b,101.574,21.612,2015
FMS23014v2,-95.15,31.11,2012
GF4S20404b,24.184532,58.931235,2015
GF4S10933b,83.07,55.01,2017
FMS00559v3,19.527222,42.9975,2014
S005205,9.319752289,48.49159515,2011
GF4S20637b,26.601199,57.520914,2015
FMS16BI0078v2,150.265414,-33.659823,2014
GF4S03405b,101.016,24.533,2015
FMS24941v2,14.05,60.94,2014
GF4S20399b,23.857412,58.832458,2015
GF4S14624b,13.64128002,48.92506638,2016
GF4T135otu,145.41,-6.01,2011
FMSA8F1047v2,-122.26,44.2,2012
FMS24276v2,5.63,52.25,2016
S009227,16.76111792,49.3077972,2013
GF3S01379a,26.5465,58.3245,2014
GF3S06719a,128.463275,38.032124,2018
FMS26121v2,21.89553,58.32671,2012
S001785,23.31667,58.55,2011
FMS24090v2,124.9,41.85,2013
FMS00334v3,5.365936,52.15574,2014
GF4T628otu,27.32,57.96,2013
GF4S13140b,4.4229,50.751,2019
GF4S03749b,100.167,27.167,2015
FMS16BI2103v2,138.116732,-35.631434,2014
GF4S03503b,100.167,27.167,2015
GF4T439otu,-36.97,-10.76,2018
FMS16BI0348v2,138.1363,-32.74842,2013
GF3S02290a,121.3357,50.9254,2017
GF3S01380a,26.5666,58.0374,2014
FMS24719v2,-72.2078598,42.508422,2013
GF4S02588b,10.37863682,51.13468387,2011
GF4T360otu,90.55,26.17,2018
GF4S03078b,100.167,27.167,2015
GF4S19995b,22.0958,58.30223,2012
FMS08032v3a,138.8177222,35.9173889,2017
GF4S21002b,27.5777,59.2551,2016
GF4S02704b,13.77744397,53.07212245,2011
FMS24189v2,5.63,52.25,2012
GF4T276otu,-121.98,43.74,2016
GF4S03138b,101.574,21.612,2015
GF3S04572a,24.029352,61.5378,2019
GF4S14461b,16.63903551,49.26412493,2017
GF4S03021b,101.574,21.612,2015
FMS16BI0410v2,115.1745833,-30.16111667,2013
GF4S03229b,101.574,21.612,2015
GF4T485otu,-16.38,28.42,2019
FMS16BI0015v2,119.4254444,-34.19216667,2013
GF3S01394a,26.282222,58.156667,2014
FMS17785v2,-72.95,-40.79,2013
GF4S17588b,94.42694444,29.6497222,2018
GF3S01477a,8.372783996,46.56863898,2017
GF4S21084b,25.73652749,58.1828113,2016
GF4S21641b,22.33186,58.92065,2015
FMS00566v3,8.824167,50.22667,2014
FMS24636v2,-74.009257,41.419898,2013
GF4S03097b,101.016,24.533,2015
FMS05348v3,117.03585,35.03821,2015
GF3S08558b,0.838896014,42.667973,2013
GF3S03440a,114.69,27.37,2015
GF3S03532a,105.82,29.17,2015
GF3S01472a,8.372054016,46.56782501,2017
GF4S03271b,101.016,24.533,2015
FMS16BI1768v2,147.45971,-42.24227,2014
FMS17322v2,-1.527039,38.065532,2010
FMS16BI0117v2,146.6542886,-43.09507123,2013
GF4T1661otu,25.3,0.29,2018
GF4S15845b,-72.1875,42.4836111,2016
GF4S09316b,-96.58333333,39.0833333,2018
GF4S02015b,18.848083,68.330444,2008
GF3S08450b,7.416666667,60.55,
FMS24733v2,-72.2078598,42.508422,2013
GF4S19547b,122.0594444,51.8283333,2021
N1946,-3.875976,50.808636,
GF4T236otu,-78.21,38.88,2015
FMS16BI0345v2,138.0327,-32.82851,2013
FMS11063v2,26.433,58.1833,2012
FMS05312v3,114.88472,37.82851,2015
GF4S19254b,15.56,60.63115615,2016
FMS23245v2,-122.61,54.35,2008
GF4S21068b,26.24995971,59.28116609,2016
S006155,29.58333,67.76667,2011
GF3S05822a,14.70904809,48.6648688,2015
FMS25374v2,22.46,66.53,2014
GF4T778otu,12.74,3.37,2012
GF4S17723b,138.81849,35.91988,2014
GF4S19231b,17.21,60.79405185,2016
FMS24923v2,14.13,60.96,2014
GF4S03932b,100.167,27.167,2015
GF3S09242b,11.70554167,51.6299111,2016
GF4S19891b,26.82084,58.46239,2011
GF4S21920b,13.1390308,50.37642,2018
GF3S06761a,128.463275,38.032124,2018
S000596,147.12511,-7.28121,2011
FMS25210v2,15.26,63.18,2014
GF4S20813b,26.115006,59.009884,2015
FMS19273v2,165.0274,-21.1795,2013
GF4S03677b,100.167,27.167,2015
GF4S20198b,26.736364,58.271481,2015
GF4S01958b,-72.1875,42.4836111,2016
FMS00651v3,8.756667,50.24417,2014
GF4S20857b,26.686311,58.24544,2016
GF4S03204b,100.167,27.167,2015
GF4S21191b,24.65429,59.00083,2017
N3824,84.51666667,44.1833333,2016
GF4S02577b,10.33772627,51.1992292,2011
GF4S10848b,5.85,45.11,2014
GF3S01451a,8.368494976,46.56744196,2017
N0585,117.909,29.123,2011
FMS17355v2,-112.02167,37.507278,2009
GF4S11387b,-116.7057,61.8368,2015
GF4S11334b,-112.1969,59.6638,2015
GF3S01389a,25.36253,59.49325,2013
FMS22756v2,-89.39,49.07,2011
GF4S03564b,101.574,21.612,2015
GF3S05255a,-61.73329,47.477811,2011
FMS08145v3a,106.063219,30.876372,2015
GF4T262otu,-111.71,35.33,2015
FMS16BI0290v2,133.249341,-22.282754,2013
S009290,16.698326,49.314248,2013
GF4S21267b,24.7651,59.4152,2020
N0527,117.91,29.124,2011
GF4T1504otu,-100.39,25.22,2016
S000691,-71.6671,-40.1329,2011
GF4S20379b,25.278741,58.565212,2015
GF4T711otu,46.87,-25.06,2010
GF4S10943b,83.07,55.01,2017
S001163,4.333034,52.142707,2010
GF4T240otu,-76.13,40.78,2015
GF4S21196b,23.43938,58.63443,2017
GF4S03044b,100.167,27.167,2015
N1921,145.97622,-34.554395,
FMS22770v2,-89.39,49.07,2011
GF4S20471b,27.04034,57.637638,2015
GF3S10242b,23.75,52.77,2017
FMS16BI1741v2,147.31891,-41.77754,2014
GF4T865otu,-20.63,74.47,2019
N1589,8.974026422,55.01528364,2014
S009220,16.76218389,49.29718392,2013
GF4T1440otu,-87.48,20.2,2015
GF4T577otu,42.81,43.08,2015
FMS25406v2,22.53,66.58,2014
GF4S21584b,26.9858,58.2778,2014
GF4T450otu,-39.06,-13.69,2018
FMS11727v2,-61.734224,47.472942,2011
GF4S17792b,-83.434013,35.049007,2013
FMS16BI1845v2,150.72493,-33.61353,2015
GF4T179otu,79.14,29.49,2013
GF4S03172b,101.016,24.533,2015
GF4S12347b,-0.213817291,38.81453641,2014
GF4S03716b,101.574,21.612,2015
GF4T1666otu,25.32,0.29,2018
FMS22851v2,-82.25,46.75,2011
GF4S02850b,101.016,24.533,2015
S005875,5.263889,51.236111,2011
GF4S02937b,101.016,24.533,2015
FMS05367v3,117.71903,36.94669,2015
FMS16BI1280v2,138.7746583,-34.62681666,2016
GF4S14389b,16.660247,49.293659,2017
GF4S02516b,10.41794458,51.27125747,2011
FMS15726v2,81.82666667,32.07333333,2011
GF4S03238b,101.574,21.612,2015
GF4S21930b,14.5221628,50.6372422,2018
GF4S03567b,100.167,27.167,2015
GF4S03080b,100.167,27.167,2015
FMS22807v2,-122.61,54.35,2008
GF4S20061b,23.9901,58.3457,2014
GF4T667otu,18.36,68.4,2014
S000997,18.816002,68.354395,
GF4S11469b,-112.4218,59.8454,2015
GF3S02359a,121.2931,51.1404,2017
FMS15701v2,-21.55,74.4666667,2011
N1754,10.25340549,55.13338649,2014
FMS23595v2,-126.31,52.32,2008
FMS21703v2,10.311438,51.27173,2012
FMS08221v3a,108.0693029,34.2899922,2015
FMS25039v2,14.54,61.26,2014
GF3S01350a,26.86382,58.17839,2015
GF4T1586otu,38.6,-5.11,2016
GF4S21058b,26.66094035,58.34605474,2016
FMS17791v2,-72.95,-40.79,2013
GF4S21565b,23.00227,58.8037,2014
N1923,145.829136,-34.556716,
GF3S02145a,111.4,25.5,2014
GF4S15886b,-72.1875,42.4836111,2016
FMS25392v2,22.58,66.51,2014
GF4S21166b,25.92181617,58.1422843,2016
GF4S17507b,124.3333333,51.7,2018
GF4S11536b,-114.1562,60.3362,2015
N5636,-77.091944,43.125,
GF4T172otu,24.79,70.15,2012
GF4T1250otu,25.5,-18.07,2013
GF4T295otu,-80.82,22.16,2017
S005765,5.263889,51.236111,2009
FMS11741v2,-61.737718,47.467965,2011
GF4S03680b,101.574,21.612,2015
GF4S20029b,25.36253,59.49325,2013
GF4S03528b,101.574,21.612,2015
GF4S21304b,26.38468,58.64096,2020
GF4T1598otu,49.49,33.18,2017
GF4T422otu,5.89,49.62,2018
S000212,5.372778,51.125833,2009
FMS20378v2,24.17,61.51,2011
FMS25047v2,14.54,61.26,2014
FMS25150v2,15.29,62.23,2014
GF4S20648b,26.380815,57.94794,2015
GF4S10866b,-1.32,51.78,2014
FMS24647v2,-73.9559721,41.3914827,2013
GF4S20371b,24.768213,58.452052,2015
GF4S20698b,26.379294,58.545558,2015
GF4S02977b,101.016,24.533,2015
N2021,-109.413583,37.730413,
GF3S08451b,7.416666667,60.55,
N0778,117.908,29.124,2011
GF4S02992b,100.167,27.167,2015
FMS25369v2,22.67,66.52,2014
GF4T556otu,42.62,42.97,2015
GF4S03641b,101.574,21.612,2015
S005776,5.263889,51.236111,2009
GF3S00705a,-2.97972,37.0817,2014
GF4S03372b,100.167,27.167,2015
FMS17577v2,98.56666667,34.98333333,2011
GF4S20014b,26.34164,58.08112,2012
GF3S03183a,26.5866,58.41797,2015
GF4S03290b,100.167,27.167,2015
GF4S19864b,26.67748,58.22816,2017
FMS25078v2,14.56,61.42,2014
GF4S03843b,100.167,27.167,2015
FMS24710v2,-73.2508238,42.1290612,2013
GF4S11388b,-112.6686,60.1361,2015
N0601,117.907,29.123,2011
GF4S21389b,27.5083,59.0589,2013
GF4S11414b,-116.49,62.3506,2015
FMS24121v2,124.9,41.85,2013
FMS25352v2,22.48,66.58,2014
GF4T1056otu,14.07,37.86,2017
GF4S02515b,10.41041257,51.27358256,2011
GF3S02377a,121.3361,50.9252,2017
GF4S15850b,-72.1875,42.4836111,2016
GF4T1654otu,12.96,47.53,2018
GF4S04021b,101.016,24.533,2015
GF4S02539b,10.22119568,51.1703585,2011
GF4T1127otu,24.39,54.21,2020
GF4S17525b,124.3333333,51.7,2018
GF4S21210b,24.5451,59.5634,2018
GF3S01167a,-58.0605556,-35.7608333,2015
GF4S19640b,26.43623,58.24807,2017
FMS17337v2,9.116646,35.160036,2010
GF4T700otu,-95.08,18.58,2017
GF4T246otu,-72.52,42.86,2015
FMS25064v2,14.05,61.03,2014
S000597,146.89122,-6.65241,2011
FMS16BI1629v2,132.1980571,-30.88704988,2016
FMS16BI0387v2,140.7064,-34.03715,2013
FMS16BI1292v2,116.11904,-32.56591,2016
GF4S20505b,24.931172,58.90765,2015
FMS00301v3,5.976667,52.0175,2013
GF4S19847b,26.413073,58.115026,2017
GF4S17815b,-83.43417,35.051025,2013
FMS22853v2,-82.25,46.75,2011
GF4S20285b,22.88935,58.402858,2015
FMS24714v2,-73.2508238,42.1290612,2013
GF4S03163b,101.574,21.612,2015
GF4S14669b,13.92250073,48.74780326,2016
GF4T366otu,89.32,27.49,2018
FMS22729v2,-89.41,49.07,2011
GF4S03168b,101.574,21.612,2015
FMSA8F1056v2,-122.26,44.2,2012
GF4T344otu,11.68,1.33,2018
FMS17565v2,100.8166667,34.85,2011
FMS11705v2,-61.728527,47.473417,2011
GF3S05827a,14.70868677,48.66555302,2015
GF4S21646b,22.8645,58.97688,2015
FMS23511v2,-121.92,52.32,2009
S005767,5.263889,51.236111,2009
FMS11075v2,26.433,58.1833,2012
GF3S05273a,-61.762125,47.460673,2011
GF3S06739a,128.463275,38.032124,2018
N1947,-4.427518,50.835199,
GF4S17578b,94.42694444,29.6497222,2018
FMS25420v2,22.68,66.51,2014
S009225,16.74737922,49.30328303,2013
FMS16BI0256v2,148.8305,-35.3365,2013
GF3S05651a,16.774045,49.314733,2014
GF3S02154a,123.9366833,40.88333333,2014
FMS23593v2,-126.31,52.32,2008
GF4S03576b,101.574,21.612,2015
FMS9538v2,13.85520828,48.77660076,2011
GF4S10529b,119.59,31.00005405,2015
GF4S16489b,112.1666667,23.1666667,2016
GF4T1122otu,24.05,54.86,2020
N1475,8.951189918,57.14458777,2014
FMS11728v2,-61.729644,47.476672,2011
S000230,5.372778,51.125833,2009
GF4S21175b,25.41844223,58.3608959,2016
GF4S20296b,25.672482,58.800185,2015
FMS17745v2,91.05,30.45,2011
N1484,8.676853199,57.113271,2014
GF4T1682otu,150.88,59.51,2018
GF4S20945b,24.75966,59.06159,2016
N0574,117.906,29.122,2011
GF4S20103b,26.5182,58.3646,2014
GF4T1337otu,52.91,36.29,2012
S006159,29.58333,67.76667,2011
GF3S01482a,8.373617996,46.56821502,2017
GF4S18747b,15.8,60.9666667,2011
S009319,16.649731,49.274439,2013
GF4S21356b,27.282042,58.245872,2017
GF4S20267b,23.17602,58.593605,2015
GF4S01189b,116.982095,35.06384,2015
GF4S03535b,100.167,27.167,2015
GF4T734otu,133.68,43.49,2010
S008786,17.719246,66.137992,2009
GF4S17451b,102.0440917,29.59475278,2014
FMS25427v2,22.57,66.54,2014
GF4S14597b,13.43722102,48.98905195,2016
FMS16BI1585v2,116.1718,-32.5227,2016
FMS25412v2,22.53,66.58,2014
S000519,12.62464,62.61477,2013
GF4S21083b,25.73652749,58.1828113,2016
FMS16BI1770v2,146.89476,-42.27335,2014
GF4S21732b,26.07309,59.16674,2015
FMS25137v2,15.7,63.31,2014
GF4T219otu,-4.47,35.12,2014
GF4S16109b,-99.15,39.0833333,2018
GF3S01348a,24.80877,59.54978,2016
FMS23030v2,-95.15,31.11,2012
GF4S19281b,14.24,57.55976735,2016
N1837,-93.2,45.4,
FMS26565v2,21.94149,58.26765,2012
S00D611,26.5162,57.6624,2013
FMS24623v2,-74.009257,41.419898,2013
GF4S16760b,21.3175,69.51761,2013
FMS00633v3,13.128611,48.065,2014
FMS17686v2,92.61666667,34.36666667,2011
S008866,17.737975,66.044107,2009
FMS06190v3,101.21569,21.97768,2013
GF4S03779b,100.167,27.167,2015
S00D598,26.6047,57.6669,2013
FMS25332v2,22.63,66.5,2014
FMS24748v2,-71.3317636,42.4093993,2013
FMS16BI0336v2,132.63072,-12.90283,2013
GF4S20828b,14.548436,49.98539,2015
GF4S03467b,101.574,21.612,2015
FMS21747v2,10.311438,51.27173,2012
GF3S05135a,1.049167,41.341111,2012
GF4T686otu,-105.05,19.51,2014
GF4S16150b,13.110873,56.700918,2014
FMS19483v2,118.8036333,49.39335,2015
FMS10579v2,-66.971133,18.135879,
S008800,17.737975,66.044107,2009
FMS05356v3,114.26951,33.42504,2015
GF4S02625b,13.62599921,53.09832871,2011
GF4S02614b,13.62283333,53.10349527,2011
GF4S13064b,9.439200708,48.39587586,2015
GF4S17813b,-83.43417,35.051025,2013
S000778,24.6661,59.42275,2012
FMS16BI0401v2,115.07605,-30.07161667,2013
S009312,16.661869,49.284314,2013
GF4S20342b,27.117626,58.607841,2015
GF4S19693b,26.65185,58.29945,2017
FMS00419v3,14.418889,48.40222,2014
S001654,14.75661,59.34358,2008
GF4S20351b,27.478745,58.102419,2015
GF4T631otu,27.36,57.94,2013
GF4S19659b,26.66048,58.74837,2017
GF4S13120b,4.405,50.7492,2019
GF4S17663b,138.81524,35.95786,2014
FMS16BI0459v2,148.79855,-35.4214,2013
FMS15520v2,150.275056,-33.647806,2012
GF4S03703b,101.016,24.533,2015
FMS22858v2,-82.25,46.75,2011
GF4S17516b,124.3333333,51.7,2018
N1658,9.545471604,55.66713549,2014
S008798,17.809004,65.972129,2009
GF4T272otu,4.38,50.81,2015
N1977,-99.894557,22.64831,
FMS17699v2,91.86666667,33.31666667,2011
S005870,5.263889,51.236111,2011
FMS17290v2,-3.464915,34.625548,2010
GF4S03908b,100.167,27.167,2015
FMS25413v2,22.68,66.51,2014
GF4T59otu,-70.07,-4.43,2015
GF4T828otu,-73.02,-37.79,2018
FMS24198v2,5.63,52.25,2012
FMS26097v2,22.44765,58.35375,2012
S009320,16.663103,49.275042,2013
GF4S19658b,26.96373,58.52349,2016
GF4T802otu,-67.45,-54.48,2012
FMS22730v2,-89.41,49.07,2011
GF4S03615b,100.167,27.167,2015
FMS00617v3,23.240833,40.84,2014
S001728,23.31667,58.55,2011
GF4S10822b,5.89,45.1,2014
FMS25157v2,15.29,62.23,2014
GF4S16124b,-99.15,39.0833333,2018
GF4S21720b,26.3543,59.27565,2015
GF3S01490a,8.37503898,46.56838501,2017
FMS16BI1843v2,146.7088927,-43.21444386,2015
GF4S20903b,26.73367,58.380285,2016
GF4S10851b,5.85,45.11,2014
FMS16BI0491v2,132.6421,-22.91015,2011
GF3S09236b,11.70554167,51.6299111,2016
FMS23357v2,-120.35,50.88,2010
GF4S21387b,27.4879,59.0773,2013
FMS16BI1763v2,146.8927,-42.27154,2014
GF4S19836b,26.40073,58.041345,2017
GF4S19249b,15.54,57.79859393,2016
GF3S05707a,16.774045,49.314733,2014
GF4S21667b,24.5699,59.3267,2015
GF3S01457a,8.369163014,46.56779098,2017
GF4S12629b,126.7282834,33.4780278,2015
GF3S05085a,118.5,32.05,2017
GF3S08381b,7.416666667,60.55,
FMS11038v2,27.3167,58.25,2012
FMS17215v2,-70.524528,-41.0335,2011
FMS22760v2,-89.39,49.07,2011
S005198,9.355590784,48.4122625,2011
FMS22828v2,-121.04,39.55,2011
FMS23571v2,-126.31,52.32,2008
FMS16BI0248v2,148.9296944,-35.6072777,2013
N1907,145.765813,-33.99013,
FMS05366v3,113.39588,34.81651,2015
GF4S13048b,9.521442437,48.38294187,2015
GF4S17804b,-83.45717,35.04411,2013
N1479,8.929984696,57.05433542,2014
GF4S10839b,5.85,45.11,2014
FMS16BI0627v2,131.041,-25.351,2012
GF3S05141a,1.031944,41.350278,2012
GF4T100otu,-9.65,31.51,2015
GF4S03897b,101.574,21.612,2015
GF4S20112b,26.6848,58.5753,2014
GF4S21798b,22.07884,58.34873,2016
GF4S20968b,24.79904,59.41085,2016
FMS00492v3,23.041389,40.88111,2014
GF3S08390b,7.416666667,60.55,
GF4S03645b,100.167,27.167,2015
GF4T771otu,145.83,-37.49,2012
FMS23103v2,-120.28,50.93,2010
FMS00500v3,5.892222,51.98389,2014
FMS06179v3,101.2132,21.91657,2013
S009295,16.64520046,49.30120689,2013
S009283,16.724408,49.324902,2013
S005938,13.6182,49.043017,2012
GF4S00191b,102.8290556,33.9374167,2019
GF4S03277b,100.167,27.167,2015
GF3S02144a,113.6166667,28.66666667,2014
FMS22957v2,-120.35,50.88,2010
GF4S20733b,25.221668,59.450589,2015
GF4S01216b,113.39421,34.88881,2015
GF3S01456a,8.377480963,46.569505,2017
FMS16BI0596v2,150.686346,-35.14969942,2012
GF4S03758b,101.574,21.612,2015
GF4S20561b,27.314933,58.061718,2015
GF3S03473a,113.09,28.2,2015
FMS16BI1736v2,147.01964,-42.40184,2014
GF4S14636b,13.73122224,48.89725206,2016
FMS22805v2,-122.61,54.35,2008
GF4S02804b,100.167,27.167,2015
GF4S02947b,101.016,24.533,2015
FMS22872v2,-82.85,47.57,2011
N1713,10.8935071,55.73474604,2014
FMS08018v3a,138.8177222,35.9173889,2016
FMS05359v3,114.27039,33.36182,2015
GF3S00750a,-3.33352,36.95193,2014
GF3S03552a,-83.5355,35.6944,2017
S00D516,27.31049,58.27957,2011
FMS24631v2,-74.009257,41.419898,2013
FMS25249v2,15.19,63.15,2014
FMS23395v2,-120.35,50.88,2010
S00D502,27.32098,58.27779,2011
GF3S06545a,10.580278,46.688611,2016
GF4S21195b,23.43423,58.62724,2017
S008949,17.846592,65.954818,2009
GF4S13342b,4.4196,50.7463,2019
FMS22964v2,-95.15,31.11,2012
FMS24706v2,-73.2508238,42.1290612,2013
GF4S02893b,101.574,21.612,2015
GF4T515otu,22.04,69.95,2019
FMS25185v2,15.17,63.17,2014
FMS23433v2,-121.92,52.32,2009
FMS15523v2,150.275056,-33.647806,2012
GF4S11328b,-114.2401,60.3917,2015
GF4S20200b,26.550666,58.365547,2015
FMS21719v2,10.311229,51.271436,2012
N3708,-123.2666667,54.3333333,2014
GF3S00710a,-2.98608,37.00655,2013
GF4T1466otu,-6.99,31.66,2015
GF3S01459a,8.370045042,46.56686696,2017
FMS19513v2,108.4614333,39.48308333,2015
FMS16BI1703v2,147.42263,-42.61742,2014
FMS11030v2,27.0333,58.116,2012
GF4S16145b,-96.58333333,39.0833333,2018
GF4T1252otu,-81.34,26.94,2013
GF4T82otu,-61.49,-1.97,2015
GF4T1681otu,150.94,59.56,2018
GF4S16732b,21.3176,69.51824,2013
GF4S21440b,26.4667,57.667,2013
GF4S20665b,25.560889,57.986929,2015
S00D537,21.7,61.7,2011
GF4S02934b,100.167,27.167,2015
FMS25108v2,15.27,63.23,2014
GF3S08594b,1.076515706,42.59196541,2013
GF4S20321b,26.774751,58.783737,2015
FMS17275v2,-2.422588,33.052487,2008
GF4T342otu,11.59,1.37,2018
FMS23379v2,-120.35,50.88,2010
FMS22841v2,-82.25,46.75,2011
GF4S21431b,26.4148,57.6457,2013
S009010,17.743818,66.025354,2009
FMS16BI0152v2,118.7210419,-34.24156056,2013
N0661,117.907,29.123,2011
FMS17357v2,-109.413583,37.730413,2009
GF4S02536b,10.49692153,51.26590653,2011
GF4S03685b,100.167,27.167,2015
GF4S03527b,101.574,21.612,2015
FMS17635v2,99.56666667,37.13333333,2011
FMS00418v3,8.629167,50.225,2014
FMS11842v2,-105.38,39.99,2012
GF4T1063otu,98.89,8.08,2019
N1802,12.45526796,54.9606333,2014
FMS24095v2,124.9,41.85,2013
FMS05378v3,115.03578,36.28433,2015
GF4S03621b,101.574,21.612,2015
FMS23473v2,-121.92,52.32,2009
GF4S02689b,13.9033697,52.88107754,2011
GF4T880otu,115.43,39.97,2012
GF3S06755a,128.463275,38.032124,2018
FMS23499v2,-121.92,52.32,2009
GF4S04116b,101.574,21.612,2015
FMS11849v2,-105.38,39.99,2012
FMS25061v2,14.21,60.95,2014
GF4S12327b,-0.514387395,38.93909051,2014
GF4S03107b,101.016,24.533,2015
GF4S03452b,100.167,27.167,2015
GF4S21309b,26.1102,59.3491,2020
S000220,5.372778,51.125833,2009
GF4S11462b,-113.9752,60.2657,2015
FMS21699v2,10.311438,51.27173,2012
GF4T394otu,-148.59,61.76,2018
S000794,131.55774,43.10035,2010
S008745,17.725049,66.13815,2009
GF3S02066a,115.4333333,39.96666667,2014
GF4T1623otu,14.5,37.11,2017
GF3S05186a,52.1748,36.2676,2018
GF4S02628b,13.61538167,53.10351669,2011
FMS23097v2,-120.28,50.93,2010
GF4T1644otu,37.09,-2.94,2018
S000517,25.156667,66.174167,2013
FMS16BI1029v2,144.11945,-39.93582,2013
FMS02388v3,29.58333333,67.7666667,2013
GF4S21315b,27.28768,58.28456,2020
FMS16BI1076v2,120.6517306,-30.19158083,2013
N0638,117.909,29.125,2011
GF4T1615otu,-16.89,32.73,2018
GF4S02707b,13.89123063,52.88526043,2011
GF4S20861b,25.432145,59.320676,2016
GF4S21372b,27.323655,58.273625,2017
FMS21803v2,10.238938,51.26789,2012
GF4S20178b,27.224218,57.726074,2015
FMS22855v2,-82.25,46.75,2011
FMS24087v2,124.9,41.85,2013
GF4S02432b,9.493492248,48.39646488,2011
FMS11060v2,26.433,58.1833,2012
GF4S20990b,26.2587,58.981,2016
GF3S02834a,13.085274,56.662709,2014
GF4S16123b,-99.15,39.0833333,2018
GF4S01584b,4.986397,50.871157,2018
GF4S19744b,26.640824,58.271595,2016
FMS08109v3a,138.8315,35.9194722,2016
GF4T1509otu,-100.11,24.73,2016
FMS23027v2,-95.15,31.11,2012
GF4S20516b,23.589883,58.934854,2015
GF4T1263otu,20.94,68.97,2019
FMS11852v2,-105.38,39.99,2012
GF4S20180b,27.214004,57.583841,2015
GF4S20005b,23.57,58.58,2012
GF4T1207otu,145.58,-17.02,2012
GF3S05772a,14.70482686,48.66695901,2015
GF4S17684b,138.80029,35.95813,2014
FMS16BI0317v2,131.085,-25.3119,2013
FMS00474v3,13.375278,48.43778,2014
FMSA8F1078v2,-79.85,9.15,2012
GF4S19862b,26.887,58.32644,2017
GF4T1694otu,-4.93,10.17,2018
GF4S03369b,100.167,27.167,2015
S009238,16.72117293,49.2669467,2013
FMS22733v2,-89.38,49.08,2011
GF4T430otu,-38.99,-5.64,2018
GF4S20958b,24.98713,59.61505,2016
FMS17793v2,-72.95,-40.79,2013
GF4S03237b,101.574,21.612,2015
GF3S05130a,1.046389,41.360833,2009
GF4S19715b,26.559143,58.413195,2017
GF4S21187b,26.73579,58.40254,2017
GF4S22089b,-51.45631667,-1.73941666,2015
GF4S02019b,18.848083,68.330444,2008
FMS16BI0088v2,150.267825,-33.652974,2014
FMS02373v3,26.63333306,67.35,2013
GF3S02294a,121.3357,50.9254,2017
FMS23095v2,-120.28,50.93,2010
S009007,17.777006,66.034394,2009
GF4S02622b,13.98025993,53.08661289,2011
GF4S17629b,94.42694444,29.6497222,2018
FMS25263v2,15.29,63.18,2014
FMS08244v3a,120.1894731,30.3200733,2015
GF4S03129b,100.167,27.167,2015
FMS25173v2,15.17,63.17,2014
GF4S21889b,14.5358447,50.0178889,2017
GF4S03923b,101.016,24.533,2015
N0571,117.907,29.122,2011
GF3S01309a,24.04384,59.3834,2015
FMS21726v2,10.311229,51.271436,2012
GF4T1234otu,153.18,-28.25,2012
S008740,17.764602,66.141219,2009
FMSA8F1059v2,-79.85,9.15,2012
FMS17705v2,91.66666667,32.18333333,2011
GF4S13061b,9.434996902,48.37799579,2015
GF4S03655b,100.167,27.167,2015
GF4S02586b,10.52691789,51.35888405,2011
GF4S03148b,101.574,21.612,2015
GF4T25otu,-75.13,4.87,2012
GF4S12826b,-76.370683,44.550833,2016
FMS00306v3,13.873889,46.14333,2013
GF4S02422b,9.518669277,48.37576,2011
GF4S20232b,26.239938,57.701586,2015
FMS23019v2,-95.15,31.11,2012
FMS05384v3,117.03585,35.03821,2015
FMS26268v2,22.18282,58.10608,2012
FMS00503v3,5.733836,51.8798,2014
FMS23609v2,-126.31,52.32,2008
FMS25389v2,22.58,66.51,2014
GF4S19905b,27.32412,58.27423,2011
GF4S14414b,16.688937,49.28631,2017
GF4S21123b,23.53275449,58.78794632,2016
GF4T1064otu,30.74,-29.75,2020
FMS24730v2,-72.2078598,42.508422,2013
GF4S11384b,-116.7057,61.8368,2015
FMS16BI0480v2,143.90544,-40.10868,2013
GF4T713otu,46.85,-24.75,2010
GF4S03326b,101.016,24.533,2015
GF3S02085a,111.9333333,33.5,2014
GF4T927otu,-73.32,-3.83,2019
FMS17303v2,-2.514767,39.207539,2006
FMS04009v3,9.631215,46.087795,2014
GF4S20704b,26.144752,58.703219,2015
GF4S18771b,21.31508,69.51659,2013
GF3S01723a,27.33,64.27,2014
GF4S03746b,100.167,27.167,2015
FMS06293v3,-84,30.75,2014
GF4S15861b,-72.1875,42.4836111,2016
FMS11062v2,26.433,58.1833,2012
GF4T1382otu,146.12,-19.02,2014
S000694,-71.4436,-40.1179,2011
GF3S02104a,128.05,42.06666667,2014
FMS08121v3a,138.8315,35.9194722,2017
FMS24088v2,124.9,41.85,2013
N1908,145.774749,-33.984529,
GF4T328otu,29.1,-2.45,2018
FMS23129v2,-120.42,50.85,2010
GF3S01321a,27.0622,57.7368,2014
S008870,17.714042,66.04005,2009
FMS00441v3,8.756667,50.24417,2014
GF4S17583b,94.42694444,29.6497222,2018
GF4S20979b,25.817471,58.30279,2016
GF3S02091a,111.9166667,33.5,2014
N3609,-123.2666667,54.3333333,2014
GF4S20628b,26.237011,57.932791,2015
FMSA8F1073v2,-79.85,9.15,2012
FMS24715v2,-73.2508238,42.1290612,2013
GF4S02688b,13.92236311,53.06213691,2011
S008710,17.743818,66.025354,2009
FMS00597v3,19.569722,42.91806,2014
GF4S21384b,27.4422,59.096,2013
GF4S19560b,122.0386111,51.8372222,2021
FMS24294v2,5.63,52.25,2016
GF4T1584otu,38.45,-5.57,2016
FMS23099v2,-120.28,50.93,2010
FMS00512v3,8.771944,50.27167,2014
GF4T345otu,11.45,0.82,2018
S005224,10.31900538,51.1942783,2011
GF4T662otu,18.6,68.45,2014
GF4S21874b,13.5344694,49.6698928,2017
S005232,13.88536623,53.05703356,2011
FMS23479v2,-121.92,52.32,2009
GF4S21335b,24.35424,56.87014,2020
GF4S03108b,101.016,24.533,2015
S009098,17.749183,66.14522,2009
FMS21707v2,10.311413,51.271362,2012
GF4S19811b,26.527451,58.092054,2017
GF4S14648b,13.94349334,48.80928893,2016
S008833,17.807557,65.977202,2009
GF4T1116otu,23.38,70.12,2020
GF4T324otu,30.01,-0.09,2018
FMS24181v2,5.63,52.25,2012
FMS26319v2,22.26762,58.29701,2012
FMS23117v2,-120.28,50.93,2010
GF4S21435b,26.4972,57.6541,2013
GF4T1501otu,31.94,-28.26,2016
N0473,117.909,29.123,2011
GF4S20792b,25.830425,58.455426,2015
GF4S11534b,-116.8218,61.7581,2015
GF4S02075b,18.853583,68.3265,2008
N3617,-123.2666667,54.3333333,2015
GF4T1595otu,51.48,30.4,2017
GF3S05716a,16.745643,49.287801,2014
S003551,-122.87464,38.08867,2012
FMS24281v2,5.63,52.25,2016
GF4S03453b,101.574,21.612,2015
GF3S03185a,26.5866,58.41797,2014
FMS22953v2,-120.35,50.88,2010
FMS25100v2,15.69,63.31,2014
FMS25163v2,15.84,62.72,2014
GF3S05787a,14.70355594,48.66672879,2015
FMS26742v2,23.30707,58.54605,2012
FMS16BI1045v2,143.89352,-39.8567,2013
S009113,17.714925,66.137601,2009
N1478,8.560815489,57.03741515,2014
GF4T857otu,176.7,-38.68,2019
FMS15705v2,-21.55,74.4666667,2011
FMS23529v2,-121.92,52.32,2009
FMS00568v3,14.825278,46.42472,2014
FMS02400v3,29.58333333,67.7666667,2013
FMS16BI0513v2,123.7349,-17.50701667,2011
S009006,17.777006,66.034394,2009
GF4S03483b,100.167,27.167,2015
FMS9565v2,13.85526015,48.77661692,2011
GF4T1496otu,26.94,-32.6,2016
GF4S03735b,101.016,24.533,2015
FMS08073v3a,138.7976944,35.9149167,2017
FMS08125v3a,138.8315,35.9194722,2017
GF4S20132b,22.2878,57.6288,2014
GF4S19602b,27.14551,57.59246,2013
N1646,9.850810822,55.67579903,2014
GF4S03075b,101.574,21.612,2015
GF3S05757a,14.70447406,48.66430814,2015
FMS19758v2,-64.8503,-23.7571,
GF4T97otu,-60.03,-2.58,2015
GF3S03548a,-83.4798,35.6899,2017
FMS11839v2,-105.38,39.99,2012
FMS26433v2,22.26849,58.29754,2012
GF4S20532b,22.99793,58.84627,2015
GF4S03775b,101.574,21.612,2015
S001806,22.76667,58.83333,2011
GF4S03980b,101.574,21.612,2015
GF4S21575b,26.2319,59.01972,2014
S000978,8.46667,46.63333,
GF4S12320b,-0.204783082,38.84401513,2014
FMS25209v2,15.26,63.18,2014
FMSA8F1042v2,-122.26,44.2,2012
FMS25191v2,13.96,62.66,2014
FMS10969v2,27.31,58.25,2012
FMS22952v2,-120.35,50.88,2010
GF3S02161a,108.83,18.75,2014
FMS06195v3,101.2589,21.94993,2013
GF4S19276b,14.4,59.17199001,2016
FMS05351v3,115.56705,33.25602,2015
GF4S19551b,122.0544444,51.8413889,2021
GF4S02841b,100.167,27.167,2015
GF4S15341b,-85.37,42.38,2015
GF4S19665b,26.12841,57.87311,2017
GF3S04490a,29.893027,62.63427439,2019
GF4S11331b,-112.1969,59.6638,2015
FMS25102v2,15.69,63.31,2014
GF4T1507otu,-100.85,25.25,2016
GF4S03662b,101.016,24.533,2015
GF4S02115b,18.854472,68.326056,2008
FMS22864v2,-82.85,47.57,2011
FMS24020v2,-126.31,52.32,2008
FMS11757v2,-61.756547,47.443128,2011
GF4S17689b,138.81524,35.95786,2014
FMS16BI0068v2,149.01165,-35.8748166,2014
FMS17781v2,-72.95,-40.79,2013
GF4T1145otu,53,57.12,2012
GF4S10801b,5.89,45.11,2014
GF3S04484a,29.78302609,62.61025854,2019
N3714,-123.2666667,54.3333333,2014
FMS00410v3,14.761944,46.17083,2014
FMS16BI0265v2,148.81485,-35.3929,2013
FMS21730v2,10.31103,51.27151,2012
GF3S05145a,1.041111,41.354167,2012
GF4S20912b,26.920512,57.726591,2016
GF4S16472b,-89.35,43.1333333,2015
GF4S02129b,18.854472,68.326056,2008
FMS25026v2,14.19,60.73,2014
N1615,10.52945138,56.10006712,2014
FMS16BI1563v2,116.03629,-32.59432,2016
GF4T693otu,-98.68,20.96,2016
FMS24933v2,14.05,60.94,2014
GF4S20495b,25.795687,58.040238,2015
S006139,29.58333,67.76667,2011
GF4T759otu,-65.82,18.32,2011
FMS22778v2,-89.39,49.07,2011
GF4T1369otu,166.34,-22.06,2014
GF4T1663otu,25.31,0.29,2018
GF4S21656b,22.51345,58.71817,2015
GF3S01424a,25.50775334,58.44381338,2016
GF3S04775a,38.61888889,7.0838889,2015
GF4S19686b,26.0991,57.9109,2017
GF4S14630b,13.65861028,48.89754586,2016
FMS16BI0385v2,140.7354,-34.05624,2013
FMS16BI0096v2,152.878872,-27.386111,2013
GF4S21527b,14.0504442,50.4036986,2017
GF4T1074otu,146.05,-4.66,2020
GF4S03857b,101.574,21.612,2015
GF4S21343b,27.247647,57.870694,2017
GF4S11413b,-112.6619,60.1371,2015
FMS25279v2,22.45,66.55,2014
GF4S02877b,100.167,27.167,2015
GF4S03477b,101.574,21.612,2015
FMS16BI1746v2,147.45971,-42.24227,2014
S005778,5.263889,51.236111,2009
GF4S21177b,25.182752,58.27159117,2016
N0679,117.91,29.126,2011
FMS16BI1700v2,147.46603,-42.27659,2014
GF4S14136b,-106.6942865,34.3159873,2013
GF4T175otu,105.6,20.35,2012
FMS25224v2,15.37,63.16,2014
GF3S02340a,122.4315,50.9892,2017
FMS23309v2,-122.61,54.35,2008
GF4T541otu,42.69,43.06,2015
GF4S20922b,26.62687,58.36562,2016
GF4T885otu,23.46,-24.71,2019
S006166,29.58333,67.76667,2011
GF3S06711a,128.463275,38.032124,2018
GF3S04578a,24.115948,61.59444444,2019
FMS05357v3,119.93831,36.61856,2015
GF4S19610b,27.29163,58.26763,2013
GF4S21929b,14.5221628,50.6372422,2018
GF4S19907b,27.32349,58.27515,2011
GF4S19258b,15.02,57.88891968,2016
FMS25235v2,15.37,63.16,2014
FMS22744v2,-89.38,49.08,2011
GF4S21222b,26.521,58.35847,2019
S000705,-67.44773,-54.47952,2011
FMS20342v2,24.17,61.51,2011
GF4T944otu,-3.62,57.21,2012
GF4S03411b,100.167,27.167,2015
GF4S20432b,24.471128,58.774662,2015
S008830,17.808482,65.996435,2009
S000744,-4.9808,57.2636,2011
GF4S20948b,24.87833,59.46705,2016
FMS16BI0468v2,148.7965833,-35.42385,2013
GF4S03822b,101.574,21.612,2015
GF4S02021b,18.848083,68.330444,2008
FMS23090v2,-120.28,50.93,2010
GF4S02076b,18.853583,68.3265,2008
GF4S04093b,101.016,24.533,2015
FMS17291v2,-3.464915,34.625548,2010
GF4S15843b,-72.1875,42.4836111,2016
N1758,10.49976739,55.10115456,2014
GF4S21877b,13.4588053,49.6936806,2017
FMS16BI1521v2,132.1973492,-30.88487305,2016
FMS26511v2,22.32821,58.28436,2012
GF4T1556otu,27.81,55.58,2017
GF3S02291a,121.3352,50.9257,2017
FMS16BI1806v2,150.7298,-33.60518,2015
GF4S03911b,100.167,27.167,2015
GF4S19594b,26.92941,58.24941,2013
GF4S02032b,18.849,68.328056,2008
FMS16BI1924v2,150.7284,-33.6113,2015
N0696,117.91,29.126,2011
GF4S19306b,16.22,63.47296588,2016
GF4T1377otu,145.44,-16.24,2014
FMS19514v2,108.35975,39.4275,2015
GF4T392otu,-145.87,63.61,2018
GF4T1290otu,-5.19,33.4,2014
GF3S02406a,122.4339,50.9894,2017
S009102,17.871057,65.945096,2009
GF4S19778b,21.90235,57.1905,2019
GF4T1073otu,145.77,-5.01,2020
FMS00439v3,6.074444,52.06694,2014
GF4S19799b,26.493135,58.494761,2017
GF3S04594a,23.748899,61.503556,2019
FMS16BI0532v2,116.4591,-32.58886667,2011
GF4T504otu,-90.62,14.09,2019
FMS15527v2,147.902731,-42.935294,2012
GF4T52otu,-74.24,11.18,2019
GF4S19783b,25.18167,56.89941,2019
GF4S11513b,-114.1022,60.3057,2015
GF4S20664b,25.550255,57.978541,2015
GF4S03611b,100.167,27.167,2015
GF4S03327b,101.016,24.533,2015
GF4S20879b,24.133589,59.075966,2016
FMS00585v3,8.604567,50.30862,2014
FMS11732v2,-61.753638,47.435378,2011
GF4S11415b,-116.49,62.3506,2015
GF4T1387otu,146.11,-19.04,2014
FMS17618v2,98.25,34.86666667,2011
GF4S02923b,100.167,27.167,2015
N1092,-83.96,35.84,2014
FMS12372v2,9.311183757,48.48424457,2011
FMS16BI1113v2,149.597007,-30.20182304,2014
N0828,117.91,29.127,2011
FMS00287v3,6.020833,52.04222,2013
GF4S17764b,138.83149,35.91948,2014
FMS11068v2,26.433,58.1833,2012
GF4T670otu,18.46,68.41,2014
FMS04029v3,9.631008,46.091715,2014
FMS23015v2,-95.15,31.11,2012
GF4S21072b,26.68439937,58.23762199,2016
GF4S16765b,21.31631,69.51689,2013
GF4S20179b,27.224218,57.726074,2015
GF4T697otu,-99.31,19.05,2015
GF4S21388b,27.4879,59.0773,2013
FMS23333v2,-120.35,50.88,2010
FMS16BI1111v2,149.596977,-30.200924,2014
N1488,8.916948894,57.05073517,2014
GF4S17360b,11.06,47.44,2016
FMS20324v2,24.17,61.51,2011
S000602,101.83975,3.216666667,2011
N1612,10.52333815,56.20709099,2014
S00D523,27.31184,58.27111,2011
GF4S21093b,24.55077913,59.27369111,2016
GF3S09224b,11.08298056,51.8620639,2016
FMS08067v3a,138.7976944,35.9149167,2016
FMS16BI1757v2,147.1716,-41.75815,2014
S008681,17.714042,66.04005,2009
FMS16BI1420v2,138.692083,-34.773508,2016
FMS00315v3,19.426944,42.44722,2014
FMS17569v2,100.2166667,34.53333333,2011
GF3S02111a,128.0666667,42.08333333,2014
GF4T1125otu,24.1,54.81,2020
N0472,117.909,29.123,2011
N1879,-111.00378,45.573646,
FMS16BI1040v2,143.97275,-39.65086,2013
GF4S21037b,25.39788083,58.04893203,2016
GF4S03457b,101.016,24.533,2015
GF3S02065a,115.4333333,39.96666667,2014
GF3S03543a,-83.5385,35.6889,2017
GF4S10744b,5.777071,52.014828,2016
GF3S02157a,108.8833333,18.71666667,2014
S000774,26.57518,58.24419,2012
GF4S21336b,24.36017,56.87127,2020
GF3S09293b,12.7354503,50.2551353,2006
GF3S01361a,24.14483316,59.25535402,2016
S009307,16.70125949,49.2960687,2013
FMS16BI1159v2,149.01025,-35.8769333,2014
FMS16BI1237v2,138.687703,-34.734146,2016
GF4S20914b,26.780705,58.251258,2016
FMS25096v2,15.69,63.31,2014
FMS08068v3a,138.7976944,35.9149167,2016
GF4S03651b,100.167,27.167,2015
FMS17253v2,58.6695,36.696167,2010
FMS00538v3,13.635,48.3425,2014
GF3S05778a,14.707853,48.6658366,2015
S005773,5.263889,51.236111,2009
GF4S20080b,26.6617,58.3345,2014
GF4S02909b,101.574,21.612,2015
GF4T1639otu,38.16,-6.63,2018
GF4S20822b,24.777807,59.111292,2015
GF4S20353b,27.358674,57.690967,2015
N3608,-123.2666667,54.3333333,2014
GF4S20028b,22.31476,58.21082,2013
FMS08040v3a,138.8177222,35.9173889,2017
GF4S02986b,100.167,27.167,2015
GF3S03555a,-83.2344,35.082,2017
GF4S21366b,27.287061,58.252811,2017
FMS16BI0137v2,150.6326533,-35.16181402,2012
GF4S19570b,26.89503,59.01842,2013
GF3S02420a,121.4953,50.9427,2017
FMS16BI1212v2,139.02281,-35.28922,2014
GF4S03156b,100.167,27.167,2015
FMS12393v2,10.39016191,51.20507717,2011
GF4S20343b,27.117626,58.607841,2015
GF4S21756b,26.649233,57.581981,2015
FMS20332v2,24.17,61.51,2011
FMS16BI0151v2,118.7205022,-34.24008889,2013
S009211,16.77064347,49.30563655,2013
GF4S02915b,100.167,27.167,2015
FMSA8F1024v2,-65.8,18.3,2012
GF4S19627b,26.40403,57.8267,2013
FMS21720v2,10.311229,51.271436,2012
GF4S20555b,23.080949,58.765917,2015
GF4S15874b,-72.1875,42.4836111,2016
GF4S16715b,15.8,60.9666667,2011
GF4S02873b,101.016,24.533,2015
GF4S19232b,17.21,60.79405185,2016
GF3S03471a,108.07,34.29,2015
S000568,-72.54,-4.028,2011
GF4S19822b,27.13954,58.59431,2016
FMS08131v3a,138.8315,35.9194722,2017
GF4S03553b,101.574,21.612,2015
GF4S19921b,27.32377,58.27797,2011
FMS15692v2,-21.55,74.4666667,2011
GF4S20303b,25.500695,58.298336,2015
N3635,-123.2666667,54.3333333,2014
FMS23303v2,-122.61,54.35,2008
GF3S02371a,121.4957,50.9426,2017
FMS16BI0642v2,134.287094,-32.722444,2012
GF3S02306a,121.793,51.0127,2017
GF4T144otu,145.26,-6.38,2011
GF4T1404otu,16.17,48.25,2015
GF4S03584b,101.574,21.612,2015
FMS16BI1352v2,138.7856,-34.621505,2016
GF4S19220b,20.87,65.84220953,2016
FMS17351v2,-109.910049,37.581928,2009
GF4S14543b,13.38007463,49.1509225,2015
GF4S21539b,22.5004,58.15685,2012
GF4S03976b,101.016,24.533,2015
FMS17236v2,-71.663635,-30.662263,2007
FMS17751v2,99.3,36.7,2011
GF4T1239otu,78.15,30.45,2012
N3639,-123.2666667,54.3333333,2015
GF4S22085b,-51.38715,-1.74281666,2015
S009309,16.62124157,49.28154739,2013
GF4S19826b,26.21472,58.67396,2017
GF4S20901b,26.357852,58.529222,2016
GF4S03853b,100.167,27.167,2015
FMS02387v3,29.58333333,67.7666667,2013
FMS06298v3,-84,30.75,2014
GF3S05698a,16.767108,49.325313,2014
N1924,145.788243,-34.56556,
GF3S02150a,114.05,26.5,2014
FMS25176v2,15.17,63.17,2014
GF4S10714b,5.777071,52.014828,2016
GF4S21463b,27.4035,57.9381,2013
GF3S05775a,14.70776268,48.66670197,2015
N1989,-2.728708,33.06768,
GF4S16143b,-96.58333333,39.0833333,2018
GF4S04131b,101.574,21.612,2015
GF4S02904b,100.167,27.167,2015
S000505,133.58034,43.48403,2010
GF3S01313a,26.55972,58.33669,2013
S009310,16.63458204,49.2822969,2013
GF4S21811b,26.588,58.4176,2016
GF3S01474a,8.372932021,46.56869799,2017
GF4S17504b,124.3333333,51.7,2018
GF3S05185a,52.0779,36.5613,2018
N1599,10.53128681,56.19642823,2014
FMS00358v3,13.983611,45.56861,2014
GF4S20721b,27.101507,57.503491,2015
GF4S03949b,100.167,27.167,2015
FMS23255v2,-122.61,54.35,2008
GF4T478otu,-54.43,-25.69,2018
GF4S04096b,101.016,24.533,2015
FMS17738v2,91.68333333,31.06666667,2011
GF4S02467b,9.415217623,48.36934576,2011
GF4S10878b,-1.32,51.77,2014
GF4T1380otu,144.59,-18.18,2014
FMS25160v2,15.84,62.72,2014
FMS16BI1421v2,138.665304,-34.6766793,2016
GF4S17634b,94.42694444,29.6497222,2018
GF4S19968b,27.33501,58.28426,2011
GF4S14329b,16.61377858,49.31710896,2017
GF4S19705b,26.584,58.10949,2017
FMS17214v2,-70.080944,-41.253333,2010
GF4S03492b,101.016,24.533,2015
FMS25322v2,22.41,66.54,2014
FMS11023v2,27.0333,58.116,2012
GF4T371otu,90.26,26.64,2018
GF4S17668b,138.80163,35.91679,2014
FMS08030v3a,138.8177222,35.9173889,2017
GF4T768otu,-59.92,5.28,2012
GF4S20960b,24.98713,59.61505,2016
GF3S10293b,-1.16275,38.03344,2017
GF4S20170b,26.72608098,58.47058902,2014
GF4S20153b,22.09,58.03,2014
GF4S10881b,-1.32,51.77,2014
FMS24024v2,-126.31,52.32,2008
FMS26034v2,21.98974,58.26431,2012
GF4S11505b,-116.4883,62.5097,2015
GF4S21799b,22.50151,58.15469,2016
GF4T352otu,91.89,25.55,2018
GF4T336otu,10.91,-1.84,2018
GF3S01448a,8.368094992,46.56712504,2017
GF4S03767b,100.167,27.167,2015
GF4S17669b,138.80704,35.91997,2014
GF4S17701b,138.81365,35.92184,2014
FMS20338v2,24.17,61.51,2011
GF3S01462a,8.371427972,46.56761102,2017
GF4S03745b,100.167,27.167,2015
GF4T1141otu,18.97,69.69,2020
FMS11762v2,-61.753336,47.466188,2011
GF4S03125b,101.016,24.533,2015
FMS17278v2,-2.192604,34.430867,2010
S001811,22.76667,58.83333,2011
GF4S21568b,26.706,58.379,2013
FMS04013v3,9.628543,46.092192,2014
N1766,10.36883286,55.13503083,2014
FMS25015v2,14.07,60.94,2014
FMS15719v2,88.81027778,33.19916667,2011
GF4T338otu,10.28,-0.51,2018
S006152,29.58333,67.76667,2011
GF4S21289b,27.30861,58.23347,2020
FMS08008v3a,138.8177222,35.9173889,2016
FMS25151v2,15.29,62.23,2014
FMS16BI0245v2,148.7724333,-35.51991666,2013
GF4S20977b,26.79971,58.37058,2016
GF4T1168otu,14.54,68.24,2020
GF3S09302b,12.6793169,50.2420728,2010
FMS23619v2,-126.31,52.32,2008
GF4S20575b,24.183291,58.609265,2015
GF3S02366a,121.2914,51.1536,2017
GF3S00724a,-2.96982,37.03661,2013
FMS17551v2,100.45,36.11666667,2011
GF4S14594b,13.44030153,48.99154107,2016
FMS16BI0542v2,141.97633,-35.11641,2012
FMS21698v2,10.31103,51.27151,2012
S000492,21.57109,69.89058,2012
FMS22852v2,-82.25,46.75,2011
GF4S02697b,13.86644078,52.92493542,2011
GF4S21324b,27.28656,58.28476,2020
GF4T123otu,147.37,-9.42,2011
GF4S14344b,16.683848,49.321515,2016
GF4S21119b,23.4885651,58.77605794,2016
GF3S01507a,8.374815015,46.56944197,2017
GF3S03566a,-83.2371,35.082,2017
GF4S14467b,16.65108039,49.26543913,2017
FMS25255v2,15.29,63.18,2014
FMS17301v2,-1.673747,37.821156,2006
GF4S03213b,100.167,27.167,2015
GF4S17809b,-83.43417,35.051025,2013
GF3S05178a,52.1414,36.3107,2018
GF4T23otu,-75.25,4.87,2012
FMS16BI1781v2,148.151667,-35.656611,2015
GF4T472otu,-48.45,-25.67,2018
GF4S15335b,-85.37,42.38,2015
FMS23329v2,-122.61,54.35,2008
GF3S05666a,16.79238,49.31748,2014
FMS21700v2,10.311438,51.27173,2012
FMS20270v2,24.17,61.51,2011
GF4T871otu,128.81,37,2019
FMS06312v3,-84,30.75,2014
FMS23053v2,-95.15,31.11,2012
S008936,17.757837,66.161164,2009
GF4S21711b,26.5561,58.3701,2015
GF4T589otu,27.41,59.1,2013
GF4S19977b,26.3716,58.27961,2019
GF4S20588b,23.719421,58.54237,2015
FMS24123v2,124.9,41.85,2013
GF4S12292b,-0.688491969,39.6084693,2014
GF4S19820b,26.86359,58.54332,2016
S003357,-78.97022,36.01264,2012
GF4S19580b,27.04318,58.1678,2013
FMS00621v3,13.635,48.3425,2014
FMS25195v2,13.96,62.66,2014
GF3S02348a,122.4331,50.9888,2017
FMS25243v2,15.19,63.15,2014
FMS24769v2,24.70361111,68.4877778,2011
FMS25252v2,15.29,63.18,2014
GF4S20971b,27.04915,57.8089,2016
FMS11022v2,27.0333,58.116,2012
FMS15517v2,150.275056,-33.647806,2012
FMS17588v2,96.55,32.58333333,2011
GF3S06752a,128.463275,38.032124,2018
GF3S06553a,10.585556,46.685556,2016
GF4S20461b,26.576385,57.759369,2015
FMS16BI0415v2,115.15015,-30.10658333,2013
S005223,10.22690385,51.28281358,2011
GF4S21437b,26.495,57.6524,2013
GF4S02839b,100.167,27.167,2015
GF4S21108b,23.91937589,59.34426707,2016
FMS11002v2,27.0333,58.116,2012
GF4S20729b,26.712763,58.251661,2015
GF4S01194b,115.506556,33.293469,2015
GF4S21614b,26.0845,58.4594,2015
N1062,-83.96,35.84,2014
FMS11755v2,-61.7552,47.447739,2011
GF4T974otu,126.92,54.11,2019
FMS26520v2,21.97196,58.45098,2012
FMS19536v2,81.33777778,44.54475,2015
GF4S01675b,4.96319,50.86234,2018
FMS17367v2,-69.8208,9.767953,2009
GF4S14396b,16.68807241,49.29490555,2017
FMS15724v2,84.02861111,32.23416667,2011
GF4S02942b,100.167,27.167,2015
GF4T1642otu,37.54,-6.91,2018
GF4S20402b,23.961525,58.854802,2015
GF4S20938b,25.6273,59.5836,2016
FMS17333v2,8.673783,35.167767,2010
GF4T233otu,39.52,40.87,2015
GF3S01709a,26.55,60.48,2014
N4204,130.54,31.34,2015
GF4T1648otu,12.9,47.57,2018
GF4S03732b,101.574,21.612,2015
GF4S21948b,26.71925,58.46564,2014
GF4S19621b,27.12508,58.15376,2013
GF4S20639b,26.462218,58.01453,2015
GF4S10846b,5.85,45.11,2014
S005785,5.263889,51.236111,2009
N0838,117.91,29.127,2011
FMS23074v2,-120.28,50.93,2010
N1974,-99.655561,22.246529,
FMS20364v2,24.17,61.51,2011
S009286,16.645243,49.312548,2013
GF4S13056b,9.491051148,48.45142224,2015
FMS16BI1199v2,149.01088,-35.8748666,2014
FMS05343v3,114.83136,37.76644,2015
GF4S03971b,101.016,24.533,2015
FMS25355v2,22.48,66.58,2014
GF4S19239b,14.3,58.35431089,2016
GF3S01494a,8.375228997,46.56841099,2017
FMS17359v2,-110.516686,38.003108,2009
FMS25307v2,22.45,66.54,2014
GF4T896otu,66.5,56.53,2019
GF4S19222b,20.87,65.84220953,2016
S001623,16.5,60.81667,2008
N3699,-123.2666667,54.3333333,2014
GF4S21251b,26.6131,59.4978,2020
S000576,-69.8964,-4.0083,2011
FMS22868v2,-82.85,47.57,2011
FMS22793v2,-122.61,54.35,2008
S006140,29.58333,67.76667,2011
N1660,9.857507134,55.68390164,2014
GF3S01740a,24.48,61.4,2014
GF4S19831b,26.883228,58.544565,2016
GF4T1361otu,166.77,-22.18,2014
GF3S01466a,8.372351993,46.56759703,2017
FMS19488v2,120.7573833,43.0712,2015
GF4T1048otu,100.03,20.07,2020
GF4S19814b,26.47319,58.02826,2017
GF3S02116a,112.5333333,23.16666667,2014
GF3S01521a,8.376795994,46.56949201,2017
GF3S01354a,26.54899,58.28634,2015
FMS16BI1525v2,117.266107,-34.599564,2016
GF4S03953b,101.016,24.533,2015
GF4S20786b,25.513599,58.678472,2015
FMS17826v2,39.32733611,22.12921665,2014
FMS25408v2,22.53,66.58,2014
FMS00405v3,19.25,42.35194,2014
GF4T1136otu,23.58,54.78,2020
FMS22905v2,-83.37,46.42,2011
FMS21791v2,10.238748,51.267749,2012
GF4S20397b,23.831604,58.823095,2015
GF3S06730a,128.463275,38.032124,2018
N0734,117.91,29.127,2011
GF4T332otu,9.34,0.58,2018
GF4S19997b,22.83183,58.48655,2012
FMS16BI1760v2,147.45611,-42.54522,2014
GF4S15771b,101.2,37.6166667,2012
FMS22781v2,-89.39,49.07,2011
GF4S20299b,25.517119,58.318814,2015
GF4S17627b,94.42694444,29.6497222,2018
FMS22779v2,-89.39,49.07,2011
GF4S03364b,100.167,27.167,2015
FMS24677v2,-73.3378848,42.4750834,2013
GF4S14425b,16.71786991,49.28890402,2017
GF4T1305otu,24.93,35.18,2014
GF4T21otu,-69.9,-4,2012
FMS11057v2,26.433,58.1833,2012
GF4S03465b,100.167,27.167,2015
FMS04022v3,9.872069,46.304671,2014
FMS00547v3,5.845556,52.00333,2014
GF4S21492b,16.9943989,49.97599,2018
GF4T463otu,-41.44,-22.1,2018
GF4S03600b,100.167,27.167,2015
FMS25204v2,15.26,63.18,2014
FMS17616v2,97.98333333,34.58333333,2011
GF4S03531b,101.574,21.612,2015
FMS16435v2,15.76778333,50.7393833,2013
GF4S02102b,18.854472,68.326056,2008
GF4S20105b,26.5495,58.3875,2014
FMS24995v2,14.29,61.19,2014
N0441,117.906,29.121,2011
GF4S20712b,24.734286,58.02887,2015
N1878,-111.00378,45.573646,
FMS23277v2,-122.61,54.35,2008
GF3S02107a,128.1166667,42.13333333,2014
FMS16BI0464v2,148.7968,-35.4235,2013
GF4T1671otu,177.63,64.78,2018
FMS17789v2,-72.95,-40.79,2013
GF4S16159b,13.110873,56.700918,2014
N3562,110.21,31.29,2011
FMS25074v2,14.05,61.03,2014
GF4S02551b,10.43581781,51.30197091,2011
FMS15730v2,89.75472222,31.52222222,2011
FMS21823v2,10.224485,51.268042,2012
FMS22810v2,-121.04,39.55,2011
S001550,125.21667,49.11667,2012
GF4S17381b,11.06,47.44,2016
FMS23040v2,-95.15,31.11,2012
GF4S03796b,101.574,21.612,2015
S009293,16.61894468,49.29938098,2013
GF4S19250b,15.54,57.79859393,2016
GF4S03404b,100.167,27.167,2015
FMS25410v2,22.53,66.58,2014
N1593,9.067590023,55.2925393,2014
FMS26220v2,22.18401,58.10682,2012
FMS16BI1676v2,143.14101,-13.67883,2015
GF4T969otu,73.86,70.99,2019
FMS16BI1289v2,138.7817266,-34.61755,2016
GF4T1166otu,14.66,68.24,2020
GF3S02383a,121.1949,50.9034,2017
GF4S21370b,27.326503,58.275708,2017
GF4T1057otu,13.94,37.97,2012
GF4S21587b,22.12285,57.95478,2014
GF4S17589b,94.42694444,29.6497222,2018
GF4S12824b,-76.366367,44.547333,2016
GF4S03700b,100.167,27.167,2015
GF4S15337b,-85.37,42.38,2015
GF4S14639b,13.8015055,48.90164,2016
GF4S21552b,26.60463,58.35203,2013
GF3S08379b,7.416666667,60.55,
GF4S20387b,25.50726,59.645853,2015
GF3S02387a,121.7933,51.0131,2017
N3654,-123.2666667,54.3333333,2014
FMS25326v2,22.41,66.54,2014
N0528,117.91,29.124,2011
FMS25296v2,22.41,66.58,2014
GF3S01305a,23.07168,58.82173,2015
GF4S21351b,26.329528,58.696686,2017
FMS22984v2,-95.15,31.11,2012
FMS16BI0125v2,130.794355,-13.179121,
FMS23082v2,-120.28,50.93,2010
FMS21731v2,10.31103,51.27151,2012
GF4S11437b,-112.2437,59.7429,2015
GF4T1689otu,150.29,59.69,2018
S009203,16.76111792,49.3077972,2013
GF4S02822b,101.016,24.533,2015
N1891,144.816,-35.4101,
N1675,12.27208167,55.95692068,2014
N0474,117.909,29.123,2011
GF4S20328b,25.920783,57.976769,2015
FMS11005v2,27.0333,58.116,2012
S009236,16.76111792,49.3077972,2013
FMS25327v2,22.41,66.54,2014
GF4T872otu,23.82,52.71,2019
FMS16BI0356v2,139.0061,-34.57692,2013
FMS21815v2,10.224485,51.268042,2012
GF4S21465b,27.3791,57.9212,2013
S000509,128.43149,42.03121,2011
GF4S03367b,100.167,27.167,2015
N4018,119.0069806,29.65249444,2015
N1483,8.676853199,57.113271,2014
GF4S14618b,13.64476258,48.94346714,2016
GF4S16307b,8.716666667,47.05,2014
GF4S20605b,26.571181,59.510247,2015
S000632,-82.2394,8.34,2012
GF4S19895b,26.57175,58.19075,2011
GF4S20600b,23.62096,58.652031,2019
FMS17256v2,58.109556,37.429083,2010
S005229,13.77802812,52.95172886,2011
GF4S10806b,5.89,45.11,2014
S009074,17.749183,66.14522,2009
GF3S05256a,-61.737384,47.473971,2011
GF4T575otu,42.79,43.07,2015
GF3S05813a,14.70740952,48.66364532,2015
GF4S20270b,22.932196,58.583114,2015
GF4S20915b,26.780705,58.251258,2016
FMS16BI1669v2,119.142832,-32.814728,2016
FMS17784v2,-72.95,-40.79,2013
FMS16BI1984v2,138.659439,-35.085733,2014
GF4S17463b,102.0314528,29.58724167,2014
GF4S16118b,-99.15,39.0833333,2018
GF4S02854b,101.574,21.612,2015
N1592,8.984554332,55.01777035,2014
S009212,16.76111792,49.3077972,2013
GF4S20633b,26.459219,57.701434,2015
GF4S20459b,26.610205,57.862795,2015
FMS17239v2,-71.585444,-31.199813,2007
FMS17709v2,91.7,31.83333333,2011
FMS17216v2,-70.524528,-41.0335,2011
GF3S08606b,1.080810441,42.59101986,2013
GF3S10262b,26.06,47.29,2017
GF4S02425b,9.518368873,48.39932304,2011
GF4S17370b,11.06,47.44,2016
FMSA8F1085v2,-83.5,35,2012
FMS24751v2,-71.3317636,42.4093993,2013
GF4T53otu,-74.85,5.89,2019
FMS16BI1602v2,150.0272657,-33.22036813,2015
GF4S20245b,27.862994,59.375088,2015
GF4S03262b,101.016,24.533,2015
GF4S20540b,22.803321,58.761815,2015
GF4T1624otu,14.5,37.11,2017
GF4S19642b,26.81997,58.46391,2016
FMS16BI1358v2,138.666254,-34.677165,2016
GF3S01445a,8.377480963,46.569505,2017
FMS24102v2,124.9,41.85,2013
S001673,23.551006,58.555214,2011
GF4S11324b,-114.1654,60.3432,2015
N3716,-123.2666667,54.3333333,2014
GF4S02569b,10.40085432,51.10283444,2011
GF4S20176b,26.943687,58.144455,2015
N1998,-2.877436,40.354792,
S008964,17.764602,66.141219,2009
N1759,10.49976739,55.10115456,2014
GF4S21495b,17.0238792,49.7122972,2018
S009013,17.750305,66.023694,2009
GF4T1437otu,-90.37,20.94,2015
S00D530,27.2979,58.25923,2011
FMS21689v2,10.311229,51.271436,2012
S000562,-72.236,-0.3806,2011
FMS26154v2,21.99024,58.26571,2012
GF4S15839b,-72.1875,42.4836111,2016
GF3S04534a,25.794602,61.103164,2019
GF4S21789b,22.25178,58.40062,2016
GF3S04434a,24.662434,60.237751,2019
GF4T546otu,42.77,43.06,2015
GF4S21679b,27.49997,59.37022,2015
GF4T349otu,92.88,25.83,2018
GF4S17628b,94.42694444,29.6497222,2018
GF4S20685b,22.121835,57.953273,2015
FMS17578v2,98.45,34.85,2011
FMS23937v2,-121.92,52.32,2009
S006134,29.58333,67.76667,2011
N0626,117.911,29.126,2011
GF4S19244b,15.3,60.01075424,2016
GF4S02690b,13.9270462,53.0627723,2011
GF4S17788b,-83.434013,35.049007,2013
FMS24622v2,-74.009257,41.419898,2013
GF4S20895b,26.75944,59.113685,2016
GF4S20145b,23.1117,58.5312,2014
S00D574,21.7,61.8,2011
GF4T1645otu,35.37,-3.2,2018
GF4T1488otu,20.46,-33.99,2016
GF4S17496b,101.9668417,29.55473333,2014
FMS11012v2,27.0333,58.116,2012
FMS21828v2,10.224485,51.268042,2012
FMS23037v2,-95.15,31.11,2012
GF3S00718a,-2.97138,37.01957,2013
GF3S10220b,11.2,43.07,2017
GF4T1019otu,100.09,19.88,2020
GF4T1637otu,38.53,-6.67,2018
GF4T840otu,51.19,24.9,2019
GF4S21131b,24.54918489,59.43495649,2016
GF4S01197b,115.506314,33.221051,2015
GF4T1037otu,143.67,-38.57,2019
GF4S21380b,27.5277,59.0673,2013
FMS16BI0213v2,148.029095,-41.183047,2013
N1765,10.36883286,55.13503083,2014
GF4S01647b,4.9855,50.87582,2018
GF4S17626b,94.42694444,29.6497222,2018
GF4S21818b,24.66239,59.4217,2017
GF4S03809b,100.167,27.167,2015
GF4S16300b,8.716666667,47.05,2014
GF4S10726b,5.777071,52.014828,2016
GF4T1432otu,115.01,-30.17,2015
S005775,5.263889,51.236111,2009
GF4S03263b,101.574,21.612,2015
GF4S03608b,100.167,27.167,2015
FMS19494v2,116.58085,44.26951667,2015
GF4S03052b,101.016,24.533,2015
S001678,23.551006,58.555214,2011
N3614,-123.2666667,54.3333333,2015
FMS20300v2,24.17,61.51,2011
GF4S20673b,24.61965,58.67367,2015
FMS00349v3,13.986667,45.7575,2014
FMS21749v2,10.311438,51.27173,2012
GF4T454otu,-39.57,-16.99,2018
GF4S20771b,25.800229,59.112887,2015
GF3S00678a,-2.98578,37.00703,2014
FMS23215v2,-120.42,50.85,2010
FMS22875v2,-82.85,47.57,2011
GF4S17597b,94.42694444,29.6497222,2018
FMS25165v2,15.84,62.72,2014
GF4S20359b,25.921073,58.624157,2015
N1602,10.48020474,56.29155915,2014
GF4S11477b,-117.1738,61.7793,2015
FMS10963v2,27.31,58.25,2012
S005843,5.263889,51.236111,2011
GF4S02533b,10.32234173,51.02339001,2011
GF3S02832a,13.110873,56.700918,2014
GF4S03280b,100.167,27.167,2015
GF4S21290b,26.61914,58.35488,2020
N1093,-83.96,35.84,2014
GF4S13360b,4.4027,50.7471,2019
GF4S21184b,26.53306,57.57449,2017
FMS24099v2,124.9,41.85,2013
FMS06295v3,-84,30.75,2014
FMS21745v2,10.311438,51.27173,2012
GF4S02929b,101.574,21.612,2015
GF4S21280b,26.79551,58.39394,2020
GF4T1152otu,17.27,68.54,2020
GF4S19660b,27.01135,58.41531,2017
GF4S12597b,126.7282834,33.4780278,2015
GF4S11378b,-116.3878,62.5635,2015
FMS23589v2,-126.31,52.32,2008
GF4S11476b,-117.1738,61.7793,2015
GF3S01511a,8.376686024,46.57024596,2017
FMS16BI1604v2,132.2700811,-13.55727929,2016
FMS25364v2,22.67,66.52,2014
FMS23289v2,-122.61,54.35,2008
GF4S03062b,101.574,21.612,2015
GF4S03417b,100.167,27.167,2015
GF4S03494b,101.574,21.612,2015
FMS23517v2,-121.92,52.32,2009
GF3S04454a,25.016519,60.227217,2019
FMS11014v2,27.0333,58.116,2012
FMS11076v2,26.433,58.1833,2012
GF4T480otu,-16.29,28.53,2019
FMS25401v2,22.53,66.58,2014
FMS23085v2,-120.28,50.93,2010
GF4S22093b,-51.45428333,-1.7245,2015
GF3S05188a,52.2068,36.2622,2018
S008959,17.799359,66.12506,2009
FMS23623v2,-126.31,52.32,2008
S000747,39.45722,51.91068,2011
GF4S03823b,101.574,21.612,2015
GF4T689otu,-96.46,17.39,2018
GF4S02858b,100.167,27.167,2015
S000769,22.83183,58.48655,2012
FMS16BI0536v2,126.9831,-31.86331667,2011
GF3S04540a,25.806481,61.099492,2019
GF4S03718b,101.574,21.612,2015
GF4S20765b,25.763955,59.128087,2015
FMS19511v2,108.6118,39.70273333,2015
FMS25257v2,15.29,63.18,2014
FMS24120v2,124.9,41.85,2013
N3715,-123.2666667,54.3333333,2014
GF4S03975b,101.016,24.533,2015
FMS16BI1173v2,142.717778,-30.395,2014
GF4T1007otu,-75.46,9.49,2019
N0580,117.906,29.122,2011
GF4S17630b,94.42694444,29.6497222,2018
FMS17234v2,-71.250724,-29.749902,2009
GF4T418otu,-61.64,16.04,2018
GF3S02198a,110.4833333,31.31666667,2014
GF3S09274b,112.83,22.57,2018
GF4S20183b,27.059148,57.591643,2015
FMS16BI1419v2,138.692083,-34.773508,2016
S009229,16.72117293,49.2669467,2013
S001624,14.84222,59.27222,2008
S009040,17.799359,66.12506,2009
FMS25246v2,15.19,63.15,2014
GF4S03625b,100.167,27.167,2015
GF4S21884b,14.1075628,49.4373225,2017
FMS15533v2,147.907406,-43.050833,2012
GF4S20854b,26.009365,58.079059,2016
S001175,-120.3525,50.894167,
FMS16BI1638v2,132.1961667,-30.88627118,2016
GF3S09279b,112.83,22.57,2018
GF4S20807b,27.179296,57.621658,2015
GF3S02114a,112.5333333,23.16666667,2014
N1761,10.36894119,55.12918933,2014
FMS11715v2,-61.721188,47.479641,2011
FMS16BI0409v2,115.1160833,-30.10666667,2013
FMS16BI0482v2,143.884,-40.11,2013
GF3S00783a,-3.33514,36.95111,2013
GF4S16744b,21.31508,69.51659,2013
GF4S21142b,26.51756513,57.862202,2016
FMS21834v2,10.238748,51.267749,2012
GF4S11374b,-116.3878,62.5635,2015
GF4S03768b,101.016,24.533,2015
FMS00413v3,23.006667,40.75028,2014
GF4S11368b,-116.4846,62.5076,2015
FMS25041v2,14.54,61.26,2014
FMS16BI0235v2,132.81381,-12.67631,2013
FMS24750v2,-71.3317636,42.4093993,2013
GF4S20480b,25.463703,58.477372,2015
GF4S20568b,27.475022,57.760519,2015
FMS26307v2,22.26762,58.29701,2012
FMS25902v2,21.88617,58.3763,2012
S00D548,21.7,61.7,2011
GF4S19876b,26.319755,58.741588,2017
GF4S04075b,100.167,27.167,2015
FMS16BI1761v2,147.45611,-42.54522,2014
FMS00443v3,19.212222,42.54944,2014
GF4S17741b,138.80077,35.94163,2014
GF4S03629b,101.574,21.612,2015
GF3S05133a,1.041111,41.354167,2009
GF4S02579b,10.31900538,51.1942783,2011
FMS15697v2,-21.55,74.4666667,2011
FMS25301v2,22.41,66.58,2014
FMS17586v2,96.73333333,32.88333333,2011
GF4S19284b,15.78,59.11364451,2016
N1689,12.07340872,56.04420107,2014
FMS16BI1090v2,138.5946,-31.54388,2013
GF4S17367b,11.06,47.44,2016
S001683,23.551006,58.555214,2011
FMS00471v3,8.822778,50.15472,2014
GF3S04468a,30.16287637,62.6179995,2019
S008701,17.742322,66.150675,2009
GF4S11408b,-116.5827,62.4851,2015
GF4S19880b,27.321772,58.275908,2017
N2008,-2.879354,40.018028,
GF4S11335b,-112.2381,59.7496,2015
FMS20356v2,24.17,61.51,2011
FMS16BI0422v2,148.9125,-35.58598333,2013
N1463,10.0571607,57.590327,2014
S009242,16.64813256,49.26306429,2013
GF4S13330b,4.4047,50.7494,2019
GF4S11353b,-116.4933,62.4843,2015
GF4S14666b,13.92044735,48.75207026,2016
N0582,117.909,29.123,2011
GF4S21956b,26.282222,58.156667,2014
GF4S21268b,24.6861,59.446,2020
GF3S05788a,14.70355594,48.66672879,2015
N1448,10.07802317,57.58822589,2014
GF4T1011otu,11.5,3.5,2020
GF3S01322a,23.1117,58.5312,2014
FMS16BI1553v2,132.2182969,-30.89864878,2016
GF4S03578b,101.016,24.533,2015
FMS17273v2,-102.455579,22.352438,2008
FMS24971v2,13.85,60.68,2014
FMS9541v2,13.85524625,48.7765722,2011
GF4S02045b,18.849,68.328056,2008
GF3S02396a,122.0943,50.9421,2017
GF4S01205b,114.19036,33.36277,2015
N0520,117.908,29.127,2011
GF3S04550a,25.6524998,60.9662078,2019
GF4S03444b,100.167,27.167,2015
GF4S03426b,101.574,21.612,2015
GF4S03381b,101.574,21.612,2015
FMS9555v2,13.85526593,48.77658796,2011
FMS22887v2,-82.85,47.57,2011
N1859,-95.58,42.88,
GF4S21454b,26.5162,57.6624,2013
GF4S16162b,13.110873,56.700918,2014
FMS11031v2,27.0333,58.116,2012
FMS17563v2,100.8166667,34.85,2011
S009066,17.715826,66.140629,2009
S00D586,27.5162,59.0619,2013
GF4S20585b,23.833498,58.464704,2015
GF3S08420b,7.416666667,60.55,
GF3S02379a,121.3352,50.9257,2017
S009228,16.72777818,49.27501626,2013
GF4S11342b,-117.1765,61.773,2015
FMS10580v2,-66.876891,17.981283,
FMS15529v2,146.809247,-43.072556,2012
GF4S19364b,-78.855,-2.959,2017
GF4T725otu,46.93,-24.99,2010
GF4S19608b,27.04826,58.1523,2013
GF3S10225b,11.2,43.17,2017
FMS21727v2,10.311229,51.271436,2012
GF4T64otu,-70.03,-4.35,2015
FMS25281v2,22.45,66.55,2014
GF4T775otu,145.42,-37.53,2012
GF3S03525a,117.83,31.8,2015
GF4T1630otu,14.13,37.89,2018
FMS22923v2,-120.78,39.26,2011
FMS16BI0257v2,148.8305,-35.3365,2013
GF4S20544b,22.439332,58.991429,2015
GF4T285otu,-120.58,39.06,2016
S00D577,27.5277,59.0673,2013
GF3S00784a,-3.33492,36.95107,2013
GF4T1230otu,116.02,5.49,2012
FMS23551v2,-126.31,52.32,2008
S000847,145.2775,-6.353083333,2011
GF3S02350a,122.4339,50.9894,2017
GF4S20341b,27.111868,58.552291,2015
FMS11033v2,27.0333,58.116,2012
FMS16BI0237v2,132.84315,-12.70607,2013
GF4S20013b,26.57518,58.24419,2012
GF3S02302a,121.1959,50.9034,2017
GF4T1573otu,38.7,-4.77,2016
GF3S02824a,13.110873,56.700918,2014
GF4S19304b,14.26,56.39203678,2016
FMS16BI0113v2,134.50615,-13.52115,2013
GF4S20171b,26.72608098,58.47058902,2014
GF4S21368b,27.334969,58.280228,2017
GF4S16164b,13.110873,56.700918,2014
GF3S01418a,26.17691252,58.11437969,2016
GF4S11530b,-117.0406,61.6777,2015
GF4T1333otu,-77.35,3.91,2014
GF4S21598b,26.588,58.4176,2014
GF4T1597otu,51.17,31.34,2017
FMS19526v2,83.86352778,42.93622222,2015
GF4S20586b,23.833498,58.464704,2015
FMS16BI0211v2,148.567311,-34.858056,2013
GF3S08577b,0.83585894,42.66723125,2013
GF3S00738a,-3.35468,36.92413,2014
GF3S01735a,27.33,64.27,2014
GF4S21504b,17.3887308,49.3070508,2018
GF4S20224b,26.280924,57.720133,2015
GF4S10856b,-1.32,51.77,2014
FMS24749v2,-71.3317636,42.4093993,2013
S001739,23.551006,58.555214,2011
GF4S20946b,24.95239,59.02551,2016
GF4S20790b,25.838767,58.458571,2015
GF4T329otu,30.18,-2.37,2018
FMS24760v2,-71.3317636,42.4093993,2013
GF4S03565b,100.167,27.167,2015
S000783,25.55063,58.35081,2013
GF4S18765b,21.31831,69.51875,2013
FMS16BI0185v2,132.3738334,-12.64892022,2012
GF4T549otu,42.8,43.07,2015
GF3S05213a,-61.73215,47.469423,2011
GF3S02368a,121.2915,51.1542,2017
GF4T783otu,-71.55,-41.08,2012
GF4S14416b,16.70662324,49.29034152,2016
FMS16BI0340v2,132.68674,-12.85747,2013
S009338,16.72763055,49.2790122,2013
FMS25433v2,22.57,66.54,2014
GF4S20036b,25.0398,58.1478,2013
FMS25117v2,14.75,63.51,2014
GF4S20263b,23.285973,58.586933,2015
FMS23073v2,-120.28,50.93,2010
GF3S01733a,27.33,64.27,2014
FMS9561v2,13.85528515,48.77658338,2011
FMS05379v3,114.8905,37.76742,2015
S001612,18.00222,60.46778,2008
GF3S06722a,128.463275,38.032124,2018
GF4S20746b,24.878329,59.345735,2015
S005240,13.78261215,52.94002157,2011
GF4S02556b,10.38013795,51.28683133,2011
GF4S03218b,100.167,27.167,2015
FMS25062v2,14.21,60.95,2014
S005724,5.263889,51.236111,2009
FMS22771v2,-89.39,49.07,2011
GF4T822otu,119.44,30.32,2012
FMS08025v3a,138.8177222,35.9173889,2017
GF4S13396b,4.4386,50.7658,2019
GF3S10231b,23.69,52.76,2017
GF4S02136b,18.854472,68.326056,2008
GF4S03514b,101.574,21.612,2015
GF4S20403b,24.184532,58.931235,2015
FMS16BI1601v2,150.1397234,-33.32938057,2015
GF4T54otu,-75.55,6.5,2019
GF4S03926b,100.167,27.167,2015
GF4S14609b,13.50417714,48.96842607,2016
FMS24791v2,24.70361111,68.4877778,2011
GF3S06760a,128.463275,38.032124,2018
GF4S21287b,26.84505,58.36588,2020
FMS23363v2,-120.35,50.88,2010
GF4S20192b,27.440058,58.21592,2015
FMS26505v2,22.32,58.28418,2012
FMS25214v2,15.28,63.19,2014
GF4S03682b,101.016,24.533,2015
FMS16BI1884v2,146.6442606,-43.08869766,2015
GF4S21935b,12.9388728,49.5336458,2018
GF4S02484b,9.438171024,48.41746291,2011
GF4T530otu,39.75,7.11,2019
FMS16BI1740v2,141.61639,-13.84394,2015
S009024,17.749183,66.14522,2009
GF3S03487a,104.9,29.23,2015
GF3S09241b,11.70554167,51.6299111,2016
GF4S20529b,23.041655,58.842917,2015
FMS11702v2,-61.743329,47.454411,2011
FMS26673v2,22.83214,58.48656,2012
GF4S03498b,101.016,24.533,2015
GF4S20182b,27.059148,57.591643,2015
FMS08046v3a,138.8177222,35.9173889,2017
GF4T502otu,-90.42,13.91,2019
GF4S20082b,26.4553,58.0443,2014
FMS17245v2,117.272139,49.525333,2010
GF4S03752b,100.167,27.167,2015
FMS9550v2,13.85524672,48.77659238,2011
GF4S14519b,13.26511948,49.11961798,2015
GF4S03862b,101.016,24.533,2015
FMS05324v3,114.17215,33.42341,2015
FMS16BI1606v2,116.18417,-32.58888,2016
GF4S03836b,101.574,21.612,2015
GF4S03232b,100.167,27.167,2015
GF4S20690b,24.066592,58.537702,2015
GF3S10252b,26.05,47.31,2017
GF4S14476b,16.6920829,49.26835436,2016
GF4S19302b,14.26,56.39203678,2016
GF3S03181a,26.5866,58.41797,2015
S000593,147.1175,-7.30579,2011
S000765,26.55972,58.33669,2011
GF4T383otu,-150.01,61.7,2018
S001748,23.551006,58.555214,2011
GF4S02114b,18.854472,68.326056,2008
GF4S02842b,101.016,24.533,2015
N3693,-123.2666667,54.3333333,2015
GF4S13350b,4.4404,50.7663,2019
GF4S20012b,26.57518,58.24419,2012
FMS17240v2,119.177417,49.262694,2007
GF4S21625b,22.84718,58.9741,2015
N3815,84.51666667,44.1833333,2016
FMS24641v2,-74.009257,41.419898,2013
S001732,23.551006,58.555214,2011
GF3S02159a,108.9833333,18.75,2014
FMS21759v2,10.311413,51.271362,2012
GF4S04071b,100.167,27.167,2015
FMS24303v2,5.63,52.25,2016
S005808,5.263889,51.236111,2009
N3644,-123.2666667,54.3333333,2015
GF4S02885b,101.574,21.612,2015
GF4T178otu,79.23,29.46,2013
S000494,-149.5968,68.6228,2012
FMS17327v2,-2.879354,40.018028,2010
GF4T1547otu,151,-34,
GF4S11436b,-112.2437,59.7429,2015
GF3S06720a,128.463275,38.032124,2018
GF4S13158b,4.4178,50.7422,2019
GF4S17522b,124.3333333,51.7,2018
GF4S11464b,-113.9752,60.2657,2015
GF3S05653a,16.655437,49.27316,2014
GF3S04514a,25.744052,62.230309,2019
GF4S20122b,23.9848,56.9226,2014
N3818,84.51666667,44.1833333,2016
GF4S20910b,26.944904,57.542988,2016
GF4S20347b,27.49112,58.100037,2015
FMS12376v2,9.474351501,48.40023261,2011
GF4S03047b,100.167,27.167,2015
FMS05385v3,114.9625,36.23167,2015
S008935,17.757837,66.161164,2009
FMS17581v2,96.91666667,33.01666667,2011
S00D607,26.4676,57.6687,2013
GF4S20000b,22.44107,58.23408,2012
GF4S03181b,100.167,27.167,2015
GF4T125otu,146.81,-6.71,2011
FMS16BI1730v2,147.43977,-42.8072,2014
FMS17368v2,34.820866,31.35779,2010
GF4S19654b,26.514652,58.748432,2018
GF4S02928b,100.167,27.167,2015
GF4T94otu,-67.68,-54.99,2016
FMS16BI1769v2,146.8927,-42.27154,2014
FMS24953v2,14.42,61.48,2014
GF4S21393b,27.4131,59.1001,2013
FMS16BI0461v2,148.79595,-35.42375,2013
FMS17677v2,93.31666667,35.31666667,2011
GF4T306otu,-75.84,19.98,2017
GF4T139otu,145.15,-5.82,2011
FMS25007v2,14.08,60.94,2014
GF4S13143b,4.4209,50.7508,2019
GF4T1283otu,-71.29,-41.26,2013
S000667,27.65878,-11.48405,2012
FMS11866v2,-72.19,42.53,2012
FMS21701v2,10.311438,51.27173,2012
N4231,130.46,31.31,2015
FMS17708v2,91.7,31.83333333,2011
FMS17242v2,118.403778,49.494333,2010
GF4T448otu,-37.73,-11.77,2018
GF4S02069b,18.853583,68.3265,2008
GF4S19336b,15.14,62.39679319,2016
GF4S03915b,101.574,21.612,2015
FMS24635v2,-74.009257,41.419898,2013
N1657,9.545471604,55.66713549,2014
GF4S21247b,26.4682,59.5337,2020
GF3S00214a,11.097,47.037,2016
S000655,45.37253,-22.53526,2010
FMS06278v3,-84,30.75,2014
GF4S12223b,-0.513287195,39.93505822,2014
GF4S03684b,101.016,24.533,2015
GF3S02329a,122.085,50.9444,2017
GF4S04058b,100.167,27.167,2015
GF4S14493b,16.65280849,49.25627461,2016
GF4S20881b,24.273369,59.082802,2016
GF4T941otu,12.09,56.01,2019
GF4S03460b,101.016,24.533,2015
S005764,5.263889,51.236111,2009
GF4S21917b,13.4430758,50.5109781,2018
GF4S21355b,27.326564,58.275258,2017
GF4S02014b,18.848083,68.330444,2008
GF3S05165a,1.031944,41.350278,2014
GF4S21066b,26.22692909,59.25681255,2016
GF4S20547b,22.390614,58.933587,2015
FMS25248v2,15.19,63.15,2014
S000551,116.83952,-34.95433,2011
GF4S20411b,24.374431,59.461757,2015
FMS9524v2,13.85518235,48.77659268,2011
GF4S17661b,138.81773,35.91739,2014
FMS21763v2,10.238938,51.26789,2012
GF4T154otu,131.75,-12.72,2011
GF4S10800b,5.89,45.11,2014
GF3S00684a,-2.97163,37.01942,2014
GF4S03104b,101.016,24.533,2015
N3686,-123.2666667,54.3333333,2015
GF3S00796a,-3.35488,36.92412,2013
FMS08171v3a,130.4308298,46.7698935,2015
GF4T234otu,39.5,41.02,2015
GF4T367otu,89.36,27.49,2018
FMS16BI1759v2,147.781349,-24.83835,2014
FMS24119v2,124.9,41.85,2013
N1464,10.40702263,57.64315915,2014
FMS25317v2,22.45,66.54,2014
GF4S21639b,22.2581,58.89994,2015
FMS16BI1820v2,146.6440339,-43.09177664,2015
S008864,17.737975,66.044107,2009
GF4S03756b,100.167,27.167,2015
GF4S17799b,-83.433849,35.047616,2013
GF4S03513b,100.167,27.167,2015
N1681,12.31617428,55.99989788,2014
GF4T1289otu,-5,33.52,2014
GF4S16481b,112.1666667,23.1666667,2016
FMS16BI0054v2,149.0083,-35.8811,2014
GF4S21436b,26.4972,57.6541,2013
GF4S11516b,-116.4698,62.5208,2015
GF3S02212a,117.87,25.3,2015
GF4S21374b,27.304931,58.260303,2017
FMS19535v2,81.41463889,44.60283333,2015
N0496,117.911,29.126,2011
FMSA8F1021v2,-72.19,42.53,2012
FMS23078v2,-120.28,50.93,2010
GF3S03551a,-83.5385,35.6889,2017
GF4S03977b,101.016,24.533,2015
GF3S08369b,7.416666667,60.55,
S005234,13.69441893,53.10734802,2011
GF3S01440a,26.71925,58.46564,2014
GF4T1175otu,53.22,57.07,2012
FMS25425v2,22.57,66.54,2014
GF4S20271b,22.932196,58.583114,2015
GF4S10816b,5.89,45.11,2014
FMS08103v3a,138.8315,35.9194722,2016
GF4T657otu,18.85,67.88,2014
GF3S02174a,127.662,45.41666667,2014
GF3S00700a,-2.97187,37.0536,2014
FMS16BI1709v2,147.20646,-42.55907,2014
GF4S21577b,26.777,58.429,2014
FMS11713v2,-61.73215,47.469423,2011
S00D599,26.5529,57.6764,2013
N0532,117.91,29.124,2011
GF3S03507a,112.53,37.69,2015
GF4S10716b,5.777071,52.014828,2016
GF4S12266b,-0.84930871,39.57519785,2014
FMS05313v3,114.83136,37.76644,2015
GF3S04538a,25.806481,61.099492,2019
GF4S12299b,-0.846211554,39.58779215,2014
GF4T384otu,-150.18,62,2018
GF4S02663b,13.88536623,53.05703356,2011
N1816,12.53891312,54.97290273,2014
GF4S20597b,23.552541,58.557423,2015
GF4S19853b,26.72314,58.53249,2017
GF3S06766a,128.463275,38.032124,2018
GF4S22068b,-70.00291667,-4.32335,2015
GF4S21628b,22.16529,58.9341,2015
GF3S03519a,106.63,26.65,2015
GF4S02124b,18.854472,68.326056,2008
GF4T1384otu,146.13,-19.04,2014
GF4S03784b,101.016,24.533,2015
FMS21742v2,10.311438,51.27173,2012
S000644,116.02311,5.36636,2012
FMS16BI0072v2,150.265414,-33.659823,2014
S00D615,27.3465,57.9374,2013
GF4S03259b,101.574,21.612,2015
GF4S13127b,4.4613,50.8129,2019
GF4S20109b,26.665,58.3611,2014
GF4T310otu,-51.62,64.2,2017
GF4S20991b,26.2587,58.981,2016
GF4S03254b,100.167,27.167,2015
FMS20299v2,24.17,61.51,2011
GF3S00729a,-2.97201,37.05353,2013
N1613,10.52333815,56.20709099,2014
GF4T1619otu,13.97,37.93,2017
FMS22878v2,-82.85,47.57,2011
FMS16BI0315v2,130.9971565,-25.39819772,2013
S006162,29.58333,67.76667,2011
FMS17662v2,95.9,37.48333333,2011
GF4S17646b,138.80218,35.94429,2014
FMS23631v2,-126.31,52.32,2008
GF4T1156otu,53.08,57.1,2012
N0486,117.91,29.126,2011
FMS24957v2,14.14,60.69,2014
GF4S20754b,26.283433,57.900657,2015
GF3S01491a,8.37503898,46.56838501,2017
GF4T74otu,-51.39,-1.74,2016
GF4S12606b,126.7282834,33.4780278,2015
GF4S20670b,24.695806,58.68433,2015
GF4S03755b,100.167,27.167,2015
S000595,147.13239,-7.30364,2011
GF4S01193b,117.073337,35.00309,2015
FMS25045v2,14.54,61.26,2014
FMS16BI0025v2,119.9996667,-33.93133333,2013
GF4T121otu,147.38,-9.44,2011
FMS16BI0447v2,146.6099,-42.6831,2013
FMS16BI0483v2,136.7403888,-31.24283403,2011
GF4S20395b,25.088886,59.497519,2015
GF3S05180a,52.0907,36.3639,2018
GF4S12225b,-0.556520535,39.88091704,2014
GF4S21913b,15.6506325,50.2191386,2018
FMS23025v2,-95.15,31.11,2012
FMS16BI0455v2,148.7975833,-35.42373333,2013
GF4S12350b,-0.312697451,38.91615148,2014
FMS25206v2,15.26,63.18,2014
GF4S12207b,-0.605722213,39.80012363,2014
GF4T211otu,-73.7,11.26,2014
GF4S16314b,8.716666667,47.05,2014
GF3S09254b,112.83,22.57,2018
FMS22838v2,-82.25,46.75,2011
GF4T543otu,42.73,43.06,2015
FMS23205v2,-120.42,50.85,2010
GF4S21623b,27.81751,59.1386,2015
GF4T170otu,21.57,69.89,2012
GF4T271otu,-117.63,33.71,2015
FMSA8F1048v2,-79.85,9.15,2012
GF4S04117b,101.574,21.612,2015
FMS25179v2,15.17,63.17,2014
N3557,110.2,31.24,2011
FMS16BI0515v2,116.8285667,-21.11651667,2011
GF4S11379b,-116.3878,62.5635,2015
FMS06276v3,-84,30.75,2014
GF4S03550b,100.167,27.167,2015
GF3S02390a,121.8087,50.9866,2017
GF4S03894b,101.016,24.533,2015
S009323,16.70424253,49.27761804,2013
FMS16BI0517v2,118.08065,-22.57065,2011
S008748,17.716848,66.141895,2009
GF4S19774b,24.1128,56.47827,2019
GF3S05841a,14.70872691,48.66470334,2015
S000760,-119.55345,37.74811,2013
FMS16BI0592v2,150.6369569,-35.15913962,2012
FMS22885v2,-82.85,47.57,2011
N0488,117.909,29.127,2011
GF4S22087b,-51.41043333,-1.77133333,2015
FMS00266v3,23.128889,40.65889,2013
FMS25154v2,15.29,62.23,2014
FMS23093v2,-120.28,50.93,2010
GF4S20177b,26.943687,58.144455,2015
FMS16BI1205v2,142.27515,-34.42796,2014
FMS20304v2,24.17,61.51,2011
FMS16BI1847v2,150.72258,-33.60885,2015
GF4S20538b,22.784287,58.84069,2015
FMS25226v2,15.37,63.16,2014
GF3S02380a,121.3346,50.9258,2017
S009247,16.6450629,49.25590245,2013
GF4T810otu,80.42,6.42,2012
S009245,16.64813256,49.26306429,2013
GF4S17666b,138.80147,35.91567,2014
GF4S03961b,100.167,27.167,2015
GF4S19279b,14.4,59.17199001,2016
GF4S20148b,22.436,58.236,2014
S005783,5.263889,51.236111,2009
GF4S03649b,100.167,27.167,2015
GF4S16413b,-85.37,42.38,2015
GF4S03856b,101.016,24.533,2015
GF4S19694b,26.61081,58.12211,2017
FMS00424v3,5.9225,52.08611,2014
N1625,10.56263271,56.2243184,2014
FMS06305v3,-84,30.75,2014
FMS26697v2,22.82668,58.48978,2012
FMS05358v3,119.98097,36.66411,2015
S00D541,21.7,61.7,2011
GF4S03708b,101.016,24.533,2015
GF3S03509a,121.16,41.16,2015
FMS21780v2,10.224485,51.268042,2012
GF4S20104b,26.5182,58.3646,2014
GF4S02421b,9.36219827,48.39164797,2011
S000808,14.4967,37.89783,2011
FMS00555v3,21.946667,41.1175,2014
N1970,58.6695,36.696167,
GF4S12239b,-0.480775367,39.92943413,2014
FMS16BI0442v2,148.3002,-42.0585,2013
GF4S01975b,-72.1875,42.4836111,2016
GF4S21607b,26.7031,58.3889,2014
FMS17788v2,-72.95,-40.79,2013
FMS00494v3,23.006667,40.75028,2014
GF3S10224b,11.2,43.17,2017
FMS20305v2,24.17,61.51,2011
GF4S15863b,-72.1875,42.4836111,2016
FMS00653v3,19.5875,42.59139,2014
GF4T1310otu,-3.77,8.77,2014
N3675,-123.2666667,54.3333333,2015
FMS16BI0236v2,132.81381,-12.67631,2013
GF4S19823b,27.042771,58.162787,2018
FMS11860v2,-72.19,42.53,2012
GF4S01628b,4.99078,50.8867,2018
GF4S02640b,13.83208736,53.15192925,2011
GF4S20355b,27.42154,57.709265,2015
GF3S00773a,-3.32698,36.97176,2013
GF4T322otu,30.11,-0.37,2018
FMS16BI1432v2,138.79065,-34.624175,2016
GF4S03319b,101.574,21.612,2015
GF3S06548a,10.575,46.677778,2016
GF3S09230b,11.08298056,51.8620639,2016
S00D534,21.7,61.7,2011
N0602,117.909,29.127,2011
GF4S04043b,101.016,24.533,2015
GF4S19688b,26.82038,58.02064,2017
FMS16BI1557v2,132.2180168,-30.89909373,2016
GF4S02046b,18.849,68.328056,2008
GF4S02634b,14.01843487,53.10583135,2011
GF4S21386b,27.4805,59.0656,2013
GF4T695otu,-89.8,18.23,2016
GF4S03580b,101.016,24.533,2015
FMSA8F1031v2,-65.8,18.3,2012
GF4S20427b,24.477962,58.666478,2015
GF4S20601b,23.811227,58.613722,2015
N1685,12.2927887,55.98460376,2014
S003070,-119.49117,37.80889,2012
GF4S20755b,26.277399,57.903686,2015
GF3S04442a,24.942196,60.153993,2019
GF3S03508a,117.08,36.71,2015
S005814,5.263889,51.236111,2011
GF4S03335b,100.167,27.167,2015
GF4S02563b,10.24095787,51.26387813,2011
GF4S16445b,-89.35,43.1333333,2015
GF4T1426otu,-84.6,10.22,2013
FMS26412v2,22.26849,58.29754,2012
GF4S16731b,21.31793,69.51849,2013
GF4S19329b,19.82,64.35554188,2016
FMS15703v2,-21.55,74.4666667,2011
FMS25149v2,15.29,62.23,2014
S000662,145.24386,-37.73217,2011
GF3S05695a,16.724879,49.3199,2014
GF4T538otu,42.74,43.02,2015
GF3S06747a,128.463275,38.032124,2018
FMS17264v2,-99.894557,22.64831,2008
FMS16BI0119v2,135.77629,-13.40822,2013
S000688,-71.5818,-41.3476,2011
GF4S04097b,101.574,21.612,2015
GF3S01734a,27.33,64.27,2014
FMS22747v2,-89.38,49.08,2011
GF4S21274b,26.7373,58.3574,2020
N1565,8.080258493,55.56292804,2014
FMS23094v2,-120.28,50.93,2010
GF3S09225b,11.08298056,51.8620639,2016
GF4S17718b,138.81961,35.95736,2014
GF4S20821b,24.4164,59.3875,2015
GF4S16761b,21.3175,69.51761,2013
GF4S03195b,100.167,27.167,2015
S008815,17.846592,65.954818,2009
FMS06311v3,-84,30.75,2014
GF4T141otu,145.03,-5.93,2011
GF4S21716b,26.3097,59.4965,2015
GF4T427otu,-38.91,-4.41,2018
GF4S20476b,25.663197,58.396142,2015
N3622,-123.2666667,54.3333333,2014
FMS17594v2,96.35,33.26666667,2011
FMS16BI0006v2,119.2884167,-34.02372222,2013
GF4T993otu,90.99,30.67,2019
FMS21733v2,10.31103,51.27151,2012
GF3S06775a,128.463275,38.032124,2018
GF4S20900b,26.483434,58.505818,2016
GF4S03566b,101.574,21.612,2015
GF4T1732otu,-66.34,-17.58,2018
GF3S03511a,121.21,37.42,2015
GF4S16141b,-96.58333333,39.0833333,2018
S000665,27.67425,-11.4829,2012
GF4S03880b,101.016,24.533,2015
GF4S11533b,-116.8218,61.7581,2015
N1482,8.676853199,57.113271,2014
GF4S03423b,101.016,24.533,2015
GF4S17691b,138.81944,35.91363,2014
GF4S19680b,26.563579,58.426659,2017
N1877,-111.00378,45.573646,
FMS15717v2,89.75472222,31.52222222,2011
FMSA8F1004v2,-83.5,35,2012
FMS00267v3,21.8025,40.99361,2013
GF4S21573b,12.67599722,50.2501,2014
GF4S17462b,102.0390611,29.59382222,2014
FMS22874v2,-82.85,47.57,2011
S000735,121.293375,24.135044,2011
FMS22879v2,-82.85,47.57,2011
FMS26175v2,21.99024,58.26571,2012
GF4S19707b,26.50111,58.30883,2017
S005215,10.53332754,51.36948156,2011
FMS16BI0541v2,135.3400333,-32.91006667,2011
GF4S20631b,26.272726,57.955749,2015
GF4S14606b,13.48381012,48.96651376,2016
GF4S02817b,100.167,27.167,2015
GF4S21810b,26.588,58.4176,2016
GF3S00734a,-2.97942,37.08098,2013
FMS16BI1033v2,144.08213,-39.89271,2013
FMS22752v2,-89.41,49.07,2011
GF4S21036b,26.3585,58.13964,2016
FMSA8F1084v2,-83.5,35,2012
GF4S16301b,8.716666667,47.05,2014
FMS23469v2,-121.92,52.32,2009
GF4T304otu,-75.62,20.01,2017
FMS22700v2,-117.11382,46.75833333,2013
GF4T1521otu,18.12,42.62,2016
FMS16BI0075v2,150.265414,-33.659823,2014
FMS04018v3,9.63818,46.094457,2014
GF3S04596a,23.86826,61.44282,2019
FMS00275v3,14.648611,46.20278,2013
S000626,80.41758,6.42497,2011
GF4S11390b,-116.423,62.5568,2015
FMS26370v2,22.19635,58.10709,2012
GF4S02884b,101.574,21.612,2015
FMS25407v2,22.53,66.58,2014
N1457,9.879929238,57.51774803,2014
GF3S09272b,112.83,22.57,2018
FMS22939v2,-120.78,39.26,2011
FMS19503v2,112.97385,43.70795,2015
FMS06299v3,-84,30.75,2014
FMS16BI0589v2,150.6486994,-35.15122799,2012
FMS16BI0562v2,142.08722,-37.83924,2012
GF4T665otu,18.73,68.36,2014
GF4S19631b,26.651147,58.302837,2016
S008723,17.846592,65.954818,2009
FMS16BI0540v2,130.9936833,-31.40915,2011
FMS16BI1114v2,149.597039,-30.20151299,2014
GF4S17709b,138.80312,35.94523,2014
N3636,-123.2666667,54.3333333,2014
GF4S21962b,26.726389,58.460278,2014
FMS23221v2,-120.42,50.85,2010
GF4S19668b,26.7497,58.07034,2017
GF4S21339b,26.663231,58.277328,2017
GF4S11511b,-114.227,60.3769,2015
GF4S04002b,101.016,24.533,2015
GF4T248otu,-71.63,42.52,2015
S006604,-149.53333,68.61667,2012
GF4S02018b,18.848083,68.330444,2008
GF4S03086b,101.574,21.612,2015
GF3S02314a,121.8087,50.9866,2017
GF4T514otu,22.06,70.02,2019
N0683,117.91,29.126,2011
S00D619,27.405,57.9264,2013
GF4S21391b,27.4188,59.1023,2013
FMS06181v3,101.21348,21.91643,2013
GF4T908otu,9.58,39.64,2019
FMS21712v2,10.311413,51.271362,2012
GF3S02305a,121.7926,51.0125,2017
GF4S21774b,24.0118,58.1448,2016
GF4S21396b,27.4371,59.1006,2013
GF4S13184b,4.4233,50.7497,2019
GF4S02416b,9.492124587,48.42264028,2011
S001649,17.30444,59.96778,2008
FMS16BI0275v2,148.7989,-35.43457,2013
GF4S03660b,100.167,27.167,2015
S006189,147.37553,-9.43501,2011
GF4S14642b,13.89678979,48.85925587,2016
FMS08061v3a,138.7976944,35.9149167,2016
GF4S17739b,138.80312,35.94523,2014
FMS00634v3,19.176389,42.42833,2014
FMS16BI0506v2,129.1592333,-20.18768333,2011
FMS26616v2,22.32023,58.28365,2012
GF4S20972b,27.1696,57.79313,2016
GF3S08519b,20.18174,47.90665,2017
GF4S14564b,13.39812781,49.05545904,2016
FMS25070v2,14.05,61.03,2014
S005243,13.8449954,53.05126592,2011
GF4S03175b,101.016,24.533,2015
GF4S20211b,26.528195,58.733866,2015
FMS24078v2,124.9,41.85,2013
FMS25089v2,15.69,63.31,2014
FMS00320v3,21.956111,40.96333,2014
GF4S19980b,24.71194,58.04579,2011
GF4S14377b,16.67256665,49.30332358,2017
FMS17555v2,100.2166667,35.98333333,2011
GF4S02876b,100.167,27.167,2015
GF4T330otu,30.1,-2,2018
S000976,8.46667,46.63333,
S000687,-71.611,-41.4315,2011
S000832,-75.4717,6.17,2011
GF4T479otu,-16.28,28.53,2019
N3554,110.2,31.24,2011
GF4T133otu,145.24,-6.05,2011
GF4S21400b,27.5162,59.0619,2013
GF3S10214b,10.94,43.34,2017
GF4S03112b,100.167,27.167,2015
FMS16BI1448v2,138.666994,-34.692037,2016
GF4S21190b,24.62292,59.00101,2017
GF3S10232b,23.66,52.76,2017
GF3S05719a,16.734936,49.287695,2014
FMS16BI1360v2,138.666254,-34.677165,2016
FMS19500v2,112.5,43.70591667,2015
GF3S08485b,7.416666667,60.55,
GF4T1565otu,37.36,-3.37,2016
S00D507,27.33476,58.27534,2011
GF4T1045otu,14.07,37.86,2012
FMS16BI0382v2,146.3034,-42.0436,2013
GF4S21163b,26.33548312,58.05627566,2016
GF4T216otu,-2.98,35.22,2014
FMS17713v2,91.33333333,31.5,2011
FMS11053v2,26.433,58.1833,2012
N1605,10.84880409,56.29851274,2014
GF4S02890b,101.574,21.612,2015
N1847,-101.63,41.2,
GF4S03592b,100.167,27.167,2015
GF4T1108otu,24.06,68.44,2020
GF4T1319otu,117.19,43.52,2014
FMS22765v2,-89.39,49.07,2011
FMS19294v2,166.687,-22.1521,2014
GF4S19729b,26.24349,58.697262,2017
GF4S21522b,14.8567158,50.1899219,2017
N1815,12.53891312,54.97290273,2014
GF4T774otu,145.52,-37.53,2012
GF4S03871b,100.167,27.167,2015
GF4S03214b,100.167,27.167,2015
FMS25414v2,22.68,66.51,2014
GF4S02027b,18.849,68.328056,2008
GF3S05136a,1.033056,41.3475,2012
FMS17553v2,100.45,36.11666667,2011
S008791,17.84593,65.955791,2009
FMS17302v2,-2.514767,39.207539,2006
FMS11065v2,26.433,58.1833,2012
FMS24973v2,13.85,60.68,2014
S006153,29.58333,67.76667,2011
GF3S05644a,16.777371,49.310752,2014
GF4S15835b,-72.1875,42.4836111,2016
N1790,12.53900708,54.98049301,2014
FMS23036v2,-95.15,31.11,2012
GF4T1246otu,31.62,-18.18,2013
GF4S11361b,-116.7103,61.8403,2015
GF4T1160otu,13.82,68.26,2020
GF4S02806b,101.016,24.533,2015
GF4T171otu,21.58,69.9,2019
GF4T323otu,30.9,0,2018
GF4S03158b,100.167,27.167,2015
GF3S01502a,8.374588033,46.56932202,2017
GF4S20086b,26.542,58.0545,2014
GF3S02191a,124.9332333,41.85,2014
GF3S05088a,118.5,32.05,2017
GF4S20352b,27.358674,57.690967,2015
S000639,145.58442,-17.01765,2012
FMS25381v2,22.46,66.53,2014
GF4T1695otu,-9.18,10.19,2018
N0523,117.91,29.124,2011
GF4T1368otu,164.87,-20.64,2014
GF3S00733a,-2.97953,37.08105,2013
GF4S20428b,24.477962,58.666478,2015
FMS21826v2,10.224485,51.268042,2012
GF4S13187b,4.4211,50.7509,2019
GF4S03025b,101.574,21.612,2015
N0660,117.906,29.123,2011
GF4T1309otu,-3.77,8.77,2014
FMS11734v2,-61.717244,47.482825,2011
GF4S02553b,10.50853404,51.0395334,2011
GF3S06741a,128.463275,38.032124,2018
S005713,5.263889,51.236111,2009
GF4S02520b,10.57581971,51.07722001,2011
GF4S11515b,-114.182,60.3487,2015
GF4S21487b,14.7831314,48.9398206,2018
FMS10574v2,-67.040742,18.51239,
N2013,9.116646,35.160036,
FMS25040v2,14.54,61.26,2014
GF4S21636b,22.8584,58.98545,2015
FMS26619v2,22.32023,58.28365,2012
S005859,5.263889,51.236111,2011
GF4S19256b,15.56,60.63115615,2016
GF4S03617b,100.167,27.167,2015
FMS17702v2,91.95,32.93333333,2011
N0699,117.91,29.126,2011
GF4T987otu,91.05,30.83,2019
FMS26628v2,21.97197,58.45095,2012
GF4S02449b,9.398486134,48.36994461,2011
GF3S08560b,0.83904266,42.66796677,2013
GF4T1215otu,146.65,-43.09,2014
FMS16BI0341v2,132.4582378,-13.5164665,2013
GF4S21265b,24.20167,59.3409,2020
GF3S08421b,7.416666667,60.55,
FMS16BI0059v2,149.01025,-35.8769333,2014
FMS17710v2,91.85,31.56666667,2011
FMS23061v2,-95.15,31.11,2012
FMS21768v2,10.238938,51.26789,2012
GF4S21513b,12.6265225,49.9905486,2017
GF4S03607b,101.574,21.612,2015
S009281,16.697923,49.322883,2013
FMS15732v2,88.81027778,33.19916667,2011
GF4T8otu,-72.4,-0.64,2012
GF3S02295a,121.3352,50.9257,2017
GF4S21538b,22.5004,58.15685,2012
FMS16BI1401v2,138.680987,-34.710871,2016
FMS11754v2,-61.737384,47.473971,2011
GF4S11468b,-112.4218,59.8454,2015
GF4S17506b,124.3333333,51.7,2018
GF4S21126b,23.73995447,58.99756104,2016
GF4S02096b,18.853583,68.3265,2008
FMS25091v2,15.69,63.31,2014
GF4S17688b,138.81996,35.95716,2014
GF4T443otu,-36.84,-10.69,2018
FMS02367v3,26.63333306,67.35,2013
GF4S19671b,26.11451,58.65938,2017
GF4S02835b,101.574,21.612,2015
GF3S05791a,14.70952899,48.6640991,2015
GF4S02417b,9.50279238,48.39467093,2011
GF4S17823b,-83.08076,35.58786,2013
GF4S02996b,100.167,27.167,2015
GF4S17707b,138.80233,35.94339,2014
FMSA8F1086v2,-122.26,44.2,2012
FMS25320v2,22.41,66.54,2014
GF4T597otu,27.48,59.08,2013
FMS19491v2,120.4724833,43.14038333,2015
GF4S19622b,27.18333,57.91666,2013
FMS23345v2,-120.35,50.88,2010
GF4T95otu,-60.03,-2.59,2015
GF4S19954b,27.32895,58.29075,2011
GF4S19802b,26.67519,58.301147,2016
GF4S04013b,101.016,24.533,2015
FMS23177v2,-120.42,50.85,2010
FMS16BI1914v2,150.73795,-33.61292,2015
FMS25021v2,14.07,60.94,2014
N1507,10.21615467,56.93746576,2014
FMS17573v2,98.96666667,34.83333333,2011
GF4T1292otu,7.92,46.11,2014
FMS23131v2,-120.42,50.85,2010
FMS24648v2,-73.9559721,41.3914827,2013
FMS16BI0598v2,118.8512286,-34.08486778,2013
FMS17369v2,34.820866,31.35779,2010
GF4T1506otu,-100.91,25.25,2016
FMS24712v2,-73.2508238,42.1290612,2013
GF4S17767b,-64.75069444,-32.0390278,2014
S005823,5.263889,51.236111,2011
GF4T292otu,-81.32,22.6,2017
GF4S02878b,101.574,21.612,2015
GF4T78otu,-61.46,-1.91,2015
FMS16BI1697v2,146.89476,-42.27335,2014
GF4T1665otu,25.32,0.29,2018
GF4S17521b,124.3333333,51.7,2018
FMS17320v2,-1.802287,39.538668,2010
GF4S21136b,25.29829695,59.47062971,2016
GF3S08439b,7.416666667,60.55,
GF4T428otu,-38.88,-4.48,2018
GF4S21035b,26.3585,58.13964,2016
GF4S20269b,23.041296,58.536787,2015
GF4S01213b,111.89003,32.52867,2015
GF4S16170b,13.110873,56.700918,2014
FMS20353v2,24.17,61.51,2011
GF3S08410b,7.416666667,60.55,
FMS25167v2,15.84,62.72,2014
GF3S02292a,121.3346,50.9258,2017
GF4T413otu,-61.34,15.26,2018
GF4S21510b,12.6091789,50.0068861,2017
GF4S19683b,26.633139,58.288086,2016
GF4T724otu,45.37,-22.54,2010
FMS16BI1386v2,138.77835,-34.61606166,2016
GF4S03070b,101.574,21.612,2015
GF4S01145b,117.073593,35.066779,2014
FMS25219v2,15.28,63.19,2014
GF4S20393b,25.163838,59.474249,2015
GF3S00792a,-3.35473,36.92399,2013
FMS00422v3,8.767433,50.11222,2014
GF4S19728b,26.24349,58.697262,2017
FMS11792v2,-61.755569,47.432383,2010
GF4S17805b,-83.45717,35.04411,2013
GF3S05259a,-61.756547,47.443128,2011
GF4S19585b,26.54443,57.54538,2013
GF4S01655b,4.936449,50.851184,2018
GF4S17812b,-83.43417,35.051025,2013
GF4T1568otu,38.13,-4.7,2016
S000493,24.03387,68.06356,2012
S00D546,21.7,61.7,2011
GF4T650otu,17.5,67.59,2014
GF4T858otu,-1.08,37.59,2019
GF4S01625b,4.991092,50.886747,2018
FMS16BI1160v2,149.01088,-35.8748666,2014
FMS24643v2,-74.009257,41.419898,2013
GF3S01315a,27.87527,59.39017,2015
S000522,16.89196,61.14671,2013
GF4S21961b,26.719139,58.458611,2014
S000699,-71.464,-42.779,2011
GF4S19341b,16.37,63.14394148,2016
GF4S20681b,22.214235,58.115619,2015
FMS22801v2,-122.61,54.35,2008
GF4S03057b,101.574,21.612,2015
GF3S08516b,20.188443,47.917191,2017
GF4S02493b,9.415164719,48.4456962,2011
S009091,17.807557,65.977202,2009
GF4S02499b,9.404138052,48.36441214,2011
FMS23627v2,-126.31,52.32,2008
GF4T449otu,-39.2,-12.8,2018
S006138,29.58333,67.76667,2011
N0586,117.909,29.123,2011
GF4S20333b,25.711784,57.963171,2015
GF4S11489b,-113.141,62.5345,2015
GF4S21158b,24.98509272,58.4800532,2016
GF4T1308otu,-3.77,8.76,2014
GF4T1272otu,-52.2,4.56,2013
GF3S02127a,121.2333333,51.51666667,2014
FMS16BI1749v2,141.68107,-13.60245,2015
GF4S20741b,25.233075,59.179688,2015
GF4S21816b,24.66239,59.4217,2017
FMS16BI1848v2,150.72878,-33.6145,2015
FMS19486v2,120.7207667,42.96535,2015
GF4S17790b,-83.434013,35.049007,2013
FMS24108v2,124.9,41.85,2013
GF4S20847b,24.798501,59.408503,2016
FMS16BI0060v2,149.01025,-35.8769333,2014
GF4S19611b,27.29163,58.26763,2013
N1562,8.21282134,55.79507753,2014
GF4S19287b,15.78,59.11364451,2016
GF4S01617b,4.904111,50.865687,2018
N1511,10.22988076,56.93212855,2014
FMS08072v3a,138.7976944,35.9149167,2017
FMS16BI0007v2,119.4063333,-34.08769444,2013
GF4T1274otu,-52.19,4.57,2013
GF4S20373b,24.764982,58.450045,2015
GF4S21224b,26.52022,58.35775,2019
GF4S03370b,100.167,27.167,2015
GF3S01487a,8.374154018,46.56874702,2017
FMS16BI0393v2,115.2585167,-30.11188333,2013
GF4T1243otu,30.8,-17.85,2013
S005892,5.263889,51.236111,2011
N1988,-3.558751,33.932621,
GF4T256otu,-113.54,37.31,2015
GF4S19342b,16.37,63.14394148,2016
S000547,116.75336,-34.9494,2011
GF3S05163a,1.034722,41.355,2014
GF4S11456b,-112.2285,59.7383,2015
GF4S21869b,14.6729492,49.7788519,2017
S000669,29.6167,-19.9333,2012
GF4S02482b,9.294785099,48.47898205,2011
N3558,110.2,31.24,2011
S000750,-119.8925781,37.81383896,2012
GF3S06731a,128.463275,38.032124,2018
FMS11051v2,26.433,58.1833,2012
FMS24019v2,-126.31,52.32,2008
GF4S15848b,-72.1875,42.4836111,2016
FMS16BI1750v2,146.84942,-42.54652,2014
GF4S14434b,16.649731,49.274439,2016
FMS16BI1193v2,149.0083,-35.8811,2014
GF4S17587b,94.42694444,29.6497222,2018
GF4S21790b,22.08396,58.23121,2016
GF4S21345b,26.104289,57.906244,2017
GF4S03761b,100.167,27.167,2015
GF4S16740b,21.31598,69.51748,2013
GF4T900otu,51.69,54.01,2019
GF3S05766a,14.70370355,48.66751012,2015
GF4S02655b,13.8275821,52.98726578,2011
FMS16BI1976v2,138.116249,-35.630431,2014
GF4S02886b,101.016,24.533,2015
GF4S03627b,100.167,27.167,2015
FMS26391v2,22.19635,58.10709,2012
GF4S20947b,24.781,59.366,2016
GF4T794otu,-71.78,-41.23,2012
GF4S02852b,100.167,27.167,2015
GF4S02959b,101.574,21.612,2015
GF4S20758b,25.705984,59.029565,2015
GF4T455otu,-39.89,-18.1,2018
N1917,145.5878,-33.8422,
S00D583,27.4131,59.1001,2013
S005947,13.618017,49.04485,2013
GF3S08398b,7.416666667,60.55,
N3827,84.51666667,44.1833333,2016
GF4S19322b,23.8,66.94586398,2016
GF4S20826b,14.548436,49.98539,2015
GF4S03881b,100.167,27.167,2015
GF4S20779b,27.068132,58.297244,2015
FMS08214v3a,118.8694269,32.0406877,2015
GF4T1189otu,-57.93,48.95,2012
GF4S19648b,26.34949,58.78243,2017
GF4S20236b,27.971387,59.410758,2015
GF4S03038b,101.574,21.612,2015
GF4S21303b,26.38551,58.63459,2020
FMS22996v2,-95.15,31.11,2012
GF4S21794b,21.95993,58.48718,2016
FMS21725v2,10.311229,51.271436,2012
GF3S02068a,115.4333333,39.96666667,2014
FMS16BI1618v2,118.905108,-31.845833,2016
FMS22783v2,-89.39,49.07,2011
GF4S21733b,26.31548,59.1243,2015
FMS22994v2,-95.15,31.11,2012
FMS17790v2,-72.95,-40.79,2013
FMS26601v2,22.32023,58.28365,2012
GF4S20719b,27.300752,57.438436,2015
FMS17792v2,-72.95,-40.79,2013
GF4S16293b,-93.21,45.43,2017
GF4S20339b,27.009631,58.553417,2015
FMS16BI0404v2,115.1268,-30.18305,2013
GF4T1147otu,18.21,69.11,2020
GF4S21132b,24.54918489,59.43495649,2016
N0783,117.908,29.124,2011
GF4S02560b,10.36995394,51.21001129,2011
GF4S20314b,25.779796,58.319125,2015
S005818,5.263889,51.236111,2011
N1956,142.460103,-33.960183,
GF4S04004b,100.167,27.167,2015
FMS00416v3,13.986667,45.7575,2014
GF4S19288b,15.7,61.91783736,2016
N3722,-123.2666667,54.3333333,2014
GF4S20463b,26.611401,57.615133,2015
GF3S00774a,-3.33883,36.96555,2013
GF4T955otu,-4.98,57.26,2012
FMS11747v2,-61.761492,47.446546,2011
FMS25028v2,14.19,60.73,2014
GF3S01367a,24.4784278,59.06755069,2016
GF3S05796a,14.70564365,48.66385984,2015
S009237,16.72777818,49.27501626,2013
N0442,117.906,29.121,2011
GF4S02659b,13.84636695,52.90084729,2011
GF4S20408b,24.591951,59.370454,2015
FMS22722v2,-89.41,49.07,2011
GF4S03762b,101.016,24.533,2015
GF4S20092b,26.784,57.977,2014
GF4S21694b,24.11465,58.50206,2015
GF4T584otu,27.44,59.1,2013
GF4S03555b,101.574,21.612,2015
FMS06284v3,-84,30.75,2014
GF3S01338a,24.98713,59.61505,2016
GF4T1132otu,23.69,54.88,2020
GF3S02092a,111.9166667,33.5,2014
GF4T1247otu,31.06,-20.14,2013
FMS21716v2,10.311229,51.271436,2012
FMS00376v3,21.335278,41.01417,2014
FMS23409v2,-120.35,50.88,2010
GF3S00758a,-3.3389,36.96588,2014
FMS00600v3,5.845556,52.00333,2014
GF4S15853b,-72.1875,42.4836111,2016
FMS16BI0441v2,148.3002,-42.0585,2013
GF3S01369a,25.59474,58.97949,2016
S009313,16.675754,49.285099,2013
GF4S17784b,-83.459382,35.038205,2013
GF4T939otu,11.2,43.08,2019
FMS08063v3a,138.7976944,35.9149167,2016
S00D553,21.7,61.7,2011
GF3S09207b,11.87559444,51.3915694,2016
GF4S15833b,-72.1875,42.4836111,2016
GF3S05758a,14.70447406,48.66430814,2015
FMS23237v2,-122.61,54.35,2008
FMS23559v2,-126.31,52.32,2008
S008882,17.766267,66.139609,2009
GF4S21793b,21.95993,58.48718,2016
GF4S20257b,23.082578,58.590427,2015
FMS25274v2,22.54,66.58,2014
GF3S03447a,125.85,48.02,2015
N3616,-123.2666667,54.3333333,2015
FMS11739v2,-61.729963,47.477127,2011
FMS16BI0594v2,150.7379895,-35.14128158,2012
GF4S21652b,22.52558,58.7183,2015
FMS24185v2,5.63,52.25,2012
GF4S21340b,26.83705,58.503997,2017
FMS12316v2,17.5518,60.0715,2012
N3604,-123.2666667,54.3333333,2014
FMS24970v2,13.85,60.68,2014
GF4S03226b,101.016,24.533,2015
N1466,10.40702263,57.64315915,2014
S005889,5.263889,51.236111,2011
GF3S01742a,24.48,61.4,2014
GF4S01562b,4.97499,50.86614,2018
GF4S21934b,12.9883228,49.5451739,2018
GF3S00715a,-2.97133,37.01965,2013
N1950,-69.676417,-41.807778,
FMS17250v2,116.015833,48.223083,2010
GF4S17437b,102.0757361,29.60678056,2014
GF4S11356b,-116.8351,61.7345,2015
GF4S11367b,-116.4846,62.5076,2015
N0645,117.909,29.125,2011
GF4S11431b,-117.1724,61.7765,2015
GF4S03188b,100.167,27.167,2015
FMS22978v2,-95.15,31.11,2012
GF4S02474b,9.444652389,48.38614246,2011
GF4S19947b,27.31255,58.28031,2011
GF4S20102b,26.5465,58.3245,2014
FMS06277v3,-84,30.75,2014
FMS06182v3,101.21365,21.9162,2013
GF3S05146a,1.046111,41.339167,2013
GF4T41otu,-75.5,6.26,2019
GF4S11486b,-113.1414,62.5382,2015
GF4S17671b,138.81365,35.92184,2014
GF4S03918b,100.167,27.167,2015
FMS08140v3a,138.8315,35.9194722,2017
GF4S02137b,18.854472,68.326056,2008
FMS16BI0334v2,132.59483,-12.92929,2013
GF4S03470b,101.574,21.612,2015
GF4T765otu,-60.08,5.43,2012
FMS23331v2,-120.35,50.88,2010
GF4S03760b,100.167,27.167,2015
S001792,23.551006,58.555214,2011
GF4S02869b,100.167,27.167,2015
GF4S17362b,11.06,47.44,2016
FMSA8F1070v2,-83.5,35,2012
GF4S11445b,-117.2238,61.5284,2015
GF4S19651b,26.36268,58.77627,2017
GF4S03889b,100.167,27.167,2015
FMS25050v2,14.21,60.95,2014
GF4T1386otu,146.11,-19.04,2014
FMS25011v2,14.07,60.94,2014
GF4S19338b,15.14,62.39679319,2016
GF4S19900b,27.32429,58.27644,2011
FMS00311v3,8.387867,50.06262,2014
GF4S03818b,100.167,27.167,2015
GF4S21697b,24.05879,58.37978,2015
GF4T702otu,-91.68,16.09,2018
GF4S21613b,23.0735,58.551,2015
FMS23020v2,-95.15,31.11,2012
FMS17611v2,97.01666667,33.75,2011
GF4S21680b,27.49997,59.37022,2015
N0708,117.91,29.126,2011
GF3S08441b,7.416666667,60.55,
GF3S06749a,128.463275,38.032124,2018
GF4S21988b,48.4638157,-18.975127,2016
FMS10983v2,27.31,58.25,2012
FMS00674v3,8.609433,50.30873,2014
GF4T1092otu,7.32,62.03,2020
GF4S21547b,26.588,58.4176,2018
FMS11716v2,-61.709309,47.487322,2011
N1476,8.560815489,57.03741515,2014
GF4S03084b,100.167,27.167,2015
FMS21722v2,10.311229,51.271436,2012
FMS22908v2,-83.37,46.42,2011
GF4S16185b,-96.58333333,39.0833333,2015
GF4S02507b,9.476394288,48.44536875,2011
FMS06319v3,-84,30.75,2014
S00D610,26.5061,57.6655,2013
FMS17550v2,100.8833333,36.31666667,2011
GF3S04474a,30.10211017,62.62874716,2019
GF4S21994b,48.4661398,-18.978997,2016
S009084,17.715826,66.140629,2009
GF4S17814b,-83.43417,35.051025,2013
GF4S02439b,9.460024461,48.45874493,2011
FMS17665v2,95.48333333,37.43333333,2011
S000580,-69.883,-4,2011
FMS21807v2,10.238754,51.267973,2012
S000625,102.313,2.982,2011
GF3S09232b,11.08298056,51.8620639,2016
GF4S02819b,101.574,21.612,2015
FMS24645v2,-74.009257,41.419898,2013
N1462,10.0571607,57.590327,2014
GF4S21213b,23.7414,58.43022,2019
GF4S19234b,17.21,60.79405185,2016
GF4S21581b,26.76782,58.34965,2014
GF4S19223b,16.3,63.82444,2016
FMS16BI1161v2,149.01088,-35.8748666,2014
FMS24277v2,5.63,52.25,2016
GF4S02882b,101.574,21.612,2015
FMSA8F1074v2,-79.85,9.15,2012
FMS22895v2,-83.37,46.42,2011
N3626,-123.2666667,54.3333333,2014
FMS16BI0398v2,115.0423,-30.0489,2013
GF4S17818b,-83.08076,35.58786,2013
GF4S12630b,126.7282834,33.4780278,2015
GF4T84otu,-60.78,-3.08,2015
GF4S21712b,13.8131,48.98101,2015
GF4S01613b,4.99034,50.8875,2018
FMS26739v2,23.30707,58.54605,2012
FMSA8F1067v2,-79.85,9.15,2012
GF4S02038b,18.849,68.328056,2008
FMS16BI1443v2,138.691588,-34.773262,2016
FMS16BI0281v2,145.6308833,-17.12108333,2013
FMS16BI0087v2,150.267825,-33.652974,2014
S001689,22.76667,58.83333,2011
GF4S21591b,26.5561,58.3701,2014
GF4T1543otu,41.69,43.45,2016
GF4S17821b,-83.08076,35.58786,2013
FMS21711v2,10.311413,51.271362,2012
FMS20285v2,24.17,61.51,2011
GF4S04038b,101.574,21.612,2015
GF4T762otu,51.57,30.73,2012
S000630,-82.2177,8.7611,2012
FMS17318v2,-1.232379,37.593066,2010
GF3S01435a,23.53275449,58.78794632,2016
FMS16BI1118v2,149.597005,-30.20168197,2014
FMS15020v2,-69.77,-54.77,2009
GF3S05091a,118.5,32.05,2017
N1935,144.647202,-35.350591,
GF3S02827a,13.110873,56.700918,2014
FMS08028v3a,138.8177222,35.9173889,2017
FMS23195v2,-120.42,50.85,2010
GF4S03040b,100.167,27.167,2015
FMS24938v2,14.05,60.94,2014
FMS16BI0222v2,115.2115667,-30.18156667,2013
GF3S06546a,10.581389,46.684722,2016
FMS24785v2,24.70361111,68.4877778,2011
GF4S03726b,100.167,27.167,2015
GF4S01179b,114.8313611,37.76644444,2015
S001755,22.76667,58.83333,2011
GF4S21570b,26.6166,58.3183,2013
FMS00247v3,14.974722,46.25306,2013
GF3S01378a,26.665,58.3611,2014
FMS02374v3,26.63333306,67.35,2013
GF4S20039b,26.89759,58.43891,2013
GF4S20141b,23.299,58.436,2014
GF4S21511b,12.6091789,50.0068861,2017
N0559,117.91,29.127,2011
GF4T153otu,131.12,-12.58,2011
GF4S19252b,15.56,60.63115615,2016
GF4S12633b,126.7282834,33.4780278,2015
GF4S03832b,100.167,27.167,2015
GF3S02310a,121.793,51.0127,2017
FMS16BI1619v2,118.905108,-31.845833,2016
FMS24997v2,14.08,60.94,2014
FMS15721v2,87.71222222,33.24555556,2011
GF4T699otu,-91.11,16.81,2016
N1567,8.169670368,55.68438776,2014
FMS20319v2,24.17,61.51,2011
FMS10993v2,27.31,58.25,2012
FMS23203v2,-120.42,50.85,2010
FMS25174v2,15.17,63.17,2014
GF3S05713a,16.710087,49.305557,2014
FMS15710v2,-21.55,74.4666667,2011
GF4S14401b,16.62124157,49.28154739,2017
GF4S01170b,113.34479,34.88979,2014
GF4S21592b,26.5561,58.3701,2014
FMS24089v2,124.9,41.85,2013
FMS23411v2,-120.35,50.88,2010
FMS16BI1862v2,150.72,-33.61103,2015
GF4S11418b,-116.5031,62.4031,2015
GF4S21782b,22.41582,58.31299,2016
GF4S21242b,26.67993,58.36974,2020
FMS16BI0500v2,129.9691167,-20.27151667,2011
FMS22981v2,-95.15,31.11,2012
GF4S20780b,26.96401,58.382365,2015
GF3S02210a,117.87,25.3,2015
GF4T274otu,-122.7,43.88,2016
FMS08048v3a,138.7976944,35.9149167,2016
GF4S02547b,10.34624767,51.1202248,2011
GF4S21715b,26.2712,59.5711,2015
GF3S00694a,-2.96833,37.0373,2014
GF3S05164a,1.0325,41.351667,2014
FMS16BI1092v2,132.9419575,-12.43375017,2013
GF3S00753a,-3.33348,36.95188,2014
GF4S20310b,25.620771,58.272058,2015
FMS16BI1764v2,146.89643,-42.27031,2014
FMS16BI0148v2,118.7199589,-32.24144139,2013
GF4S21537b,13.24233,49.12015,2011
N0650,117.909,29.125,2011
FMS21760v2,10.238938,51.26789,2012
GF4S03797b,101.016,24.533,2015
GF4S03777b,101.574,21.612,2015
GF4S14168b,-93.21,45.43,2017
GF4S11487b,-113.1384,62.5342,2015
FMS20314v2,24.17,61.51,2011
GF4T1429otu,-138.28,61.21,2015
GF4S02683b,13.76109579,52.92098154,2011
FMS23471v2,-121.92,52.32,2009
GF4S03352b,101.574,21.612,2015
GF4S21328b,25.43747,57.55197,2020
FMS23547v2,-126.31,52.32,2008
GF4S11355b,-116.4933,62.4843,2015
GF4S03693b,101.016,24.533,2015
FMS25135v2,15.7,63.31,2014
FMS22886v2,-82.85,47.57,2011
GF4S02559b,10.32362111,51.18535508,2011
GF4S03415b,100.167,27.167,2015
GF4S21564b,27.0525,58.0405,2014
GF4S19789b,22.99427,56.72302,2019
GF4S20083b,26.5666,58.0374,2014
FMS05323v3,111.84103,32.55538,2015
GF4S14183b,8.716666667,47.05,2014
GF4T1656otu,74.11,36.22,2018
GF4T412otu,-61.32,15.35,2018
GF3S01518a,8.376596002,46.56961304,2017
GF4S12286b,-0.686669861,39.59994858,2014
GF3S05753a,14.70826522,48.66526932,2015
FMS00274v3,14.809167,46.20444,2013
GF4S13168b,4.4611,50.8125,2019
GF4S21875b,13.5344694,49.6698928,2017
S009302,16.63251288,49.2918257,2013
FMS16BI0651v2,135.155703,-32.834625,2012
GF3S05645a,16.773878,49.318596,2014
GF4S19771b,22.69968,57.05434,2019
FMS11736v2,-61.737702,47.479141,2011
GF3S06543a,10.591944,46.681944,2016
GF4T1009otu,14.5,37.9,2012
S009266,16.65409793,49.32141518,2013
GF4S19965b,27.36019,58.28548,2011
GF4S20448b,26.906365,58.183317,2015
FMS21814v2,10.238754,51.267973,2012
S001161,3.861609,51.81085,2010
FMS21762v2,10.238938,51.26789,2012
GF4S01606b,4.98762,50.87278,2018
FMS16BI0391v2,148.80225,-35.431,2013
GF4S11362b,-116.7103,61.8403,2015
GF4S20280b,22.826322,58.359671,2015
GF4S03222b,101.574,21.612,2015
GF4S02117b,18.854472,68.326056,2008
GF4S03509b,101.574,21.612,2015
FMS00361v3,5.892222,51.98389,2014
GF4S20282b,22.826322,58.359671,2015
FMS16BI0174v2,149.595675,-30.201225,2013
N0525,117.91,29.124,2011
FMS11007v2,27.0333,58.116,2012
FMSA8F1051v2,-79.85,9.15,2012
GF3S05737a,14.70785875,48.66318166,2015
FMS11720v2,-61.745758,47.451231,2011
FMS23349v2,-120.35,50.88,2010
GF4S21150b,26.92723559,58.54840721,2016
GF4S20445b,25.022577,59.048654,2015
GF4T180otu,74.76,14.27,2013
S006147,29.58333,67.76667,2011
GF4S21989b,48.4638157,-18.975127,2016
GF4S19932b,27.33115,58.27285,2011
FMS25220v2,15.28,63.19,2014
GF4S20905b,27.064086,57.734887,2016
N3659,-123.2666667,54.3333333,2014
GF4S02652b,13.96518985,52.88005933,2011
GF4S04028b,101.016,24.533,2015
GF3S09296b,12.6584281,50.2383325,2010
GF4S16491b,112.1666667,23.1666667,2016
FMS20382v2,24.17,61.51,2011
GF4S21022b,23.67499816,58.73505869,2016
GF4S03489b,101.016,24.533,2015
GF4T361otu,90.52,26.34,2018
GF4S17498b,101.9635028,29.55296111,2014
GF4S03546b,101.016,24.533,2015
FMS06174v3,101.24219,21.91975,2013
GF3S01343a,23.83031,59.18587,2016
GF4S21023b,24.61423081,58.23876721,2016
FMS23271v2,-122.61,54.35,2008
N0909,-83.96,35.84,2014
FMS00296v3,15.671111,46.15056,2013
GF4S03189b,100.167,27.167,2015
GF4S20527b,22.940762,58.869644,2015
S000811,14.07222,37.86301,2011
FMS17293v2,-2.2306,39.048208,2010
GF4T758otu,-65.82,18.32,2011
S00D623,27.3688,57.9504,2013
GF4S15389b,112.1666667,23.1666667,2017
S000609,46.85,-24.755,2010
FMS16BI0269v2,148.7763,-35.5252,2013
GF4T264otu,-110.76,32.44,2015
N3688,-123.2666667,54.3333333,2015
GF4T1198otu,171.69,-42.76,2012
FMS11862v2,-72.19,42.53,2012
FMS23060v2,-95.15,31.11,2012
FMS16BI0557v2,142.30177,-36.66839,2012
GF4S11429b,-117.176,61.7717,2015
GF4T6otu,-69.9,-4,2012
FMS16BI0613v2,118.8614839,-34.09445056,2013
GF4S21572b,12.70289444,50.24939167,2014
GF4S20113b,26.6848,58.5753,2014
FMS23048v2,-95.15,31.11,2012
GF4S13225b,4.4137,50.7453,2019
FMS22926v2,-120.78,39.26,2011
FMS00383v3,8.822778,50.15472,2014
GF4S16161b,13.110873,56.700918,2014
FMS16BI1293v2,138.673023,-34.742505,2016
GF3S04464a,30.16287637,62.6179995,2019
GF4S03366b,101.016,24.533,2015
GF4S17447b,102.0571944,29.60783889,2014
GF4S02840b,101.574,21.612,2015
FMS16BI0623v2,131.0423,-25.351,2012
N1607,10.84880409,56.29851274,2014
N1808,12.53898782,54.96620118,2014
FMS16BI0071v2,150.265414,-33.659823,2014
GF4T270otu,-118,36.29,2015
FMS23049v2,-95.15,31.11,2012
GF4T337otu,10.58,-1.43,2018
FMS16BI1802v2,146.7472972,-43.10285718,2015
GF4T1186otu,-119.89,37.81,2012
GF4S19573b,27.28958,58.26985,2013
GF3S02175a,108.4333333,33.43333333,2014
S000645,116.10272,5.40594,2012
GF4T491otu,8.6,45.77,2019
GF4S03079b,101.016,24.533,2015
FMS15712v2,-21.55,74.4666667,2011
N1981,-102.455579,22.352438,
GF3S04598a,23.86826,61.44282,2019
FMS16BI0014v2,119.304,-34.21647222,2013
GF4T1313otu,-3.77,8.77,2014
FMS16BI1349v2,138.786575,-34.62351166,2016
FMS26328v2,22.26762,58.29701,2012
GF4S20954b,21.9127,58.2617,2016
GF4S20800b,26.635593,59.111463,2015
GF4T869otu,128.12,42.43,2012
GF4S13062b,9.341986753,48.39800501,2015
GF4T698otu,-97.7,19.39,2015
GF3S05703a,16.787238,49.325045,2014
GF4S20433b,24.4728,58.886036,2015
GF4T805otu,102.31,2.98,2012
FMS16BI1102v2,149.596752,-30.20176998,2014
FMS16BI1679v2,147.39757,-42.32849,2014
GF4T559otu,42.88,42.99,2015
S001692,22.76667,58.83333,2011
FMS24112v2,124.9,41.85,2013
GF4T319otu,30.74,-1.82,2018
GF4S20024b,22.81871,58.28062,2013
GF4S21029b,26.23042,58.15944,2016
FMS16BI1805v2,150.72268,-33.61517,2015
GF4S01185b,114.979,36.28419444,2015
FMS16BI1181v2,149.01088,-35.8748666,2014
GF3S04446a,24.9500236,60.1724044,2019
GF3S02299a,121.1949,50.9034,2017
GF3S02300a,121.1963,50.9032,2017
FMS08071v3a,138.7976944,35.9149167,2016
S005207,9.233799393,48.36500227,2011
FMS25113v2,15.27,63.23,2014
GF4S20804b,26.880342,59.29111,2015
GF4S21188b,24.6893,59.2749,2017
FMS00251v3,5.976667,52.0175,2013
GF4S21331b,24.36231,56.86902,2020
N0752,117.908,29.124,2011
FMS16BI1851v2,150.73612,-33.61745,2015
FMS23067v2,-95.15,31.11,2012
FMS08053v3a,138.7976944,35.9149167,2016
GF4T305otu,-75.64,20.01,2017
S005750,5.263889,51.236111,2009
GF4S12611b,126.7282834,33.4780278,2015
FMS25212v2,15.28,63.19,2014
GF4S09995b,140.79,42.62,2015
GF4S20099b,26.5901,58.3078,2014
GF4S17358b,11.06,47.44,2016
GF4S21759b,24.685306,58.312841,2015
GF4S16485b,112.1666667,23.1666667,2015
FMS17690v2,92.35,33.95,2011
GF3S02201a,110.4833333,31.31666667,2014
GF4S20908b,27.057701,57.715224,2016
GF4S03539b,101.016,24.533,2015
GF4S03868b,101.574,21.612,2015
FMS02371v3,26.63333306,67.35,2013
S009311,16.648021,49.283366,2013
GF3S10307b,-0.76553,37.82781,2017
FMS11013v2,27.0333,58.116,2012
FMS00392v3,14.125278,46.00861,2014
FMS26481v2,22.44009,58.2402,2012
GF3S03526a,113.09,28.2,2015
FMS23599v2,-126.31,52.32,2008
GF4S14576b,13.46405747,49.02366486,2016
GF3S02301a,121.1953,50.9036,2017
GF4T525otu,3.18,11.64,2019
GF3S05819a,14.70740952,48.66364532,2015
GF3S02392a,121.8093,50.9858,2017
FMS16BI0063v2,149.01088,-35.8748666,2014
FMS06315v3,-84,30.75,2014
N3712,-123.2666667,54.3333333,2014
FMS25227v2,15.37,63.16,2014
GF4T1277otu,-71.8,-41.04,2013
GF4S21457b,27.3418,57.9485,2013
GF4S20401b,23.961525,58.854802,2015
GF4S19316b,18.77,64.50849168,2016
GF4S02922b,101.574,21.612,2015
GF3S05738a,14.70785875,48.66318166,2015
GF4S03422b,100.167,27.167,2015
GF4S17379b,11.06,47.44,2016
N1623,10.56263271,56.2243184,2014
GF4S20578b,24.035084,58.617214,2018
GF4S21893b,15.3566203,49.9753344,2017
FMS17266v2,-101.055406,23.254883,2008
FMS23108v2,-120.28,50.93,2010
GF4T808otu,80.42,6.42,2012
GF4T675otu,17.68,68.16,2014
N1913,146.490617,-34.825074,
GF4S21359b,27.274094,58.285547,2017
GF4S20058b,22.1522,58.4211,2014
GF3S03184a,26.5866,58.41797,2015
N1555,8.241796699,55.67383734,2014
GF4T1278otu,-72.96,-49.2,2013
N1690,12.07340872,56.04420107,2014
GF4S03016b,101.016,24.533,2015
GF4T583otu,27.53,59.07,2013
FMS24699v2,-73.2508238,42.1290612,2013
GF4S03416b,100.167,27.167,2015
GF4S20941b,24.526,59.4423,2016
GF4T1707otu,-91.31,16.16,2018
S000806,8.77,50.1413,2011
GF4S16482b,112.1666667,23.1666667,2017
FMS16BI0346v2,138.0327,-32.82851,2013
FMS16BI0214v2,148.032013,-41.183515,2013
GF3S00702a,-2.97983,37.0817,2014
GF4T204otu,99.16,20.08,2014
FMSA8F1089v2,-83.5,35,2012
GF4S21030b,26.23042,58.15944,2016
GF4S04108b,100.167,27.167,2015
GF4S03658b,100.167,27.167,2015
FMS15026v2,-69.38,-54.68,2009
GF4S03265b,100.167,27.167,2015
S006174,147.34867,-9.4448,2011
GF4S02441b,9.491051148,48.45142224,2011
GF4T307otu,-75.78,20.02,2017
GF4T1444otu,-88.28,46.57,2015
GF3S04600a,23.86826,61.44282,2019
GF4S20206b,26.624238,58.651072,2015
GF4T477otu,-53.96,-25.24,2018
GF4T1594otu,-79.39,43.13,2017
FMS24077v2,124.9,41.85,2013
FMS11961v2,127.980833,37.693056,2011
FMS00551v3,13.300278,48.38417,2014
GF4S21924b,13.1789528,50.3844758,2018
GF4S21922b,13.1390308,50.37642,2018
FMS08060v3a,138.7976944,35.9149167,2016
GF3S10300b,-0.97611,37.82364,2017
GF4S00190b,102.8290556,33.9374167,2019
GF4S02537b,10.49842725,51.26411003,2011
N0616,117.909,29.127,2011
FMS23229v2,-122.61,54.35,2008
FMS23125v2,-120.28,50.93,2010
GF3S08507b,20.188193,47.91884,2017
FMS20361v2,24.17,61.51,2011
FMS08009v3a,138.8177222,35.9173889,2016
GF4S03697b,101.574,21.612,2015
GF4S02650b,13.96882889,52.8706732,2011
GF4S01172b,113.354,34.84568,2014
FMS24687v2,-73.3378848,42.4750834,2013
FMS08116v3a,138.8315,35.9194722,2016
GF3S06551a,10.580556,46.688889,2016
GF3S06554a,10.569722,46.703889,2016
N0562,117.907,29.122,2011
GF4S03106b,101.574,21.612,2015
FMS25339v2,22.63,66.5,2014
GF4S17678b,138.8039,35.94627,2014
GF4S03302b,101.574,21.612,2015
GF4S02632b,13.99608069,53.09303758,2011
N0576,117.906,29.122,2011
GF4S21467b,27.405,57.9264,2013
GF4S19544b,122.0594444,51.8283333,2021
FMS04014v3,9.630429,46.091422,2014
FMS16BI1466v2,119.158039,-32.874588,2016
GF4S03012b,100.167,27.167,2015
FMS17564v2,100.8166667,34.85,2011
FMS22735v2,-89.38,49.08,2011
FMS16BI0564v2,142.08796,-37.84089,2012
FMS25241v2,15.19,63.15,2014
GF4S20467b,26.614228,57.581006,2015
GF3S09222b,11.41656111,51.6224444,2016
FMS17579v2,98.45,34.85,2011
GF4S20123b,23.9848,56.9226,2014
GF4T730otu,132.95,43.38,2010
FMS15531v2,146.809247,-43.072556,2012
GF3S06734a,128.463275,38.032124,2018
S00D532,21.7,61.7,2011
FMS08080v3a,138.7976944,35.9149167,2017
GF3S02063a,115.4333333,39.96666667,2014
FMS16BI0520v2,120.5461667,-28.05051667,2011
GF3S03460a,111.67,40.77,2015
GF4S19283b,14.24,57.55976735,2016
S000542,22.46296,58.28253,2013
FMS08069v3a,138.7976944,35.9149167,2016
GF3S04466a,30.16287637,62.6179995,2019
S009110,17.715826,66.140629,2009
FMS9547v2,13.85526547,48.7765677,2011
GF4S04008b,100.167,27.167,2015
GF4T1008otu,-75.42,9.49,2019
GF4S03815b,100.167,27.167,2015
GF4S21429b,26.4683,57.6652,2013
GF4S20778b,27.068132,58.297244,2015
FMS25203v2,15.26,63.18,2014
FMS15700v2,-21.55,74.4666667,2011
GF4S04127b,101.016,24.533,2015
GF4S21448b,26.5578,57.671,2013
GF4S20579b,23.974819,58.611698,2015
GF4S02610b,13.98004702,53.0893069,2011
GF4S20309b,25.620771,58.272058,2015
GF4T1744otu,83.01,51.1,2018
FMS21777v2,10.224485,51.268042,2012
FMS16BI0446v2,148.281,-42.022,2013
GF3S06716a,128.463275,38.032124,2018
GF4S03928b,101.574,21.612,2015
S000828,-75.133,4.867,2011
GF3S04444a,24.942196,60.153993,2019
FMS20339v2,24.17,61.51,2011
GF4S03334b,100.167,27.167,2015
GF3S00712a,-2.98613,37.00639,2013
FMS23503v2,-121.92,52.32,2009
FMS22847v2,-82.25,46.75,2011
FMS00286v3,21.298056,40.00722,2013
FMS16BI1555v2,116.22408,-32.5729,2016
GF4S21308b,26.26735,59.34881,2020
FMS11037v2,27.0333,58.116,2012
GF4S17387b,11.06,47.44,2016
GF3S08609b,1.076423517,42.5910003,2013
FMS24702v2,-73.2508238,42.1290612,2013
GF4T244otu,-74.2,42.18,2015
FMS16BI1743v2,146.89643,-42.27031,2014
S005793,5.263889,51.236111,2009
GF4S21630b,23.12336,58.83212,2015
GF4S16156b,13.110873,56.700918,2014
FMS21783v2,10.224485,51.268042,2012
GF4S02418b,9.212600848,48.37871287,2011
GF4S03118b,100.167,27.167,2015
GF3S03531a,108.24,30.67,2015
FMS21784v2,10.224485,51.268042,2012
GF4S21208b,24.5359,59.5753,2018
GF4S21365b,27.326433,58.270652,2017
FMS25155v2,15.29,62.23,2014
GF4S03414b,101.016,24.533,2015
GF4T316otu,-53.7,66.96,2017
GF3S05159a,1.049167,41.341111,2014
GF3S10295b,-1.16275,38.03344,2017
GF4S20264b,23.28072,58.564119,2015
S001794,23.551006,58.555214,2011
GF3S05232a,-61.74457,47.456883,2011
GF4S11397b,-116.638,62.484,2015
FMS20275v2,24.17,61.51,2011
FMS00448v3,5.881389,51.9125,2014
FMS24755v2,-71.3317636,42.4093993,2013
GF4T1497otu,27.36,-32.54,2016
GF3S05261a,-61.741624,47.469857,2011
FMS21704v2,10.311438,51.27173,2012
FMS16BI0638v2,131.0138,-25.3629,2012
FMS05342v3,113.39421,34.88881,2015
FMS24203v2,5.63,52.25,2012
FMS15714v2,-21.55,74.4666667,2011
S00D561,21.7,61.8,2011
GF4S02956b,101.016,24.533,2015
GF4T991otu,91.26,30.81,2019
GF3S00741a,-3.35477,36.92412,2014
GF4T1090otu,14,37.9,2017
GF4S17719b,138.81526,35.95783,2014
GF4S21347b,26.659931,57.555181,2017
GF3S08463b,7.416666667,60.55,
FMS16BI0551v2,142.28934,-36.67146,2012
FMS11044v2,26.433,58.1833,2012
FMS02393v3,29.58333333,67.7666667,2013
GF4S11434b,-113.141,62.5345,2015
GF4S10945b,83.07,55.01,2017
N1799,12.45141795,54.96752392,2014
GF4S17445b,102.0579972,29.60798611,2014
FMS16BI0218v2,115.15305,-30.0912,2013
GF4S21755b,26.649233,57.581981,2015
GF4S03590b,100.167,27.167,2015
GF4S20385b,25.756804,59.638149,2015
FMS24640v2,-74.009257,41.419898,2013
GF4T673otu,18.41,68.42,2014
S008671,17.809004,65.972129,2009
S00D491,27.32472,58.27711,2011
GF4T990otu,91.33,30.83,2019
GF4S17672b,138.81892,35.91694,2014
FMS17243v2,118.403778,49.494333,2010
GF3S10287b,-1.19511,38.04628,2017
N1717,10.89727399,55.74078685,2014
GF4T1553otu,-158.18,21.54,2017
S008704,17.749183,66.14522,2009
FMS22971v2,-95.15,31.11,2012
GF3S04438a,24.662434,60.237751,2019
FMS08027v3a,138.8177222,35.9173889,2017
FMS17217v2,-69.676417,-41.807778,2009
GF3S03468a,118.87,32.04,2015
GF4S19994b,22.0958,58.30223,2012
GF4S03421b,101.016,24.533,2015
GF4S11497b,-116.4272,62.5583,2015
GF4S02109b,18.854472,68.326056,2008
GF4S03173b,101.016,24.533,2015
S001724,23.31667,58.55,2011
FMS24288v2,5.63,52.25,2016
GF4S20614b,26.756272,58.035755,2015
FMS24695v2,-73.2508238,42.1290612,2013
FMS17228v2,146.309722,-31.556111,2010
FMS17552v2,100.45,36.11666667,2011
GF3S02330a,122.0863,50.9448,2017
N0624,117.911,29.126,2011
GF4S02456b,9.498669676,48.42184767,2011
FMS16BI1354v2,138.7817383,-34.615925,2016
S000535,47.167,-24.7787,2010
GF4S14612b,13.55798488,49.03708678,2016
FMS16BI0207v2,148.567311,-34.858056,2012
GF4S21137b,26.27391234,57.90808177,2016
FMS24735v2,-72.2078598,42.508422,2013
GF4S19798b,26.250721,58.68535,2017
FMS23317v2,-122.61,54.35,2008
GF4S19672b,26.82776,58.04818,2017
FMS00297v3,14.809167,46.20444,2013
FMS24278v2,5.63,52.25,2016
FMS16BI0646v2,140.087869,-35.082194,2012
GF4S20709b,24.672725,57.981031,2015
GF3S03558a,-83.2371,35.082,2017
GF4S10784b,15.33566667,50.8295278,2016
S00D515,27.29928,58.28122,2011
FMS24663v2,-73.9559721,41.3914827,2013
GF4S11510b,-114.227,60.3769,2015
GF4S03713b,101.574,21.612,2015
GF4S09301b,-99.15,39.0833333,2018
FMS16BI0452v2,146.6711,-42.6793,2013
GF4S20217b,26.503848,58.781604,2015
FMS17700v2,91.86666667,33.31666667,2011
GF4S20932b,25.9058,59.4798,2016
GF4T16otu,-69.9,-4.01,2012
GF4S19253b,15.56,60.63115615,2016
FMS16BI0476v2,145.5755,-36.650436,2013
GF4S19559b,122.0386111,51.8372222,2021
GF4S03050b,101.016,24.533,2015
N0438,117.906,29.121,2011
FMS23046v2,-95.15,31.11,2012
S005949,13.617667,49.045967,2013
GF3S02147a,111.4,25.53333333,2014
GF4T846otu,51.09,25.07,2019
GF4T864otu,-20.69,74.46,2019
FMS23461v2,-121.92,52.32,2009
GF3S02821a,13.110873,56.700918,2014
N0740,117.908,29.124,2011
GF4T1620otu,13.48,37.98,2017
FMS15534v2,147.907406,-43.050833,2012
GF4S19833b,26.454208,58.249317,2017
GF4T1267otu,19.48,67.86,2013
FMS16BI0104v2,135.20189,-12.93256,2013
GF4S10738b,5.777071,52.014828,2016
N0831,117.91,29.127,2011
FMS25106v2,15.27,63.23,2014
FMS16BI1232v2,138.681513,-34.736194,2016
GF4S01962b,-72.1875,42.4836111,2016
FMS25377v2,22.46,66.53,2014
GF4S16476b,112.1666667,23.1666667,2016
S000749,39.54062,51.95261,2011
GF4S02446b,9.425251134,48.43954414,2011
GF4S21322b,27.28436,58.2847,2020
GF4S19266b,18.58,64.39750537,2016
GF4S12825b,-76.370683,44.550833,2016
GF3S05132a,1.043611,41.357778,2009
FMS20379v2,24.17,61.51,2011
FMS16BI2115v2,138.130066,-35.640739,2014
GF4S11337b,-112.182,59.7256,2015
FMS21696v2,10.31103,51.27151,2012
GF4S21706b,23.990183,58.1407805,2015
GF4S20434b,24.4728,58.886036,2015
N1460,10.08032401,57.58100162,2014
GF3S10223b,11.28,43.07,2017
GF4S19714b,26.688482,58.276712,2016
S009330,16.6920829,49.26835436,2013
N1678,12.27163112,55.96826784,2014
N0609,117.909,29.127,2011
FMS05349v3,116.99994,35.00517,2015
S006598,-149.53333,68.61667,2012
FMS16BI0144v2,118.76062,-34.11782,2013
GF4S20490b,27.293718,57.943982,2015
GF4S21475b,27.2926,57.9408,2013
S00D618,27.3791,57.9212,2013
GF4S02838b,101.574,21.612,2015
GF3S01355a,22.17463,58.01829,2012
FMS16BI1958v2,138.130077,-35.640126,2014
GF4S21102b,24.45874457,59.27627198,2016
FMS24285v2,5.63,52.25,2016
FMS16BI1684v2,141.88817,-13.77233,2015
GF4S04066b,101.016,24.533,2015
N0534,117.91,29.124,2011
GF4S20118b,24.844,57.179,2014
GF4S02428b,9.356402081,48.48950888,2011
GF4T1729otu,58.48,22.78,2019
FMS11039v2,26.433,58.1833,2012
GF4S19958b,27.31072,58.289,2011
GF4S21632b,23.12283,58.83752,2015
GF4S02026b,18.849,68.328056,2008
GF4S02552b,10.47963247,51.05519831,2011
GF4S03242b,100.167,27.167,2015
GF4T1069otu,30.03,-23.82,2020
GF4S20563b,27.331703,58.125912,2015
FMS17707v2,91.7,31.83333333,2011
FMS05319v3,117.62931,37.00356,2015
FMS08015v3a,138.8177222,35.9173889,2016
GF4S04067b,100.167,27.167,2015
GF3S02407a,122.4335,50.9891,2017
FMS25271v2,22.54,66.58,2014
GF4T1013otu,10.4,5.2,2020
S00D542,21.7,61.7,2011
FMS25238v2,15.19,63.15,2014
FMS22967v2,-95.15,31.11,2012
GF4T370otu,89.54,26.56,2018
N0648,117.909,29.125,2011
GF4S20294b,25.716927,58.892167,2015
GF4S16735b,21.31707,69.51785,2013
GF4S02573b,10.39016191,51.20507717,2011
GF3S09214b,11.87559444,51.3915694,2016
FMS22951v2,-120.35,50.88,2010
GF4S20962b,24.98596,59.61535,2016
FMS23038v2,-95.15,31.11,2012
FMS00283v3,14.974722,46.25306,2013
N1951,-70.080944,-41.253333,
FMS17267v2,-101.055406,23.254883,2008
GF3S09295b,12.6584281,50.2383325,2010
GF3S01303a,23.00588,58.79553,2015
GF4T605otu,26.55,57.68,2013
GF4S20020b,26.71262,58.43918,2012
GF4S03380b,101.574,21.612,2015
GF3S00786a,-3.34736,36.93335,2013
GF4T1456otu,76.28,34.42,2015
GF4T569otu,42.69,43.1,2015
GF4S02582b,10.49121163,51.04650269,2011
GF4S20587b,23.720776,58.562005,2015
GF4S21450b,26.5578,57.671,2013
GF4S20500b,25.68184,58.140754,2015
S000807,14.65722,37.90722,2011
FMS19496v2,116.3165167,44.1117,2015
GF4T1129otu,24.38,54.21,2020
GF4S03599b,101.016,24.533,2015
GF4S11427b,-112.4171,59.8463,2015
FMS26286v2,22.18282,58.10608,2012
N1829,-71.75,43.94,
FMS16BI0370v2,140.7615,-34.04459,2013
FMS26115v2,21.89553,58.32671,2012
N0813,117.908,29.124,2011
FMS16BI0111v2,134.50615,-13.52115,2013
FMS17741v2,91.53333333,30.61666667,2011
GF4S21040b,25.38874925,58.04790717,2016
GF4S02830b,100.167,27.167,2015
GF4S03182b,101.574,21.612,2015
FMS17587v2,96.55,32.58333333,2011
GF4S12349b,-0.213578878,38.81451387,2014
GF3S05726a,14.70804675,48.66431415,2015
GF4T162otu,101.71,3.73,2011
GF3S08500b,7.416666667,60.55,
GF3S01497a,8.375477018,46.56830002,2017
GF4S13041b,9.457952708,48.40133333,2015
S001684,23.551006,58.555214,2011
GF4S03519b,101.574,21.612,2015
FMS11052v2,26.433,58.1833,2012
FMS08098v3a,138.8315,35.9194722,2016
GF4S20007b,23.57,58.58,2019
FMS16BI0325v2,130.8932849,-25.35649296,2013
GF4S04105b,100.167,27.167,2015
GF4T1365otu,166.83,-22.25,2014
S000798,139.486456,36.804062,2011
FMSA8F1012v2,-72.19,42.53,2012
FMS10998v2,27.0333,58.116,2012
GF3S09210b,11.87559444,51.3915694,2016
GF3S09265b,112.83,22.57,2018
GF4T457otu,-39.89,-19.66,2018
N0597,117.907,29.123,2011
GF4S20531b,22.99793,58.84627,2015
GF3S09284b,12.6584281,50.2383325,2008
FMS11058v2,26.433,58.1833,2012
GF3S08482b,7.416666667,60.55,
GF3S01481a,8.373617996,46.56821502,2017
GF4S02946b,101.016,24.533,2015
GF4S01649b,4.93656,50.84995,2018
GF4T1143otu,18.9,69.65,2020
GF4S04114b,101.016,24.533,2015
GF4S20472b,27.04034,57.637638,2015
GF4S04063b,101.016,24.533,2015
N0517,117.908,29.127,2011
GF3S02381a,121.1953,50.9036,2017
GF4T1485otu,19.23,-34.41,2016
GF3S09250b,112.83,22.57,2018
GF4S16151b,13.110873,56.700918,2014
GF4S17817b,-83.08076,35.58786,2013
GF3S00693a,-2.96825,37.03717,2014
FMS25183v2,15.17,63.17,2014
FMS25361v2,22.67,66.52,2014
FMS16BI0022v2,119.7221389,-33.72838889,2013
GF3S05222a,-61.738428,47.462113,2011
FMS9526v2,13.85522657,48.77655675,2011
GF4S21053b,26.31949607,57.59131423,2016
FMS19742v2,-64.9019,-23.6823,
GF4S03499b,100.167,27.167,2015
GF4T761otu,51.54,30.14,2012
GF3S05818a,14.70740952,48.66364532,2015
GF4S02636b,14.00608026,53.09312145,2011
GF4T134otu,145.42,-6.02,2011
FMS16BI1886v2,150.72975,-33.61285,2015
FMS16BI2039v2,138.657617,-35.081551,2014
GF4T964otu,33.05,56.46,2019
GF4S02798b,100.167,27.167,2015
FMS17331v2,9.647121,34.494253,2010
S000690,-71.6608,-40.13,2011
GF4S03094b,101.016,24.533,2015
GF4S03164b,100.167,27.167,2015
GF4T669otu,18.45,68.39,2014
GF4S03482b,101.016,24.533,2015
GF4S15773b,101.2,37.6166667,2012
GF3S05244a,-61.746007,47.460876,2011
N3819,84.51666667,44.1833333,2016
FMS25189v2,13.96,62.66,2014
FMS00652v3,19.311389,42.69694,2014
GF4T119otu,147.35,-9.44,2011
GF4S21957b,26.282222,58.156667,2014
GF3S03472a,117.83,31.8,2015
GF4S15774b,101.2,37.6166667,2012
FMS16BI1318v2,138.681226,-34.782181,2016
FMS16BI1799v2,150.72095,-33.61255,2015
FMS16BI0454v2,148.7975833,-35.42373333,2013
GF3S01513a,8.375166971,46.56930903,2017
FMS22743v2,-89.38,49.08,2011
GF4S20220b,26.301747,57.770115,2015
GF4T1139otu,23.58,54.78,2020
GF4S20832b,24.711213,57.84563,2015
GF4S03402b,101.574,21.612,2015
GF4S14479b,16.6920829,49.26835436,2017
GF4T1102otu,39.46,51.91,2012
FMS23493v2,-121.92,52.32,2009
GF4S19964b,27.32285,58.26895,2011
S000767,22.07618,58.30937,2012
FMS04016v3,9.638517,46.095089,2014
FMS16BI1515v2,116.17192,-32.52362,2016
GF4S03130b,101.016,24.533,2015
GF4S21795b,22.29135,58.44261,2016
GF4S03740b,101.574,21.612,2015
FMS16BI1400v2,138.679629,-34.710551,2016
GF4S14615b,13.55633641,49.01494248,2016
FMS24079v2,124.9,41.85,2013
GF3S01500a,8.376686024,46.57024596,2017
GF3S05153a,1.031944,41.350278,2013
GF3S01726a,27.33,64.27,2014
GF4S20921b,25.59288,58.360027,2016
GF4S03019b,101.016,24.533,2015
GF4S21588b,26.5561,58.3701,2013
GF3S02202a,110.4833333,31.31666667,2014
GF3S01483a,8.373435019,46.56847402,2017
GF4T1170otu,16.51,68.3,2020
S000993,18.816002,68.354395,
GF3S03182a,26.5866,58.41797,2014
FMS00584v3,13.4575,48.52222,2014
GF4S17808b,-83.45717,35.04411,2013
FMS21778v2,10.224485,51.268042,2012
FMS17289v2,-2.728708,33.06768,2010
S000955,8.46667,46.63333,
GF4S20187b,27.071928,57.707022,2015
GF4T184otu,75.02,13.45,2013
FMS16BI0479v2,143.85151,-39.9214,2013
FMS16BI0400v2,115.07605,-30.07161667,2013
GF4S19677b,26.738877,58.204615,2016
GF4S21243b,26.8035,58.1776,2020
GF4S20557b,24.745544,58.875385,2015
GF4S03196b,100.167,27.167,2015
GF4S19624b,26.67145,57.99168,2013
FMS11729v2,-61.738943,47.46839,2011
S000496,26.9992,69.1691,2013
GF4S03922b,101.574,21.612,2015
GF4S03297b,100.167,27.167,2015
N0768,117.908,29.124,2011
FMS08115v3a,138.8315,35.9194722,2016
FMS21837v2,10.238748,51.267749,2012
FMS11797v2,-61.745915,47.456331,2010
FMS11861v2,-72.19,42.53,2012
FMS17633v2,100.9166667,36.96666667,2011
GF4S17801b,-83.45717,35.04411,2013
GF4T359otu,90.54,25.57,2018
FMS00641v3,21.335278,41.01417,2014
GF4S04026b,101.574,21.612,2015
FMS16BI0312v2,151.39656,-27.47372,2013
GF4S16122b,-99.15,39.0833333,2018
GF4T169otu,21.75,68.6,2012
GF3S05721a,16.706875,49.292692,2014
GF4S20273b,22.917079,58.551071,2015
GF4S15541b,-97.51666667,34.9833333,2012
FMS10986v2,27.31,58.25,2012
S006167,29.58333,67.76667,2011
FMS26577v2,21.94149,58.26765,2012
GF3S05189a,52.171,36.2938,2018
GF4T664otu,18.7,68.35,2014
FMS17627v2,99.46666667,35.43333333,2011
S009322,16.690847,49.277218,2013
GF4T1577otu,39.03,-5.23,2016
N0566,117.907,29.122,2011
GF3S05241a,-61.729963,47.477127,2011
FMS16BI0120v2,135.77629,-13.40822,2013
N0887,-83.96,35.84,2014
S009004,17.737975,66.044107,2009
GF4T663otu,18.68,68.36,2014
GF3S04560a,25.80325,61.016421,2019
FMSA8F1057v2,-122.26,44.2,2012
S001672,23.551006,58.555214,2011
FMS25225v2,15.37,63.16,2014
GF3S09259b,112.83,22.57,2018
FMS25058v2,14.21,60.95,2014
FMS17685v2,92.93333333,34.93333333,2011
FMS11748v2,-61.750452,47.46191,2011
GF4S21589b,26.5561,58.3701,2013
GF4S17563b,124.3333333,51.7,2018
N3663,-123.2666667,54.3333333,2014
GF4S19752b,26.05501,57.92895,2017
FMS17338v2,9.717897,34.956452,2010
GF3S02416a,121.2915,51.1542,2017
N1805,12.50972319,54.96462731,2014
N0911,-83.96,35.84,2014
GF4S20196b,26.75998,58.176713,2015
FMS26253v2,23.07562,58.59677,2012
GF3S05752a,14.70826522,48.66526932,2015
FMS25273v2,22.54,66.58,2014
FMS11795v2,-61.754467,47.442873,2010
FMS23107v2,-120.28,50.93,2010
FMS08019v3a,138.8177222,35.9173889,2016
GF4S17785b,-83.434013,35.049007,2013
GF4S19817b,26.66952,58.30324,2017
GF3S02413a,121.2913,51.1531,2017
GF4S02570b,10.45518298,51.1006881,2011
S008914,17.871057,65.945096,2009
FMS16418v2,15.52365,50.7585333,2013
GF4S21773b,26.72559,58.46851,2015
FMS26418v2,22.26849,58.29754,2012
FMS17615v2,97.98333333,34.58333333,2011
FMS10987v2,27.31,58.25,2012
GF4T1353otu,12,57.84,2014
FMS16BI0102v2,135.71916,-14.195246,2013
S000601,101.62025,3.303333333,2011
GF4S21031b,26.24649,58.15135,2016
FMS23577v2,-126.31,52.32,2008
FMS16BI0333v2,132.59483,-12.92929,2013
GF4T1493otu,23.2,-34.03,2016
GF4S20209b,26.597387,58.653021,2015
GF4S16759b,21.3175,69.51761,2013
FMS24093v2,124.9,41.85,2013
FMS12384v2,9.476394288,48.44536875,2011
FMS25080v2,14.56,61.42,2014
FMS17305v2,-1.199478,38.588606,2006
FMS22954v2,-120.35,50.88,2010
N1556,8.241796699,55.67383734,2014
GF4S01684b,4.96049,50.8624,2018
GF4S21898b,14.3304764,50.3498575,2017
FMS16BI1460v2,150.319166,-33.64796144,2015
FMS21793v2,10.238748,51.267749,2012
GF3S05260a,-61.746572,47.465424,2011
FMS16BI1712v2,147.20049,-42.55598,2014
FMS16BI1467v2,119.158039,-32.874588,2016
GF4T207otu,-73.12,11.37,2014
FMS24178v2,5.63,52.25,2012
GF4S10803b,5.89,45.11,2014
GF4S17363b,11.06,47.44,2016
GF3S02352a,122.4331,50.9888,2017
GF4S03753b,101.016,24.533,2015
GF4S21952b,26.281944,58.156944,2014
S005771,5.263889,51.236111,2009
GF4S12344b,-0.217580632,38.81292258,2014
GF4T1345otu,99.3,25.27,2014
FMS16BI1609v2,116.18417,-32.58888,2016
FMS23401v2,-120.35,50.88,2010
FMS00397v3,13.773889,46.585,2014
FMS26151v2,21.99024,58.26571,2012
FMS22940v2,-120.78,39.26,2011
FMS26733v2,23.30707,58.54605,2012
GF4S20593b,23.695348,58.426627,2018
GF3S02176a,108.45,33.43333333,2014
GF4S20259b,23.09898,58.600973,2015
FMS16BI1905v2,150.7304,-33.60465,2015
FMS24624v2,-74.009257,41.419898,2013
GF3S05129a,1.031944,41.350278,2009
N3561,110.2,31.24,2011
FMS24096v2,124.9,41.85,2013
S000618,-60.084167,5.433972,2011
GF4T1483otu,18.41,-33.96,2016
FMS00384v3,5.881389,51.9125,2014
GF4S01645b,4.98986,50.87208,2018
GF4S04102b,101.016,24.533,2015
GF4S03024b,101.016,24.533,2015
FMS25222v2,15.28,63.19,2014
GF4S17579b,94.42694444,29.6497222,2018
FMS16BI0229v2,115.2585167,-30.11188333,2013
S009284,16.61782192,49.30769876,2013
GF4S21249b,26.5088,59.4989,2020
FMS22826v2,-121.04,39.55,2011
GF3S02357a,121.292,51.1402,2017
GF4S02658b,13.75038767,53.12177832,2011
GF4S20454b,27.799044,59.174641,2015
FMS05318v3,117.71903,36.94669,2015
FMS11019v2,27.0333,58.116,2012
GF4S20290b,25.577225,58.902552,2015
FMS25126v2,14.75,63.51,2014
N0482,117.91,29.126,2011
GF4T1097otu,23.35,61.83,2020
GF4S21885b,14.1075628,49.4373225,2017
FMS06191v3,101.21595,21.97752,2013
FMS25024v2,14.19,60.73,2014
FMS23033v2,-95.15,31.11,2012
FMS20354v2,24.17,61.51,2011
S008854,17.84593,65.955791,2009
FMS06214v3,101.22874,21.98668,2013
GF4S21859b,14.4393333,50.2125894,2017
FMS16BI0184v2,132.3738334,-12.64892022,2012
FMS17562v2,100.9166667,35.35,2011
N1912,146.481861,-34.798363,
FMS16BI0278v2,138.2613,-35.60827,2013
N1649,9.730524609,55.69191227,2014
GF4S03013b,101.016,24.533,2015
GF4S19931b,27.33115,58.27285,2011
GF4S19305b,14.26,56.39203678,2016
GF4S19583b,26.57166,58.25496,2013
FMS17281v2,-3.373502,33.976574,2010
S000823,78.14575,30.45015,2012
FMS08130v3a,138.8315,35.9194722,2017
GF4S21085b,25.88171873,58.29474953,2016
GF4S21192b,27.00099,57.8397,2017
FMS19495v2,116.45675,44.18618333,2015
GF4S17458b,102.0355111,29.59440278,2014
N1486,8.642470696,57.06436271,2014
GF4T1072otu,145.77,-5.14,2020
GF3S02148a,114.05,26.5,2014
FMS23034v2,-95.15,31.11,2012
GF4T519otu,2.16,6.38,2019
GF4S03342b,101.016,24.533,2015
FMS00571v3,8.707533,50.11077,2014
GF4T1279otu,-72.87,-49.07,2013
FMS16BI0389v2,140.719,-33.9556,2013
GF4S19567b,25.1753,59.21678,2013
GF4S03395b,101.574,21.612,2015
FMS23181v2,-120.42,50.85,2010
GF4S15372b,112.1666667,23.1666667,2016
S008915,17.871057,65.945096,2009
S005946,13.618017,49.04485,2012
GF4S21828b,23.71756,59.17332,2018
GF4S20713b,24.734286,58.02887,2015
GF4T434otu,-38.47,-8.74,2018
GF4S12595b,126.7282834,33.4780278,2015
GF4S20877b,24.142656,59.353581,2016
GF4T1590otu,38.66,-4.94,2016
FMS00631v3,23.240833,40.84,2014
GF3S03565a,-83.2389,35.0853,2017
GF4T627otu,27.3,57.94,2013
GF4T740otu,131.41,43.13,2010
GF4T539otu,42.73,43.02,2015
GF4S02672b,13.75217353,52.91791366,2011
GF4T1153otu,17.12,68.52,2020
FMS25362v2,22.67,66.52,2014
FMS16BI1082v2,139.0061,-34.57692,2013
GF4S11526b,-116.839,61.7379,2015
S008876,17.750305,66.023694,2009
GF3S08595b,1.073500491,42.59251809,2013
FMS25090v2,15.69,63.31,2014
GF4T922otu,51.24,25.83,2018
GF4T616otu,26.51,57.67,2013
N0493,117.911,29.126,2011
FMS16BI0250v2,148.7850833,-35.44535,2013
FMS16BI2045v2,138.1164129,-35.632738,2014
GF4T1643otu,37.41,-6.93,2018
GF3S06778a,128.463275,38.032124,2018
FMS11764v2,-61.758033,47.4738,2011
S005865,5.263889,51.236111,2011
FMS16BI1825v2,150.73769,-33.6126,2015
N3650,-123.2666667,54.3333333,2014
N1663,9.869621187,55.68895496,2014
S005869,5.263889,51.236111,2011
GF4S03336b,101.574,21.612,2015
GF4S03963b,101.016,24.533,2015
FMS17692v2,92.36666667,34.11666667,2011
GF4T786otu,-71.66,-40.13,2012
GF3S05710a,16.689123,49.333724,2014
FMS00591v3,14.594444,46.42722,2014
FMS16BI1863v2,150.72095,-33.61255,2015
GF4S20117b,26.7264,58.5301,2014
FMS11009v2,27.0333,58.116,2012
FMS08231v3a,112.321667,25.860556,2015
GF4S19572b,27.28958,58.26985,2013
FMS22902v2,-83.37,46.42,2011
S000777,26.71262,58.43918,2012
GF4S20974b,27.1559,57.799,2016
FMS16BI1198v2,149.01025,-35.8769333,2014
GF4S03396b,101.574,21.612,2015
FMS10996v2,27.31,58.25,2012
GF4T994otu,90.96,30.69,2019
S001749,23.551006,58.555214,2011
FMS25372v2,22.46,66.53,2014
GF4S17752b,138.8176,35.91696,2014
S00D580,27.4879,59.0773,2013
FMS23197v2,-120.42,50.85,2010
FMS00379v3,19.371389,42.565,2014
FMS23447v2,-121.92,52.32,2009
GF3S10291b,-1.16275,38.03344,2017
GF4T343otu,11.62,1.41,2018
GF4S03559b,100.167,27.167,2015
GF3S05661a,16.745238,49.287097,2014
FMS23251v2,-122.61,54.35,2008
GF4T878otu,177.71,-18.21,2019
GF4S03185b,100.167,27.167,2015
FMS25207v2,15.26,63.18,2014
FMS16BI0274v2,148.84465,-35.371917,2013
GF4S17692b,138.81773,35.91739,2014
GF4T1255otu,27,69.17,2013
GF4S13042b,9.492124587,48.42264028,2015
GF4S12210b,-0.604375687,39.80690557,2014
GF4S14342b,16.669242,49.32103,2017
FMS24117v2,124.9,41.85,2013
GF4S21894b,15.3412086,49.9834153,2017
GF4T263otu,-111.75,34.99,2015
N1809,12.52658148,54.98604161,2014
FMS25097v2,15.69,63.31,2014
GF3S08380b,7.416666667,60.55,
FMS16BI0379v2,145.881418,-41.555433,2013
FMS16BI1844v2,146.7088927,-43.21444386,2015
N1559,8.19077075,55.69423108,2014
FMS06212v3,101.22897,21.98691,2013
FMS16BI0617v2,118.7312828,-34.303255,2013
FMS24983v2,14.29,61.19,2014
GF4S21320b,27.28327,58.28429,2020
N0777,117.908,29.124,2011
GF4T24otu,-75.17,4.87,2012
GF4S17582b,94.42694444,29.6497222,2018
GF4S20455b,27.578473,59.110602,2015
GF4S21631b,23.12336,58.83212,2015
GF4S13156b,4.4184,50.746,2019
GF4S02701b,13.92832556,52.90097652,2011
FMS22728v2,-89.41,49.07,2011
GF4T532otu,39.83,6.81,2019
FMS26214v2,22.26709,58.29723,2012
FMS00380v3,5.735833,52.10028,2014
S000539,-75.25,4.867,2011
FMS16BI0544v2,141.97633,-35.11641,2012
GF4S03810b,101.574,21.612,2015
N1813,12.29951999,55.02428234,2014
FMS20313v2,24.17,61.51,2011
GF4S21747b,22.3082,58.46721,2015
GF4T1027otu,90.78,30.64,2019
FMS25324v2,22.41,66.54,2014
FMS11004v2,27.0333,58.116,2012
FMS20280v2,24.17,61.51,2011
FMS16BI1464v2,117.15546,-34.619163,2016
FMS23088v2,-120.28,50.93,2010
N1525,8.378025751,56.16754556,2014
GF4S02025b,18.849,68.328056,2008
GF4T453otu,-39.53,-15.88,2018
N1451,10.40397373,57.64472817,2014
GF4S12616b,126.7282834,33.4780278,2015
FMS00670v3,8.871944,50.23444,2014
GF4S21887b,14.5397125,49.9911253,2017
N3721,-123.2666667,54.3333333,2014
FMS21831v2,10.238748,51.267749,2012
GF4T1067otu,26.1,-29.02,2020
S000841,145.0335833,-5.9305,2011
S00D600,26.4493,57.6567,2013
GF4S17766b,-64.75069444,-32.0390278,2014
S008822,17.715826,66.140629,2009
GF4S18767b,21.3176,69.51824,2013
FMS24124v2,124.9,41.85,2013
S008785,17.719246,66.137992,2009
GF3S08440b,7.416666667,60.55,
GF4S11435b,-113.141,62.5345,2015
GF3S04506a,25.609344,62.204284,2019
GF4S20444b,25.105479,59.047825,2015
GF4S03111b,100.167,27.167,2015
S000518,25.331667,66.660833,2013
GF4S20213b,26.526515,58.732875,2015
GF4T354otu,91.61,25.36,2018
GF4S11420b,-116.5031,62.4031,2015
GF4T126otu,147.1,-7.3,2011
FMS25319v2,22.41,66.54,2014
S005861,5.263889,51.236111,2011
GF3S01318a,26.20146,57.68283,2015
GF4S19897b,27.03222,58.12324,2011
FMS16BI1323v2,138.692351,-34.721805,2016
FMS20329v2,24.17,61.51,2011
GF4S03554b,100.167,27.167,2015
GF3S00768a,-3.3272,36.97169,2013
GF4S17680b,138.80381,35.9483,2014
FMS16BI1049v2,143.89846,-39.85711,2013
N1746,10.24765754,55.12292641,2014
FMS21705v2,10.311438,51.27173,2012
FMS25228v2,15.37,63.16,2014
FMS08059v3a,138.7976944,35.9149167,2016
GF4T719otu,47.01,-24.95,2010
GF4S21291b,26.2317,59.1057,2020
GF4S21807b,24.655039,58.336725,2016
GF4S21772b,26.72559,58.46851,2015
FMS25409v2,22.53,66.58,2014
GF3S05728a,14.70872691,48.66470334,2015
N2041,148.164342,-33.324038,
GF3S06709a,128.463275,38.032124,2018
FMS16BI1465v2,117.15546,-34.619163,2016
FMSA8F1013v2,-72.19,42.53,2012
FMS17248v2,116.786556,48.609778,2010
GF4S22091b,-51.46168333,-1.73676666,2015
GF4S02808b,101.016,24.533,2015
GF4S17394b,11.06,47.44,2016
FMS24767v2,24.70361111,68.4877778,2011
FMS05387v3,115.00036,36.25369,2015
FMS21728v2,10.31103,51.27151,2012
GF4S03209b,101.016,24.533,2015
FMS25335v2,22.63,66.5,2014
FMS16BI1570v2,150.6259495,-33.59466727,2015
S000725,26.57175,58.19075,2011
GF4S21516b,13.7624794,49.857965,2017
GF4S04005b,100.167,27.167,2015
FMS24728v2,-72.2078598,42.508422,2013
FMS16BI1423v2,138.665304,-34.6766793,2016
GF4S03581b,100.167,27.167,2015
GF4S17433b,102.1008806,29.61481667,2014
FMS24297v2,5.63,52.25,2016
FMSA8F1039v2,-122.26,44.2,2012
FMS9562v2,13.8552789,48.77659177,2011
GF4S16450b,-89.35,43.1333333,2015
GF4S21849b,23.76922,59.18291,2018
FMS22792v2,-122.61,54.35,2008
FMS17326v2,-2.879354,40.018028,2010
N1973,31.35779,31.35779,
GF3S05275a,-61.761414,47.467241,2011
FMS25974v2,21.89557,58.32669,2012
GF4S21669b,27.3847,58.1843,2015
GF3S02172a,127.6612833,45.4,2014
FMS9539v2,13.85520203,48.77660883,2011
GF3S05774a,14.70785875,48.66318166,2015
GF4S03989b,101.016,24.533,2015
S003425,-121.62656,42.79114,2012
GF4S19848b,26.92458,58.54453,2017
GF4S20841b,24.522663,59.440643,2015
GF4S03211b,101.016,24.533,2015
S000622,-59.924806,5.305722,2011
GF4S19238b,14.96,60.3024673,2016
GF4S16304b,8.716666667,47.05,2014
FMS25393v2,22.58,66.51,2014
GF4T1014otu,10,4.5,2020
FMS24700v2,-73.2508238,42.1290612,2013
GF3S01512a,8.375166971,46.56930903,2017
GF4S17695b,138.79941,35.9158,2014
GF4S20607b,26.912817,58.695535,2015
GF4T598otu,27.43,59.1,2013
FMS24180v2,5.63,52.25,2012
GF4S03193b,100.167,27.167,2015
GF4T1114otu,22.06,70.02,2020
GF4S19844b,26.634895,58.41251,2016
FMS24763v2,-71.3317636,42.4093993,2013
GF4S21205b,25.15923,59.44022,2017
N1450,10.40397373,57.64472817,2014
S000581,-69.8947,-3.9997,2011
GF4S02455b,9.446157209,48.41923077,2011
GF4S13170b,4.4629,50.8131,2019
GF4S03485b,100.167,27.167,2015
GF4S21321b,27.28438,58.28449,2020
FMS16BI0330v2,130.90739,-25.28819,2012
GF4S14372b,16.65949322,49.30205489,2017
N1986,-3.638859,34.473045,
FMS24977v2,13.85,60.68,2014
FMS22755v2,-89.39,49.07,2011
GF4S01636b,4.9779,50.85897,2018
N0677,117.91,29.126,2011
FMS06306v3,-84,30.75,2014
GF4S03913b,100.167,27.167,2015
GF4S21202b,23.72366,58.56145,2017
GF4T1672otu,177.39,64.73,2018
GF4S21736b,26.38603,59.20871,2015
GF3S08596b,1.073840448,42.59295606,2013
GF4S21111b,24.03989056,59.37664116,2016
FMS20271v2,24.17,61.51,2011
GF3S06724a,128.463275,38.032124,2018
GF4S01192b,116.999943,35.005172,2015
GF4S21896b,14.3267839,50.2737236,2017
FMS19537v2,81.23130556,44.51091667,2015
GF4S19753b,24.618663,57.364778,2019
FMS16BI1904v2,150.73035,-33.60617,2015
FMS16BI0309v2,151.629,-26.87439,2013
FMS17277v2,-2.372904,34.159182,2010
FMS21755v2,10.311413,51.271362,2012
GF4S02823b,100.167,27.167,2015
GF3S09268b,112.83,22.57,2018
N0684,117.91,29.126,2011
GF4S11340b,-112.6686,60.1361,2015
FMS16BI1469v2,119.158039,-32.874588,2016
GF4S20764b,25.657685,59.153576,2015
GF4S20846b,24.257883,59.400528,2015
GF4S20880b,24.273369,59.082802,2016
FMS25107v2,15.27,63.23,2014
FMS06301v3,-84,30.75,2014
GF4S20357b,27.201415,57.844441,2015
GF4S03826b,100.167,27.167,2015
FMS22972v2,-95.15,31.11,2012
N3665,-123.2666667,54.3333333,2014
FMS24682v2,-73.3378848,42.4750834,2013
GF3S05790a,14.70952899,48.6640991,2015
GF4S21357b,27.267441,58.257817,2017
GF4S20677b,21.836473,58.281105,2015
FMS00570v3,15.651667,46.11194,2014
FMS17226v2,142.686154,-33.931135,2010
S009305,16.674216,49.294,2013
GF4S03686b,100.167,27.167,2015
FMS16BI0539v2,135.3400333,-32.91006667,2011
S000742,115.43165,39.96921,2011
GF4S21416b,26.5988,57.6824,2013
GF4S20874b,24.146808,59.355928,2016
GF4S17667b,138.79742,35.91476,2014
GF4T1373otu,153.13,-28.46,2014
FMS16BI1395v2,138.680987,-34.710871,2016
GF4S02694b,13.754141,52.95141807,2011
FMS00656v3,8.594617,50.3098,2014
S000567,-69.54,-4.025,2011
GF4S18766b,21.31793,69.51849,2013
GF4S21346b,26.958006,58.232272,2017
S009244,16.6450629,49.25590245,2013
FMS16BI0582v2,150.6945319,-35.19835466,2012
GF3S05110a,-84.16,10.27,2015
FMS24650v2,-73.9559721,41.3914827,2013
FMS9554v2,13.85527843,48.77657135,2011
GF4S03656b,100.167,27.167,2015
GF4S01973b,-72.1875,42.4836111,2016
FMS17296v2,-3.419164,40.208781,2006
FMS23077v2,-120.28,50.93,2010
GF4S11528b,-117.0406,61.6777,2015
GF4S20707b,24.621041,57.94707,2015
GF4S02541b,10.42596317,51.11143639,2011
FMS16BI1030v2,144.11969,-39.935,2013
GF4S16495b,112.1666667,23.1666667,2017
GF3S06740a,128.463275,38.032124,2018
GF4T676otu,-100.29,19.67,2015
GF4S02931b,100.167,27.167,2015
GF4S16120b,-99.15,39.0833333,2018
S005840,5.263889,51.236111,2011
GF4T639otu,17.33,67.77,2014
FMS24104v2,124.9,41.85,2013
GF4T218otu,-4.14,35.18,2014
N1905,145.591506,-32.633899,
N0796,117.908,29.124,2011
GF4S01991b,18.848083,68.330444,2008
S006148,29.58333,67.76667,2011
GF3S00793a,-3.35473,36.92399,2013
GF4S13362b,4.4042,50.7479,2019
GF4S20554b,23.134866,58.741788,2015
GF4S03979b,101.574,21.612,2015
GF3S09221b,11.41656111,51.6224444,2016
GF4S11349b,-116.4459,62.5375,2015
GF3S03563a,-83.2344,35.082,2017
GF4S20503b,25.084427,58.993232,2015
GF4S21209b,24.5359,59.5753,2018
GF4S02864b,100.167,27.167,2015
S00D506,27.33773,58.276,2011
GF4S20420b,24.038611,59.384605,2015
GF4S20045b,25.55063,58.35081,2018
GF4S02988b,101.016,24.533,2015
GF4S11459b,-113.9734,60.2704,2015
GF4T1281otu,-72.95,-49.26,2013
GF4S03142b,101.574,21.612,2015
GF4S21034b,26.30843,58.20056,2016
GF4S20661b,27.150559,59.184202,2015
FMS16BI0456v2,148.7978833,-35.42388333,2013
GF4S20067b,24.2876,59.3994,2014
FMS16BI1808v2,150.73035,-33.60617,2015
GF4S10837b,5.85,45.11,2014
GF4T145otu,145.24,-6.38,2011
FMS16BI1620v2,118.905108,-31.845833,2016
GF4S20410b,24.373542,59.472652,2015
GF4S20283b,22.924297,58.378154,2015
FMS22860v2,-82.25,46.75,2011
S006145,29.58333,67.76667,2011
FMS12313v2,17.5037,60.0813,2012
FMS25360v2,22.67,66.52,2014
GF4S03288b,101.016,24.533,2015
GF4S03821b,101.574,21.612,2015
GF4T17otu,-69.9,-4.01,2012
GF4S03950b,101.016,24.533,2015
S000727,26.62687,58.36562,2011
GF4T594otu,27.51,59.06,2013
FMS08064v3a,138.7976944,35.9149167,2016
FMS22986v2,-95.15,31.11,2012
GF4S20415b,24.126798,59.365517,2015
GF4S19740b,26.38288,58.04161,2017
FMS08104v3a,138.8315,35.9194722,2016
FMS15706v2,-21.55,74.4666667,2011
GF4T1743otu,82.97,51.05,2018
GF4S01160b,114.19036,33.36277,2014
FMS16BI0073v2,150.265414,-33.659823,2014
FMS23072v2,-120.28,50.93,2010
GF4S20412b,24.374431,59.461757,2015
S008917,17.84593,65.955791,2009
N1544,8.136246233,56.22776562,2014
GF4T1325otu,-117.32,34.97,2014
GF4T1528otu,92.78,11.89,2015
GF4S11496b,-116.4771,62.5097,2015
FMSA8F1093v2,-122.26,44.2,2012
GF4S19589b,26.66543,58.30203,2013
FMS15538v2,148.173108,-41.542811,2012
GF3S02408a,122.4331,50.9888,2017
GF4S21422b,26.6047,57.6669,2013
GF4S20726b,26.955567,57.625967,2015
FMS05337v3,111.91027,32.54168,2015
FMS22820v2,-121.04,39.55,2011
GF4S04089b,101.574,21.612,2015
GF4T1415otu,4.71,52.82,2010
FMS22815v2,-121.04,39.55,2011
FMS08033v3a,138.8177222,35.9173889,2017
GF4T1463otu,78.24,32.94,2015
GF4S21181b,26.54651,57.55581,2017
GF4S17482b,101.9689917,29.56018333,2014
GF4S20090b,26.5767,57.91727,2014
S009329,16.678564,49.26745,2013
GF4S20306b,25.45762,58.206407,2015
GF4S03487b,100.167,27.167,2015
FMS21732v2,10.31103,51.27151,2012
GF4T208otu,-72.18,12.21,2014
GF4S21645b,22.67471,58.91431,2015
GF3S05272a,-61.766677,47.459331,2011
GF4S20190b,27.47202,58.212507,2015
FMS00605v3,19.176389,42.42833,2014
GF4S20053b,24.7935,59.4399,2014
GF4S14182b,8.716666667,47.05,2014
GF3S10256b,26.04,47.29,2017
FMS25065v2,14.05,61.03,2014
GF4S21958b,26.780575,58.490829,2014
GF4S01566b,4.975151,50.865977,2018
GF3S04494a,25.734625,62.144427,2019
GF4S03083b,101.574,21.612,2015
GF4S20074b,27.1851,59.4372,2014
GF4S11482b,-113.14,62.5389,2015
GF4S17824b,-83.47651,35.56452,2013
GF4T998otu,14.66,37.91,2012
GF4S20556b,23.630363,58.950802,2015
S009210,16.76281142,49.30744752,2013
GF4S11447b,-114.182,60.3487,2015
GF4T1730otu,-65.41,-16.98,2018
FMS17361v2,-111.856829,36.685466,2009
GF4S11400b,-116.4284,62.5466,2015
GF4S21480b,27.2862,57.9602,2013
FMS00603v3,13.127778,48.28889,2014
GF4T1113otu,39.47,51.96,2012
GF3S02199a,110.4833333,31.31666667,2014
GF3S02415a,121.2915,51.1539,2017
GF4T1544otu,41.7,43.45,2016
GF4S03385b,100.167,27.167,2015
GF4S04065b,101.016,24.533,2015
FMSA8F1050v2,-79.85,9.15,2012
GF3S05218a,-61.752569,47.433106,2011
FMS06330v3,-84,30.75,2014
GF4T507otu,24.96,60.28,2019
GF4S21018b,23.20192547,59.02162565,2016
FMS17341v2,10.498595,32.98347,2010
FMS16BI1673v2,120.257423,-30.68535,2016
N1888,144.525,-35.3443,
GF4S19758b,22.69136,56.9193,2019
GF4T1264otu,12.62,62.61,2013
N1541,8.162359036,56.31803005,2014
GF4S00193b,102.8290556,33.9374167,2019
GF3S01741a,24.48,61.4,2014
GF4S02943b,101.016,24.533,2015
GF3S01300a,27.47665,57.75965,2015
S000592,147.10349,-7.30435,2011
GF4T1434otu,23.53,41.76,2015
FMS20276v2,24.17,61.51,2011
FMS20384v2,24.17,61.51,2011
FMS23069v2,-95.15,31.11,2012
GF4S19804b,26.401506,58.110814,2017
FMS22762v2,-89.39,49.07,2011
FMS16BI1411v2,138.681674,-34.735588,2016
GF4S03674b,101.574,21.612,2015
GF4S20002b,23.55,58.56,2012
GF4S20011b,24.10171,58.62038,2012
FMS22749v2,-89.38,49.08,2011
GF3S00765a,-3.32157,36.97663,2014
GF4T744otu,130.79,42.57,2010
GF3S05184a,52.115,36.3989,2018
S009241,16.6450629,49.25590245,2013
GF4S21558b,24.7292,59.3969,2014
FMS16BI0414v2,115.15015,-30.10658333,2013
GF4T1280otu,-72.78,-50.45,2013
N1760,10.49976739,55.10115456,2014
GF4S17456b,102.0441167,29.594725,2014
GF4T930otu,13.82,53.18,2019
GF4S11370b,-116.3939,62.5565,2015
GF4S02866b,100.167,27.167,2015
GF4T1517otu,-106.28,39.01,2015
GF4S02576b,10.36545599,51.33696693,2011
FMS16BI0643v2,138.314611,-34.24055,2012
FMS16BI1497v2,150.5658457,-33.52670176,2015
FMS16BI1821v2,150.7254,-33.60897,2015
GF4S02064b,18.853583,68.3265,2008
GF4S03944b,100.167,27.167,2015
FMS25166v2,15.84,62.72,2014
FMS25192v2,13.96,62.66,2014
GF4S20240b,27.959511,59.414634,2015
FMSA8F1076v2,-79.85,9.15,2012
S00D582,27.4188,59.1023,2013
GF3S02343a,122.4323,50.9894,2017
GF4S17392b,11.06,47.44,2016
FMS16BI1145v2,149.597527,-30.20071001,2014
GF4S20849b,24.637256,59.435561,2016
FMS16BI1089v2,138.7976,-30.77565,2013
GF3S04548a,25.6524998,60.9662078,2019
GF4T567otu,42.89,43.05,2015
N3680,-123.2666667,54.3333333,2014
GF4S21051b,26.32409991,57.59420473,2016
GF4S21407b,27.5074,59.0553,2013
N1801,12.45526796,54.9606333,2014
FMS16BI1493v2,146.8372982,-43.10942304,2015
GF4S17497b,101.963375,29.55308333,2014
GF4S17586b,94.42694444,29.6497222,2018
GF4T861otu,-73,-37.79,2019
GF3S05720a,16.729776,49.281834,2014
FMS21764v2,10.238938,51.26789,2012
S000533,47.00282,-24.95273,2010
GF3S00720a,-2.96981,37.03664,2013
GF4S02910b,101.574,21.612,2015
S009213,16.76281142,49.30744752,2013
GF4S13189b,4.4209,50.7507,2019
FMS22925v2,-120.78,39.26,2011
GF4S18775b,21.318,69.51803,2013
FMS16BI0396v2,115.02035,-30.04105,2013
FMS22938v2,-120.78,39.26,2011
GF4S03669b,101.574,21.612,2015
GF4T1495otu,26.21,-33.49,2016
GF4T1545otu,41.71,43.45,2016
FMSA8F1091v2,-122.26,44.2,2012
GF4T164otu,101.72,3.71,2011
FMS21802v2,10.238938,51.26789,2012
GF4T889otu,26.79,-23.2,2019
GF3S02084a,111.9333333,33.5,2014
GF4T1241otu,77.92,30.35,2012
GF3S02419a,121.4957,50.9426,2017
FMS20284v2,24.17,61.51,2011
GF4S03795b,101.016,24.533,2015
N3637,-123.2666667,54.3333333,2014
FMS22780v2,-89.39,49.07,2011
FMS16BI0559v2,142.08896,-37.84156,2012
FMS24965v2,14.14,60.69,2014
GF4S17703b,138.81961,35.91551,2014
GF4S21007b,23.9714,58.7297,2016
GF4S21376b,27.206994,58.118581,2017
FMS16BI0122v2,135.77629,-13.40822,2013
GF4T646otu,17.64,67.69,2014
FMSA8F1062v2,-79.85,9.15,2012
N1521,8.128703025,56.31348114,2014
GF4S02851b,101.574,21.612,2015
FMS26490v2,21.97089,58.45124,2012
GF4S19883b,26.447138,58.089796,2017
FMS24718v2,-72.2078598,42.508422,2013
GF4S02872b,101.574,21.612,2015
FMS24989v2,14.29,61.19,2014
GF4S02532b,10.35121455,51.10106636,2011
N3687,-123.2666667,54.3333333,2015
FMS16BI0228v2,115.2499,-30.15863333,2013
GF3S05794a,14.70564365,48.66385984,2015
FMS11962v2,127.980833,37.693056,2011
FMS00499v3,19.4775,43.54139,2014
GF4T103otu,-6.93,31.66,2015
FMS15019v2,-69.77,-54.77,2009
FMS19525v2,83.98102778,42.96286111,2015
GF4T1515otu,-105.8,35.77,2015
FMS17282v2,-3.638859,34.473045,2010
GF4S19605b,26.94472,58.24765,2013
GF4T1371otu,153.09,-28.37,2014
FMS25373v2,22.46,66.53,2014
FMS16BI1885v2,150.72975,-33.61285,2015
FMS16BI0177v2,149.112782,-21.15956,2012
S000532,47.002,-24.952,2010
GF4S15905b,-149.53333,68.61667,2012
FMS12367v2,9.414681796,48.41961847,2011
FMS25199v2,15.26,63.18,2014
GF4S17649b,138.80327,35.94548,2014
GF4S20324b,26.225236,58.487657,2015
FMS23477v2,-121.92,52.32,2009
GF4T347otu,91.7,26.09,2018
GF4S17599b,94.42694444,29.6497222,2018
FMS05370v3,113.39421,34.88881,2015
FMS00347v3,14.373611,48.41361,2014
FMS15536v2,146.976136,-43.087678,2012
GF4S21494b,17.0238792,49.7122972,2018
FMS17589v2,96.55,32.58333333,2011
GF4T149otu,145.32,-6.2,2011
N0713,117.91,29.126,2011
GF4S20795b,25.333705,58.384412,2015
N3606,-123.2666667,54.3333333,2014
FMS22809v2,-121.04,39.55,2011
GF4S22105b,-60.32075,-2.566,2016
GF4S20197b,26.75998,58.176713,2015
GF4S21603b,26.7492,58.3619,2014
FMS21693v2,10.31103,51.27151,2012
N0686,117.91,29.126,2011
S005887,5.263889,51.236111,2011
GF4S20354b,27.42154,57.709265,2015
N3627,-123.2666667,54.3333333,2014
FMS22839v2,-82.25,46.75,2011
GF4S02600b,10.45982592,51.10275398,2011
FMS16BI1537v2,116.14239,-32.51761,2016
FMS24204v2,5.63,52.25,2012
FMS00316v3,13.986667,45.7575,2014
FMS24974v2,13.85,60.68,2014
S00D547,21.7,61.7,2011
GF4S03464b,100.167,27.167,2015
GF4S01176b,117.6763889,36.98427778,2015
GF4S17647b,138.80277,35.9436,2014
FMS24955v2,14.42,61.48,2014
GF4S20850b,27.198666,57.838467,2016
FMS06280v3,-84,30.75,2014
FMS20371v2,24.17,61.51,2011
GF4T680otu,-93.46,16.88,2015
FMS00370v3,23.200556,41.66611,2014
S000621,-59.915861,5.279528,2011
S000692,-71.6797,-40.1269,2011
N1584,9.05938754,55.29300077,2014
FMS22942v2,-120.35,50.88,2010
GF4S03789b,101.574,21.612,2015
GF4T1253otu,114.01,-0.06,2013
S009061,17.715826,66.140629,2009
FMS22898v2,-83.37,46.42,2011
GF4S16435b,-85.37,42.38,2015
GF4T1416otu,4.34,52.14,2010
FMS00668v3,14.438889,48.465,2014
GF4S11381b,-116.4801,62.4914,2015
GF4S00196b,102.8290556,33.9374167,2019
S00D498,27.32785,58.27117,2011
FMS20334v2,24.17,61.51,2011
S009230,16.76111792,49.3077972,2013
GF4S03486b,100.167,27.167,2015
GF4S21668b,27.3847,58.1843,2015
N1610,10.47165215,56.28731419,2014
N1662,9.869621187,55.68895496,2014
GF3S10202b,29.58,62.67,2017
GF4T267otu,-108.21,32.95,2015
GF4T1366otu,166.46,-22.01,2014
FMS06201v3,101.25944,21.9543,2013
GF4S03534b,100.167,27.167,2015
S005943,13.617083,49.043133,2013
GF4S21563b,27.0525,58.0405,2014
GF3S06776a,128.463275,38.032124,2018
N3602,-123.2666667,54.3333333,2014
S000838,145.15478,-5.81546,2011
GF4S17365b,11.06,47.44,2016
GF3S02404a,122.4315,50.9892,2017
FMS23157v2,-120.42,50.85,2010
GF4S21542b,26.5561,58.3701,2013
GF4S02960b,100.167,27.167,2015
GF4S03433b,100.167,27.167,2015
FMS02366v3,26.63333306,67.35,2013
GF4S03285b,101.574,21.612,2015
FMS16BI0503v2,129.9873167,-20.28805,2011
GF4S03568b,100.167,27.167,2015
GF4T1023otu,100.09,19.88,2020
GF4T1041otu,144.12,-37.36,2019
GF4S14585b,13.40935385,48.98618987,2016
GF4S02987b,101.574,21.612,2015
FMS24922v2,14.13,60.96,2014
FMS25432v2,22.57,66.54,2014
GF4T362otu,90.65,27.49,2018
GF4S20272b,22.917079,58.551071,2015
GF4S21024b,24.61423081,58.23876721,2016
S009097,17.749183,66.14522,2009
GF4S19773b,22.68044,57.07765,2019
GF4S03266b,100.167,27.167,2015
GF4S03497b,100.167,27.167,2015
GF4T853otu,176.21,-37.89,2019
S000724,26.82084,58.46239,2011
GF4T806otu,80.42,6.42,2012
FMS21735v2,10.31103,51.27151,2012
GF4T1411otu,-65.63,-27.22,2013
FMS24732v2,-72.2078598,42.508422,2013
N1948,0.81922022,52.440139,
GF4S16734b,21.3176,69.51824,2013
GF4T1593otu,-80.44,42.83,2017
GF4S19237b,14.96,60.3024673,2016
FMS26406v2,22.26849,58.29754,2012
FMS19762v2,-65.283,-26.8091,
FMS11925v2,-149.34,68.38,2012
GF4T1589otu,38.66,-4.95,2016
GF4S01994b,18.848083,68.330444,2008
N1581,8.950998317,55.20709468,2014
GF4S20783b,25.258805,58.658852,2015
FMS16BI1737v2,147.43977,-42.8072,2014
FMS25205v2,15.26,63.18,2014
FMS20318v2,24.17,61.51,2011
GF4S19679b,26.66877,58.19571,2016
N1614,10.52945138,56.10006712,2014
GF4S21778b,23.02356,58.62933,2016
GF3S00769a,-3.3272,36.97169,2013
FMS25321v2,22.41,66.54,2014
GF3S01398a,27.046111,58.289167,2014
FMS16BI0304v2,152.10008,-28.2138,2013
GF4T437otu,-37.29,-10.8,2018
GF3S06748a,128.463275,38.032124,2018
FMS11778v2,-61.753842,47.445659,2010
GF4S20147b,22.1404,58.3256,2014
GF4S21438b,26.495,57.6524,2013
GF3S02178a,108.45,33.43333333,2014
GF4S03694b,101.016,24.533,2015
S000550,116.84383,-34.9521,2011
GF4S11354b,-116.4933,62.4843,2015
N0503,117.909,29.124,2011
FMS17568v2,100.3833333,34.46666667,2011
GF4T1673otu,177.4,64.73,2018
GF4S20728b,26.548988,58.286338,2015
FMS16BI1252v2,138.666971,-34.691187,2016
FMS16BI1752v2,146.84851,-42.54686,2014
N3648,-123.2666667,54.3333333,2014
FMS26223v2,22.18554,58.1071,2012
GF4S16424b,-85.37,42.38,2015
GF4T1135otu,39.54,51.91,2012
GF4S04000b,101.016,24.533,2015
FMS16BI1635v2,116.14239,-32.51761,2016
FMS16BI1912v2,150.7304,-33.60465,2015
S000799,141.170787,39.884442,2011
N2019,-111.696845,37.086092,
GF4S19741b,26.63609,58.28387,2017
GF4S11485b,-113.1414,62.5382,2015
FMS26730v2,23.30707,58.54605,2012
GF3S05759a,14.70447406,48.66430814,2015
S008758,17.809004,65.972129,2009
FMS26712v2,22.82668,58.48978,2012
GF4S11479b,-113.1353,62.5409,2015
GF4S20695b,26.283218,58.536761,2015
GF4S20485b,27.288016,58.355933,2015
GF4T1131otu,23.7,54.87,2020
GF4S16717b,15.8,60.9666667,2011
GF4S03805b,101.016,24.533,2015
FMS25366v2,22.67,66.52,2014
FMS9905v2,8.46,46.64,2014
GF4S01602b,4.977837,50.858796,2018
GF4T508otu,25.13,70.29,2019
N1549,8.174340431,55.82006259,2014
FMS23054v2,-95.15,31.11,2012
GF4S19943b,27.29928,58.28122,2011
GF4T926otu,51.5,25.37,2018
FMS16BI1870v2,146.8072247,-43.16770086,2015
FMS19765v2,-65.6318,-27.2198,
GF4S11432b,-117.1704,61.7777,2015
FMS25356v2,22.48,66.58,2014
FMS15725v2,82.07583333,32.38055556,2011
FMS00366v3,13.951111,45.98528,2014
GF4S15370b,112.1666667,23.1666667,2016
GF4S13151b,4.4226,50.7511,2019
GF4S12277b,-0.795360352,39.54707465,2014
N3658,-123.2666667,54.3333333,2014
GF4S19866b,26.95376,58.13838,2017
GF4T516otu,20.82,69.5,2019
GF4S20766b,25.852309,59.126063,2015
GF4T1591otu,-79.07,43.07,2017
FMS22817v2,-121.04,39.55,2011
FMS25114v2,15.27,63.23,2014
FMS16BI0335v2,132.63072,-12.90283,2013
GF3S00719a,-2.97138,37.01957,2013
GF4S21569b,26.5683,58.4299,2013
FMS11485v2,9.932285399,46.49587773,2014
FMS11017v2,27.0333,58.116,2012
FMS20383v2,24.17,61.51,2011
GF4T777otu,12.73,3.35,2012
GF4S20337b,25.772464,58.031991,2015
S009304,16.660247,49.293659,2013
GF4S19906b,27.32349,58.27515,2011
GF4S21470b,27.299,57.9384,2013
N1571,8.216409166,55.6726212,2014
GF4S19973b,27.30141,58.26102,2011
FMSA8F1044v2,-122.26,44.2,2012
GF4S21130b,24.29544725,59.39427325,2016
GF4S11365b,-116.4846,62.5076,2015
GF4S13058b,9.425251134,48.43954414,2015
FMS23249v2,-122.61,54.35,2008
GF4S21253b,26.5376,59.4882,2020
GF4S17484b,101.9687472,29.55939444,2014
FMS17641v2,98.38333333,37.01666667,2011
GF4S10731b,5.777071,52.014828,2016
GF4T35otu,-72.41,-0.6,2019
GF4S03709b,101.016,24.533,2015
GF4S19762b,23.15643,56.61266,2019
GF4S21817b,24.66239,59.4217,2017
GF4S19645b,27.0302,57.91848,2017
GF3S05773a,14.70482686,48.66695901,2015
FMS17218v2,142.556909,-34.204296,2010
N3706,-123.2666667,54.3333333,2014
S000182,5.372778,51.125833,2009
S006130,29.58333,67.76667,2011
GF4S13124b,4.4592,50.8133,2019
FMS16BI1078v2,120.6517306,-30.19158083,2013
FMS17743v2,91.05,30.45,2011
GF4S19289b,15.7,61.91783736,2016
GF4S20129b,22.2878,57.6288,2014
GF4S14456b,16.62371465,49.26374892,2017
GF4S14468b,16.65108039,49.26543913,2017
FMS15526v2,147.841628,-42.711811,2012
GF3S01360a,26.57118,59.51025,2015
FMS25363v2,22.67,66.52,2014
GF4T614otu,26.48,57.69,2013
GF3S02082a,125.0516167,42.58333333,2014
GF4S03635b,101.016,24.533,2015
GF4S03895b,100.167,27.167,2015
GF4S11465b,-114.1592,60.3297,2015
GF4S16758b,21.318,69.51803,2013
GF4S20078b,26.6008,58.41088,2014
GF3S02385a,121.7926,51.0125,2017
S001610,17.35306,59.88806,2008
GF4T1498otu,31.45,-28.89,2016
FMS26208v2,22.2686,58.29752,2012
FMS20359v2,24.17,61.51,2011
FMS10566v2,-65.792442,18.293129,
GF4S21179b,25.51400833,58.33114836,2016
GF4S19865b,26.37913,57.98786,2017
GF4S10864b,-1.33,51.78,2014
GF3S02115a,112.5333333,23.16666667,2014
GF4S20543b,22.439332,58.991429,2015
GF4S02917b,101.016,24.533,2015
GF4S21064b,26.13706696,59.30540974,2016
GF4S15842b,-72.1875,42.4836111,2016
GF3S02076a,115.4166667,39.95,2014
FMS11006v2,27.0333,58.116,2012
FMS23106v2,-120.28,50.93,2010
GF3S01306a,25.4637,58.47737,2015
GF4T1084otu,5.21,60.64,2020
GF4S02967b,101.574,21.612,2015
N1656,9.545471604,55.66713549,2014
FMS16BI0130v2,138.1363,-32.74842,2013
GF4S21908b,15.4468,49.1857,2017
FMS05398v3,115.50631,33.22105,2015
S00D513,27.31156,58.26329,2011
FMS23587v2,-126.31,52.32,2008
FMS16BI1202v2,149.01165,-35.8748166,2014
GF3S05169a,1.041111,41.354167,2014
GF4S02982b,101.574,21.612,2015
GF4S21741b,22.21022,58.3782,2015
GF4S20969b,26.81037,58.37232,2016
N1952,-70.524528,-41.0335,
GF4T1381otu,143.72,-18.28,2014
GF3S00728a,-2.97201,37.05353,2013
FMS19520v2,93.55344444,43.44738889,2015
GF4S03048b,101.016,24.533,2015
S001676,23.551006,58.555214,2011
GF4S20022b,24.6661,59.42275,2012
FMS26409v2,22.26849,58.29754,2012
S000717,146.784,-43.117,2012
GF4T401otu,-94.54,30.28,2018
GF4S21434b,26.4149,57.6415,2013
FMS25000v2,14.08,60.94,2014
GF3S02187a,124.9118667,41.85,2014
GF4S11502b,-114.1022,60.3057,2015
FMS25284v2,22.45,66.55,2014
S001162,4.34196,52.137439,2010
GF4S20394b,25.088886,59.497519,2015
GF4S21993b,48.464653,-18.978997,2016
GF4S21001b,27.5777,59.2551,2016
FMS17613v2,97.01666667,33.75,2011
GF4T61otu,-70.08,-4.43,2015
FMS08091v3a,138.7976944,35.9149167,2017
GF4S21657b,22.51345,58.71817,2015
GF3S02311a,121.7933,51.0131,2017
GF4T483otu,-16.71,28.04,2019
GF4S20423b,24.449597,58.921267,2015
S000972,8.46667,46.63333,
GF4S15377b,112.1666667,23.1666667,2017
GF4S04064b,101.574,21.612,2015
GF4T637otu,18.1,67.58,2014
GF4S11348b,-114.1562,60.3362,2015
GF4S20374b,24.764982,58.450045,2015
S000672,31.0883,-17.8425,2013
GF4S17696b,138.80147,35.91567,2014
GF3S08592b,1.076403581,42.59204458,2013
FMS16BI1025v2,152.87905,-27.387121,2013
FMS23361v2,-120.35,50.88,2010
GF3S03523a,109.3,36.32,2015
S00D500,27.32476,58.28328,2011
FMS23429v2,-120.35,50.88,2010
GF4S14407b,16.661869,49.284314,2017
GF3S04562a,25.80325,61.016421,2019
GF4S15895b,-48.35194444,-21.30638889,2018
N0622,117.911,29.127,2011
GF4S18752b,15.8,60.9666667,2011
FMS08087v3a,138.7976944,35.9149167,2017
FMS16BI1164v2,142.219292,-32.526047,2014
GF3S06772a,128.463275,38.032124,2018
GF4S19801b,26.5294,58.325428,2017
GF3S09297b,12.6401353,50.2319303,2010
GF4T1442otu,26.48,58.03,2015
S00D627,27.2862,57.9602,2013
FMS05315v3,114.85628,37.80311,2015
GF4S20465b,26.646142,57.58569,2015
GF3S04460a,30.17329913,62.61313694,2019
GF4S21685b,26.588,58.4176,2015
S00D514,27.30645,58.26353,2011
GF3S07616a,25.6441,60.9844,2009
FMS12368v2,9.445936708,48.39405132,2011
FMS16BI0608v2,118.8686719,-34.07723778,2013
GF3S02171a,127.6617333,45.4,2014
FMS16BI0020v2,119.4345278,-33.80952778,2013
FMS11767v2,-61.741688,47.478432,2011
FMS00496v3,13.983611,45.56861,2014
S000789,131.56369,43.09559,2010
FMS00317v3,14.909722,46.07778,2014
FMS22804v2,-122.61,54.35,2008
S000999,18.816002,68.354395,
GF4S20736b,25.269286,59.445208,2015
FMS23313v2,-122.61,54.35,2008
FMS16BI0082v2,150.268179,-33.652818,2014
GF4S21189b,24.62292,59.00101,2017
GF4S20101b,26.5465,58.3245,2014
GF4S20801b,26.587499,59.171486,2015
N5657,-77.091944,43.125,
GF4T243otu,-74.66,41.32,2015
GF4S03705b,101.016,24.533,2015
GF4S17377b,11.06,47.44,2016
GF4S19986b,22.65545,58.38859,2012
GF3S05221a,-61.74162,47.457868,2011
FMS24956v2,14.42,61.48,2014
S000850,145.3425,-6.193333333,2011
GF4T1490otu,20.51,-34.47,2016
GF4S19983b,26.55972,58.33669,2019
FMS08034v3a,138.8177222,35.9173889,2017
FMS16BI1153v2,149.0083,-35.8811,2014
GF3S05712a,16.679601,49.241677,2014
GF4S20740b,25.428926,59.163261,2015
FMS16BI1713v2,147.31891,-41.77754,2014
GF4S14378b,16.67256665,49.30332358,2017
GF3S09291b,12.7354503,50.2551353,2006
FMS11771v2,-61.762905,47.46424,2011
GF4S21235b,26.7904,58.4284,2020
GF4S21479b,27.3541,57.933,2013
GF4S16487b,112.1666667,23.1666667,2015
GF4S02648b,13.84067124,53.11570004,2011
FMS00520v3,8.707533,50.11077,2014
GF4T954otu,10.02,51.43,2019
FMS16BI1461v2,150.251209,-33.31107767,2015
FMS24184v2,5.63,52.25,2012
GF4S02084b,18.853583,68.3265,2008
GF4T640otu,17.38,67.75,2014
GF4S02801b,101.574,21.612,2015
GF4S19805b,26.453226,58.089445,2017
GF3S09277b,112.83,22.57,2018
GF4S10727b,5.777071,52.014828,2016
N2010,9.647121,34.494253,
GF3S00723a,-2.96982,37.03657,2013
FMS17350v2,-109.910049,37.581928,2009
GF3S03562a,-83.2438,35.081,2017
GF4S21143b,26.52069083,57.91781836,2016
FMS25022v2,14.07,60.94,2014
GF4S14180b,8.716666667,47.05,2014
GF4S21154b,25.28873571,58.41170591,2016
S000634,-82.26828,8.74,2012
FMS20294v2,24.17,61.51,2011
GF4T414otu,-61.34,15.38,2018
GF4S03847b,100.167,27.167,2015
GF4S19803b,26.676658,58.234443,2016
GF4T1423otu,24.6,58.68,2015
GF4T603otu,26.6,57.68,2013
GF4S21214b,23.7414,58.43022,2019
FMS12394v2,10.22690385,51.28281358,2011
FMS21765v2,10.238938,51.26789,2012
GF4T1291otu,99.18,20.02,2014
GF4S21578b,26.7493,58.4461,2014
FMS00565v3,8.615,50.28861,2014
FMS17657v2,98.38333333,37.26666667,2011
FMS23016v2,-95.15,31.11,2012
GF3S10299b,-0.97611,37.82364,2017
S009275,16.61377858,49.31710896,2013
FMS11026v2,27.0333,58.116,2012
GF4T1231otu,116.02,5.37,2012
GF4S19569b,26.40368,57.82707,2013
GF4S21617b,26.0504,58.4877,2015
GF4T708otu,-101.33,19.62,2015
GF4S02791b,100.167,27.167,2015
FMS23617v2,-126.31,52.32,2008
S000763,26.3716,58.27961,2011
S00D555,21.7,61.8,2011
FMS21775v2,10.238754,51.267973,2012
FMS21832v2,10.238748,51.267749,2012
GF4S02063b,18.853583,68.3265,2008
GF4S12635b,126.7282834,33.4780278,2015
FMS16BI1166v2,141.898047,-29.055658,2014
GF4T1460otu,77.11,34.8,2015
GF3S05763a,14.70367145,48.66762904,2015
GF4T1004otu,-75.13,8.28,2019
FMS11066v2,26.433,58.1833,2012
GF4S17736b,138.80197,35.94394,2014
S000583,-69.91,-4.133,2011
FMS26139v2,21.89553,58.32671,2012
FMS22901v2,-83.37,46.42,2011
GF4T1220otu,27.67,-11.48,2012
GF4T1209otu,147.27,-42.62,2011
GF4S21872b,14.1815497,49.7775758,2017
GF4S12351b,-0.312571884,38.91614183,2014
GF4S21060b,26.45794038,59.30702267,2016
S009056,17.716848,66.141895,2009
FMS25010v2,14.07,60.94,2014
S008873,17.777006,66.034394,2009
GF4S21689b,26.588,58.4176,2015
GF4T1718otu,53.67,16.83,2019
GF4S20560b,25.063633,58.722575,2015
FMS05373v3,115.62792,33.22595,2015
GF4S03295b,101.574,21.612,2015
N1960,-71.244902,-29.311377,
FMS05352v3,117.07334,35.00309,2015
GF4S21672b,26.5791,58.2017,2015
N2015,10.498595,32.98347,
FMS25005v2,14.08,60.94,2014
GF4S02489b,9.256823494,48.38114045,2011
N0526,117.91,29.124,2011
GF4S20486b,27.288016,58.355933,2015
FMS16BI1724v2,146.69943,-42.42688,2014
GF4S20323b,26.225236,58.487657,2015
FMS16BI0365v2,140.7095,-34.01891,2013
N3723,-123.2666667,54.3333333,2014
GF4S20750b,25.111835,59.326018,2015
GF4S11341b,-112.182,59.7256,2015
GF3S01486a,8.37415402,46.56916667,2017
GF3S02365a,121.2913,51.1531,2017
GF4S19308b,16.22,63.47296588,2016
GF4S14380b,16.6192279,49.29036934,2016
GF4S21699b,24.09308,58.3972,2015
S005226,10.40930317,51.10627577,2011
FMS10572v2,-66.966284,18.411682,
S000958,8.46667,46.63333,
GF4T1187otu,-120.58,37.85,2012
GF3S03534a,114.18,33.64,2015
FMS10976v2,27.31,58.25,2012
GF3S09316b,12.7354503,50.2551353,2015
FMS24739v2,-72.2078598,42.508422,2013
GF4T476otu,-53.84,-25.16,2018
FMS25131v2,15.7,63.31,2014
FMS23079v2,-120.28,50.93,2010
FMS12317v2,17.2906,60.0518,2012
FMS00440v3,8.821667,50.15861,2014
GF4S19860b,26.41113,58.19204,2017
FMS22825v2,-121.04,39.55,2011
FMS11061v2,26.433,58.1833,2012
FMS25295v2,22.41,66.58,2014
S005904,5.263889,51.236111,2011
GF4T1436otu,27.87,43.05,2015
FMS21836v2,10.238748,51.267749,2012
FMS16BI0467v2,148.7967667,-35.42325,2013
GF4S20970b,26.81037,58.37232,2016
GF4S15375b,112.1666667,23.1666667,2017
S008869,17.714042,66.04005,2009
GF4S20802b,26.527998,59.246957,2015
GF4T1154otu,17.22,68.54,2020
GF4S03035b,100.167,27.167,2015
GF3S03538a,118.9,28.95,2015
S005886,5.263889,51.236111,2011
FMS17787v2,-72.95,-40.79,2013
FMS23047v2,-95.15,31.11,2012
GF4S03585b,101.574,21.612,2015
GF4S21171b,26.17691252,58.11437969,2016
GF3S01364a,23.91937589,59.34426707,2016
GF4S11333b,-112.1969,59.6638,2015
GF3S08578b,0.836144061,42.66639917,2013
GF4S19568b,27.16693,59.08153,2013
GF4S03860b,100.167,27.167,2015
GF4S03556b,101.016,24.533,2015
GF4S20506b,24.931172,58.90765,2015
FMS23081v2,-120.28,50.93,2010
FMS22769v2,-89.39,49.07,2011
GF4S02627b,14.00909117,53.12451684,2011
FMS11971v2,129.23,35.812778,2011
FMS16BI0498v2,131.1041333,-21.70758333,2011
FMS11802v2,-61.754571,47.443389,2010
FMS02399v3,29.58333333,67.7666667,2013
GF4S19785b,25.39321,56.84068,2019
FMS16BI0421v2,148.8211333,-35.39646666,2013
FMS24642v2,-74.009257,41.419898,2013
GF4S03653b,100.167,27.167,2015
N1651,9.689242409,55.61045139,2014
GF4S09294b,-99.15,39.0833333,2018
GF4S02502b,9.223093501,48.38570747,2011
GF4S02649b,13.85234239,53.12219325,2011
GF4S17717b,138.82538,35.95045,2014
GF4S16773b,21.31514,69.51599,2013
GF4S12637b,126.7282834,33.4780278,2015
FMS22884v2,-82.85,47.57,2011
GF4S03390b,100.167,27.167,2015
FMS24926v2,14.13,60.96,2014
GF4T599otu,27.5,59.06,2013
S00D497,27.32785,58.27258,2011
GF4S20288b,25.445137,58.94185,2015
GF3S01752a,26.55,60.48,2014
GF4S02525b,10.47045607,51.07050455,2011
FMS16BI1720v2,147.40152,-42.28444,2014
GF4S19681b,26.69286,58.78949,2017
GF4T1332otu,-76.63,3.29,2014
FMS24942v2,14.05,60.94,2014
GF4S03833b,101.016,24.533,2015
GF4S21233b,26.68209,58.36639,2020
S006146,29.58333,67.76667,2011
FMS16BI1122v2,152.878872,-27.386111,2013
FMS16BI1687v2,146.77098,-42.5705,2014
GF3S10253b,26.04,47.31,2017
FMS24083v2,124.9,41.85,2013
GF3S09269b,112.83,22.57,2018
FMS25115v2,15.27,63.23,2014
S000579,-69.8972,-4.0125,2011
GF3S01328a,24.844,57.179,2014
FMS23012v2,-95.15,31.11,2012
GF4S12221b,-0.513334165,39.93488897,2014
GF4S17658b,138.81996,35.95716,2014
FMS11054v2,26.433,58.1833,2012
N0521,117.908,29.127,2011
GF4S21063b,26.13706696,59.30540974,2016
GF3S01520a,8.376795994,46.56949201,2017
GF4S20252b,23.23048,58.568954,2015
GF4S01987b,18.848083,68.330444,2008
GF4S03041b,100.167,27.167,2015
FMS23543v2,-126.31,52.32,2008
N1585,9.05938754,55.29300077,2014
GF4T1050otu,100.1,20.08,2020
N0550,117.908,29.124,2011
GF4S21044b,25.26657354,58.1307016,2016
FMS24683v2,-73.3378848,42.4750834,2013
GF4S21519b,14.8362128,50.2046864,2017
GF4S10840b,5.85,45.11,2014
N1795,12.27018455,55.03992619,2014
S009071,17.807557,65.977202,2009
GF4T435otu,-38.05,-9.88,2018
GF4S11395b,-116.8218,61.7581,2015
FMS16BI1284v2,138.7817266,-34.61755,2016
GF4T429otu,-39.05,-4.89,2018
GF4S10937b,83.07,55.01,2017
GF3S06729a,128.463275,38.032124,2018
GF3S05725a,14.70494027,48.66344805,2015
GF4S20081b,26.4553,58.0443,2014
GF4S21827b,23.59926,59.21602,2018
GF4T914otu,9.67,40.54,2019
FMS04027v3,9.873055,46.304582,2014
GF4S11327b,-114.2401,60.3917,2015
GF3S02409a,121.292,51.1402,2017
FMS17358v2,-110.516686,38.003108,2009
GF4T949otu,19.77,64.24,2019
FMS16BI1747v2,147.40152,-42.28444,2014
GF4S02077b,18.853583,68.3265,2008
N3653,-123.2666667,54.3333333,2014
FMS16BI1254v2,138.666971,-34.691187,2016
GF4S21042b,25.26282985,58.14441808,2016
FMS05382v3,117.07334,35.00309,2015
GF4S20620b,26.45242,57.542908,2015
FMS16BI0595v2,150.6135971,-35.15730226,2012
FMS23321v2,-122.61,54.35,2008
FMS00583v3,6.099444,52.11194,2014
GF4S03294b,101.574,21.612,2015
S006188,147.37553,-9.43501,2011
GF4S02666b,13.93033786,53.19179716,2011
FMS24658v2,-73.9559721,41.3914827,2013
FMS17265v2,-99.894557,22.64831,2008
GF4S20636b,26.614423,57.510618,2015
GF4S21995b,48.4661398,-18.978997,2016
FMS00630v3,23.240833,40.84,2014
FMS12382v2,9.404138052,48.36441214,2011
GF4T260otu,-111.53,35.38,2015
S008852,17.871057,65.945096,2009
GF3S01307a,26.64614,57.58569,2015
S00D603,26.4149,57.6415,2013
GF4S02619b,13.9929664,53.10559179,2011
GF4S20502b,25.635892,59.026903,2015
GF4S10560b,117.5203222,31.95508738,2015
FMS22822v2,-121.04,39.55,2011
FMS02389v3,29.58333333,67.7666667,2013
S006129,29.58333,67.76667,2011
N1892,144.833,-35.4128,
GF4S02935b,101.574,21.612,2015
GF4S19219b,20.87,65.84220953,2016
GF3S02140a,110.45,28.85,2014
FMS11843v2,-65.8,18.3,2012
GF4S20146b,22.1404,58.3256,2014
FMS22876v2,-82.85,47.57,2011
FMS16BI0226v2,115.2499,-30.15863333,2013
GF4S20064b,24.285,58.335,2014
GF4S21482b,27.352,57.9389,2013
FMS00364v3,19.549444,43.39583,2014
FMS08167v3a,102.7847341,37.8697164,2015
GF4S02472b,9.337759582,48.37556204,2011
FMS19512v2,108.5258833,39.589,2015
FMS00642v3,5.83,52.198,2014
GF3S02372a,121.4953,50.9427,2017
GF4T114otu,116.84,-34.95,2011
S008805,17.714042,66.04005,2009
FMS17300v2,-1.673747,37.821156,2006
GF4S19666b,27.03679,57.91856,2017
GF4T1492otu,22.97,-33.89,2016
GF4S21752b,26.51305,57.53299,2015
GF3S04432a,24.516578,60.294299,2019
GF4S20003b,23.55,58.56,2019
FMS17680v2,93.03333333,35.11666667,2011
GF4S04040b,100.167,27.167,2015
GF3S06710a,128.463275,38.032124,2018
GF4S20853b,26.009365,58.079059,2016
S00D522,27.31072,58.289,2011
FMS22906v2,-83.37,46.42,2011
GF4S20370b,25.231659,58.279915,2015
GF4S02671b,13.86392796,53.0163657,2011
GF3S01468a,8.372351993,46.56759703,2017
FMS11965v2,127.980833,37.693056,2011
FMS15028v2,-69.38,-54.68,2009
GF4S02621b,13.81903689,52.97297375,2011
GF4S11519b,-116.5485,62.4905,2015
N1536,8.372399908,56.17065016,2014
GF4S02803b,101.016,24.533,2015
GF4S21286b,27.08756,58.09161,2020
GF4S21921b,13.1390308,50.37642,2018
GF3S06763a,128.463275,38.032124,2018
FMS24963v2,14.14,60.69,2014
FMS21813v2,10.238754,51.267973,2012
FMS11476v2,9.931472421,46.49633659,2014
FMS17739v2,91.68333333,31.06666667,2011
GF4S02555b,10.3719165,51.28420033,2011
FMS16BI0622v2,131.0423,-25.351,2012
N1876,-111.00378,45.573646,
FMS20349v2,24.17,61.51,2011
FMS00638v3,6.005278,51.93083,2014
GF4T147otu,145.28,-6.36,2011
GF4S11363b,-116.7103,61.8403,2015
GF4S03276b,100.167,27.167,2015
GF4S17679b,138.80327,35.94548,2014
FMS02381v3,29.58333333,67.7666667,2013
GF4T1563otu,-53.46,69.27,2017
GF4S21580b,26.76782,58.33215,2014
S009264,16.65274324,49.32493388,2013
S005896,5.263889,51.236111,2011
N4200,130.46,31.31,2015
GF3S02132a,121.25,51.5,2014
N3696,-123.2666667,54.3333333,2014
FMS16BI0099v2,135.71916,-14.195246,2013
FMS25396v2,22.58,66.51,2014
GF3S09215b,11.41656111,51.6224444,2016
S008750,17.715826,66.140629,2009
FMS16BI1026v2,152.878872,-27.386111,2013
FMS16BI0158v2,118.8528247,-34.08631806,2013
GF4T1708otu,-90.89,16.15,2018
GF4S10740b,5.777071,52.014828,2016
FMSA8F1003v2,-83.5,35,2012
GF4T1351otu,101.57,21.57,2014
GF3S08510b,20.193339,47.921958,2017
GF4S02481b,9.487975291,48.38583174,2011
FMS26367v2,22.19635,58.10709,2012
GF3S01393a,26.780575,58.490829,2014
GF4S21032b,26.24649,58.15135,2016
GF3S03517a,106.19,38.27,2015
GF4T497otu,-91.06,19.08,2019
FMS25371v2,22.67,66.52,2014
FMS23187v2,-120.42,50.85,2010
N0656,117.909,29.125,2011
FMS24628v2,-74.009257,41.419898,2013
FMS16BI1727v2,143.09857,-13.82992,2015
GF4S03015b,101.016,24.533,2015
FMS24657v2,-73.9559721,41.3914827,2013
GF4T1398otu,12.34,56.01,2014
GF4S01560b,4.97498,50.86621,2018
GF4S15836b,-72.1875,42.4836111,2016
FMS25266v2,22.54,66.58,2014
FMS16BI0367v2,140.7095,-34.01891,2013
GF4S19793b,25.07734,57.04657,2019
GF4S02955b,101.016,24.533,2015
GF4T122otu,147.38,-9.42,2011
FMS08017v3a,138.8177222,35.9173889,2016
GF4S20859b,25.642057,59.252687,2016
S000160,5.372778,51.125833,2009
GF4S02624b,13.99915638,53.11553761,2011
FMS25162v2,15.84,62.72,2014
GF4T1618otu,14.14,38,2017
FMS00355v3,14.565278,48.43722,2014
GF4S21204b,23.664,58.64759,2018
GF4T281otu,-120.66,40.67,2016
GF3S06552a,10.585278,46.685,2016
FMS16BI1774v2,143.04753,-13.53235,2015
S001726,23.31667,58.55,2011
GF4T1322otu,169.38,-44.01,2014
FMS23491v2,-121.92,52.32,2009
GF4S21829b,23.70469,59.1701,2018
FMS21686v2,10.311229,51.271436,2012
GF4S19552b,122.0544444,51.8413889,2021
FMS21812v2,10.238754,51.267973,2012
GF4S14432b,16.6232342,49.27314193,2017
GF3S02328a,122.0943,50.9421,2017
GF3S01452a,8.368494976,46.56744196,2017
GF3S00698a,-2.97195,37.05362,2014
FMS08097v3a,138.8315,35.9194722,2016
GF3S00778a,-3.3389,36.96573,2013
GF4S17373b,11.06,47.44,2016
S005238,13.85341878,52.91126795,2011
GF4S03365b,101.016,24.533,2015
GF4S03081b,100.167,27.167,2015
S001738,23.551006,58.555214,2011
GF4T883otu,21.91,-26.66,2019
GF4S02860b,101.016,24.533,2015
GF4S20158b,26.3477,57.45435,2014
GF4S15378b,112.1666667,23.1666667,2015
GF3S03570a,-83.2438,35.081,2017
FMS16BI0097v2,152.878872,-27.386111,2013
GF4T1071otu,106.75,-6.55,2019
GF4S21499b,17.5065164,49.5304092,2018
FMS25084v2,14.56,61.42,2014
GF4S03293b,101.574,21.612,2015
N1455,9.879929238,57.51774803,2014
GF4S02635b,13.70738098,53.12278411,2011
FMS25132v2,15.7,63.31,2014
GF3S00763a,-3.32168,36.97692,2014
GF4T1385otu,146.12,-19.05,2014
GF4S20230b,26.20146,57.682832,2015
FMS16BI0338v2,132.2710697,-13.55388091,2013
N3676,-123.2666667,54.3333333,2014
N3826,84.51666667,44.1833333,2016
FMS22987v2,-95.15,31.11,2012
FMS16BI1545v2,116.0462,-32.59863,2016
GF4S11332b,-112.1969,59.6638,2015
S00D572,21.7,61.8,2011
GF4T1522otu,18.84,42.4,2016
GF4S20134b,22.3927,57.6318,2014
FMS16BI0030v2,119.9150556,-33.84713889,2013
FMS17572v2,98.96666667,34.83333333,2011
GF4T1015otu,10.8,4.9,2020
GF4S20265b,23.28072,58.564119,2015
GF3S00785a,-3.33492,36.95107,2013
GF3S02190a,124.9387,41.85,2014
GF4S21272b,26.58193,58.30835,2020
GF4S13137b,4.4219,50.7509,2019
FMS16BI0364v2,140.7273,-33.97274,2013
FMS19515v2,108.2592,39.35651667,2015
FMS16BI0552v2,142.28891,-36.67173,2012
GF4S02608b,10.45544521,51.09281682,2011
FMS24097v2,124.9,41.85,2013
GF4T636otu,27.29,57.92,2013
GF4S03100b,101.574,21.612,2015
FMS00578v3,19.223333,42.37861,2014
FMS17353v2,-111.696845,37.086092,2009
GF4S21707b,23.970738,58.13262,2015
GF4S11483b,-112.6619,60.1371,2015
S005853,5.263889,51.236111,2011
GF4S02895b,100.167,27.167,2015
FMS16BI0586v2,150.68313,-35.13925298,2012
GF3S01331a,23.69915748,58.66996316,2016
FMS25330v2,22.41,66.54,2014
GF4S16140b,-96.58333333,39.0833333,2018
FMS10573v2,-66.966498,18.420966,
GF4S20070b,27.519,59.4268,2014
GF4S16419b,-85.37,42.38,2015
GF4S10812b,5.89,45.11,2014
FMS16BI1079v2,120.6336736,-30.19443861,2013
FMS22985v2,-95.15,31.11,2012
FMS23597v2,-126.31,52.32,2008
GF3S09231b,11.08298056,51.8620639,2016
GF3S10294b,-1.16275,38.03344,2017
GF3S09310b,12.6401353,50.2319303,2015
GF4S02483b,9.420956717,48.4758912,2011
GF4S21992b,48.464653,-18.978997,2016
GF3S05808a,14.709593,48.66729561,2015
FMS15723v2,84.66611111,32.1675,2011
GF4S04032b,100.167,27.167,2015
GF3S03489a,114.33,30.58,2015
FMS00486v3,21.956111,40.96333,2014
GF4S03230b,101.016,24.533,2015
N1984,-2.192604,34.430867,
GF4S14567b,13.41220714,49.03656253,2015
GF4S11412b,-116.6497,62.4875,2015
GF4S02437b,9.358324659,48.41684041,2011
GF4S21225b,26.52022,58.35775,2019
FMS16BI0426v2,148.7832167,-35.42378333,2013
N1810,12.52658148,54.98604161,2014
GF4S21941b,26.643056,58.378889,2014
GF4S19780b,23.42558,56.99967,2019
FMS22960v2,-95.15,31.11,2012
GF4T1477otu,75.42,41.91,2015
GF4T1202otu,145.6,-17.03,2012
GF4S19761b,22.71935,57.058554,2019
FMS20310v2,24.17,61.51,2011
GF3S03560a,-83.2439,35.081,2017
GF4S03763b,101.016,24.533,2015
GF4S03522b,100.167,27.167,2015
FMS20366v2,24.17,61.51,2011
GF4S03191b,101.016,24.533,2015
GF4S14420b,16.70662324,49.29034152,2017
GF4T887otu,26.04,-24.46,2019
GF4S21014b,23.19300486,58.99140361,2016
S009321,16.67683,49.276257,2013
FMS24306v2,5.63,52.25,2016
GF4S16751b,21.31906,69.51869,2013
FMS23489v2,-121.92,52.32,2009
GF3S01505a,8.374675037,46.56938698,2017
GF4S14513b,13.25043645,49.11873452,2015
S009232,16.72117293,49.2669467,2013
GF4S20447b,24.888703,59.202169,2015
S009254,16.61116838,49.29714876,2013
GF4S16306b,8.716666667,47.05,2014
GF4S03798b,100.167,27.167,2015
GF4S20446b,25.022577,59.048654,2015
GF4T1375otu,153.26,-28.24,2014
GF4S21562b,24.4614,59.4641,2014
FMS24637v2,-74.009257,41.419898,2013
N3612,-123.2666667,54.3333333,2015
FMS24290v2,5.63,52.25,2016
FMS21713v2,10.311413,51.271362,2012
S000826,27.01191,58.13621,2013
GF4S16290b,-93.21,45.43,2017
N0836,117.91,29.127,2011
FMS24990v2,14.29,61.19,2014
GF3S08589b,1.073803903,42.59295545,2013
GF4S17476b,101.9865028,29.57203611,2014
GF4S02082b,18.853583,68.3265,2008
GF3S01302a,21.89557,58.32669,2012
GF4S16753b,21.31858,69.51835,2013
FMS25101v2,15.69,63.31,2014
N1749,10.24668713,55.12991274,2014
N3705,-123.2666667,54.3333333,2014
GF4T1068otu,14.04,38.02,2012
FMS00519v3,8.756667,50.24417,2014
GF4S20331b,25.874442,57.918112,2015
GF4S01577b,4.960786,50.86092,2018
GF4S02605b,10.37834387,51.17893474,2011
GF4S20315b,27.011182,58.920512,2015
GF4S22104b,-60.03291667,-2.58758333,2015
S000785,132.46581,43.58864,2010
GF4T972otu,126.93,54.12,2019
GF4S15384b,112.1666667,23.1666667,2016
GF4S15859b,-72.1875,42.4836111,2016
FMS17260v2,-100.943528,23.601688,2008
GF4S21262b,25.6113,58.3605,2020
GF4T962otu,80.53,73.35,2019
GF4T1626otu,13.39,37.34,2017
GF4S13057b,9.491051148,48.45142224,2015
GF4S02479b,9.321194962,48.48439687,2011
FMS20312v2,24.17,61.51,2011
GF3S05806a,14.709593,48.66729561,2015
GF4S03447b,100.167,27.167,2015
GF4S13149b,4.4225,50.7508,2019
GF4T1486otu,19.45,-34.57,2016
N1893,146.187,-34.5303,
GF4T258otu,-111.98,36.28,2015
GF4S19919b,27.32098,58.27779,2011
FMS17678v2,93.31666667,35.31666667,2011
FMS25076v2,14.56,61.42,2014
GF4S20524b,22.939254,58.8653,2015
FMS23039v2,-95.15,31.11,2012
GF4S03647b,100.167,27.167,2015
GF4S01965b,-72.1875,42.4836111,2016
GF4S02818b,100.167,27.167,2015
FMS16BI1445v2,138.666994,-34.692037,2016
GF3S01488a,8.374154018,46.56874702,2017
FMS25269v2,22.54,66.58,2014
FMS16BI0028v2,119.9183889,-33.87711111,2013
N0607,117.909,29.127,2011
GF4T1184otu,-82.24,8.76,2012
FMS16BI1716v2,147.31092,-42.38433,2014
S005806,5.263889,51.236111,2009
FMS15688v2,-21.55,74.4666667,2011
S009301,16.6192279,49.29036934,2013
FMS00535v3,13.243611,48.30722,2014
GF4S19806b,26.731163,58.436739,2017
GF4S01615b,4.90455,50.86576,2018
GF4S15904b,-149.53333,68.61667,2012
GF4T1183otu,-82.24,8.75,2012
N1452,9.926169346,57.51694351,2014
FMS25006v2,14.08,60.94,2014
N2024,-115.79572,33.754262,
FMS25302v2,22.41,66.58,2014
GF4S20919b,25.592282,58.359367,2016
FMS10577v2,-67.010787,18.161489,
S000648,131.1166667,-12.57833333,2011
GF4S10861b,-1.33,51.78,2014
GF4S01569b,4.960124,50.861043,2018
GF3S05646a,16.78435,49.312258,2014
FMS16BI1073v2,120.6551097,-30.19191,2013
FMS11785v2,-61.743738,47.461252,2010
GF3S05231a,-61.735775,47.467216,2011
GF4T50otu,-69.89,-4,2019
FMS06313v3,-84,30.75,2014
GF4S03351b,100.167,27.167,2015
GF4T807otu,80.42,6.42,2012
GF3S06712a,128.463275,38.032124,2018
FMS17227v2,142.686154,-33.931135,2010
GF4T1055otu,99.9,8.57,2019
FMS16BI0591v2,150.6486994,-35.15122799,2012
GF4S21203b,23.664,58.64759,2017
FMS22738v2,-89.38,49.08,2011
GF4S21028b,24.64315089,58.0236051,2016
FMS23143v2,-120.42,50.85,2010
GF3S08351b,7.416666667,60.55,
FMS25178v2,15.17,63.17,2014
S008700,17.742322,66.150675,2009
GF4S21731b,26.3414,58.9926,2015
FMS26493v2,21.94145,58.26778,2012
GF3S03527a,87.35,43.94,2015
GF4T988otu,91.02,30.91,2019
FMS24685v2,-73.3378848,42.4750834,2013
GF4T1238otu,78.17,30.46,2012
GF3S01503a,8.374588033,46.56932202,2017
GF4S03317b,101.574,21.612,2015
GF4S21334b,24.35352,56.86893,2020
FMS25081v2,14.56,61.42,2014
GF4T220otu,-5,35.28,2014
GF4S03165b,101.016,24.533,2015
GF3S04590a,23.748899,61.503556,2019
GF4T732otu,132.51,43.61,2010
GF3S00732a,-2.97953,37.08105,2013
FMS16BI1250v2,138.692509,-34.721531,2016
GF4S17745b,138.80006,35.94096,2014
FMSA8F1041v2,-122.26,44.2,2012
GF4S21723b,26.6024,58.9652,2015
GF3S00726a,-2.97201,37.05352,2013
GF4S01971b,-72.1875,42.4836111,2016
S000729,22.17463,58.01829,2012
FMS23080v2,-120.28,50.93,2010
GF4S20440b,24.820912,59.102539,2015
GF4S20166b,26.7106,58.4422,2014
GF3S00682a,-2.98605,37.00675,2014
GF4T44otu,-73.43,5.72,2019
FMS16BI1784v2,150.73375,-33.62067,2015
GF4T1173otu,15.88,68.46,2020
FMS24967v2,14.14,60.69,2014
FMS16BI1773v2,141.50677,-13.74184,2015
GF4S03296b,100.167,27.167,2015
S000608,47.917,-18.9162,2010
GF4S21902b,15.2794356,50.3318547,2017
N1846,-86.70167,36.871944,
GF3S00683a,-2.98605,37.00675,2014
GF4S14452b,16.62371465,49.26374892,2016
GF4S02004b,18.848083,68.330444,2008
FMS16BI1185v2,149.01025,-35.8769333,2014
GF3S02089a,111.9333333,33.5,2014
S000501,24.78686,70.14726,2012
GF4S17580b,94.42694444,29.6497222,2018
GF4S20734b,25.221668,59.450589,2015
FMS10997v2,27.31,58.25,2012
FMS00529v3,13.128611,48.065,2014
GF4S21838b,23.81091,59.20771,2018
GF3S05648a,16.800567,49.318893,2014
GF4S16409b,-85.37,42.38,2015
FMS16BI0133v2,150.6731254,-35.1630042,2012
GF4S20705b,24.680392,58.019004,2015
N0485,117.91,29.126,2011
GF4S21468b,27.2828,57.9608,2013
GF4S19852b,26.72314,58.53249,2017
GF4T527otu,2.61,8.83,2019
GF4S03194b,100.167,27.167,2015
S009239,16.64813256,49.26306429,2013
N4193,130.54,31.34,2015
GF4S21057b,26.66094035,58.34605474,2016
FMS11078v2,26.433,58.1833,2012
GF4S19548b,122.0594444,51.8283333,2021
GF3S04780a,38.61888889,7.0838889,2015
FMS26022v2,21.98974,58.26431,2012
FMS26454v2,22.44009,58.2402,2012
GF4T1719otu,53.72,16.87,2019
FMS11798v2,-61.750999,47.451503,2010
FMS23315v2,-122.61,54.35,2008
GF3S01700a,24.48,61.4,2014
GF4S11514b,-114.227,60.3769,2015
GF4T227otu,40.82,40.44,2015
FMS16BI0535v2,121.7609,-32.1586,2011
GF4S20407b,24.591951,59.370454,2015
FMS16BI1754v2,143.04765,-13.53401,2015
FMS00483v3,6.074444,52.06694,2014
GF3S01351a,26.2774,57.90369,2015
GF4S02465b,9.261355982,48.39623841,2011
FMS06325v3,-84,30.75,2014
GF4S10721b,5.777071,52.014828,2016
GF4S21693b,24.11465,58.50206,2015
GF4S21455b,26.4723,57.67,2013
FMS16BI1549v2,116.04491,-32.59757,2016
GF4S21134b,25.27921329,59.47013283,2016
N1667,9.752402725,55.69123563,2014
S005744,5.263889,51.236111,2009
FMS16BI2046v2,138.1164129,-35.632738,2014
GF4T231otu,40.49,40.84,2015
GF3S00703a,-2.97983,37.0817,2014
S005221,10.31294671,51.24264396,2011
GF4S17435b,102.1012306,29.61528889,2014
GF3S05199a,-61.753256,47.431722,2011
GF4S01139b,115.0357778,36.28433333,2014
GF3S05786a,14.70355594,48.66672879,2015
GF4S03027b,101.016,24.533,2015
GF4S03511b,101.574,21.612,2015
GF4S21079b,25.58476542,58.27976235,2016
GF4S03355b,100.167,27.167,2015
FMS21709v2,10.311413,51.271362,2012
FMS17558v2,100.4833333,35.55,2011
GF4S21172b,26.18096232,58.13151339,2016
GF4S11484b,-113.14,62.5389,2015
GF3S01743a,24.48,61.4,2014
FMS23042v2,-95.15,31.11,2012
GF4S02607b,10.38453939,51.14364711,2011
GF4S10865b,-1.32,51.78,2014
GF4S14510b,16.73067243,49.28874761,2017
GF4S10946b,83.07,55.01,2017
S008730,17.781014,66.133167,2009
GF4S20185b,26.96879,57.606413,2015
GF4T644otu,17.7,67.69,2014
GF4S19590b,26.89338,57.83018,2013
GF3S10289b,-1.19511,38.04628,2017
FMS00626v3,8.707533,50.11077,2014
FMS25430v2,22.57,66.54,2014
GF4S20939b,24.66265,59.4194,2016
GF4S15907b,-149.53333,68.61667,2012
FMS22917v2,-83.37,46.42,2011
FMS16BI0405v2,115.1268,-30.18305,2013
GF3S02820a,13.110873,56.700918,2014
S000598,101.7128333,3.75,2011
FMS17311v2,-1.836988,37.721332,2010
FMS17748v2,90.61666667,30.2,2011
GF4T905otu,8.63,39.8,2019
GF4S21087b,25.7808437,58.33630407,2016
GF3S08419b,7.416666667,60.55,
GF4S20656b,27.340114,59.224816,2015
S000835,145.41287,-6.01488,2011
FMS11806v2,-61.743286,47.460167,2010
FMS08012v3a,138.8177222,35.9173889,2016
FMS00488v3,8.764444,50.28611,2014
GF4T77otu,-61.46,-1.9,2015
GF3S02162a,108.85,18.73333333,2014
GF4S20268b,23.041296,58.536787,2015
FMS08112v3a,138.8315,35.9194722,2016
GF4S15903b,-149.53333,68.61667,2012
S009288,16.670761,49.312062,2013
GF3S05709a,16.655437,49.27316,2014
FMS16BI1144v2,149.597527,-30.20071001,2014
GF4T43otu,-75.18,4.88,2019
GF4S02833b,100.167,27.167,2015
GF4T1607otu,54.69,36.88,2017
FMS23263v2,-122.61,54.35,2008
FMS16BI1725v2,143.04753,-13.53235,2015
GF4S21077b,25.58373965,58.27947963,2016
GF4S02900b,101.016,24.533,2015
GF4S21116b,23.48758609,58.92795395,2016
GF4S19689b,26.07059,57.98596,2017
FMS22832v2,-82.25,46.75,2011
GF4S11460b,-113.9734,60.2704,2015
GF4S16754b,21.31858,69.51835,2013
N3631,-123.2666667,54.3333333,2015
GF4T917otu,9.73,40.7,2019
GF4S17555b,124.3333333,51.7,2018
GF4S21174b,25.41844223,58.3608959,2016
S001745,23.551006,58.555214,2011
N0490,117.909,29.127,2011
GF4S19719b,26.281285,58.745646,2017
GF4S20249b,23.182024,58.617927,2015
FMS10960v2,27.31,58.25,2012
GF4T1110otu,23.36,69.97,2020
FMS25256v2,15.29,63.18,2014
FMS17632v2,100.9166667,36.96666667,2011
GF4T607otu,26.47,57.67,2013
GF4S19691b,26.931143,57.684985,2017
GF4S21352b,27.290594,58.266717,2017
FMS11003v2,27.0333,58.116,2012
GF4S19600b,27.14551,57.59246,2013
GF4S20126b,22.6416,57.2431,2014
FMS00654v3,14.496111,46.39917,2014
GF4S03601b,100.167,27.167,2015
GF4S20918b,25.592282,58.359367,2016
S000549,116.65217,-35.00227,2011
S005236,13.81010295,53.04458688,2011
GF4T213otu,-73.83,11.23,2014
GF4S17714b,138.79995,35.95834,2014
GF4S03825b,101.574,21.612,2015
GF4S20624b,26.276163,57.902609,2015
GF4S20017b,23.68405,58.89269,2012
FMS21820v2,10.224485,51.268042,2012
S000819,-79.0711,36.0361,2012
FMS08137v3a,138.8315,35.9194722,2017
GF4S19787b,24.78666,56.86395,2019
GF4S11498b,-116.4272,62.5583,2015
FMS16BI0255v2,148.78455,-35.4463,2013
FMS24125v2,124.9,41.85,2013
GF4T1254otu,114.01,-0.06,2013
S000748,39.46765,51.95571,2011
GF4T1392otu,-65.01,-30.9,2014
GF4T353otu,91.5,25.26,2018
FMS17698v2,91.86666667,33.31666667,2011
GF4S21662b,23.63845,58.90898,2015
GF4S21397b,27.4557,59.0826,2013
GF4S20606b,26.571181,59.510247,2015
N1962,-71.663635,-30.662263,
FMS08096v3a,138.8315,35.9194722,2016
GF3S01498a,8.374609994,46.56891902,2017
GF4T590otu,27.44,59.1,2013
FMS16BI1702v2,147.01244,-42.40319,2014
GF3S01744a,26.55,60.48,2014
GF4S21526b,14.5078808,49.0516936,2017
FMS06318v3,-84,30.75,2014
GF4S14176b,8.716666667,47.05,2014
GF4S03368b,100.167,27.167,2015
S009231,16.72777818,49.27501626,2013
GF4S21963b,26.726389,58.460278,2014
GF4S17380b,11.06,47.44,2016
GF4T112otu,116.65,-35,2011
S009337,16.73067243,49.28874761,2013
GF4T1372otu,153.13,-28.42,2014
GF4S04107b,100.167,27.167,2015
GF4T509otu,25.77,71.16,2019
FMS19528v2,82.9455,43.56644444,2015
GF4S21615b,26.0845,58.4594,2015
FMS23219v2,-120.42,50.85,2010
FMS22973v2,-95.15,31.11,2012
GF3S01320a,26.7251,58.4709,2015
GF4S20438b,24.858305,59.452454,2015
GF4S20072b,27.5136,59.4269,2014
GF4S02989b,101.574,21.612,2015
GF3S06725a,128.463275,38.032124,2018
GF4S00192b,102.8290556,33.9374167,2019
GF4S21474b,27.2926,57.9408,2013
GF4S04104b,101.574,21.612,2015
GF3S00797a,-3.35488,36.92412,2013
GF4S19920b,27.32377,58.27797,2011
GF4S17787b,-83.434013,35.049007,2013
FMS06173v3,101.24222,21.9197,2013
GF4S01974b,-72.1875,42.4836111,2016
FMS16BI0314v2,130.9971565,-25.39819772,2013
GF4S16466b,-89.35,43.1333333,2015
S00D595,26.5988,57.6824,2013
FMS24626v2,-74.009257,41.419898,2013
FMS20386v2,24.17,61.51,2011
S000961,8.46667,46.63333,
N1838,-93.2,45.4,
GF3S05220a,-61.745758,47.451231,2011
GF4S03267b,100.167,27.167,2015
GF4S21949b,27.046111,58.289167,2014
GF3S08616b,1.073295581,42.59323507,2013
FMS22900v2,-83.37,46.42,2011
GF4T1261otu,25.33,66.66,2019
FMS16BI0406v2,115.08955,-30.14106667,2013
S005201,9.445936708,48.39405132,2011
GF4S18748b,15.8,60.9666667,2011
GF4S22125b,-61.44631667,-1.93945,2015
GF4T1065otu,26.1,-29.02,2020
N3548,110.21,31.29,2011
GF4S21000b,27.35086,59.21817,2016
FMS22935v2,-120.78,39.26,2011
GF3S03495a,115.95,28.52,2015
FMS24731v2,-72.2078598,42.508422,2013
S008772,17.764602,66.141219,2009
GF3S03564a,-83.2439,35.0801,2017
GF3S05799a,14.70430334,48.66356651,2015
GF4T224otu,39.42,40.51,2015
FMS23051v2,-95.15,31.11,2012
GF4S21115b,23.48758609,58.92795395,2016
GF4S19291b,15.7,61.91783736,2016
FMS9535v2,13.85522703,48.77657654,2011
GF4T284otu,-120.4,39.2,2016
GF4S21705b,23.981513,58.1282027,2015
FMS21758v2,10.311413,51.271362,2012
GF3S01407a,26.9858,58.2778,2014
GF4T1032otu,14.02,37.87,2017
FMS22922v2,-120.78,39.26,2011
GF4T752otu,121.29,24.14,2010
GF4T1295otu,11.31,79.66,2014
FMS21794v2,10.238938,51.26789,2012
FMS10568v2,-65.839069,18.296329,
GF3S05771a,14.70370355,48.66751012,2015
S00D536,21.7,61.7,2011
GF4S03710b,101.574,21.612,2015
N1508,10.21615467,56.93746576,2014
FMS24177v2,5.63,52.25,2012
GF4S14528b,13.32533069,49.15739118,2015
GF4T1733otu,-66.75,-17.67,2018
GF3S00730a,-2.97196,37.05364,2013
FMS24280v2,5.63,52.25,2016
N0695,117.91,29.126,2011
GF4S20651b,26.593061,57.971189,2015
GF3S03559a,-83.2387,35.0851,2017
GF4S20426b,24.249211,58.767501,2015
FMS26709v2,22.82668,58.48978,2012
GF4T692otu,-93.45,16.88,2016
S001533,126.18333,45.1,2012
GF4S03249b,101.016,24.533,2015
GF3S02182a,108.45,33.43333333,2014
GF4S20517b,22.635109,59.077084,2015
GF4S17511b,124.3333333,51.7,2018
FMS24625v2,-74.009257,41.419898,2013
GF4S11457b,-112.2285,59.7383,2015
FMS11077v2,26.433,58.1833,2012
GF3S05700a,16.777371,49.310752,2014
GF4S02926b,101.574,21.612,2015
N1005,-83.96,35.84,2014
GF3S01436a,23.55022405,58.91728521,2016
GF4S02618b,13.99755651,53.10661898,2011
GF4S03264b,101.574,21.612,2015
GF4S19673b,26.68597,58.21442,2016
FMS16BI1165v2,142.219292,-32.526047,2014
GF4S03394b,101.574,21.612,2015
FMS16BI0650v2,135.163825,-32.831425,2012
S000499,20.09994,66.70869,2012
S000540,145.05771,-5.79035,2011
FMS21744v2,10.311438,51.27173,2012
N3677,-123.2666667,54.3333333,2014
FMS22863v2,-82.85,47.57,2011
FMS16BI1721v2,143.04163,-13.5153,2015
N0541,117.909,29.124,2011
S000843,145.2435833,-6.3755,2011
GF4T1674otu,177.42,64.72,2018
GF4S17633b,94.42694444,29.6497222,2018
GF4S16303b,8.716666667,47.05,2014
FMS08193v3a,123.5500489,41.8194892,2015
N1752,10.25340549,55.13338649,2014
GF4T128otu,147.11,-7.31,2011
GF4T1471otu,74.52,42.54,2015
GF4T462otu,-41.35,-22.13,2018
FMS00465v3,8.821667,50.15861,2014
N0511,117.906,29.121,2011
FMS08110v3a,138.8315,35.9194722,2016
GF3S02341a,122.4334,50.9897,2017
GF4T622otu,27.35,57.94,2013
GF4S18751b,15.8,60.9666667,2011
GF4S17517b,124.3333333,51.7,2018
FMS12385v2,9.254448341,48.39211717,2011
S00D587,27.4582,59.0771,2013
GF3S02129a,121.25,51.51666667,2014
GF3S02109a,128.08,42.28,2014
GF4S01934b,101.2,37.6166667,2012
FMS10967v2,27.31,58.25,2012
GF4S19282b,14.24,57.55976735,2016
GF4T632otu,27.35,57.93,2013
S006181,147.34958,-9.44475,2011
N0563,117.907,29.122,2011
S009332,16.71916517,49.27026736,2013
GF4T490otu,8.59,45.77,2019
FMS26436v2,22.26849,58.29754,2012
FMS24783v2,24.70361111,68.4877778,2011
GF3S01463a,8.371427972,46.56761102,2017
FMSA8F1088v2,-83.5,35,2012
GF4S04055b,101.016,24.533,2015
GF4T131otu,147.13,-7.28,2011
GF4T894otu,45.65,58.38,2019
GF4S02938b,101.016,24.533,2015
GF4S04128b,100.167,27.167,2015
GF4S02879b,101.016,24.533,2015
GF3S08371b,7.416666667,60.55,
GF4S03638b,101.016,24.533,2015
GF4S03909b,101.574,21.612,2015
FMS16BI0475v2,145.029247,-36.673214,2013
GF4T1742otu,82.97,51.04,2018
GF4T1491otu,22.61,-33.98,2016
GF3S05237a,-61.729416,47.481651,2011
GF4S04027b,101.016,24.533,2015
GF4S03250b,101.574,21.612,2015
GF4S19541b,122.0841667,51.7947222,2021
GF4S21944b,26.932778,58.329722,2014
FMS23939v2,-121.92,52.32,2009
GF3S02119a,112.5333333,23.16666667,2014
GF3S05166a,1.046389,41.360833,2014
GF4S03472b,101.016,24.533,2015
FMS9536v2,13.85522078,48.77658462,2011
FMS25229v2,15.37,63.16,2014
GF3S02067a,115.4333333,39.96666667,2014
GF4S02638b,13.83068045,53.14814127,2011
FMS25069v2,14.05,61.03,2014
GF4S02427b,9.447318583,48.39764314,2011
GF4S15878b,-72.1875,42.4836111,2016
GF4S20814b,26.115006,59.009884,2015
GF4S20330b,25.877605,57.860706,2015
FMS16BI1531v2,132.4570571,-13.51697665,2016
FMS16BI0047v2,149.0076,-35.881,2014
FMS25105v2,15.27,63.23,2014
S006216,-96.602712,39.233533,2014
FMS11867v2,-72.19,42.53,2012
GF4S09987b,140.78,43.16,2015
FMS17346v2,-112.552224,37.113448,2010
GF4T1087otu,6.52,61.64,2020
GF4S21508b,16.8138681,48.8078503,2018
FMS23032v2,-95.15,31.11,2012
GF4S14516b,13.26139015,49.12160514,2015
GF4S21382b,27.4422,59.096,2013
GF3S00761a,-3.33892,36.96577,2014
S000697,-71.7811,-41.2311,2011
GF4S02897b,100.167,27.167,2015
FMS24207v2,5.63,52.25,2012
FMS23031v2,-95.15,31.11,2012
S009326,16.63903551,49.26412493,2013
FMS04030v3,9.632695,46.092183,2014
GF4S21088b,25.7808437,58.33630407,2016
S000534,47.0074,-24.95099,2010
GF4S17600b,94.42694444,29.6497222,2018
FMS16BI1484v2,132.2182969,-30.89864878,2016
GF4S02831b,101.016,24.533,2015
GF4T1299otu,32.95,56.46,2014
GF4S19575b,26.44685,57.58005,2013
S009036,17.795147,66.128665,2009
GF4T280otu,-120.9,41.08,2016
FMS10575v2,-67.056878,18.513611,
GF4T770otu,145.24,-37.73,2012
GF4S13407b,4.4388,50.7657,2019
FMS16BI1722v2,141.89049,-13.77007,2015
GF4S19770b,24.14742,56.56941,2019
S00D593,27.5044,59.0606,2013
FMS25272v2,22.54,66.58,2014
GF4S02473b,9.406510578,48.38946728,2011
GF3S10212b,10.97,43.35,2017
GF4S15862b,-72.1875,42.4836111,2016
GF4S21092b,25.59474,58.97949,2016
GF4S21785b,22.54025,58.2844,2016
FMS17259v2,-99.655561,22.246529,2009
N1871,-111.00378,45.573646,
FMS16BI1864v2,146.6440339,-43.09177664,2015
GF3S00722a,-2.96982,37.03657,2013
S000527,79.13757,29.49347,2013
GF4S20142b,23.3011,58.434,2014
GF4T604otu,26.6,57.67,2013
GF4T837otu,4.66,8.47,2018
N1472,8.655690266,57.11689518,2014
GF4S19649b,26.37571,58.28179,2017
GF4S20018b,23.86384,58.92812,2012
GF3S10297b,-0.76553,37.82781,2017
GF3S10239b,23.58,52.72,2017
GF4S21754b,26.39882,58.03085,2015
GF4T90otu,-60.32,-2.56,2015
GF4S19629b,26.68675,57.58672,2013
GF3S08601b,1.073517942,42.59234728,2013
FMS16BI1023v2,152.878317,-27.387599,2013
GF4S21612b,23.0735,58.551,2015
GF4S02868b,101.574,21.612,2015
GF4S04110b,100.167,27.167,2015
S000818,128.09348,42.38407,2012
S000706,-71.72761,-44.83401,2011
GF3S00692a,-2.96825,37.03717,2014
GF4S02964b,101.016,24.533,2015
N3601,-123.2666667,54.3333333,2014
GF3S00743a,-3.35483,36.92412,2014
N0641,117.909,29.125,2011
GF3S01359a,25.54804,58.11988,2015
FMS00672v3,5.84493,51.75444,2014
GF4S22065b,-70.05903333,-4.42538333,2015
FMS22977v2,-95.15,31.11,2012
GF4T1039otu,144.16,-37.62,2019
FMS16BI0293v2,144.05391,-37.25205,2013
GF4S02827b,101.016,24.533,2015
S009025,17.749183,66.14522,2009
GF4S21911b,15.6506325,50.2191386,2018
GF4S11463b,-113.9752,60.2657,2015
GF4S14458b,16.63903551,49.26412493,2016
GF3S02401a,122.4334,50.9897,2017
FMS23431v2,-120.35,50.88,2010
GF4S15887b,-72.1875,42.4836111,2016
GF4T1677otu,177.88,64.75,2018
FMS16BI0118v2,146.6542886,-43.09507123,2013
FMS16BI0521v2,120.5453166,-28.05314507,2011
S009274,16.65293883,49.32502104,2013
GF4S20957b,22.00562,58.25124,2016
GF4S19696b,26.924086,57.749276,2017
GF3S05807a,14.709593,48.66729561,2015
GF4S17656b,138.79862,35.95876,2014
GF4S11474b,-117.1704,61.7777,2015
FMS21839v2,10.238748,51.267749,2012
FMS16BI0198v2,137.9544,-32.32096,2013
GF4S19330b,19.82,64.35554188,2016
GF4S21621b,25.5154,58.476,2015
GF4S11439b,-112.6764,60.1323,2015
GF4S20491b,27.293718,57.943982,2015
GF4S02855b,101.574,21.612,2015
S000642,98.3766,18.5279,2012
S000751,-57.934,48.948,2012
S009218,16.74571583,49.30214773,2013
S000990,18.816002,68.354395,
FMS16BI0369v2,140.7596,-34.04319,2013
FMS24940v2,14.05,60.94,2014
FMS15708v2,-21.55,74.4666667,2011
GF3S10211b,10.92,43.43,2017
FMS22962v2,-95.15,31.11,2012
S00D525,27.32285,58.26895,2011
FMS23467v2,-121.92,52.32,2009
FMS19481v2,119.18125,49.2744,2015
GF4S14368b,16.65949322,49.30205489,2016
FMS23006v2,-95.15,31.11,2012
S005235,13.93033786,53.19179716,2011
GF4S13183b,4.4222,50.7511,2019
S000605,74.73857,14.27663,2013
GF4S14573b,13.43279557,49.02268057,2015
GF3S02356a,121.2938,51.1405,2017
FMS16BI0183v2,146.5083,-36.1111,2012
FMS22759v2,-89.39,49.07,2011
GF4S16711b,15.8,60.9666667,2011
GF3S10207b,30.22,62.41,2017
FMS16BI1811v2,150.72268,-33.61517,2015
GF4S17508b,124.3333333,51.7,2018
FMS11923v2,-149.34,68.38,2012
GF4S20757b,25.705984,59.029565,2015
FMS20377v2,24.17,61.51,2011
GF4S03859b,100.167,27.167,2015
FMS24744v2,-71.3317636,42.4093993,2013
GF4T1446otu,72.21,35.56,2015
GF3S03535a,113.69,35.01,2015
GF4T1216otu,115.42,39.96,2012
S000734,121.285533,24.162593,2011
FMS16BI0590v2,150.6369569,-35.15913962,2012
FMS23635v2,-126.31,52.32,2008
GF4S02412b,9.418889125,48.38088845,2011
FMS22777v2,-89.39,49.07,2011
FMS16BI1351v2,138.7856,-34.621505,2016
FMS16BI0607v2,118.8695336,-34.07456278,2013
GF3S01329a,25.26282985,58.14441808,2016
S005746,5.263889,51.236111,2009
GF4S22052b,-70.02735,-4.35276666,2015
GF4S21534b,13.47508,49.01738,2011
N3634,-123.2666667,54.3333333,2014
N1938,144.52706,-35.3523,
FMS16BI0529v2,121.0622833,-30.4051,2011
S000770,22.44107,58.23408,2012
S009334,16.65280849,49.25627461,2013
GF4S21441b,26.4667,57.667,2013
FMS9534v2,13.85523328,48.77656847,2011
GF3S01696a,24.48,61.4,2014
FMS11045v2,26.433,58.1833,2012
GF4S15373b,112.1666667,23.1666667,2016
GF4T1205otu,145.59,-17.02,2012
S000175,5.372778,51.125833,2009
GF4S03475b,101.574,21.612,2015
FMS17636v2,99.56666667,37.13333333,2011
FMS24674v2,-73.3378848,42.4750834,2013
FMS19532v2,82.41525,43.60972222,2015
GF4S17364b,11.06,47.44,2016
GF4S11416b,-116.49,62.3506,2015
GF4S03120b,100.167,27.167,2015
FMS11070v2,26.433,58.1833,2012
GF4S19623b,26.67145,57.99168,2013
GF4S20985b,26.69661,58.63503,2016
FMS11480v2,9.932285399,46.49587773,2014
GF4S02488b,9.371377347,48.37273337,2011
FMS23183v2,-120.42,50.85,2010
GF4S20640b,26.462218,58.01453,2015
FMS08183v3a,114.7304069,37.9412812,2015
FMS20337v2,24.17,61.51,2011
FMS24310v2,5.63,52.25,2016
S001665,23.31667,58.55,2011
GF4S20625b,26.276163,57.902609,2015
GF4T140otu,145.16,-5.81,2011
GF4S02997b,100.167,27.167,2015
GF4S02470b,9.251365852,48.36946164,2011
FMS08139v3a,138.8315,35.9194722,2017
GF4S21061b,26.58481079,59.32448586,2016
GF4S17388b,11.06,47.44,2016
FMS16BI1798v2,150.72043,-33.61072,2015
FMS16BI0150v2,118.7199589,-32.24144139,2013
GF4S18773b,21.31906,69.51869,2013
GF4S03192b,101.016,24.533,2015
N3825,84.51666667,44.1833333,2016
FMS11735v2,-61.729416,47.481651,2011
GF4S13060b,9.434996902,48.37799579,2015
GF4S02566b,10.51696741,51.35579218,2011
GF4S21342b,26.104019,57.874775,2017
FMS12390v2,10.46243387,51.08998735,2011
GF3S01404a,23.86384,58.92812,2012
S00D496,27.32274,58.27618,2011
GF3S05107a,-84.16,10.27,2014
GF4S03748b,100.167,27.167,2015
FMS23066v2,-95.15,31.11,2012
GF4S21232b,27.31621,57.912647,2019
FMS16BI1103v2,149.596752,-30.20176998,2014
GF3S05224a,-61.721288,47.479738,2011
GF3S09213b,11.87559444,51.3915694,2016
GF3S05245a,-61.752028,47.475074,2011
GF4S21082b,25.68226774,58.17611869,2016
FMS16BI0215v2,148.029095,-41.183047,2013
GF3S02386a,121.793,51.0127,2017
GF4S10720b,5.777071,52.014828,2016
S000837,145.14143,-5.82124,2011
FMS23347v2,-120.35,50.88,2010
FMS11079v2,26.433,58.1833,2012
GF4S18770b,21.31546,69.51703,2013
FMS17307v2,-2.877436,40.354792,2006
GF3S02184a,108.45,33.43333333,2014
S001546,124.98333,48.68333,2012
GF4S02530b,10.32492716,51.03075367,2011
GF3S06768a,128.463275,38.032124,2018
FMS24652v2,-73.9559721,41.3914827,2013
FMS17299v2,-3.618947,39.992036,2006
GF4S19990b,22.17463,58.01829,2012
GF4S19886b,26.926826,58.550202,2017
S000211,5.372778,51.125833,2009
GF4S21861b,14.4379681,50.21714,2017
FMS23013v2,-95.15,31.11,2012
GF3S01408a,26.7493,58.4461,2014
GF4S19987b,22.65545,58.38859,2019
FMS15525v2,147.841628,-42.711811,2012
FMSA8F1026v2,-65.8,18.3,2012
FMS00606v3,13.128611,48.065,2014
GF4S03759b,100.167,27.167,2015
GF4S02609b,13.96964361,53.08742012,2011
GF4S21730b,26.16336,59.13592,2015
GF4S20749b,24.959016,59.351231,2015
GF4T1479otu,-16.53,28.33,2016
FMS04015v3,9.631302,46.088015,2014
GF3S05144a,1.043611,41.357778,2012
N1564,8.080258493,55.56292804,2014
GF4S20195b,26.716917,58.220509,2015
GF4S20864b,24.906467,59.293948,2016
GF4S03071b,101.574,21.612,2015
GF3S10258b,26.04,47.29,2017
GF3S00740a,-3.35477,36.92412,2014
GF4S17811b,-83.43417,35.051025,2013
GF4T1268otu,16.89,61.15,2013
GF4T737otu,133.16,43.28,2010
FMS25368v2,22.67,66.52,2014
GF4S21451b,26.5061,57.6655,2013
FMS22835v2,-82.25,46.75,2011
GF4S20927b,25.603911,58.395626,2016
GF3S01409a,23.00227,58.8037,2014
GF4S20482b,25.546629,58.471585,2015
FMS16BI1175v2,149.0076,-35.881,2014
GF4T1150otu,15.46,66.65,2020
GF4S20304b,25.488969,58.251449,2015
GF4S02564b,10.23937826,51.26771983,2011
FMS08007v3a,138.8177222,35.9173889,2016
GF4S21027b,24.64315089,58.0236051,2016
FMS24738v2,-72.2078598,42.508422,2013
GF4S19230b,20.53,66.39001683,2016
GF3S01480a,8.373293029,46.56830898,2017
GF3S05665a,16.706875,49.292692,2014
FMS23279v2,-122.61,54.35,2008
FMS08114v3a,138.8315,35.9194722,2016
GF3S01422a,25.23269238,58.41593156,2016
GF4S20794b,25.537113,58.349205,2015
FMS24986v2,14.29,61.19,2014
GF3S00789a,-3.34732,36.93336,2013
GF3S01443a,8.36681298,46.56567698,2017
N1003,-83.96,35.84,2014
FMS23633v2,-126.31,52.32,2008
GF4S01657b,4.93626,50.85106,2018
N0577,117.906,29.122,2011
S000820,-79.0928,35.9794,2012
S009222,16.74737922,49.30328303,2013
FMS16BI0361v2,140.7258,-33.97432,2013
N3711,-123.2666667,54.3333333,2014
GF3S04462a,30.17329913,62.61313694,2019
GF4S15382b,112.1666667,23.1666667,2016
FMS24653v2,-73.9559721,41.3914827,2013
GF4S16492b,112.1666667,23.1666667,2016
GF4T1256otu,27,69.17,2019
FMS17549v2,100.8833333,36.31666667,2011
GF4S03286b,101.574,21.612,2015
GF4S15899b,-48.35194444,-21.30638889,2018
GF4S20235b,28.144766,59.349081,2015
GF4S20023b,24.6661,59.42275,2012
GF4S17687b,138.8249,35.95049,2014
S003310,-89.389,34.43117,2012
GF4S20021b,26.71262,58.43918,2012
FMS00290v3,13.9675,45.84556,2013
GF4T1300otu,32.98,56.46,2014
S006161,29.58333,67.76667,2011
N3600,-123.2666667,54.3333333,2014
GF4S02508b,9.254448341,48.39211717,2011
GF4T940otu,13.82,53.18,2019
GF4S21344b,27.313272,58.231756,2017
FMS23083v2,-120.28,50.93,2010
GF4S21410b,27.4316,59.0972,2013
GF4S15852b,-72.1875,42.4836111,2016
GF3S02096a,128.0833333,42.38333333,2014
GF3S03480a,113.56,24.5,2015
GF4S20494b,25.904321,58.103342,2015
FMS17263v2,-100.420636,22.644511,2008
S006151,29.58333,67.76667,2011
GF4S19325b,22.64,66.71802615,2016
GF3S08588b,1.076548374,42.59209203,2013
GF4S02644b,13.83764341,52.98690621,2011
GF4S21421b,26.6012,57.6823,2013
FMS24197v2,5.63,52.25,2012
FMS16BI0430v2,148.340808,-42.106246,2013
FMS24999v2,14.08,60.94,2014
S008675,17.809004,65.972129,2009
FMS16BI0487v2,133.24855,-25.70963333,2011
S001641,14.53917,59.52964,2008
GF4S16154b,13.110873,56.700918,2014
GF4T992otu,91,30.69,2019
FMS08185v3a,125.8395348,42.6384858,2015
FMS00650v3,14.439722,46.45528,2014
S008720,17.749183,66.14522,2009
FMS00429v3,5.935278,52.1375,2014
GF4S21459b,27.3258,57.9246,2013
GF4S03212b,100.167,27.167,2015
FMS25232v2,15.37,63.16,2014
FMS23133v2,-120.42,50.85,2010
GF4T1581otu,38.82,-4.89,2016
N0804,117.908,29.124,2011
S000721,153.19188,-28.2104,2012
FMS16BI1415v2,138.7856,-34.621505,2016
GF3S02120a,122.2,42.81666667,2014
FMS25282v2,22.45,66.55,2014
GF3S03176a,26.55598,58.36978,2014
GF3S03512a,118.92,42.3,2015
GF4S21275b,26.7032,58.2411,2020
GF3S05658a,16.72054,49.281044,2014
GF3S02200a,110.4833333,31.31666667,2014
GF4T444otu,-36.87,-10.65,2018
GF4S02591b,10.50881485,51.34157594,2011
GF4T1038otu,144.19,-37.86,2019
GF3S03455a,117.08,36.71,2015
FMS08039v3a,138.8177222,35.9173889,2017
GF4S21245b,26.4831,59.4657,2020
GF3S05215a,-61.721188,47.479641,2011
FMS16BI1672v2,120.257423,-30.68535,2016
FMS21729v2,10.31103,51.27151,2012
FMS11848v2,-105.38,39.99,2012
FMS16BI1230v2,138.673023,-34.742505,2016
GF4T1725otu,57.15,23.21,2019
N1550,8.174340431,55.82006259,2014
FMS22910v2,-83.37,46.42,2011
S00D509,27.32972,58.27251,2011
GF4S19317b,18.77,64.50849168,2016
FMS05327v3,114.19036,33.36277,2015
FMS20015v2,26.4972,57.6541,2013
GF4S20595b,23.575376,58.58855,2015
N0552,117.91,29.127,2011
GF3S05092a,49.33555555,55.61583333,2016
GF3S05815a,14.70494027,48.66344805,2015
FMS16BI0531v2,116.4136333,-32.82003333,2011
GF3S04564a,25.80325,61.016421,2019
S000693,-71.4595,-40.1306,2011
GF4S02053b,18.849,68.328056,2008
S000797,131.55447,43.10834,2010
FMS24762v2,-71.3317636,42.4093993,2013
GF4S02631b,14.02590432,53.10766292,2011
GF4T3otu,-72.09,-0.63,2012
GF4S20512b,27.651287,57.944015,2015
GF4T14otu,-71.61,-0.93,2012
GF4T484otu,-16.63,28.23,2019
N0689,117.91,29.126,2011
N4320,114.65,22.57,2017
S000726,27.03222,58.12324,2011
N2029,146.308989,-34.415466,
GF4S19225b,16.3,63.82444,2016
S000719,146.783,-43.174,2012
GF4S20559b,25.063633,58.722575,2015
GF4S14390b,16.660247,49.293659,2017
GF4S17721b,138.81928,35.91358,2014
N0830,117.91,29.127,2011
GF4S20344b,27.555143,58.09056,2015
FMS16BI1829v2,150.7324,-33.60955,2015
GF4T891otu,115.43,39.96,2012
GF3S09239b,11.70554167,51.6299111,2016
N1899,146.38558,-34.5578,
FMS05346v3,120.01272,36.69275,2015
GF4T652otu,17.46,67.6,2014
GF4S21761b,27.18975,58.33326,2015
FMSA8F1081v2,-83.5,35,2012
FMS17344v2,-115.811803,33.750666,2009
GF4T106otu,-5.14,33.36,2015
GF4S03223b,101.574,21.612,2015
FMS21808v2,10.238754,51.267973,2012
GF4S21923b,13.1789528,50.3844758,2018
GF4T1538otu,41.69,43.38,2016
GF4S13136b,4.4218,50.7507,2019
GF3S01470a,8.372029038,46.56760499,2017
GF4S16167b,13.110873,56.700918,2014
FMS23940v2,-121.92,52.32,2009
GF4S03523b,100.167,27.167,2015
GF4S03938b,101.016,24.533,2015
GF4S20883b,24.141349,59.218735,2016
GF3S04456a,25.016519,60.227217,2019
GF4S20384b,25.768018,59.634155,2015
FMS24747v2,-71.3317636,42.4093993,2013
GF3S05702a,16.78435,49.312258,2014
FMS21685v2,10.311229,51.271436,2012
FMS16BI0233v2,132.81905,-12.86537,2013
N2002,-0.963246,38.308579,
FMS16BI0504v2,129.9873167,-20.28805,2011
GF3S02418a,121.4968,50.9423,2017
S00D616,27.3497,57.9409,2013
GF4S03787b,100.167,27.167,2015
GF4S02837b,101.016,24.533,2015
FMS24629v2,-74.009257,41.419898,2013
GF4T690otu,-98.66,19.13,2019
GF4S03854b,101.016,24.533,2015
GF4S19956b,27.32669,58.29013,2011
GF3S01469a,8.372029038,46.56760499,2017
GF4S03401b,101.016,24.533,2015
S001633,14.56794,59.218,2008
GF4S02883b,100.167,27.167,2015
FMS22880v2,-82.85,47.57,2011
GF4S19709b,26.73655,58.20302,2016
S005830,5.263889,51.236111,2011
FMS19498v2,112.1950167,43.6311,2015
FMS11059v2,26.433,58.1833,2012
GF4S15894b,-48.35194444,-21.30638889,2018
GF4S02645b,13.87603046,53.13492781,2011
N0824,117.91,29.127,2011
GF4S19840b,26.569691,58.438397,2017
GF4S21557b,24.7292,59.3969,2014
FMS00375v3,13.773889,46.585,2014
FMS26325v2,22.26762,58.29701,2012
GF4S03930b,100.167,27.167,2015
GF4S21560b,22.105,58.38,2014
FMS16BI0567v2,142.08327,-37.84067,2012
S000572,-72.046,-0.3919,2011
FMS00322v3,19.549444,43.39583,2014
GF4S10858b,-1.32,51.77,2014
FMS22726v2,-89.41,49.07,2011
GF4S19747b,26.93348,58.57557,2017
FMS15540v2,146.643614,-41.674283,2012
GF4S19319b,23.8,66.94586398,2016
GF4T574otu,42.67,43.09,2015
GF4T381otu,24.96,60.21,2018
S006143,29.58333,67.76667,2011
FMS11749v2,-61.751427,47.458518,2011
FMS22873v2,-82.85,47.57,2011
FMS24305v2,5.63,52.25,2016
GF4S10675b,116.9705444,30.898875,2015
GF4T320otu,30.68,-1.7,2018
S009314,16.688937,49.28631,2013
GF4S14549b,13.4410425,49.10466212,2016
FMS23904v2,-120.35,50.88,2010
GF4S21390b,27.5083,59.0589,2013
GF4S03529b,101.574,21.612,2015
S006131,29.58333,67.76667,2011
GF4S11451b,-112.2237,59.7423,2015
S006176,147.34867,-9.4448,2011
FMS25370v2,22.67,66.52,2014
GF4T9otu,-72.4,-0.63,2012
FMS25060v2,14.21,60.95,2014
GF4T893otu,-4.56,56.08,2012
FMS08151v3a,114.3272747,30.5792905,2015
S00D538,21.7,61.7,2011
GF4T268otu,-108.34,32.64,2015
GF4S03043b,100.167,27.167,2015
S005228,13.84636695,52.90084729,2011
GF3S00781a,-3.33518,36.95113,2013
GF4S01163b,114.17215,33.4234,2014
GF4S02687b,13.86223605,53.01723918,2011
FMS16BI0465v2,148.7971667,-35.42386667,2013
FMS16BI1723v2,143.04163,-13.5153,2015
FMS24976v2,13.85,60.68,2014
GF4S20033b,21.936,58.30122,2013
GF3S05208a,-61.711167,47.485151,2011
FMS24201v2,5.63,52.25,2012
GF4T970otu,127.36,53.85,2019
GF4S15868b,-72.1875,42.4836111,2016
GF4S01159b,114.27039,33.36182,2014
GF4S03133b,100.167,27.167,2015
FMS16BI0076v2,150.265414,-33.659823,2014
FMS22773v2,-89.39,49.07,2011
GF4S20956b,22.00562,58.25124,2016
FMS9532v2,13.85518907,48.77660472,2011
FMS11016v2,27.0333,58.116,2012
FMS21743v2,10.311438,51.27173,2012
GF3S02078a,115.4166667,39.95,2014
GF4S21218b,26.52303,58.35575,2019
GF4S21753b,26.58616,57.53688,2015
GF4S01210b,111.93469,32.58003,2015
GF3S02304a,121.1963,50.9032,2017
GF4T116otu,117.09,-33.54,2011
FMS06289v3,-84,30.75,2014
GF3S04508a,25.609344,62.204284,2019
GF3S06773a,128.463275,38.032124,2018
FMS16BI1822v2,150.7254,-33.60897,2015
GF4S11364b,-116.7103,61.8403,2015
FMS17258v2,-99.655561,22.246529,2009
GF4T403otu,-65.75,18.31,2018
GF4S20884b,24.26531,59.182422,2016
GF4S19963b,27.32285,58.26895,2011
GF4S17758b,138.80189,35.91698,2014
FMS05340v3,113.32212,34.83114,2015
FMS20289v2,24.17,61.51,2011
GF4S02562b,10.53332754,51.36948156,2011
GF4S21677b,26.21607,58.23853,2015
GF4T1323otu,169.39,-44.08,2014
GF3S02102a,128.05,42.06666667,2014
GF4S22109b,-60.32283333,-2.56035,2015
GF3S08461b,7.416666667,60.55,
FMS19752v2,-64.8636,-23.6948,
GF3S05140a,1.0325,41.351667,2012
FMS04023v3,9.872114,46.302623,2014
GF4T1592otu,-79.07,43.06,2017
GF3S05182a,52.0942,36.407,2018
GF3S09270b,112.83,22.57,2018
S006133,29.58333,67.76667,2011
FMS16BI0425v2,148.7832167,-35.42378333,2013
GF4S11531b,-116.8152,61.7596,2015
GF4T32otu,-72.07,-0.64,2019
GF3S00770a,-3.3271,36.97166,2013
GF4T221otu,-5,35.12,2014
GF4S19777b,27.28654,56.29552,2019
GF4T1285otu,-68.58,-54.85,2013
GF4S03128b,100.167,27.167,2015
FMS16BI0051v2,149.0083,-35.8811,2014
GF4S14681b,13.94177724,48.73857654,2016
GF4T1657otu,74.68,36.3,2018
FMS05371v3,113.354,34.84568,2015
GF4S21638b,22.2581,58.89994,2015
GF4T715otu,47,-24.95,2010
FMS23427v2,-120.35,50.88,2010
GF4S20667b,25.546286,57.999609,2015
FMS11346v2,-111.513,58.494,2010
GF4S20869b,26.625989,58.747649,2016
GF3S03190a,26.55598,58.36978,2013
GF4S03490b,101.016,24.533,2015
GF4S17757b,138.79769,35.91492,2014
GF4T747otu,142.6,43.29,2010
GF3S05717a,16.745238,49.287097,2014
GF4S11407b,-116.5827,62.4851,2015
GF4T200otu,8.45,46.9,2014
FMS06328v3,-84,30.75,2014
GF4T1196otu,128.3,26.84,2012
FMS08234v3a,108.240225,30.6690254,2015
GF4S14672b,13.93123555,48.75089858,2016
GF4S02542b,10.38693516,51.21429176,2011
GF4S13046b,9.455662505,48.40197195,2015
GF4S21616b,26.0504,58.4877,2015
GF4S20570b,27.476652,57.759652,2015
GF4S04016b,100.167,27.167,2015
FMS16BI1756v2,147.1716,-41.75815,2014
FMS05400v3,115.60347,33.30233,2015
FMS25421v2,22.68,66.51,2014
S000733,136.427021,35.047565,2011
FMS23585v2,-126.31,52.32,2008
GF3S02152a,123.8943,40.85736667,2014
FMS22993v2,-95.15,31.11,2012
FMS17370v2,34.652229,31.270716,2009
GF4S21739b,26.42818,59.25517,2015
GF4S14440b,16.70424253,49.27761804,2016
FMS00532v3,8.871944,50.23444,2014
GF4S17650b,138.80381,35.9483,2014
GF3S05724a,14.70494027,48.66344805,2015
GF4S03993b,101.016,24.533,2015
FMS16BI0294v2,144.05391,-37.25205,2013
GF4S03054b,100.167,27.167,2015
GF4T1201otu,169.39,-43.76,2012
GF4T797otu,-71.47,-42.78,2012
GF4S20204b,27.043087,58.379486,2015
N3603,-123.2666667,54.3333333,2014
GF4S03794b,101.016,24.533,2015
GF3S00791a,-3.34703,36.93335,2013
GF4T1284otu,-68.48,-54.81,2013
FMS16BI1080v2,120.6336736,-30.19443861,2013
FMS15733v2,88.40666667,33.295,2011
GF4S15906b,-149.53333,68.61667,2012
GF3S05662a,16.738484,49.316541,2014
GF4S20981b,25.68695,58.24891,2016
GF4T1010otu,30.2,60.03,2019
GF4S20722b,27.101507,57.503491,2015
GF4T1611otu,35.86,-4.81,2018
GF4S02592b,10.4542736,51.08471083,2011
N1540,8.162359036,56.31803005,2014
S000821,22.5004,58.15685,2012
GF4S19945b,27.31049,58.27957,2011
GF3S02169a,128.8980167,47.18333333,2014
GF4S04118b,100.167,27.167,2015
FMS08092v3a,138.7976944,35.9149167,2017
N1817,12.53891312,54.97290273,2014
N0703,117.91,29.126,2011
GF4T1587otu,38.64,-5.09,2016
GF3S01347a,26.00937,58.07906,2016
FMS25196v2,13.96,62.66,2014
GF3S10226b,10.97,43.35,2017
FMS10962v2,27.31,58.25,2012
GF4S02475b,9.242991595,48.39645862,2011
S008926,17.777006,66.034394,2009
GF4S12313b,-0.203672659,38.87118591,2014
FMS16BI0210v2,148.599397,-34.858486,2013
GF4S04115b,101.016,24.533,2015
GF4S04025b,101.574,21.612,2015
GF3S01312a,25.51712,58.31881,2015
S005907,5.263889,51.236111,2011
FMS16BI1699v2,147.0791,-42.3985,2014
S000591,146.80747,-6.71287,2011
GF4S14167b,-93.21,45.43,2017
FMS17696v2,92.1,33.71666667,2011
GF4T938otu,12.1,42.11,2019
GF4S13047b,9.455662505,48.40197195,2015
GF3S02211a,117.87,25.3,2015
S001686,23.551006,58.555214,2011
GF4T608otu,26.41,57.65,2013
GF4T1741otu,82.97,51.05,2018
GF4S03691b,101.016,24.533,2015
GF4T1341otu,-124.6,47.88,2014
GF4S03619b,101.016,24.533,2015
GF4T66otu,-51.45,-1.72,2015
N0715,117.91,29.126,2011
S008708,17.846592,65.954818,2009
GF4S21891b,14.5358447,50.0178889,2017
GF4S20124b,22.6416,57.2431,2014
GF4S17746b,138.79818,35.9588,2014
FMS15720v2,88.40666667,33.295,2011
GF4S03110b,100.167,27.167,2015
FMS16BI1176v2,149.0083,-35.8811,2014
GF4S03374b,101.016,24.533,2015
GF3S02347a,122.4335,50.9891,2017
FMS22949v2,-120.35,50.88,2010
GF4T623otu,27.4,57.94,2013
GF4S17513b,124.3333333,51.7,2018
S008943,17.749183,66.14522,2009
FMS08006v3a,138.8177222,35.9173889,2016
GF4T389otu,-150.34,66.96,2018
GF4S03162b,100.167,27.167,2015
GF4S19842b,27.324793,58.281896,2017
GF3S02375a,121.4957,50.9426,2017
S008794,17.819018,65.96866,2009
GF4S21721b,26.55757,57.5512,2015
FMS22867v2,-82.85,47.57,2011
GF4T423otu,5.97,50.77,2018
GF3S01738a,24.48,61.4,2014
GF4S13126b,4.4604,50.8136,2019
FMS22968v2,-95.15,31.11,2012
GF4S10581b,117.6536944,32.00848183,2015
GF4T388otu,-149.47,68.13,2018
FMS16BI1526v2,117.687632,-34.403644,2016
FMS16BI1858v2,150.73577,-33.62083,2015
GF4T1222otu,27.66,-11.48,2012
GF4S01626b,4.990069,50.88687,2018
GF3S08361b,7.416666667,60.55,
FMS16BI1032v2,144.08213,-39.89271,2013
GF3S02118a,112.5333333,23.16666667,2014
GF4S21604b,23.69,58.669,2014
GF3S02319a,121.809,50.9862,2017
GF3S05219a,-61.751155,47.439198,2011
GF4S19297b,17.4,64.0731283,2016
GF3S00771a,-3.3271,36.97166,2013
GF4S19937b,27.31185,58.26203,2011
GF4S21496b,17.0238792,49.7122972,2018
FMS00569v3,13.422222,48.49583,2014
GF4T1034otu,29.4,-3.8,2020
GF4S20098b,26.5901,58.3078,2014
FMS25303v2,22.41,66.58,2014
GF4S15881b,-72.1875,42.4836111,2016
GF3S01403a,27.045556,58.288889,2014
FMS08016v3a,138.8177222,35.9173889,2016
GF4S02512b,10.43618038,51.11336235,2011
GF4S16772b,21.31514,69.51599,2013
FMS16BI1321v2,138.678149,-34.688921,2016
FMS21811v2,10.238754,51.267973,2012
GF4S03903b,101.574,21.612,2015
GF4S21635b,23.09454,58.75463,2015
GF3S01426a,26.34164,58.08112,2012
N1468,10.2409176,57.59655266,2014
FMS24729v2,-72.2078598,42.508422,2013
GF4S03521b,100.167,27.167,2015
S005213,10.36995394,51.21001129,2011
N1526,8.378025751,56.16754556,2014
FMS15029v2,-69.38,-54.68,2009
GF4T1026otu,91.11,30.79,2019
GF4S19539b,122.0841667,51.7947222,2021
FMS25123v2,14.75,63.51,2014
S000617,-60.08825,5.435667,2011
GF4S20616b,26.666538,58.011861,2015
GF3S03494a,103.27,36.17,2015
GF4S19948b,27.31255,58.28031,2011
GF4S20043b,25.55063,58.35081,2013
GF4T503otu,-90.48,14.05,2019
GF4S21651b,22.50552,58.70136,2015
FMS17642v2,98.38333333,37.01666667,2011
GF4S18780b,21.31514,69.51599,2013
N1934,144.574145,-35.329233,
FMS16BI0377v2,145.881418,-41.555433,2013
FMS26130v2,21.89553,58.32671,2012
GF4S03473b,101.016,24.533,2015
FMS22819v2,-121.04,39.55,2011
N1487,8.642470696,57.06436271,2014
S000536,-87.19355,21.21018,2011
GF3S10250b,26.05,47.3,2017
FMS24998v2,14.08,60.94,2014
S009122,17.749183,66.14522,2009
FMS16BI1075v2,120.6551097,-30.19191,2013
S00D569,21.7,61.8,2011
GF3S00689a,-2.97177,37.01928,2014
FMS08197v3a,118.9199746,42.2999713,2015
GF4S21722b,26.2523,59.2819,2015
N4026,119.0072667,29.65295556,2015
FMS15537v2,148.173108,-41.542811,2012
FMS23169v2,-120.42,50.85,2010
S000817,115.42452,39.95724,2012
GF4S10732b,5.777071,52.014828,2016
S008897,17.807557,65.977202,2009
GF4S01182b,114.8847222,37.8285,2015
GF4S19628b,26.64025,57.9523,2013
GF4T1679otu,177.86,64.71,2018
S000640,145.57978,-17.01523,2012
GF4S21831b,23.70008,59.16931,2018
FMS11770v2,-61.762125,47.460673,2011
GF3S02192a,110.4833333,31.3,2014
FMS25391v2,22.58,66.51,2014
GF3S01699a,26.55,60.48,2014
GF4S03942b,100.167,27.167,2015
GF4S20697b,26.379294,58.545558,2015
GF3S02128a,121.25,51.51666667,2014
GF4S03412b,100.167,27.167,2015
GF3S00775a,-3.33883,36.96555,2013
GF4S03220b,100.167,27.167,2015
GF3S03481a,114.18,33.64,2015
GF4T716otu,47.92,-18.92,2010
FMS26331v2,22.26762,58.29701,2012
GF4S03029b,101.016,24.533,2015
FMS16BI0181v2,146.5083,-36.1111,2012
GF4S04130b,100.167,27.167,2015
GF4S09328b,-96.58333333,39.0833333,2018
FMS17742v2,91.53333333,30.61666667,2011
S005208,9.420956717,48.4758912,2011
GF4T1699otu,1.45,10.21,2018
GF4S19706b,26.24122,58.70963,2017
FMS16BI1582v2,116.15891,-32.53487,2016
GF4S17827b,-83.47651,35.56452,2013
S000731,26.34164,58.08112,2012
GF4S16287b,-93.21,45.43,2017
FMS26475v2,22.44009,58.2402,2012
GF4S03149b,101.016,24.533,2015
FMS16BI1800v2,146.6831746,-43.09763684,2015
GF3S01509a,8.374815015,46.56944197,2017
GF4S13155b,4.4203,50.7451,2019
FMS10968v2,27.31,58.25,2012
GF4S19269b,18.58,64.39750537,2016
S009029,17.846592,65.954818,2009
GF4S21704b,23.48397,59.0029694,2015
FMS08022v3a,138.8177222,35.9173889,2016
S00D517,27.31255,58.28031,2011
FMS22824v2,-121.04,39.55,2011
GF4S21105b,23.93453038,59.31387387,2016
S001670,23.31667,58.55,2011
FMS21757v2,10.311413,51.271362,2012
N3725,-123.2666667,54.3333333,2014
S009250,16.6450629,49.25590245,2013
FMS00619v3,8.743889,50.11694,2014
GF4S03299b,101.574,21.612,2015
FMS16BI0270v2,148.81105,-35.3912,2013
FMS16BI0134v2,150.6666743,-35.13674651,2012
FMS10979v2,27.31,58.25,2012
GF4S19767b,24.35053,56.63219,2019
GF4T803otu,-71.73,-44.83,2012
S00D504,27.32687,58.27624,2011
GF4S20421b,24.038611,59.384605,2015
GF4S19923b,27.32687,58.27624,2011
GF4S02050b,18.849,68.328056,2008
S000849,145.32475,-6.197833333,2011
FMS10584v2,-67.128362,17.951602,
FMS00252v3,13.9675,45.84556,2013
GF4S21823b,23.61643,59.219,2018
FMSA8F1066v2,-79.85,9.15,2012
FMS04031v3,9.63437,46.09329,2014
GF4S03633b,101.016,24.533,2015
GF4S21593b,26.5561,58.3701,2014
N4205,130.54,31.34,2015
S000560,-9.000622,38.469741,2012
GF4T943otu,11.85,50,2019
FMS05341v3,113.34479,34.88979,2015
S009252,16.62698512,49.30045341,2013
GF4S19850b,26.80449,57.77622,2017
FMS16BI1155v2,149.01025,-35.8769333,2014
GF4S19884b,26.819213,58.462098,2017
GF4S12613b,126.7282834,33.4780278,2015
FMS16BI1468v2,119.158039,-32.874588,2016
GF4S02561b,10.31073846,51.2716477,2011
GF4S21216b,25.54732,58.35098,2019
GF4S11478b,-113.1353,62.5409,2015
GF4S11453b,-112.2237,59.7423,2015
GF4S19966b,27.36019,58.28548,2011
GF4T860otu,-0.72,38.3,2019
GF4S19730b,26.929382,58.5482,2017
FMS11780v2,-61.747045,47.453738,2010
FMS12310v2,17.5307,60.072,2012
FMS16BI0451v2,148.7989167,-35.42356667,2013
GF4S21855b,25.8255,57.8987,2017
S008875,17.743818,66.025354,2009
FMS23393v2,-120.35,50.88,2010
FMS16BI1326v2,138.692509,-34.721531,2016
FMS22757v2,-89.39,49.07,2011
N2043,145.726367,-34,
FMS22719v2,-89.41,49.07,2011
GF4S12831b,-76.376917,44.5842,2016
GF4T517otu,21.12,69.36,2019
GF4T1111otu,21.57,69.89,2020
GF4T1603otu,55.1,36.97,2017
GF4S03392b,100.167,27.167,2015
GF4T1094otu,10.9,61.73,2020
GF4T1566otu,37.47,-3.52,2016
GF4T1164otu,15.94,67.96,2020
GF4T658otu,18.88,67.87,2014
S000996,18.816002,68.354395,
FMS26274v2,22.18282,58.10608,2012
GF4S20876b,24.142656,59.353581,2016
GF4S01608b,4.98764,50.87281,2018
FMS23207v2,-120.42,50.85,2010
GF4S03082b,101.574,21.612,2015
FMS02401v3,29.58333333,67.7666667,2013
FMS00470v3,13.259722,48.40417,2014
FMS23507v2,-121.92,52.32,2009
GF3S05271a,-61.767544,47.463891,2011
FMS19534v2,81.54577778,44.62013889,2015
FMS16BI0260v2,148.8234,-35.3952,2013
GF4S20976b,26.79971,58.37058,2016
GF4T531otu,39.72,6.75,2019
GF4S20360b,25.921073,58.624157,2015
FMS16BI0359v2,140.7186,-33.9569,2013
FMS16BI0070v2,149.01165,-35.8748166,2014
FMS16BI0524v2,121.2342833,-28.17221667,2011
GF4S10834b,5.89,45.1,2014
GF3S09219b,11.41656111,51.6224444,2016
GF4S03639b,101.016,24.533,2015
GF4T202otu,97.97,19.5,2014
GF4S17452b,102.0439278,29.59448611,2014
GF4S03207b,101.574,21.612,2015
N0487,117.909,29.127,2011
FMS25087v2,14.56,61.42,2014
GF4S19776b,22.85058,56.60674,2019
GF4T110otu,116.28,-34.36,2011
FMS08065v3a,138.7976944,35.9149167,2016
GF4S03744b,100.167,27.167,2015
FMS20381v2,24.17,61.51,2011
GF4S21090b,25.75668589,58.35995847,2016
GF4S20840b,24.80877,59.549775,2015
GF4S03984b,101.574,21.612,2015
GF4T1582otu,38.43,-5.21,2016
FMS11800v2,-61.754937,47.433997,2010
S009315,16.70662324,49.29034152,2013
GF4S01986b,18.848083,68.330444,2008
FMS9545v2,13.85522125,48.7766048,2011
GF4T1158otu,15.38,66.82,2020
GF4S19634b,26.97972,58.57232,2017
S000507,142.60428,43.28847,2011
GF4T230otu,41.62,41.37,2015
S001701,22.76667,58.83333,2011
FMS11064v2,26.433,58.1833,2012
GF4S02476b,9.233799393,48.36500227,2011
GF4S20553b,23.005877,58.795534,2015
FMS9566v2,13.8552539,48.7766253,2011
FMS16BI1196v2,149.0097,-35.8766833,2014
FMS16BI0197v2,138.727,-34.93343,2013
GF4T1269otu,12.6,62.59,2011
GF3S02062a,115.4333333,39.96666667,2014
FMS25094v2,15.69,63.31,2014
FMS00673v3,21.335278,41.01417,2014
GF4S20542b,22.829189,58.792501,2015
GF4T1513otu,-99.92,24.4,2016
GF4S03206b,100.167,27.167,2015
GF4S01662b,4.98592,50.87563,2018
GF3S09290b,12.6793169,50.2420728,2006
GF4S18776b,21.3175,69.51761,2013
GF4S21627b,22.47252,58.78842,2015
FMS11072v2,26.433,58.1833,2012
GF3S05192a,52.1301,36.3051,2018
GF4S19924b,27.3335,58.26945,2011
GF4T1651otu,13.06,47.56,2018
GF4S20093b,26.784,57.977,2014
FMS16BI1179v2,149.0097,-35.8766833,2014
GF4S21890b,14.5358447,50.0178889,2017
FMS24725v2,-72.2078598,42.508422,2013
GF3S05832a,14.70776268,48.66670197,2015
GF4S03251b,101.574,21.612,2015
N1862,-96.78,44.04,
FMS16BI0258v2,148.80014,-35.3556,2013
N0801,117.908,29.124,2011
GF4S20526b,23.071676,58.821726,2015
GF4T852otu,176.17,-37.96,2019
GF4S20349b,27.525909,58.126246,2015
GF4T315otu,-53.71,66.95,2017
GF4S21295b,27.78241,59.38811,2020
FMS04008v3,9.631177,46.08725,2014
FMS19485v2,118.4173667,49.47875,2015
FMS24300v2,5.63,52.25,2016
GF4S17592b,94.42694444,29.6497222,2018
FMS23629v2,-126.31,52.32,2008
FMS24073v2,124.9,41.85,2013
FMS16BI0199v2,138.727,-34.93343,2013
GF4S17738b,138.80379,35.94588,2014
FMS19531v2,82.53013889,43.59547222,2015
FMS17669v2,94.5,35.86666667,2011
GF4S16752b,21.31906,69.51869,2013
GF3S05803a,14.70942799,48.66687433,2015
GF4T420otu,4.49,50.8,2018
S008910,17.84363,65.946791,2009
FMS00518v3,21.985556,40.88361,2014
GF3S03502a,117.93,40.82,2015
GF4S03170b,101.574,21.612,2015
GF3S02339a,122.4323,50.9894,2017
GF4S20188b,27.106665,57.744726,2015
N3618,-123.2666667,54.3333333,2015
FMS25388v2,22.58,66.51,2014
GF4S19684b,26.70506,58.12242,2017
N3670,-123.2666667,54.3333333,2015
GF4S10569b,117.574526,32.05497747,2015
GF4S20591b,23.695348,58.426627,2018
N3662,-123.2666667,54.3333333,2014
GF4T385otu,-148.9,63.39,2018
FMS11970v2,129.23,35.812778,2011
N3664,-123.2666667,54.3333333,2014
GF4S21509b,16.8377397,48.814505,2018
FMS23179v2,-120.42,50.85,2010
S009205,16.77064347,49.30563655,2013
FMS21788v2,10.238748,51.267749,2012
GF3S05203a,-61.739908,47.459647,2011
GF4S03901b,101.574,21.612,2015
GF4S21567b,26.689,58.369,2013
FMS00438v3,8.767433,50.11222,2014
GF4S03228b,101.574,21.612,2015
GF3S08474b,7.416666667,60.55,
FMS05362v3,114.19036,33.36277,2015
FMS24961v2,14.14,60.69,2014
FMS16BI1022v2,152.878317,-27.387599,2013
FMS24757v2,-71.3317636,42.4093993,2013
FMS16BI0621v2,131.0368,-25.3564,2012
FMS16BI1698v2,147.46603,-42.27659,2014
GF4S21378b,25.246961,58.590669,2017
GF4S03982b,100.167,27.167,2015
GF4T1133otu,23.75,54.87,2020
S00D592,27.4316,59.0972,2013
FMS23050v2,-95.15,31.11,2012
FMS11789v2,-61.751432,47.451308,2010
FMS21734v2,10.31103,51.27151,2012
GF4S02491b,9.490470405,48.39117195,2011
S008724,17.846592,65.954818,2009
GF4S19991b,22.07618,58.30937,2012
GF4T1475otu,74.45,42.47,2015
GF3S05150a,1.036667,41.356111,2013
GF4S21734b,26.31548,59.1243,2015
S005941,13.61705,49.044033,2013
FMS16BI0127v2,138.2613,-35.60827,2013
GF4T436otu,-37.49,-10.59,2018
S008925,17.777006,66.034394,2009
S009251,16.61116838,49.29714876,2013
GF4S21055b,26.58831862,58.30085021,2016
GF4S21296b,27.35992,59.38419,2020
FMS26106v2,22.44765,58.35375,2012
FMS00644v3,6.027778,52.04861,2014
FMS22999v2,-95.15,31.11,2012
GF4S21601b,26.588,58.4176,2014
GF3S02061a,115.4166667,39.95,2014
GF4S04125b,101.016,24.533,2015
N2005,-1.802287,39.538668,
S000619,-59.925056,5.305306,2011
GF4S17371b,11.06,47.44,2016
GF4S21718b,26.3754,59.3901,2015
S005815,5.263889,51.236111,2011
FMS23515v2,-121.92,52.32,2009
FMS16BI0013v2,119.304,-34.21647222,2013
N0632,117.911,29.126,2011
GF3S01702a,24.48,61.4,2014
GF4T782otu,-71.37,-41.15,2012
GF4S12813b,-76.361517,44.55115,2016
GF4S20610b,27.128256,58.604359,2015
GF4T1548otu,-65.82,18.32,2011
FMS25020v2,14.07,60.94,2014
GF4S20207b,26.624238,58.651072,2015
S008916,17.871057,65.945096,2009
FMS05320v3,117.67639,36.98427,2015
FMS23011v2,-95.15,31.11,2012
FMS23545v2,-126.31,52.32,2008
S008776,17.725049,66.13815,2009
GF4T1212otu,146.78,-43.12,2013
GF4S14500b,16.665998,49.2571,2016
FMS16BI0231v2,132.78996,-12.8649,2013
FMS08175v3a,125.2393461,43.9295377,2015
N1006,-83.96,35.84,2014
GF4S02518b,10.44676071,51.27514902,2011
GF4S20462b,26.576385,57.759369,2015
FMS21761v2,10.238938,51.26789,2012
GF4S03246b,101.016,24.533,2015
GF4S21148b,26.51096346,58.75619517,2016
FMS22821v2,-121.04,39.55,2011
FMSA8F1053v2,-79.85,9.15,2012
GF4S02993b,101.574,21.612,2015
GF4S21169b,25.93082604,58.14298872,2016
GF4S03587b,101.016,24.533,2015
GF4S02503b,9.501253537,48.38923689,2011
GF4T1142otu,18.97,69.69,2020
GF4S16493b,112.1666667,23.1666667,2016
GF4S20150b,22.05,58.01,2014
GF4S04112b,101.574,21.612,2015
GF3S04482a,29.78302609,62.61025854,2019
FMS24943v2,14.05,60.94,2014
GF4S13129b,4.4612,50.8123,2019
GF4S21551b,25.54067,58.13673,2013
GF4S02130b,18.854472,68.326056,2008
GF4T1326otu,-116.43,34.15,2014
GF4S21481b,27.3527,57.9382,2013
S001688,22.76667,58.83333,2011
FMS16BI1838v2,150.73693,-33.61008,2015
FMS08141v3a,138.8315,35.9194722,2017
GF4S14558b,13.49420393,49.084032,2016
FMS26217v2,22.26809,58.29669,2012
FMS24924v2,14.13,60.96,2014
FMS25411v2,22.53,66.58,2014
FMS17254v2,56.560944,37.371111,2010
N0539,117.909,29.124,2011
GF4T870otu,127.65,36.71,2019
GF4S19949b,27.31041,58.27645,2011
FMS25338v2,22.63,66.5,2014
GF4T1527otu,92.74,11.73,2016
GF4S03769b,100.167,27.167,2015
GF4S03791b,101.574,21.612,2015
GF3S05792a,14.707853,48.6658366,2015
FMS00609v3,5.84493,51.75444,2014
FMS16BI0065v2,149.01088,-35.8748666,2014
GF4T521otu,2.66,8.55,2019
FMS15698v2,-21.55,74.4666667,2011
GF4S17391b,11.06,47.44,2016
FMS16BI0508v2,127.8730167,-17.87356667,2011
GF3S09303b,12.7354503,50.2551353,2010
FMS04019v3,9.638735,46.094377,2014
GF4S21200b,23.55127,58.56215,2017
GF4T1081otu,-80.5,25.51,2020
GF4S21842b,23.82181,59.21741,2018
GF4T895otu,58.27,56.79,2019
GF4S20992b,26.048,58.976,2016
N1768,10.45161848,55.15152867,2014
S005222,10.36546587,51.18316036,2011
N1769,10.45161848,55.15152867,2014
GF4S20909b,26.944904,57.542988,2016
GF4S03461b,101.574,21.612,2015
GF3S02146a,111.5,25.51666667,2014
N0545,117.908,29.124,2011
S001721,23.31667,58.55,2011
FMS08081v3a,138.7976944,35.9149167,2017
GF4T1109otu,23.33,68.54,2020
GF4S19263b,13.87,57.84653703,2016
GF3S04558a,25.665306,61.0086313,2019
GF4S02138b,18.854472,68.326056,2008
GF4S20096b,26.6515,58.3402,2014
S000508,128.26089,42.06022,2011
FMS23455v2,-121.92,52.32,2009
GF4T115otu,117.44,-34.96,2011
N4201,130.46,31.31,2015
GF4S02578b,10.36025455,51.33392781,2011
FMS06177v3,101.24225,21.91977,2013
GF3S01397a,26.281944,58.156944,2014
S000574,-72.046,-0.392,2011
FMSA8F1014v2,-72.19,42.53,2012
FMS25213v2,15.28,63.19,2014
S000587,147.37553,-9.43501,2011
FMS9543v2,13.85523375,48.7765885,2011
FMS05347v3,119.93744,36.68844,2015
GF4S02477b,9.311183757,48.48424457,2011
GF3S01330a,25.38874925,58.04790717,2016
GF4S20027b,22.31476,58.21082,2013
S008795,17.819018,65.96866,2009
GF4S17439b,102.0756083,29.60721389,2014
FMS00539v3,23.240833,40.84,2014
GF4S20899b,26.483434,58.505818,2016
GF4S02468b,9.393147776,48.37778692,2011
FMS26118v2,21.89553,58.32671,2012
GF4S17577b,94.42694444,29.6497222,2018
S006137,29.58333,67.76667,2011
GF3S05179a,52.0819,36.3713,2018
FMS08126v3a,138.8315,35.9194722,2017
S005874,5.263889,51.236111,2011
FMS16BI0611v2,118.8600872,-34.09390556,2013
GF4S02807b,100.167,27.167,2015
GF4S20868b,26.37125,58.946821,2016
FMS08206v3a,106.1905608,38.2694874,2015
GF4S02595b,10.45860764,51.08442644,2011
GF3S01737a,27.33,64.27,2014
GF4S21103b,24.13686156,59.22868523,2016
GF4S02602b,10.36801247,51.33367657,2011
FMS17251v2,116.015833,48.223083,2010
GF4T1199otu,168.08,-45.6,2012
FMS16BI1362v2,138.692351,-34.721805,2016
FMS21751v2,10.311438,51.27173,2012
GF4T688otu,-96.45,17.39,2018
GF4S11409b,-116.6497,62.4875,2015
GF3S04458a,30.17329913,62.61313694,2019
S000624,12.736,3.73,2011
GF3S04500a,25.597211,62.218918,2019
GF4S02698b,13.86236515,52.91476876,2011
FMS22983v2,-95.15,31.11,2012
GF4T421otu,4.72,50.03,2018
N0676,117.907,29.123,2011
FMS00479v3,14.565278,48.43722,2014
GF4S20885b,23.933777,59.211863,2016
GF4S03256b,100.167,27.167,2015
FMS26277v2,22.18282,58.10608,2012
FMS23415v2,-120.35,50.88,2010
GF3S06738a,128.463275,38.032124,2018
GF4T945otu,14.77,57.15,2019
GF4T902otu,-2.21,53.12,2012
GF4S03562b,101.574,21.612,2015
S003404,-79.08989,35.98831,2011
GF4S21073b,26.55689855,58.37569155,2016
GF4S03644b,100.167,27.167,2015
FMS15535v2,147.907406,-43.050833,2012
GF4T1221otu,27.67,-11.48,2012
GF4S21808b,24.9807,58.415,2016
FMS24671v2,-73.3378848,42.4750834,2013
GF4T1641otu,37.6,-6.87,2018
GF4S19294b,16.33,61.86122121,2016
GF4S03940b,100.167,27.167,2015
FMS16BI0201v2,138.7976,-30.77565,2013
FMS16BI1221v2,152.426866,-28.227608,2014
GF4T181otu,74.74,14.28,2013
GF4S21682b,27.38942,59.23487,2015
GF4T1224otu,29.62,-19.93,2013
GF4S20644b,26.358796,57.983528,2015
GF3S10238b,23.62,52.71,2017
S006144,29.58333,67.76667,2011
S009077,17.871057,65.945096,2009
GF4S20430b,24.499174,58.670138,2015
GF3S02110a,128.08,42.28,2014
S000762,27.68945,57.87791,2013
GF4S21871b,14.1815497,49.7775758,2017
S000737,120.9,24.2,2011
GF4S03283b,100.167,27.167,2015
GF4S19722b,26.980371,58.600819,2017
FMS19506v2,112.0245,41.99335,2015
N1789,12.53900708,54.98049301,2014
GF4S20372b,24.768213,58.452052,2015
S009234,16.72777818,49.27501626,2013
GF4S03201b,100.167,27.167,2015
FMS16BI0588v2,150.6583748,-35.12804944,2012
FMS22946v2,-120.35,50.88,2010
GF4S04017b,101.016,24.533,2015
GF4T452otu,-39.05,-14.43,2018
GF4S02463b,9.414681796,48.41961847,2011
FMS16BI1906v2,150.73283,-33.61737,2015
FMS16BI0572v2,150.7596025,-35.14194472,2012
FMSA8F1082v2,-83.5,35,2012
GF4S19825b,26.99797,58.57846,2017
GF4S19331b,23.1,67.4752065,2016
GF4T373otu,91.55,26.25,2018
N3709,-123.2666667,54.3333333,2014
GF4S02790b,100.167,27.167,2015
GF4T91otu,-60.32,-2.57,2015
GF4S21678b,26.21607,58.23853,2015
FMS16BI0331v2,130.92964,-25.28703,
FMS21771v2,10.238754,51.267973,2012
FMS16BI1682v2,147.04742,-42.38784,2014
GF4S17710b,138.80387,35.9479,2014
FMS26466v2,22.44009,58.2402,2012
GF4S20085b,26.542,58.0545,2014
FMS00458v3,8.756667,50.24417,2014
S00D613,27.3418,57.9485,2013
GF3S08512b,20.191034,47.921792,2017
FMS17683v2,92.93333333,34.93333333,2011
FMS22748v2,-89.38,49.08,2011
GF4S21314b,24.90023,58.90706,2020
GF4S03429b,101.016,24.533,2015
FMS16BI0057v2,149.0097,-35.8766833,2014
GF4S04057b,100.167,27.167,2015
GF4S10852b,5.85,45.11,2014
N3719,-123.2666667,54.3333333,2014
GF4S02471b,9.398677707,48.37890998,2011
GF4T1505otu,-100.25,24.02,2016
FMS05321v3,111.89003,32.52867,2015
GF4S16146b,-96.58333333,39.0833333,2018
FMS10959v2,27.31,58.25,2012
GF4S21107b,23.91937589,59.34426707,2016
GF4T1344otu,99.3,25.28,2014
GF4S20114b,26.7223,58.57736,2014
FMS00497v3,23.006667,40.75028,2014
GF3S04774a,38.61888889,7.0838889,2015
S00D559,21.7,61.8,2011
GF4S17443b,102.0583611,29.60810833,2014
GF4S13063b,9.341986753,48.39800501,2015
GF4T912otu,8.22,40.61,2019
FMS20369v2,24.17,61.51,2011
GF4S19888b,26.531747,58.094344,2017
FMS25265v2,15.29,63.18,2014
GF4S20275b,22.843367,58.580017,2015
FMS00426v3,21.335278,41.01417,2014
N0694,117.91,29.126,2011
GF3S08513b,20.181935,47.912658,2017
GF4T918otu,51.42,25.48,2018
FMS17674v2,93.85,35.5,2011
GF4S20793b,25.605636,58.350053,2015
GF4T1059otu,99.29,9.1,2019
GF4S21033b,26.30843,58.20056,2016
GF4S21248b,26.5213,59.4991,2020
FMSA8F1025v2,-65.8,18.3,2012
GF4S03322b,101.016,24.533,2015
FMS25260v2,15.29,63.18,2014
S009306,16.68807241,49.29490555,2013
GF4S21493b,17.0327839,50.0223219,2018
S000555,47.31,38.34,2011
GF4S14177b,8.716666667,47.05,2014
GF4S03712b,101.574,21.612,2015
GF4S04091b,100.167,27.167,2015
GF4T854otu,175.86,-37.61,2019
FMS25315v2,22.45,66.54,2014
FMS20376v2,24.17,61.51,2011
FMS16BI0074v2,150.265414,-33.659823,2014
GF4S13121b,4.4051,50.7493,2019
GF4S20844b,24.334863,59.421053,2015
FMS24724v2,-72.2078598,42.508422,2013
FMS00298v3,6.020833,52.04222,2013
GF3S03500a,125.85,48.02,2015
GF4T10otu,-72.39,-0.63,2012
GF4T1575otu,38.59,-4.61,2016
GF4S02430b,9.51342304,48.40438131,2011
FMS16BI0477v2,145.5755,-36.650436,2013
GF4S16457b,-89.35,43.1333333,2015
N4203,130.54,31.34,2015
S008761,17.781014,66.133167,2009
S005748,5.263889,51.236111,2009
GF4T849otu,176.7,-38.67,2019
GF3S00708a,-2.98623,37.00643,2013
GF4S19695b,26.62424,58.12728,2017
GF4S02514b,10.39122087,51.21493506,2011
GF3S05836a,14.70804675,48.66431415,2015
S005760,5.263889,51.236111,2009
GF3S06737a,128.463275,38.032124,2018
GF4S02411b,9.53237875,48.40888148,2011
N1600,10.53128681,56.19642823,2014
GF4T533otu,39.27,6.99,2019
FMSA8F1015v2,-72.19,42.53,2012
FMS08229v3a,81.8403663,43.2309165,2015
GF4S11449b,-114.182,60.3487,2015
GF4S20613b,26.756272,58.035755,2015
FMS17270v2,-101.248559,23.737999,2008
GF4S20504b,25.084427,58.993232,2015
N0691,117.91,29.126,2011
FMS00335v3,21.108611,40.92,2014
GF4S20583b,23.532999,58.676028,2015
FMS11855v2,-105.38,39.99,2012
GF4S20356b,27.461493,57.749631,2015
FMS25128v2,14.75,63.51,2014
GF4T365otu,89.76,27.52,2018
GF4S02708b,13.78704314,53.03952843,2011
GF4S21199b,23.55127,58.56215,2017
FMS26001v2,21.89557,58.32669,2012
GF4S03215b,101.016,24.533,2015
GF4S02504b,9.35932469,48.38626121,2011
GF4S04123b,100.167,27.167,2015
GF4S03829b,100.167,27.167,2015
FMS24086v2,124.9,41.85,2013
GF4S04046b,101.574,21.612,2015
N0578,117.906,29.122,2011
S00D549,21.7,61.7,2011
GF4S13159b,4.4383,50.7656,2019
FMS05372v3,115.50631,33.22105,2015
GF4S21708b,26.5561,58.3701,2015
FMS16BI0354v2,138.8613,-34.60901,2013
FMS23501v2,-121.92,52.32,2009
FMS16BI0301v2,131.0138,-25.3629,2012
GF3S04582a,24.115948,61.59444444,2019
FMS17583v2,96.91666667,33.01666667,2011
GF4S02500b,9.452706574,48.39609323,2011
GF4T701otu,-91.68,16.11,2018
GF4S14175b,8.716666667,47.05,2014
S000633,-82.24106,8.75703,2012
GF4T576otu,42.8,43.08,2015
GF4S12632b,126.7282834,33.4780278,2015
S001164,4.531978,52.338001,2010
GF4S16475b,112.1666667,23.1666667,2015
GF4S03099b,100.167,27.167,2015
S00D630,27.2948,57.9237,2013
S005855,5.263889,51.236111,2011
FMS17313v2,-1.784601,37.726728,2010
FMS17747v2,90.61666667,30.2,2011
FMS06288v3,-84,30.75,2014
GF4T1532otu,-47.53,-15.52,2016
GF3S10248b,23.62,52.78,2017
FMS23481v2,-121.92,52.32,2009
FMS16BI1819v2,150.7284,-33.6113,2015
FMS11857v2,-105.38,39.99,2012
FMS11853v2,-105.38,39.99,2012
S005798,5.263889,51.236111,2009
FMS16BI0136v2,150.6326533,-35.16181402,2012
GF4S11380b,-116.4801,62.4914,2015
GF4S19882b,26.641166,58.405003,2016
GF4S21104b,24.13686156,59.22868523,2016
S00D568,21.7,61.8,2011
GF4S01178b,117.6327778,36.95022222,2015
GF4S21832b,23.82707,59.23936,2018
GF4T659otu,18.91,67.87,2014
FMS24649v2,-73.9559721,41.3914827,2013
GF4S17756b,138.80124,35.91544,2014
GF4S16428b,-85.37,42.38,2015
GF4S16149b,13.110873,56.700918,2014
GF3S05811a,14.70942799,48.66687433,2015
FMS16BI1036v2,144.07319,-39.89131,2013
S000776,23.86384,58.92812,2012
GF4T1126otu,24.08,54.89,2020
GF4S21485b,27.2948,57.9237,2013
FMS08111v3a,138.8315,35.9194722,2016
S009276,16.62821054,49.3174786,2013
GF4S20558b,24.967761,58.693734,2015
FMS16BI0583v2,150.7250605,-35.16259382,2012
GF4S17487b,101.9761583,29.55351667,2014
GF4S02594b,10.40930317,51.10627577,2011
GF4S03187b,100.167,27.167,2015
GF4S21688b,26.588,58.4176,2015
GF4S03291b,100.167,27.167,2015
GF4T793otu,-71.82,-41.2,2012
GF3S08509b,20.192524,47.918927,2017
S005231,13.84731137,52.91734663,2011
FMS11744v2,-61.741289,47.47561,2011
GF4S01133b,117.6327778,36.95022222,2014
FMS02392v3,29.58333333,67.7666667,2013
FMS23275v2,-122.61,54.35,2008
FMS24968v2,14.14,60.69,2014
FMS11781v2,-61.745881,47.455701,2010
GF4S21038b,25.39788083,58.04893203,2016
FMS11964v2,127.980833,37.693056,2011
GF4S03914b,100.167,27.167,2015
S000738,119.4427,30.3218,2011
FMS16BI1290v2,138.7817266,-34.61755,2016
GF4T138otu,145.14,-5.82,2011
GF4S03323b,101.016,24.533,2015
FMS21692v2,10.31103,51.27151,2012
GF4S03398b,101.574,21.612,2015
FMS17720v2,92.86666667,31.81666667,2011
GF3S05761a,14.70776268,48.66670197,2015
FMS23123v2,-120.28,50.93,2010
GF4T1457otu,76.28,34.42,2015
GF4S16302b,8.716666667,47.05,2014
GF4S01669b,4.96274,50.86261,2018
GF4S17382b,11.06,47.44,2016
GF4S02000b,18.848083,68.330444,2008
GF4S20278b,22.781012,58.475907,2015
GF3S03546a,-83.4806,35.6894,2017
GF4S01610b,4.98759,50.87284,2018
FMS21687v2,10.311229,51.271436,2012
FMS16BI0342v2,132.4582378,-13.5164665,2013
GF3S05785a,14.70355594,48.66672879,2015
GF4S21292b,26.3187,59.3052,2020
N3646,-123.2666667,54.3333333,2014
S005197,9.351450642,48.37999048,2011
FMS06175v3,101.24216,21.91976,2013
GF3S02168a,108.7833333,18.7,2014
GF3S03445a,127.46,50.25,2015
GF4S03802b,101.574,21.612,2015
GF4S14509b,16.73067243,49.28874761,2017
FMS19499v2,112.3672667,43.65458333,2015
GF4S11481b,-113.1353,62.5409,2015
GF4S03518b,101.574,21.612,2015
GF4S01559b,4.99042,50.88746,2018
N0573,117.906,29.122,2011
N1560,8.21282134,55.79507753,2014
GF3S05139a,1.034722,41.355,2012
FMS16BI1541v2,117.15546,-34.619163,2016
GF4S04074b,100.167,27.167,2015
FMS08011v3a,138.8177222,35.9173889,2016
GF4S03921b,101.016,24.533,2015
FMS00556v3,8.716,50.11173,2014
N1898,145.596,-33.4563,
GF4S20904b,26.73367,58.380285,2016
N3655,-123.2666667,54.3333333,2014
GF4S03287b,101.574,21.612,2015
FMS22866v2,-82.85,47.57,2011
GF3S09238b,11.70554167,51.6299111,2016
GF4S10818b,5.89,45.1,2014
FMS25312v2,22.45,66.54,2014
FMS16BI0187v2,132.6337124,-12.62078807,2012
GF4S02848b,101.574,21.612,2015
FMS21688v2,10.311229,51.271436,2012
FMS19489v2,120.6630833,43.11435,2015
GF4S03774b,100.167,27.167,2015
GF4S14537b,13.3525007,49.16035003,2015
GF4S21727b,26.5345,59.0984,2015
FMS22843v2,-82.25,46.75,2011
GF4S21633b,23.12283,58.83752,2015
GF4S04085b,100.167,27.167,2015
S00D511,27.3179,58.26206,2011
GF3S02367a,121.2915,51.1539,2017
FMS11040v2,26.433,58.1833,2012
N3630,-123.2666667,54.3333333,2015
FMS16BI1190v2,149.597383,-30.20098099,2014
GF4S02816b,101.016,24.533,2015
GF3S05181a,52.106,36.3595,2018
GF4S15846b,-72.1875,42.4836111,2016
GF4T1020otu,14.5,37.9,2017
FMS17600v2,95.86666667,33.71666667,2011
FMS00543v3,13.422222,48.49583,2014
GF4S20456b,27.578473,59.110602,2015
GF4S10944b,83.07,55.01,2017
FMS11010v2,27.0333,58.116,2012
GF4T648otu,17.6,67.68,2014
S005848,5.263889,51.236111,2011
S001722,23.31667,58.55,2011
GF4S21698b,24.05879,58.37978,2015
GF4S02122b,18.854472,68.326056,2008
FMS16BI0519v2,120.5461667,-28.05051667,2011
GF4S02490b,9.366384849,48.41051992,2011
FMS16BI0625v2,131.0516,-25.3504,2012
FMS23541v2,-126.31,52.32,2008
GF3S08483b,7.416666667,60.55,
N1687,12.1003326,56.02259609,2014
FMS26145v2,21.89553,58.32671,2012
GF4S22069b,-70.00603333,-4.32608333,2015
GF4S19662b,26.84393,58.5637,2017
FMS16BI1706v2,141.6841,-13.60315,2015
GF4S20143b,23.3011,58.434,2014
FMS19492v2,116.863,44.3978,2015
FMS05329v3,114.26951,33.42504,2015
FMS00350v3,5.808333,52.10833,2013
GF4S21848b,23.76922,59.18291,2018
N3552,110.21,31.29,2011
GF3S04530a,25.794602,61.103164,2019
GF3S09209b,11.87559444,51.3915694,2016
S000845,145.2761667,-6.361916667,2011
S008999,17.84593,65.955791,2009
GF4S02994b,100.167,27.167,2015
GF4S03339b,101.016,24.533,2015
GF3S04626a,-96.610631,39.101036,2015
GF4S20791b,25.830425,58.455426,2015
GF4S15838b,-72.1875,42.4836111,2016
S000658,45.37026,-22.53386,2010
FMS16BI0026v2,119.9996667,-33.93133333,2013
GF4S19326b,22.64,66.71802615,2016
FMS00580v3,13.551111,48.38,2014
GF4T1692otu,-10,10.7,2018
GF4S01653b,4.936586,50.849842,2018
FMS21714v2,10.311413,51.271362,2012
FMS00509v3,14.529722,48.40528,2014
GF4S03281b,100.167,27.167,2015
FMS05331v3,113.354,34.84568,2015
GF3S08608b,1.080943054,42.59106711,2013
GF4S02617b,13.61256691,53.09818193,2011
GF4S20210b,26.528195,58.733866,2015
FMS17639v2,98.9,36.93333333,2011
FMS25125v2,14.75,63.51,2014
S000559,14.20639,37.99389,2011
GF3S08605b,1.080903195,42.5911745,2013
GF4S17468b,102.0290861,29.58424167,2014
FMS11080v2,26.433,58.1833,2012
GF4S03393b,101.574,21.612,2015
GF4S03813b,101.574,21.612,2015
GF4T544otu,42.73,43.11,2015
FMS22948v2,-120.35,50.88,2010
S001660,23.31667,58.55,2011
S000681,145.67864,-37.56033,2011
N3700,-123.2666667,54.3333333,2014
GF4S21453b,26.5061,57.6655,2013
S001661,23.31667,58.55,2011
GF4S20619b,26.45242,57.542908,2015
GF4S19663b,26.67001,58.19947,2016
FMS16BI0606v2,118.8695336,-34.07456278,2013
S000649,131.7455,-12.71883333,2011
FMS11717v2,-61.716306,47.482374,2011
N1535,8.388856329,56.16729256,2014
FMS22921v2,-83.37,46.42,2011
S000670,30.80027,-17.85406,2013
FMS08044v3a,138.8177222,35.9173889,2017
GF3S01441a,24.34035,59.10435,2014
GF4S02623b,14.00913956,53.10941171,2011
FMS22924v2,-120.78,39.26,2011
FMS22936v2,-120.78,39.26,2011
GF4S11392b,-114.1654,60.3432,2015
GF4S13146b,4.422,50.7496,2019
FMS16BI1398v2,138.679629,-34.710551,2016
FMS17603v2,95.7,33.93333333,2011
GF4T829otu,-73.43,-40.2,2019
GF4S02409b,9.341986753,48.39800501,2011
GF4S21837b,23.81343,59.20905,2018
GF3S05131a,1.044722,41.36,2009
FMS16BI0069v2,149.01165,-35.8748166,2014
S000768,22.0958,58.30223,2012
GF4T867otu,126.53,37.74,2019
S005852,5.263889,51.236111,2011
FMS23391v2,-120.35,50.88,2010
GF4T591otu,27.46,59.08,2013
GF4T611otu,26.5,57.65,2013
GF4S17514b,124.3333333,51.7,2018
FMS24693v2,-73.3378848,42.4750834,2013
GF3S03171a,26.5866,58.41797,2013
FMS06204v3,101.25928,21.95373,2013
GF4S17697b,138.79742,35.91476,2014
GF4S15900b,-48.35194444,-21.30638889,2018
FMS15729v2,90.24861111,31.39055556,2011
GF4T364otu,89.81,27.65,2018
S00D528,27.32624,58.27872,2011
GF4S03865b,101.016,24.533,2015
FMS22862v2,-82.85,47.57,2011
FMS16BI0549v2,141.99678,-35.12282,2012
FMS16BI1887v2,150.72577,-33.61158,2015
GF4T1352otu,12,57.66,2014
FMS00478v3,23.070278,40.70194,2014
GF4S21081b,25.68226774,58.17611869,2016
GF4S03747b,100.167,27.167,2015
FMS22998v2,-95.15,31.11,2012
GF4T743otu,130.69,42.76,2010
FMS22889v2,-82.85,47.57,2011
GF4S19894b,26.57175,58.19075,2011
GF4S20001b,22.44107,58.23408,2012
S008858,17.819018,65.96866,2009
GF4S16768b,21.31583,69.51653,2013
S000766,21.89557,58.32669,2013
GF4S19913b,27.32315,58.28339,2011
GF4S11385b,-116.7057,61.8368,2015
FMS24655v2,-73.9559721,41.3914827,2013
GF4S12273b,-0.799118176,39.54601002,2014
GF4S19323b,22.64,66.71802615,2016
GF4S20894b,26.761448,59.077543,2016
GF4S20340b,27.111868,58.552291,2015
GF4S13346b,4.4181,50.748,2019
GF3S08353b,7.416666667,60.55,
FMS16BI0219v2,115.1639167,-30.10295,2013
FMS25046v2,14.54,61.26,2014
GF4S16152b,13.110873,56.700918,2014
GF4S16741b,21.31546,69.51703,2013
GF4S19750b,25.665967,59.237655,2017
FMS16BI1222v2,152.427209,-28.227565,2014
GF4T1257otu,25.31,66.67,2013
GF3S09311b,12.6401353,50.2319303,2015
S000852,103.78688,22.32166,2012
FMS16BI0380v2,146.299029,-42.041572,2013
GF3S01363a,23.92720593,59.3310369,2016
GF3S10234b,23.63,52.89,2017
GF4S21797b,22.30828,58.46634,2016
GF4T909otu,9.57,39.74,2019
FMS17225v2,142.460103,-33.960183,2010
GF4S20838b,25.968826,58.658327,2015
FMS06200v3,101.25937,21.95441,2013
N0619,117.909,29.127,2011
FMS08123v3a,138.8315,35.9194722,2017
GF4S21728b,26.5345,59.0984,2015
S008995,17.84363,65.946791,2009
GF4S15858b,-72.1875,42.4836111,2016
FMS16BI0306v2,152.10008,-28.2138,2013
FMS26424v2,22.26849,58.29754,2012
FMS16BI0462v2,148.7968,-35.4235,2013
FMS17284v2,-1.999301,34.309672,2010
FMS25017v2,14.07,60.94,2014
S005753,5.263889,51.236111,2009
FMS16BI0224v2,115.2134333,-30.17106667,2013
S009253,16.61626134,49.29642094,2013
FMS25291v2,22.45,66.55,2014
GF4S03147b,101.016,24.533,2015
N0530,117.91,29.124,2011
FMS22958v2,-120.35,50.88,2010
FMS08144v3a,106.063219,30.876372,2015
GF4T226otu,40.23,40.32,2015
GF4S11466b,-112.4218,59.8454,2015
GF4S21561b,27.0355,57.9354,2014
FMS17778v2,-72.95,-40.79,2013
GF4S16473b,112.1666667,23.1666667,2015
S003061,-119.91283,37.81261,2011
FMS16BI0526v2,121.0622833,-30.4051,2011
N3701,-123.2666667,54.3333333,2014
GF4S02654b,13.82633214,52.97843781,2011
GF4S12261b,-0.861042048,39.57921588,2014
GF4S21834b,23.82582,59.23916,2018
GF4S20327b,25.920783,57.976769,2015
S000541,21.936,58.30122,2013
S000730,22.80056,58.61218,2012
FMS25309v2,22.45,66.54,2014
GF4S20392b,25.285663,59.492609,2015
GF4S03781b,101.574,21.612,2015
S000586,147.34958,-9.44475,2011
GF4T776otu,29.48,-20.02,2012
FMSA8F1071v2,-83.5,35,2012
FMS17711v2,91.85,31.56666667,2011
N0903,-83.96,35.84,2014
GF4S20782b,26.963113,58.412086,2015
FMS17371v2,34.652229,31.270716,2009
GF4S19280b,14.24,57.55976735,2016
FMS16BI1044v2,143.89352,-39.8567,2013
FMS17606v2,96.36666667,33.96666667,2011
FMS11071v2,26.433,58.1833,2012
GF4S21950b,27.046111,58.289167,2014
FMS25059v2,14.21,60.95,2014
FMS04024v3,9.887449,46.2945,2014
GF3S05230a,-61.738943,47.46839,2011
GF3S02126a,121.2333333,51.51666667,2014
GF3S02149a,114.05,26.5,2014
GF4S20820b,24.493046,59.313023,2015
FMS17691v2,92.35,33.95,2011
GF4S20565b,27.359105,57.731672,2015
GF4S21299b,28.07172,59.40011,2020
GF4S02870b,101.016,24.533,2015
FMS24984v2,14.29,61.19,2014
GF4S15849b,-72.1875,42.4836111,2016
FMS17679v2,93.31666667,35.31666667,2011
GF4S11339b,-112.182,59.7256,2015
GF4S19979b,24.71194,58.04579,2011
GF4S13153b,4.4228,50.7509,2019
FMS16BI1613v2,150.6259495,-33.59466727,2015
GF4S17712b,138.82762,35.94903,2014
GF4S20194b,26.716917,58.220509,2015
GF4S02131b,18.854472,68.326056,2008
GF4S11454b,-114.1592,60.3297,2015
GF4S21926b,14.5405472,50.6190522,2018
FMS11774v2,-61.716367,47.482499,2011
S001804,22.76667,58.83333,2011
FMS17592v2,96.38333333,32,2011
GF3S00209a,11.091,47.038,2016
FMS25032v2,14.19,60.73,2014
GF4S20215b,26.527136,58.732434,2015
GF4S03033b,101.574,21.612,2015
FMS10978v2,27.31,58.25,2012
FMS16BI1523v2,117.687632,-34.403644,2016
N1012,-83.96,35.84,2014
N1471,8.655690266,57.11689518,2014
FMS23005v2,-95.15,31.11,2012
S006163,29.58333,67.76667,2011
GF4T469otu,-46.92,-24.25,2018
S005227,10.37834387,51.17893474,2011
S006135,29.58333,67.76667,2011
FMS16BI0494v2,132.6242,-22.914,2011
GF4S03446b,100.167,27.167,2015
GF4S02911b,101.016,24.533,2015
GF4S01209b,111.84103,32.55538,2015
FMSA8F1034v2,-65.8,18.3,2012
FMS25092v2,15.69,63.31,2014
GF3S03541a,-83.5345,35.6953,2017
GF4S16748b,21.31466,69.51624,2013
S000502,133.57823,43.49348,2010
N1510,10.22988076,56.93212855,2014
FMS00464v3,13.375278,48.43778,2014
GF3S02361a,121.2913,51.1531,2017
N1957,142.686154,-33.931135,
GF3S02289a,121.3361,50.9252,2017
GF4S19555b,122.0386111,51.8372222,2021
GF3S03493a,114.69,27.37,2015
FMS22961v2,-95.15,31.11,2012
GF4T1662otu,25.3,0.29,2018
FMS17342v2,-115.79572,33.754262,2009
GF4T314otu,-50.68,67.03,2017
GF3S05654a,16.689123,49.333724,2014
FMS04010v3,9.631903,46.088565,2014
FMS17631v2,101.0166667,36.85,2011
FMS23359v2,-120.35,50.88,2010
GF4S03400b,101.574,21.612,2015
FMS19754v2,-64.7293,-22.399,
FMS16BI1785v2,150.73375,-33.62067,2015
GF4T1194otu,-102.6,22.2,2012
GF4S14437b,16.649731,49.274439,2017
FMS16BI1980v2,138.116249,-35.630431,2014
FMS19757v2,-65.9147,-27.3226,
GF4S19739b,26.69229,58.78722,2017
GF4T773otu,145.68,-37.56,2012
GF4S04056b,101.016,24.533,2015
FMS23273v2,-122.61,54.35,2008
GF4T167otu,20.1,66.71,2012
GF4S21433b,26.4149,57.6415,2013
GF4T1171otu,16.51,68.29,2020
S008736,17.761085,66.141704,2009
FMS26700v2,22.82668,58.48978,2012
FMS16BI1494v2,151.1349573,-33.6733605,2015
GF4S20739b,25.428926,59.163261,2015
GF3S09233b,11.08298056,51.8620639,2016
GF4S19245b,15.3,60.01075424,2016
GF4S02972b,100.167,27.167,2015
N0561,117.91,29.127,2011
GF3S02155a,108.87,18.73333333,2014
N1568,8.169670368,55.68438776,2014
GF4S20477b,25.663197,58.396142,2015
FMS16BI1569v2,150.5658457,-33.52670176,2015
GF4S01175b,117.7053056,37.02925,2015
FMS00420v3,8.671111,50.26639,2014
GF4S17676b,138.80218,35.94429,2014
GF4S02419b,9.347715524,48.4853988,2011
GF3S01433a,24.0119391,59.22915378,2016
GF3S00208a,11.098,47.043,2016
GF3S05128a,1.0325,41.351667,2009
GF4S03506b,100.167,27.167,2015
N2014,9.717897,34.956452,
FMS9540v2,13.8552525,48.77656405,2011
GF4T1181otu,-82.21,8.68,2012
GF4S03839b,100.167,27.167,2015
GF4S02575b,10.22690385,51.28281358,2011
GF4S21583b,26.635,58.28881,2014
GF4T788otu,-71.67,-40.13,2012
GF4S20051b,27.45895,58.09875,2013
GF4S17708b,138.80379,35.94588,2014
FMS16BI0571v2,150.7596025,-35.14194472,2012
GF4T1588otu,38.63,-5.09,2016
GF4T290otu,-83.71,22.65,2017
GF3S05157a,1.041111,41.354167,2013
GF4S15883b,-72.1875,42.4836111,2016
FMS21782v2,10.224485,51.268042,2012
GF4S20088b,26.9591,58.0629,2014
GF4S03925b,100.167,27.167,2015
GF4S21939b,26.803701,58.488423,2014
GF4T566otu,42.91,43.06,2015
GF4S03572b,100.167,27.167,2015
GF4S22088b,-51.42853333,-1.78038333,2015
GF3S08593b,1.076721405,42.59122143,2013
GF4S19938b,27.31185,58.26203,2011
S009072,17.807557,65.977202,2009
FMS16BI1319v2,138.678149,-34.688921,2016
GF4S14492b,16.63922327,49.25554086,2017
N3691,-123.2666667,54.3333333,2015
GF4S01187b,115.0418333,36.23005556,2015
FMS24299v2,5.63,52.25,2016
FMS23561v2,-126.31,52.32,2008
GF3S01697a,24.48,61.4,2014
FMS19497v2,116.2190167,44.03468333,2015
GF4S19982b,26.55972,58.33669,2019
S000506,132.9459,43.37664,2010
GF4S20203b,26.993145,58.43458,2015
S005813,5.263889,51.236111,2011
GF4S03582b,100.167,27.167,2015
GF4S20422b,24.449597,58.921267,2015
GF4S20836b,25.847489,58.559581,2015
GF4T555otu,42.62,42.98,2015
GF4S21379b,26.255175,57.752428,2017
FMS06307v3,-84,30.75,2014
S008824,17.714925,66.137601,2009
GF4S15877b,-72.1875,42.4836111,2016
GF4S20548b,22.390614,58.933587,2015
S006149,29.58333,67.76667,2011
S003094,-119.44064,37.85158,2012
GF4S20694b,24.28947,58.42778,2015
FMS00396v3,14.773056,46.22806,2014
GF4S02495b,9.439168156,48.39209893,2011
N1910,145.631861,-33.797051,
GF4S20125b,22.6416,57.2431,2014
S009291,16.71207,49.314934,2013
GF4S01578b,4.962924,50.86251,2018
GF4S21178b,25.44702251,58.30382939,2016
GF4S21806b,24.655039,58.336725,2016
FMS25245v2,15.19,63.15,2014
FMS22856v2,-82.25,46.75,2011
FMS00282v3,6.020833,52.04222,2013
GF4S20975b,27.1559,57.799,2016
S000805,13.24233,49.12015,2011
FMS16BI0324v2,130.8932849,-25.35649296,2013
N1522,8.128703025,56.31348114,2014
GF4S16477b,112.1666667,23.1666667,2016
GF4S14371b,16.65949322,49.30205489,2017
S008993,17.749183,66.14522,2009
GF4S16311b,8.716666667,47.05,2014
GF3S01375a,26.45794038,59.30702267,2016
GF4S13219b,4.4022,50.7472,2019
GF4S21886b,14.1075628,49.4373225,2017
GF4S20913b,26.920512,57.726591,2016
GF4T1508otu,-100.93,25.25,2016
GF4T564otu,42.72,43.05,2015
FMS00598v3,13.926389,45.66222,2014
FMS20327v2,24.17,61.51,2011
GF4T815otu,35.74,32.91,2019
FMS25171v2,15.84,62.72,2014
GF4T1336otu,52.9,36.3,2012
S000523,12.60246,62.58876,2013
GF4S19275b,14.4,59.17199001,2016
FMS08215v3a,118.8694269,32.0406877,2015
FMS23381v2,-120.35,50.88,2010
FMS23565v2,-126.31,52.32,2008
GF4T1042otu,144.13,-37.41,2019
GF4T1018otu,98.89,8.08,2019
GF4S12594b,126.7282834,33.4780278,2015
GF4S03126b,101.016,24.533,2015
FMS16431v2,15.76663333,50.7405167,2013
FMS21767v2,10.238938,51.26789,2012
GF3S09229b,11.08298056,51.8620639,2016
GF4S13059b,9.425251134,48.43954414,2015
GF4S20222b,26.30028,57.757777,2015
FMS16BI1156v2,149.0097,-35.8766833,2014
FMS10988v2,27.31,58.25,2012
GF4S20160b,26.3519,57.6058,2014
GF4S03449b,100.167,27.167,2015
GF4S11351b,-116.4459,62.5375,2015
GF3S08352b,7.416666667,60.55,
FMS08054v3a,138.7976944,35.9149167,2016
GF4S19756b,24.06976,56.55092,2019
FMS9519v2,13.8552136,48.7765531,2011
FMS16BI0438v2,148.2791,-42.1738,2013
GF4T1314otu,-3.77,8.77,2014
GF4S03811b,100.167,27.167,2015
GF3S02069a,115.4333333,39.96666667,2014
FMS00368v3,8.756667,50.24417,2014
GF4S01204b,114.27039,33.36182,2015
GF4T813otu,32.4,34.78,2018
GF4T1148otu,18.26,69.09,2020
FMS11710v2,-61.750839,47.439167,2011
GF4S02521b,10.3799461,51.25968112,2011
FMS16BI1414v2,138.681674,-34.735588,2016
GF3S02075a,115.4333333,39.95,2014
GF4S02950b,100.167,27.167,2015
GF4S11522b,-116.839,61.7379,2015
GF4S21531b,14.7880456,49.7430039,2017
GF3S02131a,121.25,51.5,2014
GF4T1390otu,15.32,-24.74,2014
GF4T654otu,17.43,67.61,2014
GF4S13152b,4.4235,50.7518,2019
GF3S05162a,1.036667,41.356111,2014
GF4S20892b,25.804132,58.738082,2016
FMS21835v2,10.238748,51.267749,2012
GF3S05187a,52.1906,36.2626,2018
GF4T873otu,177.73,-18.21,2019
GF4S19274b,19.11,65.13255426,2016
FMS25133v2,15.7,63.31,2014
FMS21805v2,10.238938,51.26789,2012
FMS23159v2,-120.42,50.85,2010
FMS08024v3a,138.8177222,35.9173889,2017
GF4S20173b,26.74305702,58.35702798,2014
S006156,29.58333,67.76667,2011
GF4S14402b,16.62124157,49.28154739,2017
FMS17306v2,-2.877436,40.354792,2006
GF4S21726b,26.15651,59.19716,2015
GF4T661otu,18.96,68.35,2014
FMS19524v2,84.09866667,42.98925,2015
GF4S20632b,26.272726,57.955749,2015
FMS25223v2,15.28,63.19,2014
FMS24139v2,133.34,48.03,2012
GF4T1077otu,145.08,-5.23,2020
FMS22849v2,-82.25,46.75,2011
FMS16BI0090v2,150.267825,-33.652974,2014
GF4S03867b,101.574,21.612,2015
FMS22982v2,-95.15,31.11,2012
GF3S02112a,128.0666667,42.08333333,2014
GF4S01165b,111.93469,32.58003,2014
S000728,22.65545,58.38859,2012
S000791,132.42584,43.54887,2010
FMS23145v2,-120.42,50.85,2010
GF4S20653b,26.762403,57.924312,2015
GF4S13347b,4.44,50.7658,2019
GF4S19751b,26.7486,58.07592,2017
GF4S15368b,112.1666667,23.1666667,2015
GF4S02460b,9.351450642,48.37999048,2011
GF4T1320otu,172.19,-41.77,2014
S009273,16.65274324,49.32493388,2013
FMSA8F1009v2,-105.38,39.99,2012
GF4S20843b,24.334863,59.421053,2015
FMS11020v2,27.0333,58.116,2012
GF4S02802b,100.167,27.167,2015
GF4S21622b,27.81751,59.1386,2015
FMS25231v2,15.37,63.16,2014
GF4S20136b,22.64869,57.44429,2014
N3661,-123.2666667,54.3333333,2014
GF4S04094b,100.167,27.167,2015
FMS11730v2,-61.735775,47.467216,2011
S009260,16.61116838,49.29714876,2013
FMS19285v2,165.0388,-21.1712,2013
GF4S02836b,101.016,24.533,2015
GF4S02646b,13.67576394,53.11573297,2011
GF4S17761b,138.8133,35.92194,2014
GF4S20291b,25.577225,58.902552,2015
GF3S00760a,-3.33892,36.96577,2014
GF4S20251b,23.23048,58.568954,2015
GF4S20521b,22.958023,58.880851,2015
GF4S18778b,21.31631,69.51689,2013
N1490,8.916948894,57.05073517,2014
FMS06283v3,-84,30.75,2014
FMS17261v2,-100.943528,23.601688,2008
GF4S21452b,26.5061,57.6655,2013
GF4S03252b,101.016,24.533,2015
S009255,16.62698512,49.30045341,2013
GF3S02313a,121.8086,50.9869,2017
S008754,17.719246,66.137992,2009
S005803,5.263889,51.236111,2009
GF4S19655b,26.1442,58.171,2017
GF4T1638otu,38.47,-6.66,2018
N3713,-123.2666667,54.3333333,2014
FMS26508v2,22.31942,58.28355,2012
GF4S16737b,21.31707,69.51785,2013
N1911,145.637641,-33.794211,
FMS25147v2,15.29,62.23,2014
S006141,29.58333,67.76667,2011
GF4S03307b,101.016,24.533,2015
GF4S03628b,101.574,21.612,2015
S009277,16.645232,49.317835,2013
FMSA8F1054v2,-122.26,44.2,2012
GF4S20138b,23.5685,58.5854,2014
FMS23055v2,-95.15,31.11,2012
GF4T825otu,-72.2,-40.78,2018
FMS26019v2,21.98974,58.26431,2012
FMS16BI1298v2,138.7781367,-34.616255,2016
GF4S03039b,100.167,27.167,2015
FMS25161v2,15.84,62.72,2014
FMS17576v2,98.56666667,34.98333333,2011
GF4T159otu,131.32,-13.53,2011
GF4S19725b,26.81106,57.71114,2017
FMS16BI1286v2,138.7784117,-34.6154966,2016
GF4S09993b,138.39,35.9,2015
GF3S10286b,-1.19511,38.04628,2017
GF4T523otu,2.71,9.82,2019
GF3S05097a,49.33555555,55.61583333,2016
GF3S05096a,49.33555555,55.61583333,2016
N0572,117.906,29.122,2011
GF3S03557a,-83.2389,35.0853,2017
GF4S21156b,25.23269238,58.41593156,2016
FMS10973v2,27.31,58.25,2012
FMS20295v2,24.17,61.51,2011
FMS16BI1503v2,120.314942,-30.788543,2016
GF4T500otu,-87.39,20.26,2019
FMS25318v2,22.45,66.54,2014
GF4S20417b,24.043841,59.383398,2015
FMS25348v2,22.48,66.58,2014
S001753,22.76667,58.83333,2011
GF4S20852b,27.123513,57.952797,2016
N0905,-83.96,35.84,2014
S000585,147.34867,-9.4448,2011
GF4S17681b,138.80041,35.94181,2014
GF4S03386b,100.167,27.167,2015
GF4S20149b,22.436,58.236,2014
GF4S17481b,101.9691278,29.56034167,2014
FMS25386v2,22.58,66.51,2014
FMS16BI1739v2,141.65258,-13.97474,2015
GF3S04428a,24.516578,60.294299,2019
FMS24979v2,13.85,60.68,2014
GF3S03173a,26.55598,58.36978,2015
GF4S16153b,13.110873,56.700918,2014
GF3S05706a,16.765138,49.323867,2014
FMS19747v2,-64.7252,-22.2778,
GF4S04120b,101.574,21.612,2015
GF4T1193otu,-96.64,17.17,2012
FMS17285v2,-1.999301,34.309672,2010
FMS08058v3a,138.7976944,35.9149167,2016
GF4S14449b,16.71767847,49.27898345,2017
GF3S09286b,12.6401353,50.2319303,2006
FMS20368v2,24.17,61.51,2011
GF4S03757b,100.167,27.167,2015
FMS10570v2,-65.828255,18.310345,
GF3S05639a,16.724879,49.3199,2014
GF4S20973b,27.1696,57.79313,2016
GF4S12333b,-0.206933747,38.84684571,2014
FMS21769v2,10.238754,51.267973,2012
GF4S20227b,26.299831,57.594384,2015
FMS22802v2,-122.61,54.35,2008
GF4S02492b,9.49587126,48.39114877,2011
GF4S21041b,25.26282985,58.14441808,2016
GF4S20866b,26.436552,58.714839,2016
GF4S03258b,101.574,21.612,2015
FMS25170v2,15.84,62.72,2014
FMSA8F1065v2,-122.26,44.2,2012
GF4S19718b,26.496843,58.487237,2017
GF4S14678b,13.93458069,48.73769237,2016
GF4S16746b,21.31508,69.51659,2013
GF3S08442b,7.416666667,60.55,
N3563,110.21,31.29,2011
GF4T277otu,-121.86,43.47,2016
GF4S03427b,101.574,21.612,2015
GF4S10807b,5.89,45.11,2014
GF4T368otu,89.29,26.68,2018
GF4S02861b,101.016,24.533,2015
GF3S05739a,14.70482686,48.66695901,2015
GF4S03069b,101.016,24.533,2015
GF4T1248otu,29.46,-19.88,2013
FMS23155v2,-120.42,50.85,2010
FMS25365v2,22.67,66.52,2014
GF4S04124b,101.016,24.533,2015
FMS16BI0486v2,134.6857167,-29.00203333,2011
FMS16BI0093v2,150.267756,-33.652613,2014
FMS24670v2,-73.3378848,42.4750834,2013
GF4T728otu,132.47,43.59,2010
GF4T595otu,27.5,59.06,2013
GF3S08343b,7.416666667,60.55,
GF3S08515b,20.18658,47.917315,2017
FMS16BI0295v2,140.587564,-34.003639,2013
GF3S05239a,-61.739396,47.474459,2011
FMS21682v2,10.311229,51.271436,2012
FMS10964v2,27.31,58.25,2012
GF4S01136b,114.8562778,37.80311111,2014
FMS00649v3,14.345278,48.56,2014
FMS25158v2,15.29,62.23,2014
GF4S15864b,-72.1875,42.4836111,2016
GF4S19328b,19.82,64.35554188,2016
GF4S21491b,14.7837661,48.7925842,2018
GF4S03870b,101.574,21.612,2015
GF3S01506a,8.374675037,46.56938698,2017
GF4S21004b,27.51445,59.27139,2016
N1848,10.372252,46.631345,
S005812,5.263889,51.236111,2011
GF4S21076b,26.71379789,58.52617706,2016
GF4S20898b,26.827395,59.154495,2016
FMS11769v2,-61.766677,47.459331,2011
GF3S01326a,22.721,57.288,2014
FMS16BI1551v2,116.22408,-32.5729,2016
FMS02370v3,26.63333306,67.35,2013
GF4S21180b,27.3776551,57.69420368,2016
GF4S21464b,27.3791,57.9212,2013
S008792,17.84593,65.955791,2009
FMS25124v2,14.75,63.51,2014
N2040,148.203347,-33.729918,
GF4S02702b,13.8592206,52.91845902,2011
GF4S21556b,26.80821,58.20379,2014
GF4S01215b,113.34479,34.88979,2015
S009076,17.84363,65.946791,2009
GF4S20988b,26.32,58.988,2016
FMS06205v3,101.23968,21.91982,2013
S001761,22.76667,58.83333,2011
FMS20274v2,24.17,61.51,2011
GF4S03819b,101.016,24.533,2015
GF4S21167b,25.92181617,58.1422843,2016
FMS00485v3,19.558056,42.87694,2014
GF4S21381b,27.5277,59.0673,2013
S005225,10.35927854,51.33715025,2011
GF4S19268b,18.58,64.39750537,2016
GF4S17469b,101.9958722,29.57920556,2014
GF4S12293b,-0.688596512,39.60901688,2014
N3553,110.21,31.29,2011
GF4S14426b,16.71786991,49.28890402,2017
GF4S16411b,-85.37,42.38,2015
FMS16BI0277v2,138.6902,-35.27211,2013
GF3S02122a,121.25,51.43333333,2014
GF4T609otu,26.41,57.64,2013
FMS22941v2,-120.78,39.26,2011
GF4S10854b,-1.32,51.78,2014
S000646,114.00517,-0.05881,2013
GF4S03985b,100.167,27.167,2015
GF4S19653b,26.810212,58.463155,2016
S000696,-71.8228,-41.1976,2011
GF4S04061b,101.574,21.612,2015
N4198,130.46,31.31,2015
GF4S21159b,24.98509272,58.4800532,2016
N3671,-123.2666667,54.3333333,2015
N0575,117.906,29.122,2011
S001631,14.89461,60.51231,2008
FMS16BI1715v2,145.08186,-41.65563,2014
S001615,13.97719,60.31286,2008
N1445,10.3637338,57.62822782,2014
S008871,17.714042,66.04005,2009
GF4S03597b,101.574,21.612,2015
FMS00616v3,19.167222,42.67861,2014
N3610,-123.2666667,54.3333333,2015
S009327,16.65108039,49.26543913,2013
GF4S15344b,-85.37,42.38,2015
GF4S19872b,26.480831,58.509993,2017
GF4S21549b,25.54067,58.13673,2013
GF4S01186b,115.0003611,36.25369444,2015
N1895,144.827,-35.494,
GF4S20032b,22.47637,58.35784,2013
GF4S20641b,26.363032,58.041153,2015
FMS16BI0261v2,148.8234,-35.3952,2013
GF4S03704b,101.016,24.533,2015
FMS21833v2,10.238748,51.267749,2012
FMS16BI0029v2,119.9150556,-33.84713889,2013
GF4S19970b,27.32624,58.27872,2011
GF4S16312b,8.716666667,47.05,2014
FMS08100v3a,138.8315,35.9194722,2016
GF3S05125a,1.032778,41.349167,2009
FMS10569v2,-65.834263,18.302196,
GF4T130otu,147.13,-7.3,2011
GF4S15339b,-85.37,42.38,2015
FMS11722v2,-61.738428,47.462113,2011
N1569,8.216409166,55.6726212,2014
GF4S21540b,22.5004,58.15685,2012
GF3S05204a,-61.735333,47.465381,2011
GF3S05715a,16.699058,49.296334,2014
FMS22890v2,-82.85,47.57,2011
GF4S20831b,24.963709,58.031889,2015
GF4S17390b,11.06,47.44,2016
GF3S01374a,26.58481079,59.32448586,2016
GF3S00749a,-3.34707,36.9334,2014
GF4S17436b,102.07555,29.60666944,2014
GF4T1304otu,24.91,35.2,2014
N1137,-83.96,35.84,2014
GF4T1465otu,77.77,33.51,2015
GF4S20545b,22.464559,58.982468,2015
S001618,15.67397,60.8855,2008
FMS16BI1527v2,117.687632,-34.403644,2016
FMS17575v2,98.56666667,34.98333333,2011
GF3S05151a,1.034722,41.355,2013
FMS22959v2,-120.35,50.88,2010
GF4S19702b,26.500236,58.736481,2017
FMS23601v2,-126.31,52.32,2008
GF4T1324otu,168.28,-44.72,2014
FMS23071v2,-120.28,50.93,2010
GF4S21069b,26.22834144,59.05142692,2016
FMS23305v2,-122.61,54.35,2008
GF4T396otu,-94.39,29.57,2018
FMS16BI0648v2,140.085961,-35.085708,2012
N1654,9.693193422,55.60660146,2014
S001691,22.76667,58.83333,2011
FMS10971v2,27.31,58.25,2012
S009206,16.76111792,49.3077972,2013
GF4S20317b,26.942173,58.971892,2015
FMS21790v2,10.238748,51.267749,2012
GF4S03231b,101.574,21.612,2015
FMS22797v2,-122.61,54.35,2008
GF4S21599b,26.588,58.4176,2014
FMS23113v2,-120.28,50.93,2010
GF3S01455a,8.36866999,46.56750097,2017
FMS23017v2,-95.15,31.11,2012
GF4S17760b,138.80378,35.91998,2014
S006157,29.58333,67.76667,2011
GF4S18777b,21.31689,69.51724,2013
GF4S21257b,25.6003,58.37846,2020
GF4S21520b,14.8362128,50.2046864,2017
GF4S03072b,100.167,27.167,2015
GF4T407otu,-66.97,18.14,2018
S000552,117.43759,-34.95822,2011
FMS08029v3a,138.8177222,35.9173889,2017
FMS25350v2,22.48,66.58,2014
FMS16BI0581v2,150.6945319,-35.19835466,2012
GF4S15847b,-72.1875,42.4836111,2016
GF4T1217otu,128.09,42.38,2012
GF3S05137a,1.032778,41.349167,2012
GF4T682otu,-96.47,17.34,2015
FMS17314v2,-0.963246,38.308579,2010
GF3S05820a,14.70482686,48.66695901,2015
FMS20343v2,24.17,61.51,2011
GF3S01383a,22.5766,58.30027,2014
FMS16BI0530v2,116.4136333,-32.82003333,2011
GF4S19246b,15.3,60.01075424,2016
GF3S03505a,114.73,37.94,2015
FMS26727v2,22.82668,58.48978,2012
GF4S20008b,23.57,58.58,2018
FMS16BI0234v2,132.81905,-12.86537,2013
GF3S04478a,29.74067904,62.60495966,2019
GF3S03499a,130.42,46.79,2015
GF4S14684b,13.61767,49.04597,2016
GF4S04048b,100.167,27.167,2015
GF4S21910b,15.4488461,50.1599517,2018
S000834,145.41601,-6.01732,2011
S009100,17.84363,65.946791,2009
FMS16BI0580v2,150.7075604,-35.13802306,2012
GF4S16713b,15.8,60.9666667,2011
GF4S11455b,-112.2285,59.7383,2015
GF4S14173b,8.716666667,47.05,2014
GF4S03090b,101.016,24.533,2015
GF4S09299b,-99.15,39.0833333,2018
GF3S05168a,1.043611,41.357778,2014
FMS16BI0319v2,131.084,-25.3118,2013
FMS00576v3,13.300278,48.38417,2014
FMS23149v2,-120.42,50.85,2010
GF4S20318b,26.942173,58.971892,2015
N3684,-123.2666667,54.3333333,2014
GF4S21062b,26.58481079,59.32448586,2016
GF4S20097b,26.6515,58.3402,2014
GF4S11448b,-114.182,60.3487,2015
FMS11772v2,-61.761414,47.467241,2011
FMS08001v3a,138.8177222,35.9173889,2016
FMS16BI0587v2,150.68313,-35.13925298,2012
FMS20358v2,24.17,61.51,2011
S009219,16.74737922,49.30328303,2013
GF4T1355otu,30.82,37.73,2009
S00D545,21.7,61.7,2011
GF4S01666b,4.93623,50.85126,2018
GF4S21830b,23.70008,59.16931,2018
FMS06297v3,-84,30.75,2014
FMS9522v2,13.85519485,48.77657685,2011
N2017,-109.710268,38.173514,
GF4S20612b,26.947152,58.289328,2015
FMS06300v3,-84,30.75,2014
GF3S05805a,14.709593,48.66729561,2015
GF4S20696b,26.283218,58.536761,2015
GF4T1636otu,-16.22,28.54,2017
GF4S21456b,27.3418,57.9485,2013
GF4T957otu,9.99,51.46,2019
FMS22846v2,-82.25,46.75,2011
GF4S03124b,101.016,24.533,2015
GF4S17816b,-83.08076,35.58786,2013
S009328,16.66541,49.267661,2013
GF4S03956b,101.016,24.533,2015
FMS23533v2,-121.92,52.32,2009
GF4S20964b,24.99532,59.615525,2016
GF4S03169b,101.016,24.533,2015
GF3S03497a,102.79,37.87,2015
GF4S11488b,-113.1384,62.5342,2015
FMS23002v2,-95.15,31.11,2012
GF4S03377b,101.016,24.533,2015
S009115,17.808482,65.996435,2009
S000553,117.08714,-33.54495,2011
GF4S21164b,26.06243374,58.02139915,2016
GF4S03964b,100.167,27.167,2015
GF3S03457a,123.55,41.82,2015
GF4S03814b,101.574,21.612,2015
GF4S03994b,101.574,21.612,2015
GF4S21466b,27.405,57.9264,2013
N2033,149.88757,-34.743692,
FMSA8F1072v2,-83.5,35,2012
FMS00323v3,14.125278,46.00861,2014
FMS25182v2,15.17,63.17,2014
FMS22931v2,-120.78,39.26,2011
GF4S02941b,101.016,24.533,2015
GF4S21155b,25.28873571,58.41170591,2016
N0504,117.909,29.124,2011
FMS11041v2,26.433,58.1833,2012
FMS12391v2,10.45518298,51.1006881,2011
GF4S03095b,101.016,24.533,2015
GF4S20747b,24.878329,59.345735,2015
GF4S21763b,24.23269,59.14031,2015
N1652,9.689242409,55.61045139,2014
GF3S00690a,-2.9683,37.0371,2014
GF4S19260b,15.02,57.88891968,2016
GF4T749otu,139.49,36.8,2010
GF4S03698b,100.167,27.167,2015
S009271,16.65293883,49.32502104,2013
FMS22746v2,-89.38,49.08,2011
GF4S03873b,100.167,27.167,2015
GF4S15870b,-72.1875,42.4836111,2016
GF4T934otu,10.09,51.58,2019
S000615,-65.81974,18.32096,2011
GF4S03171b,101.016,24.533,2015
FMSA8F1040v2,-122.26,44.2,2012
GF4S17716b,138.79818,35.9588,2014
GF4S20319b,26.807509,58.836924,2015
GF4S01623b,4.990823,50.886561,2018
GF4S03221b,101.574,21.612,2015
GF3S02833a,13.110873,56.700918,2014
GF4T997otu,8.27,50.14,2019
FMS23018v2,-95.15,31.11,2012
FMS10970v2,27.31,58.25,2012
GF3S03486a,106.05,30.87,2015
FMS15693v2,-21.55,74.4666667,2011
GF4S03877b,101.574,21.612,2015
GF4S19646b,26.906512,57.929496,2017
GF3S03465a,105.64,37.45,2015
GF4S12619b,126.7282834,33.4780278,2015
GF4S03053b,101.016,24.533,2015
FMS08124v3a,138.8315,35.9194722,2017
FMS00417v3,8.767433,50.11222,2014
FMS17617v2,98.25,34.86666667,2011
FMS02369v3,26.63333306,67.35,2013
FMS25025v2,14.19,60.73,2014
GF4T1033otu,14.04,37.86,2012
GF4S01158b,119.9986389,36.62680556,2014
FMS23513v2,-121.92,52.32,2009
FMS11968v2,129.23,35.812778,2011
GF4T1347otu,99.72,27.8,2014
GF4S21847b,23.82316,59.21919,2018
GF4S10883b,-1.32,51.77,2014
GF4S21695b,24.13659,58.49291,2015
GF3S02158a,108.8833333,18.71666667,2014
N1591,8.984554332,55.01777035,2014
GF3S08599b,1.073443743,42.59238206,2013
S006132,29.58333,67.76667,2011
GF4S16127b,-99.15,39.0833333,2018
FMS25331v2,22.63,66.5,2014
GF4S21605b,26.69698,58.36755,2014
GF4S21501b,18.2963,49.73038,2018
FMS25313v2,22.45,66.54,2014
GF4T482otu,-16.64,28.17,2019
GF4S02949b,101.016,24.533,2015
FMS23189v2,-120.42,50.85,2010
FMS00449v3,8.698333,50.14194,2014
S009294,16.63144059,49.30062636,2013
FMS17753v2,100.1,37.4,2011
GF4S21288b,26.71431,58.46515,2020
N1830,-71.75,43.94,
GF4T426otu,-38.63,-3.98,2018
GF4S16730b,21.31793,69.51849,2013
FMS17622v2,99.16666667,35.35,2011
FMS25346v2,22.48,66.58,2014
FMS11712v2,-61.738293,47.462124,2011
FMS21779v2,10.224485,51.268042,2012
FMS16BI0292v2,133.613639,-22.288806,2013
FMS00541v3,13.447778,48.50944,2014
FMS20352v2,24.17,61.51,2011
GF4T80otu,-61.45,-1.94,2015
GF4S02813b,101.574,21.612,2015
GF4T40otu,-75.44,6.15,2019
N1874,-111.00378,45.573646,
FMS23465v2,-121.92,52.32,2009
FMS24307v2,5.63,52.25,2016
GF4S02457b,9.50462277,48.4567592,2011
FMS21773v2,10.238754,51.267973,2012
FMS16BI1219v2,152.424374,-28.229765,2014
S005211,9.476394288,48.44536875,2011
GF4S21868b,14.6600044,49.7781392,2017
GF4S20435b,24.735237,59.433238,2015
GF4S02413b,9.439200708,48.39587586,2011
FMSA8F1002v2,-83.5,35,2012
GF4S03245b,101.016,24.533,2015
FMS20348v2,24.17,61.51,2011
GF3S00699a,-2.97195,37.05362,2014
S001675,23.551006,58.555214,2011
FMS22915v2,-83.37,46.42,2011
GF4S14627b,13.67103525,48.91936201,2016
GF4S17655b,138.79948,35.94103,2014
S000554,117.0478,-33.18,2011
GF4T630otu,27.29,57.94,2013
GF4S03344b,101.016,24.533,2015
FMS16BI0153v2,118.7210419,-34.24156056,2013
GF4S02612b,14.00187109,53.11375419,2011
GF4S19264b,13.87,57.84653703,2016
GF4T1266otu,18.47,69.55,2013
GF4T1348otu,99.86,27.47,2014
GF4S20725b,26.955567,57.625967,2015
S008780,17.716848,66.141895,2009
FMS25314v2,22.45,66.54,2014
GF3S06779a,128.463275,38.032124,2018
FMS16BI1500v2,120.314942,-30.788543,2016
FMS17682v2,93.03333333,35.11666667,2011
FMS17717v2,91.06666667,31.48333333,2011
GF4S17651b,138.80041,35.94181,2014
GF4S15383b,112.1666667,23.1666667,2016
GF4T1511otu,-100.03,24.75,2016
GF4S18768b,21.31707,69.51785,2013
GF4S20300b,25.499644,58.316786,2015
FMS17626v2,99.46666667,35.43333333,2011
GF4S21238b,26.7727,58.28489,2020
FMS16BI0194v2,138.9086,-34.6831,2013
GF4S17400b,11.06,47.44,2016
FMS16BI1677v2,147.40767,-42.40422,2014
GF4S03373b,101.574,21.612,2015
GF4T1327otu,-117.69,33.75,2014
GF4S10842b,5.85,45.11,2014
GF3S01747a,26.55,60.48,2014
GF4T438otu,-37.15,-10.95,2018
GF4S21364b,27.302261,58.298364,2017
GF3S05155a,1.044722,41.36,2013
GF4T1686otu,151.11,60.21,2018
GF4S19270b,19.11,65.13255426,2016
FMS16BI0418v2,148.79725,-35.40371667,2013
GF4S19644b,26.90061,57.95081,2017
FMS25380v2,22.46,66.53,2014
GF4S03542b,101.016,24.533,2015
FMS12314v2,17.5007,60.0747,2012
GF4T351otu,92.38,25.25,2018
FMS26748v2,23.30707,58.54605,2012
GF4S03006b,101.574,21.612,2015
GF4S20362b,25.89106,58.699359,2015
GF4S17501b,124.3333333,51.7,2018
GF3S01467a,8.377816994,46.57017698,2017
FMS00590v3,5.83,52.198,2014
GF4T585otu,27.48,59.07,2013
GF4S03579b,101.016,24.533,2015
GF4T1476otu,75.3,41.87,2015
GF3S03490a,113,30.25,2015
N1597,8.949862276,55.18478471,2014
S005220,10.45518298,51.1006881,2011
GF4T1232otu,116.1,5.41,2012
FMS20357v2,24.17,61.51,2011
GF4S21765b,24.37966,59.02434,2015
FMS22870v2,-82.85,47.57,2011
FMS01509v3,15.77399722,-23.7323278,2017
FMS16BI0246v2,148.7724333,-35.51991666,2013
GF4T18otu,-69.9,-4.01,2012
FMS9552v2,13.85523422,48.77660884,2011
GF4S03790b,101.574,21.612,2015
GF4S19837b,26.40073,58.041345,2017
GF4S19542b,122.0841667,51.7947222,2021
GF4T1433otu,115.01,-30.22,2015
GF4S21349b,26.377994,58.827472,2017
GF4S21096b,24.4784278,59.06755069,2016
GF4S20993b,26.048,58.976,2016
S000714,147.266,-42.617,2012
FMS24932v2,14.05,60.94,2014
FMS11963v2,127.980833,37.693056,2011
FMS25218v2,15.28,63.19,2014
GF4S21649b,22.56574,58.85375,2015
FMS24672v2,-73.3378848,42.4750834,2013
S001544,126.25,48.46667,2012
S005807,5.263889,51.236111,2009
FMS05396v3,119.93744,36.68844,2015
GF4S19917b,27.32152,58.28402,2011
GF4T356otu,90.81,25.59,2018
GF4T369otu,89.34,26.66,2018
GF4S19784b,25.39321,56.84068,2019
FMS25344v2,22.63,66.5,2014
FMS16BI0115v2,146.6542886,-43.09507123,2013
FMS23337v2,-120.35,50.88,2010
GF4S11386b,-116.7057,61.8368,2015
FMS06331v3,-84,30.75,2014
FMS16BI1685v2,147.4391,-42.80744,2014
GF4S03955b,101.574,21.612,2015
FMS12373v2,9.318719503,48.37010376,2011
FMS08217v3a,117.3023419,34.2817796,2015
GF4S21223b,26.521,58.35847,2019
GF4S21254b,26.68796,58.36088,2020
FMS16BI0017v2,119.3412778,-34.38108333,2013
FMS9533v2,13.85523953,48.7765604,2011
N1985,-3.373502,33.976574,
GF3S01447a,8.367106011,46.56673696,2017
FMSA8F1005v2,-83.5,35,2012
GF3S06718a,128.463275,38.032124,2018
FMS23297v2,-122.61,54.35,2008
GF3S01323a,23.3011,58.434,2014
FMS16BI0083v2,150.268179,-33.652818,2014
FMS17288v2,-2.728708,33.06768,2010
GF3S10251b,26.05,47.31,2017
GF4S20453b,27.799044,59.174641,2015
GF4S17699b,138.80704,35.91997,2014
GF3S02395a,122.094,50.9424,2017
GF4S11398b,-116.638,62.484,2015
FMS20286v2,24.17,61.51,2011
S001639,15.30794,59.34917,2008
FMS15722v2,86.88833333,33.18972222,2011
FMS20282v2,24.17,61.51,2011
GF4S02450b,9.376017925,48.39798857,2011
FMS16BI0408v2,115.1160833,-30.10666667,2013
N3679,-123.2666667,54.3333333,2014
S000743,-3.6233,57.2104,2011
GF4T720otu,45.36,-22.57,2010
GF4S21260b,25.58716,58.3678,2020
GF4S20167b,26.7106,58.4422,2014
GF4T397otu,-93.73,30.31,2018
GF4T1174otu,15.89,68.47,2020
GF4T557otu,42.84,43.01,2015
N3640,-123.2666667,54.3333333,2015
GF4S17383b,11.06,47.44,2016
FMS25310v2,22.45,66.54,2014
S009017,17.757837,66.161164,2009
GF3S00687a,-2.97178,37.01947,2014
FMS08075v3a,138.7976944,35.9149167,2017
S000599,101.7378333,3.711416667,2011
GF4T183otu,75.02,13.52,2013
GF4S19813b,26.62243,57.99184,2017
GF4T1422otu,-19.67,65.13,2015
GF4S01641b,4.99013,50.87226,2018
S001679,23.551006,58.555214,2011
GF4S02829b,101.016,24.533,2015
FMS26415v2,22.26849,58.29754,2012
GF4S17557b,124.3333333,51.7,2018
FMS25905v2,21.89559,58.32671,2012
FMS16BI1194v2,149.0083,-35.8811,2014
GF4S03030b,100.167,27.167,2015
GF4T287otu,-122.24,37.87,2016
FMS11028v2,27.0333,58.116,2012
FMS25180v2,15.17,63.17,2014
GF4S20154b,22.8662,58.43088,2014
GF3S02825a,13.110873,56.700918,2014
S000800,49.1,37.43,2011
GF4S21332b,24.36013,56.86743,2020
GF4S16447b,-89.35,43.1333333,2015
S005908,5.263889,51.236111,2011
FMS24202v2,5.63,52.25,2012
S008742,17.766267,66.139609,2009
GF3S05722a,16.79238,49.31748,2014
S000600,101.715,3.71025,2011
FMS08099v3a,138.8315,35.9194722,2016
GF4S17449b,102.0571889,29.60805556,2014
FMS24959v2,14.14,60.69,2014
GF4S19743b,26.640824,58.271595,2016
GF4S17595b,94.42694444,29.6497222,2018
GF4T1693otu,-5.42,11.24,2018
GF4T1621otu,13.49,37.97,2017
GF4S02434b,9.40388183,48.39510616,2011
GF4T1188otu,-57.79,48.99,2012
GF4T560otu,42.54,43,2015
GF4S21392b,27.4188,59.1023,2013
GF4T98otu,-7.13,31.64,2015
GF4S14455b,16.62371465,49.26374892,2017
GF4S20287b,24.954996,58.170311,2015
N2028,146.208538,-34.357823,
FMS17241v2,119.177417,49.262694,2007
GF4S20687b,22.943649,58.47507,2015
GF4S04006b,100.167,27.167,2015
N1747,10.24765754,55.12292641,2014
GF3S00711a,-2.98608,37.00655,2013
GF4S19993b,22.07618,58.30937,2019
GF4S14353b,16.61782192,49.30769876,2017
GF4T811otu,120.9,24.2,2012
GF3S01356a,26.95557,57.62597,2015
GF4S20156b,24.1428,56.9705,2014
GF4T1307otu,-3.77,8.76,2014
FMS22877v2,-82.85,47.57,2011
FMS00280v3,23.128889,40.65889,2013
GF3S02321a,122.093,50.9429,2017
N0543,117.908,29.124,2011
FMS15025v2,-69.38,-54.68,2009
FMS21756v2,10.311413,51.271362,2012
GF3S09212b,11.87559444,51.3915694,2016
GF4T1622otu,13.3,38.22,2017
FMS00369v3,14.909722,46.07778,2014
GF4S01141b,115.0003611,36.25369444,2014
GF4S19324b,22.64,66.71802615,2016
FMS06302v3,-84,30.75,2014
GF4T71otu,-51.43,-1.78,2015
FMS16BI0101v2,135.71916,-14.195246,2013
FMS16BI0109v2,135.81029,-12.50916,2013
N3638,-123.2666667,54.3333333,2015
S00D526,27.36019,58.28548,2011
GF4S20815b,26.115006,59.009884,2019
S009246,16.64881277,49.26161526,2013
GF4S21951b,26.281944,58.156944,2014
S009214,16.77064347,49.30563655,2013
FMS9546v2,13.855215,48.77661295,2011
N0807,117.908,29.124,2011
GF3S00205a,11.096,47.043,2016
FMS21838v2,10.238748,51.267749,2012
FMS9527v2,13.85522032,48.77656474,2011
GF4S01135b,114.829,37.83463889,2014
N1894,144.878,-35.504,
S000781,22.47637,58.35784,2013
GF4S16747b,21.31466,69.51624,2013
GF4S03541b,101.574,21.612,2015
FMS22911v2,-83.37,46.42,2011
GF4S20965b,24.99949,59.6342,2016
GF3S05812a,14.70942799,48.66687433,2015
GF4S03332b,100.167,27.167,2015
GF4S02676b,13.91724799,52.86242309,2011
FMS12383v2,9.407903319,48.41670204,2011
GF4S20320b,26.807509,58.836924,2015
GF4S21095b,24.4784278,59.06755069,2016
GF4T382otu,-149.5,61,2018
GF4S11375b,-116.3878,62.5635,2015
GF4S19558b,122.0386111,51.8372222,2021
GF4S03063b,101.574,21.612,2015
S00D581,27.5083,59.0589,2013
N1767,10.45161848,55.15152867,2014
GF4S17560b,124.3333333,51.7,2018
GF3S01446a,8.36681298,46.56567698,2017
GF4S21545b,26.5561,58.3701,2018
GF3S03503a,111.78,37.24,2015
GF3S01479a,8.372913999,46.56844603,2017
S009118,17.807557,65.977202,2009
GF3S09228b,11.08298056,51.8620639,2016
GF4S11475b,-117.1704,61.7777,2015
GF3S01402a,26.803701,58.488423,2014
GF4S21624b,22.84718,58.9741,2015
GF4T132otu,146.89,-6.65,2011
GF4S16756b,21.318,69.51803,2013
FMS11865v2,-72.19,42.53,2012
GF4S16276b,-93.21,45.43,2017
S000558,14.00001,37.90167,2011
FMS00510v3,8.736383,50.1132,2014
FMS24981v2,13.85,60.68,2014
FMS24105v2,124.9,41.85,2013
FMS16BI1842v2,146.6831746,-43.09763684,2015
N2018,-109.910049,37.581928,
GF3S05699a,16.75881,49.332565,2014
GF4S11373b,-116.3939,62.5565,2015
FMS16BI0012v2,119.3947222,-34.33977778,2013
GF4S02567b,10.38114965,51.13024193,2011
FMS00632v3,8.743889,50.11694,2014
S001165,4.53391,52.337312,2010
FMSA8F1094v2,-122.26,44.2,2012
GF4T176otu,103.78,22.35,2012
GF4S16433b,-85.37,42.38,2015
FMS12378v2,9.356606222,48.38366171,2011
FMS16BI1701v2,147.04742,-42.38784,2014
FMS25995v2,21.89557,58.32669,2012
FMS22829v2,-121.04,39.55,2011
GF4T1035otu,29.4,-4,2020
GF4S19638b,26.91635,57.9331,2017
FMS17304v2,-1.199478,38.588606,2006
FMS16BI1231v2,138.681513,-34.736194,2016
N1587,8.974026422,55.01528364,2014
GF4S20744b,25.220273,59.181889,2015
GF4S20492b,26.007125,58.1045,2015
GF4S20995b,26.63616,58.35759,2016
S000712,169.3886314,-43.76238124,2012
GF4S21786b,22.54061,58.28355,2016
GF4S21737b,26.43204,59.29079,2015
FMS16BI1855v2,150.7324,-33.60955,2015
N0793,117.908,29.124,2011
FMS16BI1163v2,149.597435,-30.20116196,2014
GF4S20216b,26.503848,58.781604,2015
FMS16BI0460v2,148.79595,-35.42375,2013
GF4S12212b,-0.399303668,39.81892239,2014
GF4S20953b,22.0343,58.263,2016
GF4S16309b,8.716666667,47.05,2014
GF4S19745b,27.040834,58.164892,2017
FMS24200v2,5.63,52.25,2012
FMS23023v2,-95.15,31.11,2012
GF4T932otu,12.26,55.04,2019
FMS16BI1731v2,147.61451,-42.27904,2014
FMS23285v2,-122.61,54.35,2008
GF4S20312b,25.68144,58.272419,2015
GF4S20163b,27.0622,57.7368,2014
FMS16BI0208v2,148.567311,-34.858056,2012
GF4S17438b,102.0757583,29.60696667,2014
FMS25202v2,15.26,63.18,2014
GF4S21692b,24.10847,58.50835,2015
FMSA8F1032v2,-65.8,18.3,2012
GF3S10230b,23.88,52.86,2017
S00D544,21.7,61.7,2011
GF4S20409b,24.373542,59.472652,2015
FMS00655v3,19.210833,42.68,2014
GF4S16463b,-89.35,43.1333333,2015
S005716,5.263889,51.236111,2009
GF4S21307b,26.34935,59.35277,2020
GF4S03153b,100.167,27.167,2015
FMS00618v3,8.594617,50.3098,2014
GF3S04779a,38.61888889,7.0838889,2015
GF4S16157b,13.110873,56.700918,2014
GF4S17822b,-83.08076,35.58786,2013
GF3S02312a,121.7937,51.0133,2017
FMS06290v3,-84,30.75,2014
GF4S20751b,25.111835,59.326018,2015
GF4S19562b,26.31798,57.91195,2013
FMS11069v2,26.433,58.1833,2012
GF4S20743b,25.220273,59.181889,2015
GF3S00721a,-2.96981,37.03664,2013
FMS11799v2,-61.744509,47.457567,2010
GF3S09235b,11.70554167,51.6299111,2016
GF4S17460b,102.0396278,29.59365556,2014
FMS00608v3,14.743333,46.39389,2014
FMS05386v3,116.9821,35.06384,2015
FMS24958v2,14.14,60.69,2014
FMS08083v3a,138.7976944,35.9149167,2017
FMS00542v3,21.335278,41.01417,2014
GF4S17402b,11.06,47.44,2016
GF4S21300b,26.38814,58.36355,2020
GF4S03330b,100.167,27.167,2015
FMS24951v2,14.42,61.48,2014
GF4T1085otu,5.49,60.92,2020
FMS05368v3,117.70531,37.02925,2015
GF4T81otu,-61.44,-1.96,2015
GF4T929otu,10.1,44.39,2019
GF4S20298b,25.517119,58.318814,2015
GF4S03678b,101.016,24.533,2015
S00D552,21.7,61.7,2011
FMS25098v2,15.69,63.31,2014
S000666,27.6728,-11.48375,2012
GF4S02448b,9.566562664,48.40979721,2011
GF3S02320a,121.8093,50.9858,2017
GF4S19571b,27.4421,59.13568,2013
FMS24639v2,-74.009257,41.419898,2013
GF4S21533b,14.8294522,49.7166897,2017
N1918,145.88378,-34.7974,
GF3S08590b,1.076611773,42.59201205,2013
N3682,-123.2666667,54.3333333,2014
FMS21739v2,10.31103,51.27151,2012
FMS25172v2,15.84,62.72,2014
FMS16BI0079v2,150.268179,-33.652818,2014
FMS9525v2,13.8551761,48.7766006,2011
S001781,23.31667,58.55,2011
GF4S20255b,23.089555,58.535661,2015
GF4S19587b,27.02621,58.13208,2013
GF4T888otu,26.45,-23.79,2019
GF4T12otu,-72.07,-0.64,2012
GF4S15367b,112.1666667,23.1666667,2015
FMS17349v2,-109.710268,38.173514,2009
FMS16BI1517v2,132.1983335,-30.88560417,2016
FMS19538v2,81.15683333,44.47058333,2015
S000708,172.2229,-43.1805,2012
FMS22751v2,-89.41,49.07,2011
FMS24659v2,-73.9559721,41.3914827,2013
GF4S03916b,101.016,24.533,2015
FMS19281v2,165.0391,-21.1718,2013
GF4S10613b,114.7767611,30.03049932,2015
FMS25395v2,22.58,66.51,2014
GF4T1728otu,58.94,22.92,2019
FMS11015v2,27.0333,58.116,2012
FMS08035v3a,138.8177222,35.9173889,2017
GF4S02604b,10.47547247,51.04809638,2011
GF4T265otu,-110.79,32.44,2015
N1624,10.56263271,56.2243184,2014
N1753,10.25340549,55.13338649,2014
GF4S17715b,138.80006,35.94096,2014
GF4S12634b,126.7282834,33.4780278,2015
FMS23217v2,-120.42,50.85,2010
GF3S00704a,-2.97972,37.0817,2014
FMS19278v2,165.0112,-21.1752,2013
GF4T722otu,47.17,-24.78,2010
GF4S21863b,14.5250764,50.1946744,2017
GF4S21938b,27.045556,58.288889,2014
FMS25237v2,15.37,63.16,2014
GF4T33otu,-72.4,-0.62,2019
GF4S19971b,27.32733,58.27893,2011
FMS16BI1696v2,147.07991,-42.39835,2014
GF4S03031b,101.574,21.612,2015
GF4S20573b,24.324804,58.639812,2015
FMS26193v2,23.07535,58.59727,2012
GF4S02641b,13.842513,52.98578547,2011
GF4S21618b,25.5544,58.5601,2015
GF4S16470b,-89.35,43.1333333,2015
GF3S01341a,26.88647,58.39058,2016
FMS00337v3,13.233889,48.3275,2014
N1966,117.272139,49.525333,
N0667,117.907,29.123,2011
GF3S09287b,12.6401353,50.2319303,2006
FMS24939v2,14.05,60.94,2014
N0712,117.91,29.126,2011
N0845,117.91,29.127,2011
GF4S21548b,26.588,58.4176,2018
GF4T92otu,-70.29,-33.36,2016
GF4T718otu,45.38,-22.56,2010
GF4S20241b,27.846037,59.394025,2015
N0705,117.91,29.126,2011
S000829,-75.167,4.867,2011
GF4S02451b,9.542017324,48.41342285,2011
GF4S20608b,26.912817,58.695535,2015
GF4S19703b,26.05453,57.92724,2017
GF4S15353b,-89.35,43.1333333,2015
GF4S16439b,-85.37,42.38,2015
GF3S03491a,116.49,28.21,2015
GF3S05258a,-61.7619,47.45207,2011
GF4S03278b,101.016,24.533,2015
S008683,17.777006,66.034394,2009
FMS22740v2,-89.38,49.08,2011
GF4T534otu,26.58,58.37,2020
GF4S14384b,16.6192279,49.29036934,2017
GF4S13269b,4.4037,50.7473,2019
GF4S20174b,26.637989,58.085014,2015
GF4T1240otu,76.01,32.54,2012
GF4S21691b,24.10847,58.50835,2015
GF4S21049b,26.35493157,57.59761457,2016
S000813,52.824324,36.212199,2012
GF4S20693b,24.28947,58.42778,2015
GF4S20140b,23.299,58.436,2014
GF4S02991b,101.574,21.612,2015
GF4S21135b,25.29829695,59.47062971,2016
GF3S03172a,26.55598,58.36978,2015
GF4T600otu,27.44,59.07,2013
GF4S02459b,9.334410162,48.47807317,2011
GF4S20950b,26.9251,58.022,2016
GF4S10863b,-1.33,51.78,2014
FMS16BI1854v2,150.73283,-33.61737,2015
GF3S09217b,11.41656111,51.6224444,2016
GF4S19766b,24.35053,56.63219,2019
FMS11034v2,27.0333,58.116,2012
GF4S03632b,101.016,24.533,2015
N1852,-121.9680169,44.27668543,
FMS02372v3,26.63333306,67.35,2013
GF4S19764b,25.457645,56.309736,2019
FMS16BI0626v2,131.0516,-25.3504,2012
FMS17269v2,-101.273809,23.204697,2008
GF4S01672b,4.96051,50.86227,2018
N0680,117.91,29.126,2011
GF4S21461b,27.3497,57.9409,2013
GF4S16429b,-85.37,42.38,2015
GF4T645otu,17.67,67.69,2014
GF4S04044b,100.167,27.167,2015
S008689,17.714042,66.04005,2009
GF3S02153a,123.89235,40.85616667,2014
N1538,8.372399908,56.17065016,2014
N3656,-123.2666667,54.3333333,2014
GF4T158otu,131.44,-13.77,2011
FMS06333v3,-84,30.75,2014
GF4S04099b,101.574,21.612,2015
FMS25270v2,22.54,66.58,2014
FMS9537v2,13.85521453,48.77659269,2011
N3607,-123.2666667,54.3333333,2014
S000788,132.05064,43.2099,2010
FMS16BI1396v2,138.680987,-34.710871,2016
GF4S17724b,138.81017,35.92261,2014
FMS16BI1719v2,147.39757,-42.32849,2014
GF4T1167otu,53.16,57.1,2012
GF3S05257a,-61.7552,47.447739,2011
GF4S11499b,-116.4272,62.5583,2015
S00D590,27.5074,59.0553,2013
GF4S21231b,27.31621,57.912647,2019
GF4S21654b,22.51694,58.71806,2015
FMS16BI1225v2,138.674378,-34.742484,2016
GF4S11419b,-116.5031,62.4031,2015
GF4S20363b,25.909157,58.707571,2015
FMS23191v2,-120.42,50.85,2010
FMS22720v2,-89.41,49.07,2011
FMS25299v2,22.41,66.58,2014
GF4T143otu,144.99,-6.01,2011
GF4S16474b,112.1666667,23.1666667,2015
GF4S19712b,26.09781,58.67339,2017
GF4S14408b,16.661869,49.284314,2017
FMS25009v2,14.07,60.94,2014
GF4S20546b,22.464559,58.982468,2015
FMS17222v2,142.508839,-34.018527,2010
GF4S17828b,-83.47651,35.56452,2013
GF4S01985b,18.848083,68.330444,2008
S009272,16.65409793,49.32141518,2013
GF3S03175a,26.55598,58.36978,2015
FMS19763v2,-65.3251,-26.7701,
GF3S08504b,7.416666667,60.55,
FMS15727v2,80.67861111,32.34833333,2011
N1668,11.99315224,56.02263786,2014
FMS08085v3a,138.7976944,35.9149167,2017
GF4S20700b,26.435207,58.580156,2015
S008806,17.714042,66.04005,2009
FMS16BI0604v2,118.8708528,-34.07607972,2013
N3703,-123.2666667,54.3333333,2014
FMS05328v3,114.27039,33.36182,2015
GF4S20089b,26.9063,58.05987,2014
GF3S08341b,7.416666667,60.55,
FMS16BI0145v2,118.7604917,-34.1171975,2013
GF4S03391b,101.574,21.612,2015
GF4S02809b,100.167,27.167,2015
GF4S03771b,100.167,27.167,2015
FMS25329v2,22.41,66.54,2014
GF4S01190b,117.073593,35.066779,2015
GF4T1328otu,25.74,45.9,2014
S00D505,27.3335,58.26945,2011
GF4S03959b,100.167,27.167,2015
GF4S17779b,-83.459382,35.038205,2013
N2039,148.172742,-33.505705,
GF4S01634b,4.97762,50.85903,2018
FMS25435v2,22.57,66.54,2014
GF3S10255b,26.04,47.3,2017
GF4S20951b,26.9251,58.022,2016
FMS19286v2,165.0055,-21.1745,2013
FMS16BI1170v2,141.352819,-29.035917,2014
GF4S03515b,101.574,21.612,2015
GF4S17810b,-83.43417,35.051025,2013
GF4S04092b,100.167,27.167,2015
FMS26487v2,21.9723,58.45112,2012
GF4S21836b,23.81343,59.20905,2018
GF4S02543b,10.41111919,51.21982736,2011
GF4S14366b,16.645243,49.312548,2017
S00D554,21.7,61.8,2011
FMS11924v2,-149.34,68.38,2012
FMS17694v2,92.36666667,34.11666667,2011
FMS16BI0427v2,148.9085,-35.59065,2013
GF4S19775b,22.67308,57.0369,2019
FMS23579v2,-126.31,52.32,2008
FMS00386v3,8.629167,50.225,2014
GF4S03046b,101.016,24.533,2015
GF3S06726a,128.463275,38.032124,2018
FMS16BI0259v2,148.80014,-35.3556,2013
FMS22947v2,-120.35,50.88,2010
GF4T411otu,-61.47,15.58,2018
GF4S20916b,26.886468,58.390576,2016
FMS22831v2,-82.25,46.75,2011
FMS10981v2,27.31,58.25,2012
FMS23004v2,-95.15,31.11,2012
FMS23153v2,-120.42,50.85,2010
FMS16BI1217v2,152.424374,-28.229765,2014
GF3S05086a,118.5,32.05,2017
GF4S21686b,26.588,58.4176,2015
GF4S17763b,138.81926,35.91549,2014
GF4T522otu,2.72,9.31,2019
GF3S01458a,8.369163014,46.56779098,2017
FMS11726v2,-61.723653,47.483641,2011
GF4T1191otu,-149.6,68.62,2012
GF4S21696b,24.35435,58.58833,2015
GF4T1711otu,-93.88,16.55,2018
GF4T1098otu,23.86,63.4,2020
FMS17746v2,90.61666667,30.2,2011
GF4S20711b,24.734286,58.02887,2015
GF4S12244b,-0.455483017,39.80914084,2014
GF4S21899b,14.3304764,50.3498575,2017
GF4T696otu,-92.47,17.62,2016
GF3S08508b,20.190292,47.919033,2017
GF4S21375b,27.405567,58.179247,2017
FMS10958v2,27.31,58.25,2012
S000848,145.3175,-6.202833333,2011
FMS19487v2,120.8082833,43.05053333,2015
GF3S01710a,26.55,60.48,2014
FMS11036v2,27.0333,58.116,2012
GF4T712otu,47,-24.95,2010
FMS23339v2,-120.35,50.88,2010
GF4S02651b,13.96782744,52.87657757,2011
GF4S21500b,18.265105,49.7236039,2018
FMS26664v2,22.83214,58.48656,2012
FMS16BI1046v2,143.89126,-39.8644,2013
GF3S02141a,110.8833333,26.81666667,2014
GF4T1358otu,-52.3,4.94,2013
GF4S20511b,27.651287,57.944015,2015
GF4T855otu,176.22,-38.95,2019
GF4T754otu,49.1,37.43,2012
GF3S08591b,1.074310834,42.59272083,2013
FMS11719v2,-61.751155,47.439198,2011
FMS16BI0230v2,151.39656,-27.47372,2013
FMS02379v3,29.58333333,67.7666667,2013
GF3S04778a,38.61888889,7.0838889,2015
FMS11011v2,27.0333,58.116,2012
GF3S10285b,-1.19511,38.04628,2017
GF4S12227b,-0.557029344,39.88170268,2014
GF4S02071b,18.853583,68.3265,2008
FMS00314v3,13.863611,45.65028,2014
GF4S21360b,27.272069,58.246467,2017
GF3S05647a,16.787238,49.325045,2014
S009243,16.64881277,49.26161526,2013
GF4S16418b,-85.37,42.38,2015
N3652,-123.2666667,54.3333333,2014
FMS16BI0085v2,150.268179,-33.652818,2014
GF3S02166a,108.7833333,18.7,2014
S00D539,21.7,61.7,2011
GF3S05768a,14.70367145,48.66762904,2015
N1459,10.08032401,57.58100162,2014
GF4S21758b,24.725178,58.283105,2015
GF4S10733b,5.777071,52.014828,2016
GF4T148otu,145.28,-6.35,2011
FMS16BI1201v2,149.01165,-35.8748166,2014
FMS24679v2,-73.3378848,42.4750834,2013
FMS17776v2,-72.95,-40.79,2013
GF4S03137b,101.574,21.612,2015
FMS12369v2,9.261355982,48.39623841,2011
GF4S03801b,100.167,27.167,2015
S005835,5.263889,51.236111,2011
FMS23003v2,-95.15,31.11,2012
GF4S17734b,138.83149,35.91948,2014
GF4S21566b,23.00227,58.8037,2014
FMS21822v2,10.224485,51.268042,2012
GF4S21882b,14.1742458,49.5002411,2017
N3551,110.21,31.29,2011
GF4S19674b,27.03437,58.59163,2017
GF4S01151b,115.567054,33.25602,2014
GF3S08399b,7.416666667,60.55,
N1653,9.693193422,55.60660146,2014
FMS16BI0436v2,148.2791,-42.1738,2013
FMS16BI0114v2,134.50615,-13.52115,2013
FMS16BI0620v2,118.7312828,-34.303255,2013
FMS16BI0546v2,141.99678,-35.12282,2012
GF4T839otu,51.17,24.9,2019
GF3S02180a,108.4333333,33.43333333,2014
FMS20290v2,24.17,61.51,2011
N1686,12.1003326,56.02259609,2014
GF4S10876b,-1.32,51.77,2014
FMS25112v2,15.27,63.23,2014
GF4S20212b,26.526515,58.732875,2015
S008940,17.742322,66.150675,2009
GF3S02098a,128.0833333,42.38333333,2014
FMS9558v2,13.85524718,48.77661288,2011
GF4S03764b,101.016,24.533,2015
GF4S13053b,9.51342304,48.40438131,2015
N1915,145.90637,-34.747744,
GF4T570otu,42.7,43.09,2015
GF3S05142a,1.046389,41.360833,2012
S000215,5.372778,51.125833,2009
GF4T1550otu,100.01,12.2,2017
FMS05316v3,114.829,37.83464,2015
GF4S10718b,5.777071,52.014828,2016
S000578,-69.8984,-4.0086,2011
FMS16BI0103v2,135.20189,-12.93256,2013
S005212,10.32362111,51.18535508,2011
FMS17566v2,100.3833333,34.46666667,2011
GF4S21250b,26.5397,59.51699,2020
GF3S04580a,24.115948,61.59444444,2019
GF4S20949b,24.88203,59.47026,2016
FMS16BI1892v2,150.73385,-33.62103,2015
FMS00356v3,5.698611,51.93528,2014
FMS25343v2,22.63,66.5,2014
GF4S12814b,-76.361517,44.55115,2016
GF4S03848b,101.574,21.612,2015
N0682,117.91,29.126,2011
GF3S09234b,11.70554167,51.6299111,2016
GF4S19976b,26.3716,58.27961,2019
FMS16BI0360v2,140.719,-33.9556,2013
S005751,5.263889,51.236111,2009
GF4S21124b,23.53275449,58.78794632,2016
GF4S21655b,22.51694,58.71806,2015
N0693,117.91,29.126,2011
N1443,10.3637338,57.62822782,2014
GF4T1118otu,24.08,54.89,2020
GF4S21354b,27.313311,58.283956,2017
GF4S02442b,9.500558067,48.45587768,2011
GF4S03003b,100.167,27.167,2015
S008974,17.716848,66.141895,2009
GF4S20071b,27.5136,59.4269,2014
S001698,22.76667,58.83333,2011
N0494,117.911,29.126,2011
GF4S20425b,24.249211,58.767501,2015
GF3S06714a,128.463275,38.032124,2018
GF3S08617b,1.07632579,42.59100766,2013
GF4S20450b,26.692656,58.399936,2015
FMS24298v2,5.63,52.25,2016
FMS25129v2,14.75,63.51,2014
GF3S05242a,-61.745904,47.469631,2011
GF4S17632b,94.42694444,29.6497222,2018
FMS25082v2,14.56,61.42,2014
N0564,117.907,29.122,2011
GF3S01703a,24.48,61.4,2014
FMS11803v2,-61.75225,47.450325,2010
FMS24103v2,124.9,41.85,2013
FMS21748v2,10.311438,51.27173,2012
FMS16BI1779v2,145.08186,-41.65563,2015
FMS16BI0350v2,138.1363,-32.74842,2013
S000525,130.9983333,-12.70141667,2011
S000757,76.01406,32.54074,2012
GF4T558otu,42.85,43,2015
GF3S01478a,8.378437003,46.56999199,2017
GF4T942otu,11.87,50.01,2019
GF3S02074a,115.4333333,39.95,2014
GF4S21665b,25.26525,58.80102,2015
GF4S21097b,24.57019757,59.00724985,2016
S001783,23.31667,58.55,2011
FMS22899v2,-83.37,46.42,2011
GF3S04440a,24.942196,60.153993,2019
FMS25292v2,22.45,66.55,2014
GF4T1144otu,18.96,69.68,2020
GF4S20316b,27.011182,58.920512,2015
GF4S13169b,4.4628,50.8132,2019
GF4T653otu,17.45,67.61,2014
FMS23009v2,-95.15,31.11,2012
S00D624,27.2926,57.9408,2013
GF4T45otu,-73.47,5.72,2019
FMS26427v2,22.26849,58.29754,2012
FMS06203v3,101.25945,21.95395,2013
N1542,8.136246233,56.22776562,2014
GF4S20307b,25.45762,58.206407,2015
FMS16BI1686v2,147.781349,-24.83835,2014
GF4S02452b,9.434996902,48.37799579,2011
FMS26016v2,21.98974,58.26431,2012
GF4S16277b,-93.21,45.43,2017
GF4T1236otu,153.17,-28.26,2012
GF4S21857b,14.5822044,49.6684086,2017
FMS16BI0282v2,145.4478833,-16.10341667,2013
FMS19507v2,111.9635167,41.90036667,2015
FMS00563v3,13.647222,48.38333,2014
GF4S19617b,27.1859,57.92115,2013
GF4T1462otu,78.24,32.94,2015
S000556,51.543479,30.136581,2011
GF4S03008b,101.016,24.533,2015
GF4S20816b,26.377641,58.954588,2015
FMSA8F1046v2,-122.26,44.2,2012
GF4S21611b,23.211,58.566,2015
GF4T835otu,4.53,8.43,2018
S006177,147.34867,-9.4448,2011
FMS00627v3,8.615,50.28861,2014
GF4T1467otu,-6.7,32.02,2015
GF4S21590b,26.5561,58.3701,2014
FMS24309v2,5.63,52.25,2016
GF3S10304b,-0.76553,37.82781,2017
GF4S21074b,26.55689855,58.37569155,2016
FMS08031v3a,138.8177222,35.9173889,2017
FMS15530v2,146.809247,-43.072556,2012
FMS23625v2,-126.31,52.32,2008
GF4S01164b,111.84103,32.55538,2014
GF4S21597b,26.588,58.4176,2013
GF4S14633b,13.713155,48.89794576,2016
GF4S20716b,24.542464,58.061631,2015
GF4S15902b,-149.53333,68.61667,2012
FMS17619v2,98.25,34.86666667,2011
FMS16BI0394v2,115.1575167,-30.1363,2013
FMSA8F1058v2,-122.26,44.2,2012
GF4S21358b,27.315578,58.283789,2017
GF4S03179b,101.574,21.612,2015
FMS25016v2,14.07,60.94,2014
GF4S20157b,24.1428,56.9705,2014
FMS26382v2,22.19635,58.10709,2012
S009223,16.76218389,49.29718392,2013
FMS16BI0600v2,118.8512286,-34.08486778,2013
GF3S05252a,-61.743014,47.460226,2011
GF4S01997b,18.848083,68.330444,2008
N0647,117.909,29.125,2011
GF4S10813b,5.89,45.11,2014
GF4S04084b,100.167,27.167,2015
GF3S05793a,14.70430334,48.66356651,2015
FMS11723v2,-61.732273,47.469543,2011
GF4S14332b,16.62821054,49.3174786,2016
GF4T1214otu,146.78,-43.17,2014
GF4S16155b,13.110873,56.700918,2014
S006257,-96.602712,39.233533,2014
GF4S02461b,9.355590784,48.4122625,2011
GF3S02307a,121.7933,51.0131,2017
GF3S10296b,-0.76553,37.82781,2017
GF4S16166b,13.110873,56.700918,2014
FMS16BI1438v2,138.7746583,-34.62681666,2016
GF4T1649otu,13.02,47.56,2018
FMS25066v2,14.05,61.03,2014
GF3S05656a,16.679601,49.241677,2014
GF4T561otu,42.54,42.98,2015
GF4T102otu,-6.96,31.7,2015
S005230,13.6430016,52.92070744,2011
S008818,17.766267,66.139609,2009
GF4S19540b,122.0841667,51.7947222,2021
GF4T1378otu,144.51,-15.65,2014
GF4S02899b,101.016,24.533,2015
S005856,5.263889,51.236111,2011
GF4S02682b,13.96717374,52.88971901,2011
GF4S16767b,21.31631,69.51689,2013
FMS25262v2,15.29,63.18,2014
S009282,16.711066,49.323672,2013
S00D560,21.7,61.8,2011
GF4S03384b,101.016,24.533,2015
S001628,14.53361,60.12889,2008
GF4S19962b,27.31827,58.27306,2011
GF4S03609b,100.167,27.167,2015
S000746,-3.4686,57.0072,2011
FMS16BI0323v2,130.756,-25.2713,2012
FMS08052v3a,138.7976944,35.9149167,2016
GF4S03484b,100.167,27.167,2015
GF4S17635b,94.42694444,29.6497222,2018
GF4S03388b,100.167,27.167,2015
GF4S15387b,112.1666667,23.1666667,2017
GF3S02196a,110.4833333,31.31666667,2014
GF3S03521a,118.87,32.04,2015
GF3S04536a,25.806481,61.099492,2019
GF4S03806b,100.167,27.167,2015
FMS00254v3,14.648611,46.20278,2013
FMS22916v2,-83.37,46.42,2011
FMS16BI0142v2,150.5937279,-35.17710152,2012
GF4S10934b,83.07,55.01,2017
GF4S19334b,23.1,67.4752065,2016
GF4T325otu,30.09,0.8,2018
FMS17271v2,-101.248559,23.737999,2008
FMS16BI1325v2,138.692509,-34.721531,2016
GF3S05664a,16.729776,49.281834,2014
FMS22997v2,-95.15,31.11,2012
S000654,131.0708333,-12.6725,2011
GF4S21670b,27.4399,58.217,2015
GF4S17401b,11.06,47.44,2016
GF4S02844b,101.016,24.533,2015
S005850,5.263889,51.236111,2011
GF4S20416b,24.126798,59.365517,2015
GF4T615otu,26.56,57.67,2013
S000515,53.22025,57.07394,2011
FMS17556v2,100.2166667,35.98333333,2011
GF4S21270b,26.9936,57.9089,2020
GF4S20508b,25.09558,58.903782,2015
S001746,23.551006,58.555214,2011
N0654,117.909,29.125,2011
FMS19516v2,93.05388889,43.58722222,2015
GF4S03119b,101.016,24.533,2015
GF4S21409b,27.4764,59.0764,2013
GF4S20424b,24.393936,58.926652,2015
GF4S21264b,24.351,59.3304,2020
FMSA8F1063v2,-79.85,9.15,2012
FMS22718v2,-89.41,49.07,2011
GF3S10217b,11.21,43.08,2017
GF4T562otu,42.53,42.97,2015
GF3S00727a,-2.97201,37.05352,2013
GF4T1474otu,74.48,42.56,2015
GF3S03568a,-83.2439,35.081,2017
GF3S09237b,11.70554167,51.6299111,2016
FMS00340v3,23.041389,40.88111,2014
FMS23371v2,-120.35,50.88,2010
GF4S20231b,26.20146,57.682832,2015
GF3S02399a,122.0856,50.9451,2017
FMS08084v3a,138.7976944,35.9149167,2017
GF4S02901b,101.016,24.533,2015
S001547,124.91667,48.38333,2012
FMS23070v2,-95.15,31.11,2012
GF4S19721b,26.980371,58.600819,2017
S000652,131.8185833,-13.84191667,2011
GF3S10260b,26.05,47.29,2017
GF4S20811b,26.073595,58.936099,2015
FMS22955v2,-120.35,50.88,2010
GF3S01453a,8.36866999,46.56750097,2017
GF3S05154a,1.046389,41.360833,2013
FMS00495v3,6.074444,52.06694,2014
GF4S21738b,26.4348,59.20778,2015
FMS23435v2,-121.92,52.32,2009
FMS17308v2,-1.717695,38.791855,2006
GF3S08452b,7.416666667,60.55,
GF4S01621b,4.90378,50.865601,2018
GF4S02793b,100.167,27.167,2015
GF3S02370a,121.4968,50.9423,2017
GF3S06713a,128.463275,38.032124,2018
GF4S21959b,26.780575,58.490829,2014
FMS22753v2,-89.41,49.07,2011
FMS11714v2,-61.727804,47.474307,2011
GF4S20796b,25.333705,58.384412,2015
GF4S04001b,100.167,27.167,2015
GF3S01333a,22.44107,58.23408,2012
GF4S21217b,25.54732,58.35098,2019
FMS22768v2,-89.39,49.07,2011
GF4S19277b,14.4,59.17199001,2016
FMS21766v2,10.238938,51.26789,2012
FMS16BI0175v2,149.595675,-30.201225,2013
GF3S01399a,26.72,58.4625,2014
S000824,25.54067,58.13673,2013
S000814,-120.5805054,37.84895325,2012
S009208,16.77064347,49.30563655,2013
GF4S02006b,18.848083,68.330444,2008
GF4S21498b,17.5035467,49.5329156,2018
FMS11856v2,-105.38,39.99,2012
FMS11846v2,-65.8,18.3,2012
FMS16BI0321v2,130.92864,-25.2875,
GF4S10824b,5.89,45.1,2014
GF3S06774a,128.463275,38.032124,2018
GF4S17486b,101.9760056,29.55386389,2014
FMS16BI1084v2,138.9086,-34.6831,2013
GF4S03132b,101.574,21.612,2015
GF3S01489a,8.378437003,46.56999199,2017
FMS16BI0560v2,142.08808,-37.84116,2012
GF4S20634b,26.459219,57.701434,2015
N1684,12.2927887,55.98460376,2014
GF4T1564otu,37.36,-3.36,2016
GF4S20668b,24.69484,58.67886,2015
FMS24931v2,14.05,60.94,2014
GF4T1293otu,11.95,78.92,2014
GF4S19247b,15.3,60.01075424,2016
GF3S08602b,1.076363995,42.59095427,2013
GF4T1359otu,-83.71,9.56,2013
FMS06327v3,-84,30.75,2014
FMS23453v2,-121.92,52.32,2009
FMS25280v2,22.45,66.55,2014
GF4S17783b,-83.459382,35.038205,2013
GF4S19235b,14.96,60.3024673,2016
GF3S03188a,26.5866,58.41797,2014
FMS19761v2,-64.9345,-23.9188,
GF4S21146b,26.49781,58.74809,2016
FMS15528v2,147.902731,-42.935294,2012
FMS15707v2,-21.55,74.4666667,2011
GF4S03671b,100.167,27.167,2015
GF4S02613b,14.00052366,53.10745266,2011
FMSA8F1069v2,-83.5,35,2012
GF3S09315b,12.7354503,50.2551353,2015
GF4T1489otu,20.42,-34.5,2016
GF4S17472b,101.9960028,29.57818333,2014
GF4T1399otu,12.27,55.99,2014
GF4T1727otu,58.9,22.93,2019
N1800,12.45526796,54.9606333,2014
GF4T512otu,23.49,70.11,2019
GF4S21428b,26.4683,57.6652,2013
GF3S05223a,-61.732273,47.469543,2011
GF4S16755b,21.31858,69.51835,2013
GF4S20289b,25.445137,58.94185,2015
GF3S02405a,122.4343,50.9896,2017
GF4S02843b,101.574,21.612,2015
FMS05364v3,117.07359,35.06678,2015
FMS16BI1692v2,147.61451,-42.27904,2014
GF4S03792b,101.574,21.612,2015
GF4S20671b,24.610563,58.674271,2015
FMS25254v2,15.29,63.18,2014
FMS16BI1748v2,141.68107,-13.60245,2015
GF3S05655a,16.640615,49.284879,2014
GF4S17795b,-83.433849,35.047616,2013
FMS25337v2,22.63,66.5,2014
S000722,153.1724,-28.27333,2012
GF4S03292b,100.167,27.167,2015
GF3S08607b,1.076793109,42.59126766,2013
FMS24752v2,-71.3317636,42.4093993,2013
GF4T286otu,-120.93,39.01,2016
GF3S01442a,8.376795994,46.56949201,2017
FMS24927v2,14.13,60.96,2014
GF4T1123otu,24.04,54.85,2020
FMS26586v2,21.94149,58.26765,2012
FMS00460v3,19.281667,42.57083,2014
GF4S14383b,16.6192279,49.29036934,2017
GF4S03413b,101.016,24.533,2015
GF4S03987b,101.016,24.533,2015
GF4S11426b,-112.4171,59.8463,2015
N1748,10.24765754,55.12292641,2014
GF3S03554a,-83.4806,35.6894,2017
FMS23425v2,-120.35,50.88,2010
GF4S14386b,16.660247,49.293659,2016
FMS16BI0110v2,135.81029,-12.50916,2013
GF4S17735b,138.82738,35.92715,2014
GF3S05156a,1.043611,41.357778,2013
FMS26460v2,22.44009,58.2402,2012
GF4S21762b,24.56432,59.18165,2015
FMS19751v2,-64.8617,-23.6966,
GF3S03464a,106.19,38.27,2015
S00D499,27.32315,58.28339,2011
GF4S20848b,24.798501,59.408503,2016
GF4T222otu,-5.23,35.16,2014
GF3S00679a,-2.98578,37.00703,2014
FMS11706v2,-61.725206,47.476603,2011
GF4S21629b,22.16529,58.9341,2015
GF4S21157b,25.23269238,58.41593156,2016
GF4S17431b,102.0965167,29.60806944,2014
FMS00487v3,5.74,52.05861,2014
GF4S21648b,22.5176,58.91338,2015
GF4S20829b,14.534259,50.018689,2015
FMS22772v2,-89.39,49.07,2011
S008998,17.84593,65.955791,2009
FMS19510v2,108.6672333,39.77843333,2015
GF4S03835b,100.167,27.167,2015
GF4S02668b,13.63784313,53.09109594,2011
FMS15699v2,-21.55,74.4666667,2011
GF4S21294b,27.67419,59.41437,2020
S006601,-149.53333,68.61667,2012
GF4S03722b,101.016,24.533,2015
FMS20346v2,24.17,61.51,2011
FMS23257v2,-122.61,54.35,2008
GF3S02840a,13.110873,56.700918,2014
GF3S05124a,1.033056,41.3475,2009
GF4T461otu,-41.45,-22.09,2018
GF4S17698b,138.80163,35.91679,2014
FMS16BI1279v2,138.7746583,-34.62681666,2016
GF4S14486b,16.71916517,49.27026736,2017
FMS17229v2,146.309722,-31.556111,2010
GF4S13128b,4.4598,50.8135,2019
FMS21840v2,10.238748,51.267749,2012
GF4S21503b,17.7399258,49.9749669,2018
GF4S20978b,25.90441,58.32371,2016
FMS25053v2,14.21,60.95,2014
FMS22881v2,-82.85,47.57,2011
GF4S02670b,13.69826325,53.08833008,2011
GF3S03475a,81.84,43.23,2015
GF4S03640b,101.574,21.612,2015
GF4S20375b,24.776423,58.460245,2015
GF3S04777a,38.61888889,7.0838889,2015
GF4S10880b,-1.32,51.77,2014
N1611,10.52333815,56.20709099,2014
GF4T936otu,21.59,65.25,2019
GF4S20345b,27.555143,58.09056,2015
FMS10989v2,27.31,58.25,2012
GF4S20106b,26.5495,58.3875,2014
GF4S10870b,-1.32,51.78,2014
FMS25145v2,15.29,62.23,2014
GF4S20923b,26.62687,58.36562,2016
GF4S02995b,100.167,27.167,2015
FMS06207v3,101.23958,21.91946,2013
GF3S05750a,14.70430334,48.66356651,2015
GF4S12609b,126.7282834,33.4780278,2015
GF4S20443b,25.105479,59.047825,2015
GF4S21317b,27.28612,58.28386,2020
GF4S19733b,26.643923,58.270643,2016
FMS25208v2,15.26,63.18,2014
FMS00342v3,21.8925,40.91306,2014
GF3S01499a,8.374609994,46.56891902,2017
GF3S03556a,-83.2439,35.0801,2017
GF4S03026b,100.167,27.167,2015
GF4T1739otu,83.01,51.11,2018
FMS06180v3,101.21334,21.91656,2013
FMS25328v2,22.41,66.54,2014
GF4S19757b,24.3203,56.3629,2019
FMS12375v2,9.487975291,48.38583174,2011
GF4S20237b,27.971387,59.410758,2015
N0809,117.908,29.124,2011
FMS00505v3,13.635,48.3425,2014
GF4S20699b,26.435207,58.580156,2015
GF4S21596b,26.588,58.4176,2013
GF3S00762a,-3.32168,36.97692,2014
FMS15704v2,-21.55,74.4666667,2011
GF4S20100b,26.5901,58.3078,2020
GF4T1696otu,1.45,10.21,2018
GF4S21054b,26.31949607,57.59131423,2016
GF4S04077b,101.574,21.612,2015
S00D518,27.31041,58.27645,2011
GF3S05251a,-61.751427,47.458518,2011
FMS25308v2,22.45,66.54,2014
GF4S20042b,26.72325,58.31681,2013
S000707,-71.7265,-44.83255,2011
FMS24782v2,24.70361111,68.4877778,2011
GF4S20952b,22.0354,58.24519,2016
FMS19517v2,93.17386111,43.59908333,2015
GF3S06735a,128.463275,38.032124,2018
FMS20340v2,24.17,61.51,2011
S001635,14.40828,60.70936,2008
GF4S21873b,14.1744475,49.7732044,2017
FMS23102v2,-120.28,50.93,2010
S000588,147.37845,-9.41755,2011
GF4S20223b,26.30028,57.757777,2015
FMSA8F1035v2,-65.8,18.3,2012
FMS08188v3a,117.0793891,36.7114557,2015
GF4S02606b,10.39369831,51.13668956,2011
FMS16BI0599v2,118.8528247,-34.08631806,2013
FMS22798v2,-122.61,54.35,2008
GF4S20858b,25.682978,59.247256,2016
GF4S02494b,9.22307025,48.38040166,2011
N0489,117.909,29.127,2011
N3625,-123.2666667,54.3333333,2014
FMS21824v2,10.224485,51.268042,2012
FMS25036v2,14.19,60.73,2014
GF4S20684b,22.121835,57.953273,2015
GF4S03613b,100.167,27.167,2015
GF4S19851b,26.526681,58.09002,2017
GF4S15908b,-149.53333,68.61667,2012
GF3S05705a,16.758058,49.331957,2014
GF3S05194a,52.0622,36.5621,2018
FMS25153v2,15.29,62.23,2014
GF4T67otu,-51.45,-1.72,2015
GF4S20483b,25.58592,58.36433,2015
N1566,8.169670368,55.68438776,2014
GF4S03077b,101.574,21.612,2015
FMS11486v2,9.932285399,46.49587773,2014
GF4S19941b,27.30645,58.26353,2011
N1885,146.212,-34.7118,
FMS25399v2,22.53,66.58,2014
GF4S19299b,17.4,64.0731283,2016
FMS25298v2,22.41,66.58,2014
S009096,17.749183,66.14522,2009
GF4S11524b,-116.839,61.7379,2015
FMS22991v2,-95.15,31.11,2012
GF3S00755a,-3.33313,36.95207,2014
GF4S03878b,100.167,27.167,2015
FMS26496v2,21.94131,58.26817,2012
GF4S21361b,26.493689,57.971286,2017
S001601,14.63903,60.58231,2008
GF4S21013b,23.19300486,58.99140361,2016
S006603,-149.53333,68.61667,2012
S001637,14.84361,59.68361,2008
FMS22811v2,-121.04,39.55,2011
GF4S14582b,13.42593829,49.00644591,2015
GF4S10660b,116.9127854,30.91966111,2015
FMS16BI0108v2,135.81029,-12.50916,2013
GF4S03517b,100.167,27.167,2015
FMS16BI1220v2,152.424726,-28.288659,2014
FMS16BI1431v2,138.79065,-34.624175,2016
FMS16BI1039v2,143.97764,-39.66524,2013
FMS17630v2,101.0166667,36.85,2011
FMSA8F1096v2,-83.5,35,2012
FMSA8F1080v2,-83.5,35,2012
GF4T1680otu,177.87,64.7,2018
GF4T1435otu,23.53,41.74,2015
GF4S03852b,100.167,27.167,2015
FMS22992v2,-95.15,31.11,2012
N0827,117.91,29.127,2011
GF3S02403a,122.4323,50.9894,2017
GF4T1610otu,35.76,-4.35,2018
GF4S19992b,22.07618,58.30937,2019
N1814,12.29951999,55.02428234,2014
GF4T625otu,27.41,57.93,2013
GF3S05733a,14.70723444,48.66342256,2015
FMS25037v2,14.54,61.26,2014
GF4S17385b,11.06,47.44,2016
GF4T913otu,8.22,40.61,2019
FMS24972v2,13.85,60.68,2014
GF4S20437b,24.858305,59.452454,2015
N1495,8.874824156,57.04487099,2014
GF3S01698a,26.55,60.48,2014
GF4S02469b,9.319752289,48.49159515,2011
FMS24192v2,5.63,52.25,2012
GF4S03085b,100.167,27.167,2015
GF4S02647b,13.82328696,52.98092391,2011
FMS16BI1378v2,138.678375,-34.688195,2016
S005871,5.263889,51.236111,2011
GF4T1606otu,55.66,37.35,2017
GF4S20902b,26.357852,58.529222,2016
GF4S20682b,22.214309,58.11566,2015
GF4S02557b,10.39188302,51.27890289,2011
GF4S14480b,16.6920829,49.26835436,2017
GF4S11495b,-116.4771,62.5097,2015
FMS16BI0481v2,143.90544,-40.10868,2013
GF4S02565b,10.38544887,51.13109242,2011
GF3S10259b,26.05,47.28,2017
FMS16BI1177v2,149.0083,-35.8811,2014
FMS16BI1605v2,116.18417,-32.58888,2016
S000827,-81.3375,26.940139,2013
GF4S21673b,26.20608,58.18964,2015
GF4S19554b,122.0544444,51.8413889,2021
GF3S02170a,128.8959833,47.18333333,2014
GF4S03378b,101.574,21.612,2015
FMS24082v2,124.9,41.85,2013
GF4S20115b,26.7223,58.57736,2014
S009046,17.764602,66.141219,2009
S009336,16.680125,49.259303,2013
FMS25221v2,15.28,63.19,2014
GF4S01575b,4.9608,50.861,2018
GF4S20571b,27.201063,57.846451,2015
S005878,5.263889,51.236111,2011
N1688,12.1003326,56.02259609,2014
GF4S20253b,23.23048,58.568954,2015
S000764,24.71194,58.04579,2011
GF4T28otu,-75.47,6.7,2012
GF3S04426a,24.451141,60.291071,2019
GF4T707otu,-99.36,19.28,2015
GF4S20837b,25.968826,58.658327,2015
GF4T874otu,177.72,-18.22,2019
GF4S20165b,27.207,57.948,2014
GF4S14392b,16.68807241,49.29490555,2016
GF3S06759a,128.463275,38.032124,2018
GF4S17674b,138.83178,35.91949,2014
GF4S21822b,23.61643,59.219,2018
S000784,22.8236,58.47449,2013
GF4S03561b,101.574,21.612,2015
N1904,145.261715,-31.844558,
FMS23225v2,-120.42,50.85,2010
FMS08129v3a,138.8315,35.9194722,2017
S008889,17.714925,66.137601,2009
S000998,18.816002,68.354395,
S000628,80.42462,6.42236,2011
FMS20367v2,24.17,61.51,2011
FMS25345v2,22.48,66.58,2014
FMSA8F1030v2,-65.8,18.3,2012
GF4S20658b,27.153335,59.207453,2015
GF4S12279b,-0.840676004,39.47056377,2014
FMS16BI0420v2,148.8211333,-35.39646666,2013
FMS16BI0146v2,118.7604917,-34.1171975,2013
FMS25038v2,14.54,61.26,2014
N0675,117.906,29.123,2011
GF3S01510a,8.375166971,46.56930903,2017
GF4S21419b,26.5691,57.6726,2013
GF4T610otu,26.5,57.65,2013
S008996,17.871057,65.945096,2009
GF4S21681b,27.38942,59.23487,2015
GF4S03354b,101.574,21.612,2015
GF4S19815b,26.76525,57.96056,2017
GF4S21301b,26.6845,58.35475,2020
FMS11701v2,-61.748295,47.445142,2011
FMS08227v3a,87.3508181,43.9427769,2015
GF4T63otu,-70.02,-4.35,2015
GF4S11411b,-116.6497,62.4875,2015
GF4S20311b,25.68144,58.272419,2015
GF4S11509b,-114.1035,60.2948,2015
S008845,17.84363,65.946791,2009
N1976,-100.420636,22.644511,
GF4S03284b,100.167,27.167,2015
FMS26598v2,22.32023,58.28365,2012
GF4S16750b,21.31906,69.51869,2013
GF4S21039b,25.38874925,58.04790717,2016
S009331,16.70553661,49.26936597,2013
N0723,117.91,29.127,2011
FMS16BI0550v2,142.28934,-36.67146,2012
FMS00537v3,14.184167,46.44167,2014
GF4S19716b,26.438617,58.093167,2017
GF4T205otu,98.89,18.83,2014
N0907,-83.96,35.84,2014
S005945,13.616167,49.042733,2013
FMSA8F1010v2,-105.38,39.99,2012
GF4S17753b,138.81849,35.91988,2014
GF4S21120b,23.4885651,58.77605794,2016
GF4S20108b,26.665,58.3611,2014
GF4S03816b,100.167,27.167,2015
GF4S14546b,13.40867159,49.09759332,2016
FMS23283v2,-122.61,54.35,2008
GF4S17444b,102.0583639,29.60805833,2014
GF4S02486b,9.305009907,48.49235467,2011
GF4S21940b,26.803701,58.488423,2014
GF4S02410b,9.472784125,48.37685727,2011
FMSA8F1079v2,-79.85,9.15,2012
FMS24664v2,-73.9559721,41.3914827,2013
FMS08120v3a,138.8315,35.9194722,2017
FMS00321v3,19.5275,42.49778,2014
N1671,11.99150258,56.01851756,2014
GF4T1303otu,24.93,35.18,2014
FMS00308v3,14.809167,46.20444,2013
GF4S19286b,15.78,59.11364451,2016
FMS00250v3,21.298056,40.00722,2013
FMS16BI1902v2,150.72,-33.61103,2015
FMS16BI1183v2,149.597209,-30.20092802,2014
GF3S01391a,26.726389,58.460278,2014
GF4S12600b,126.7282834,33.4780278,2015
GF4S20159b,26.3477,57.45435,2014
GF4S20603b,26.541378,59.507283,2015
FMS23509v2,-121.92,52.32,2009
GF4S19292b,16.33,61.86122121,2016
GF4S12218b,-0.515007279,39.93069605,2014
FMS23209v2,-120.42,50.85,2010
N1588,8.974026422,55.01528364,2014
N0445,117.908,29.125,2011
S009279,16.669242,49.32103,2013
GF4S03731b,101.574,21.612,2015
GF4S12829b,-76.376917,44.5842,2016
GF4S20959b,24.98713,59.61505,2016
S009233,16.76111792,49.3077972,2013
GF4S17740b,138.80387,35.9479,2014
S009207,16.76281142,49.30744752,2013
FMS16BI0578v2,150.7352711,-35.15304021,2012
GF3S09220b,11.41656111,51.6224444,2016
GF4S03624b,101.016,24.533,2015
GF4S03882b,101.016,24.533,2015
GF4S01152b,115.506314,33.221051,2014
GF3S02362a,121.2914,51.1536,2017
GF4S10875b,-1.32,51.77,2014
FMS08095v3a,138.7976944,35.9149167,2017
GF4T302otu,-76.3,20.78,2017
FMS15518v2,150.275056,-33.647806,2012
S00D617,27.4035,57.9381,2013
GF4S20439b,24.820912,59.102539,2015
GF4T709otu,-103.86,20.81,2015
N1573,8.897732161,55.1432163,2014
GF4S02431b,9.512219865,48.41904522,2011
GF4S03547b,101.016,24.533,2015
GF4T237otu,-78.16,39.47,2015
FMS21781v2,10.224485,51.268042,2012
GF4S21327b,26.67882,58.37531,2020
N1645,9.850810822,55.67579903,2014
FMS11859v2,-72.19,42.53,2012
GF4S20926b,25.443573,58.467259,2016
GF3S00787a,-3.34736,36.93335,2013
GF4S19933b,27.31735,58.27091,2011
GF4S14462b,16.63903551,49.26412493,2017
GF4S02510b,10.43001001,51.00074892,2011
GF4S11500b,-116.4272,62.5583,2015
FMS16BI0276v2,138.2613,-35.60827,2013
S000647,114.00981,-0.05611,2013
S005809,5.263889,51.236111,2009
FMS16BI1530v2,150.2281468,-33.08392283,2015
FMS16BI0112v2,134.50615,-13.52115,2013
FMS16BI1681v2,141.88817,-13.77233,2015
GF3S00779a,-3.3389,36.96573,2013
GF4T1554otu,29.05,41.11,2016
FMS15696v2,-21.55,74.4666667,2011
GF4T182otu,75.23,13.5,2013
FMS24703v2,-73.2508238,42.1290612,2013
S009039,17.799359,66.12506,2009
GF4S18753b,15.8,60.9666667,2011
GF4S20292b,25.611732,58.912715,2015
GF4T1409otu,-64.93,-23.92,2013
FMS25169v2,15.84,62.72,2014
GF4S03303b,101.574,21.612,2015
FMS24920v2,14.13,60.96,2014
GF4S21661b,23.63845,58.90898,2015
FMS22927v2,-120.78,39.26,2011
GF3S02183a,108.45,33.43333333,2014
FMS11786v2,-61.743504,47.460704,2010
GF4S04030b,100.167,27.167,2015
GF4S20338b,25.772464,58.031991,2015
FMS22882v2,-82.85,47.57,2011
GF4T1420otu,-19.9,64.01,2015
GF4S21766b,24.31246,59.08235,2015
FMS04025v3,9.886645,46.295005,2014
GF4T1088otu,6.8,61.87,2020
GF4S02952b,100.167,27.167,2015
GF4S21139b,26.40866359,57.83887374,2016
GF4S14336b,16.62821054,49.3174786,2017
GF4S02548b,10.4468141,50.96681298,2011
S00D533,21.7,61.7,2011
FMS08102v3a,138.8315,35.9194722,2016
FMS24110v2,124.9,41.85,2013
GF4S01143b,114.9625,36.23166667,2014
GF4T641otu,17.42,67.73,2014
GF3S05126a,1.036667,41.356111,2009
FMS26469v2,22.44009,58.2402,2012
S000815,-57.787,48.9895,2012
GF4S21176b,25.182752,58.27159117,2016
GF4S03382b,101.574,21.612,2015
GF4S17457b,102.035875,29.59450278,2014
FMS17663v2,95.9,37.48333333,2011
GF3S03561a,-83.2365,35.0872,2017
GF3S10243b,23.63,52.88,2017
GF4S11473b,-112.6619,60.1371,2015
FMS16BI0160v2,141.97663,-35.11641,2012
GF4S02805b,101.574,21.612,2015
N1494,8.874824156,57.04487099,2014
GF3S04504a,25.597211,62.218918,2019
GF4S21325b,27.05216,58.28188,2020
GF4S21931b,14.5221628,50.6372422,2018
GF4S17485b,101.9758611,29.55455278,2014
GF4S02828b,100.167,27.167,2015
GF4T293otu,-81.15,22.43,2017
FMS16BI0217v2,115.15305,-30.0912,2013
GF3S03506a,125.84,42.64,2015
GF4T1302otu,134.81,48.31,2014
FMS11067v2,26.433,58.1833,2012
FMS24708v2,-73.2508238,42.1290612,2013
S000754,-78.97001,36.01198,2012
FMS20303v2,24.17,61.51,2011
GF4S19796b,27.342169,58.283501,2017
FMS16BI0472v2,148.7961,-35.42261667,2013
GF3S05711a,16.640615,49.284879,2014
GF4T910otu,9.53,39.26,2019
GF4S21165b,26.06243374,58.02139915,2016
GF3S10264b,26.05,47.28,2017
GF3S01319a,26.52714,58.73243,2015
GF3S02346a,122.4339,50.9894,2017
GF4S19604b,27.41925,57.96941,2013
GF4S03406b,100.167,27.167,2015
FMS16BI0266v2,148.7831,-35.5655,2013
GF4S03261b,101.016,24.533,2015
S005913,5.263889,51.236111,2011
GF4S20152b,22.09,58.03,2014
GF3S02323a,122.094,50.9424,2017
FMS25109v2,15.27,63.23,2014
GF4S14330b,16.61377858,49.31710896,2017
GF4S11396b,-116.638,62.484,2015
GF4T1262otu,20.94,68.97,2013
GF4S19975b,26.3716,58.27961,2011
FMS24982v2,13.85,60.68,2014
GF4S21642b,22.05616,58.92356,2015
FMS06209v3,101.23956,21.91919,2013
FMS23135v2,-120.42,50.85,2010
GF4S03174b,101.574,21.612,2015
S000575,-71.36,-0.55,2011
GF4S17777b,-64.93383333,-32.0506667,2014
GF4S13363b,4.4593,50.8133,2019
GF3S06550a,10.577778,46.675833,2016
FMS25077v2,14.56,61.42,2014
GF3S04518a,25.719109,62.229073,2019
S000782,26.72325,58.31681,2013
GF4S03855b,100.167,27.167,2015
N1679,12.27163112,55.96826784,2014
FMS16BI0253v2,148.78455,-35.4463,2013
FMS05389v3,115.03578,36.28433,2015
S008813,17.742322,66.150675,2009
GF3S05201a,-61.748295,47.445142,2011
GF4T1705otu,-99.37,19.28,2018
FMS23026v2,-95.15,31.11,2012
FMS11721v2,-61.74162,47.457868,2011
GF3S05226a,-61.716367,47.482499,2011
GF3S04552a,25.6524998,60.9662078,2019
GF4S16770b,21.31583,69.51653,2013
N3643,-123.2666667,54.3333333,2015
GF3S09285b,12.6401353,50.2319303,2006
GF4T1670otu,177.7,64.69,2018
FMS25144v2,15.7,63.31,2014
S009092,17.807557,65.977202,2009
S00D492,27.32429,58.27644,2011
FMS08233v3a,116.1399978,24.2196526,2015
FMS16BI1524v2,117.266107,-34.599564,2016
GF4S20261b,23.165822,58.675789,2015
GF3S05236a,-61.717244,47.482825,2011
GF4T1516otu,-105.79,35.77,2015
FMS10576v2,-67.071898,18.512065,
GF4S03900b,100.167,27.167,2015
GF4S04023b,100.167,27.167,2015
S000603,105.59649,20.34902,2012
GF4S11421b,-116.5031,62.4031,2015
GF4S20574b,24.324804,58.639812,2015
FMS20351v2,24.17,61.51,2011
GF4S19899b,27.32472,58.27711,2011
GF4S19556b,122.0386111,51.8372222,2021
S001652,14.87139,59.69556,2008
FMS16BI1229v2,138.673023,-34.742505,2016
GF4S19320b,23.8,66.94586398,2016
GF3S05802a,14.70942799,48.66687433,2015
FMS22794v2,-122.61,54.35,2008
GF4S20488b,27.383594,58.28217,2015
GF4S02603b,10.26110719,51.36396053,2011
GF4S21160b,25.05618911,58.45034707,2016
FMS21753v2,10.311413,51.271362,2012
FMS16BI1324v2,138.692351,-34.721805,2016
GF4S21113b,24.14483316,59.25535402,2016
FMS15740v2,80.67861111,32.34833333,2011
GF4S16165b,13.110873,56.700918,2014
GF4S02898b,100.167,27.167,2015
GF4S02443b,9.288438724,48.48088666,2011
FMS08113v3a,138.8315,35.9194722,2016
GF4S03886b,101.016,24.533,2015
FMS06282v3,-84,30.75,2014
FMS16BI0518v2,118.08065,-22.57065,2011
FMS25188v2,13.96,62.66,2014
GF4S17446b,102.0578972,29.60815,2014
GF4T946otu,17.62,59.83,2019
GF4S11493b,-116.4771,62.5097,2015
GF4S17743b,138.80453,35.937,2014
GF4S19908b,27.32785,58.27117,2011
GF3S01492a,8.375228997,46.56841099,2017
GF4T72otu,-51.43,-1.77,2015
S005851,5.263889,51.236111,2011
FMS25415v2,22.68,66.51,2014
GF4S21484b,27.2948,57.9237,2013
FMS25400v2,22.53,66.58,2014
FMS24107v2,124.9,41.85,2013
GF4S04041b,101.016,24.533,2015
GF4S16486b,112.1666667,23.1666667,2015
GF4T826otu,-72.2,-40.78,2018
GF4S19233b,17.21,60.79405185,2016
GF3S05783a,14.70922455,48.66597527,2015
GF3S02081a,125.0516167,42.58333333,2014
GF4S20406b,24.210115,58.953768,2015
FMS17637v2,99.56666667,37.13333333,2011
FMS06291v3,-84,30.75,2014
GF4S20301b,25.499644,58.316786,2015
GF4S21269b,24.7067,59.40425,2020
GF4S20038b,26.74147,58.40102,2013
GF4S14178b,8.716666667,47.05,2014
FMS16BI1735v2,147.01964,-42.40184,2014
N1579,8.959030055,55.01130815,2014
FMS22808v2,-122.61,54.35,2008
GF3S02160a,108.9833333,18.75,2014
GF4S19643b,26.75456,58.06977,2017
S009217,16.76218389,49.29718392,2013
GF4T1357otu,-82.95,9.86,2013
GF4S21845b,23.82291,59.21635,2018
FMS16BI2047v2,138.116732,-35.631434,2014
GF4S20564b,27.300705,58.166859,2015
GF4S03776b,101.574,21.612,2015
GF4S17488b,101.9752167,29.55317778,2014
GF4T1391otu,17.16,-23.3,2014
GF4S15875b,-72.1875,42.4836111,2016
GF4S19754b,24.075478,56.56412,2019
GF4S14675b,13.93479405,48.74912272,2016
GF4S04122b,101.574,21.612,2015
GF4T542otu,42.69,43.06,2015
S006187,147.37553,-9.43501,2011
GF4S21415b,27.4353,59.0729,2013
GF4S02656b,13.6066414,53.09720511,2011
GF4S20431b,24.471128,58.774662,2015
FMS11844v2,-65.8,18.3,2012
FMS22989v2,-95.15,31.11,2012
S001167,4.708264,52.821516,2010
S00D628,27.3527,57.9382,2013
GF4S02116b,18.854472,68.326056,2008
FMS23267v2,-122.61,54.35,2008
FMS16BI1753v2,143.04765,-13.53401,2015
GF4T48otu,-69.9,-4,2019
GF4T161otu,131,-12.7,2011
GF4S20572b,27.201063,57.846451,2015
GF4S19327b,19.82,64.35554188,2016
S000739,119.43146,30.34101,2011
GF3S05268a,-61.748566,47.475494,2011
GF4S09989b,140.67,40.85,2015
FMS17330v2,9.647121,34.494253,2010
FMS00658v3,5.912222,52.19167,2014
S000803,-4.55615,56.0812,2011
GF4S16483b,112.1666667,23.1666667,2017
S008782,17.715826,66.140629,2009
FMS24191v2,5.63,52.25,2012
GF4T1312otu,-3.77,8.77,2014
FMS06314v3,-84,30.75,2014
GF4S11399b,-116.638,62.484,2015
GF4S04020b,101.016,24.533,2015
FMS22745v2,-89.38,49.08,2011
GF4S01188b,114.9625,36.23166667,2015
FMS23531v2,-121.92,52.32,2009
GF3S01485a,8.37415402,46.56916667,2017
GF4S03000b,101.574,21.612,2015
GF3S10229b,11.21,43.17,2017
FMS10565v2,-65.785082,18.294128,
GF4S03425b,101.016,24.533,2015
FMS11018v2,27.0333,58.116,2012
GF4S13144b,4.4215,50.75,2019
FMS19508v2,111.86735,41.81501667,2015
GF4T217otu,-3.62,35.04,2014
GF3S05824a,14.70904809,48.6648688,2015
FMS23555v2,-126.31,52.32,2008
GF4S20239b,27.959511,59.414634,2015
GF4S04103b,101.574,21.612,2015
GF4S21056b,26.58831862,58.30085021,2016
GF4S20376b,24.776423,58.460245,2015
GF4S11352b,-116.4933,62.4843,2015
GF4S21683b,27.38942,59.23487,2015
GF4S03349b,100.167,27.167,2015
GF4S03827b,101.016,24.533,2015
GF4S19708b,26.96401,58.522168,2016
FMS26451v2,22.44009,58.2402,2012
GF4T812otu,8.27,50.14,2019
GF4S15374b,112.1666667,23.1666667,2016
FMS24283v2,5.63,52.25,2016
GF3S02332a,122.0858,50.9454,2017
FMS19519v2,93.40377778,43.53997222,2015
S000679,145.83333,-37.48833,2011
GF4S18754b,15.8,60.9666667,2011
S005919,5.263889,51.236111,2011
S005206,9.242991595,48.39645862,2011
GF3S06721a,128.463275,38.032124,2018
GF4T177otu,103.79,22.32,2012
S000627,80.4237,6.41782,2011
GF4T1079otu,14,37.9,2012
GF4S21862b,14.4379681,50.21714,2017
GF4S02695b,13.78261215,52.94002157,2011
GF3S05138a,1.036667,41.356111,2012
GF3S06762a,128.463275,38.032124,2018
FMS17315v2,-0.963246,38.308579,2010
GF4T346otu,11.53,0.8,2018
GF4T1526otu,137.94,49.32,2016
GF4S11442b,-112.6764,60.1323,2015
GF4T1001otu,13.19,38.02,2019
FMS15716v2,90.24861111,31.39055556,2011
GF4S20649b,26.635311,57.918843,2015
S00D626,27.3541,57.933,2013
GF4S20400b,23.857412,58.832458,2015
GF4S20660b,27.150559,59.184202,2015
GF4S03721b,101.016,24.533,2015
FMS23193v2,-120.42,50.85,2010
GF3S02324a,122.0943,50.9421,2017
FMS00253v3,16.616111,46.56028,2013
GF3S00739a,-3.35468,36.92413,2014
FMS17601v2,95.86666667,33.71666667,2011
FMS16BI0630v2,131.0343,-25.3523,2012
GF4S19998b,22.80056,58.61218,2012
FMS23557v2,-126.31,52.32,2008
S000149,5.372778,51.125833,2009
GF4S21717b,26.3097,59.4965,2015
GF4S19930b,27.33476,58.27534,2011
GF4T288otu,-83.97,22.12,2017
GF3S02389a,121.8086,50.9869,2017
GF4T550otu,42.6,43.12,2015
GF3S02080a,125.0516167,42.58333333,2014
GF4S03360b,100.167,27.167,2015
FMS16BI0289v2,153.083025,-27.632688,2013
GF4S21595b,26.5561,58.3701,2014
GF4S16279b,-93.21,45.43,2017
GF4S22083b,-51.3872,-1.74335,2015
GF4S02705b,13.77166886,53.07110147,2011
GF4S20655b,27.45956,59.390218,2015
GF4T2otu,-72.4,-0.62,2012
GF4S01969b,-72.1875,42.4836111,2016
S006596,-149.53333,68.61667,2012
GF4T142otu,145.03,-5.93,2011
FMSA8F1068v2,-79.85,9.15,2012
FMS04026v3,9.888225,46.293936,2014
GF4S03892b,100.167,27.167,2015
GF4T551otu,42.56,43.14,2015
GF3S05205a,-61.728527,47.473417,2011
N3666,-123.2666667,54.3333333,2015
FMS23485v2,-121.92,52.32,2009
GF4S20221b,26.301747,57.770115,2015
S008980,17.715826,66.140629,2009
GF4S03888b,101.016,24.533,2015
FMS17561v2,100.9166667,35.35,2011
GF4S02626b,13.87560981,53.13730516,2011
GF4S20137b,22.64869,57.44429,2014
S000663,29.47745,-20.01863,2011
FMS12312v2,17.52,60.1025,2012
GF4S21162b,26.33548312,58.05627566,2016
GF4T1275otu,-71.55,-41.09,2013
GF3S02197a,110.4833333,31.31666667,2014
GF4S20645b,26.34832,57.963737,2015
GF4S21812b,26.7213,58.38491,2017
GF3S04424a,24.451141,60.291071,2019
FMS16BI0352v2,138.6038,-33.9142,2013
GF4S21426b,26.4493,57.6567,2013
FMS22836v2,-82.25,46.75,2011
GF4S18750b,15.8,60.9666667,2011
GF3S06769a,128.463275,38.032124,2018
GF4T37otu,-75.17,4.88,2019
GF4S19310b,16.22,63.47296588,2016
GF4S11325b,-114.1654,60.3432,2015
GF4S01588b,4.97488,50.86627,2018
GF4S17682b,138.82731,35.9488,2014
GF4S02939b,101.016,24.533,2015
FMS11742v2,-61.746007,47.460876,2011
GF4S02110b,18.854472,68.326056,2008
GF4T859otu,128.43,42.03,2012
GF4S20073b,27.1851,59.4372,2014
GF4S02664b,13.84168805,52.90744279,2011
GF4S01590b,4.98661,50.871172,2018
GF4S17729b,138.80739,35.92016,2014
FMS05369v3,117.67639,36.98427,2015
GF4S20580b,23.974819,58.611698,2015
GF4S20626b,26.282492,57.901044,2015
GF4S03533b,100.167,27.167,2015
FMS19749v2,-65.9513,-27.3309,
FMS17695v2,92.1,33.71666667,2011
GF4T1178otu,52.82,36.21,2012
GF4S17772b,-64.89566667,-32.0539722,2014
FMS16BI0402v2,115.0195167,-30.13483333,2013
GF4S10729b,5.777071,52.014828,2016
FMS16BI1027v2,144.11945,-39.93582,2013
FMS22928v2,-120.78,39.26,2011
GF4S10827b,5.89,45.1,2014
GF3S02326a,122.0942,50.9428,2017
GF3S10236b,23.65,52.9,2017
GF4S03419b,100.167,27.167,2015
FMS16BI0435v2,148.336683,-42.105769,2013
FMS17689v2,92.35,33.95,2011
GF4S02574b,10.36546587,51.18316036,2011
FMS16BI1496v2,150.4564183,-33.70503742,2015
FMS23417v2,-120.35,50.88,2010
GF4S19879b,27.127813,58.61484,2017
FMSA8F1011v2,-105.38,39.99,2012
GF4S03331b,100.167,27.167,2015
GF3S02105a,128.08,42.28,2014
GF4T903otu,8.86,39.46,2019
GF4T766otu,-59.93,5.31,2012
GF4T1180otu,-82.43,8.49,2012
GF4S02059b,18.849,68.328056,2008
GF4T1012otu,10,5.2,2020
GF4S19735b,26.11871,57.87415,2017
FMS16BI0284v2,145.61195,-17.1036,2013
GF4T1331otu,-75.49,6.73,2014
S009335,16.665998,49.2571,2013
FMS16BI0023v2,119.7616944,-33.68836111,2013
FMS16BI0149v2,118.7615269,-34.11718167,2013
GF4T767otu,-59.91,5.3,2012
GF4T340otu,11.31,-0.09,2018
GF4S03131b,100.167,27.167,2015
GF4T791otu,-71.44,-40.12,2012
GF4S21258b,25.59466,58.3805,2020
GF4S17702b,138.81892,35.91694,2014
FMS24754v2,-71.3317636,42.4093993,2013
GF4S03808b,100.167,27.167,2015
S009267,16.65274324,49.32493388,2013
FMS26205v2,22.19656,58.10714,2012
S008697,17.750305,66.023694,2009
S005890,5.263889,51.236111,2011
GF4S21904b,15.0251239,50.2862447,2017
S00D579,27.4805,59.0656,2013
GF4S21211b,26.77559,58.36462,2018
GF4S03999b,101.574,21.612,2015
FMS16BI1430v2,138.7747333,-34.62640333,2016
N5642,-77.091944,43.125,
FMS16BI1614v2,151.1349573,-33.6733605,2015
FMS16BI1726v2,146.84942,-42.54652,2014
FMS19759v2,-64.851,-23.7522,
GF4T1075otu,145.81,-5.16,2020
GF3S06770a,128.463275,38.032124,2018
FMS00589v3,5.845556,52.00333,2014
FMS23167v2,-120.42,50.85,2010
FMS21706v2,10.311438,51.27173,2012
GF4T1425otu,-83.71,9.56,2013
GF3S01420a,25.92181617,58.1422843,2016
N3649,-123.2666667,54.3333333,2014
GF3S01353a,25.23308,59.17969,2015
GF3S05161a,1.032778,41.349167,2014
GF3S09271b,112.83,22.57,2018
FMS22932v2,-120.78,39.26,2011
FMS22827v2,-121.04,39.55,2011
GF4S21626b,22.47252,58.78842,2015
GF4S20025b,22.81871,58.28062,2013
FMS20373v2,24.17,61.51,2011
FMS05322v3,111.94426,32.52209,2015
FMS16BI1732v2,147.0791,-42.3985,2014
FMS25230v2,15.37,63.16,2014
GF3S01304a,22.80332,58.76182,2015
GF4T120otu,147.35,-9.44,2011
GF4T1172otu,15.87,68.46,2020
GF4S02788b,100.167,27.167,2015
GF4T1360otu,-84.6,10.22,2013
GF3S00794a,-3.35489,36.92413,2013
GF4S17442b,102.0756667,29.60797778,2014
GF4T862otu,-73,-37.79,2019
N1683,12.2927887,55.98460376,2014
FMS16BI0624v2,131.0368,-25.3564,2012
GF4T1276otu,-71.55,-41.1,2013
FMS22943v2,-120.35,50.88,2010
GF4S15896b,-48.35194444,-21.30638889,2018
GF4S01959b,-72.1875,42.4836111,2016
GF4T83otu,-60.84,-3.09,2015
GF4S20777b,27.068538,58.272468,2015
GF4S01161b,114.22539,33.37315,2014
GF4S03904b,101.574,21.612,2015
S00D562,21.7,61.8,2011
GF4S21239b,26.6808,58.4719,2020
GF4S21101b,24.45874457,59.27627198,2016
S008762,17.781014,66.133167,2009
GF4T1470otu,74.54,42.54,2015
FMS9544v2,13.8552275,48.77659665,2011
S008801,17.737975,66.044107,2009
GF4T300otu,-76.45,20.2,2017
FMS9564v2,13.8552664,48.77660853,2011
S006160,29.58333,67.76667,2011
GF4S01638b,4.99017,50.87242,2018
GF4S16710b,15.8,60.9666667,2011
GF4S19856b,26.97941,58.11084,2017
FMS00511v3,6.027778,52.04861,2014
GF3S10203b,29.74,62.7,2017
GF4S21854b,25.8255,57.8987,2017
GF4S20774b,27.2178,58.23795,2015
FMS25349v2,22.48,66.58,2014
FMS16BI0537v2,126.9831,-31.86331667,2011
GF4S21687b,26.588,58.4176,2015
GF4S21713b,26.0051,59.4561,2015
GF4S18755b,15.8,60.9666667,2011
FMS17623v2,99.38333333,35.41666667,2011
GF4T39otu,-75.27,4.92,2019
GF3S01751a,26.55,60.48,2014
FMS02383v3,29.58333333,67.7666667,2013
GF3S01427a,26.49781,58.74809,2016
GF4S17584b,94.42694444,29.6497222,2018
FMS11709v2,-61.752835,47.433137,2011
FMS16BI0206v2,148.599397,-34.858486,2012
GF3S01382a,27.519,59.4268,2014
FMS22871v2,-82.85,47.57,2011
GF4T1418otu,-88.14,40.13,2014
FMS22813v2,-121.04,39.55,2011
GF4S20335b,25.551979,58.005046,2015
GF3S10213b,10.97,43.35,2017
S005199,9.244827343,48.39909865,2011
GF4T1600otu,55.93,37.64,2017
S005799,5.263889,51.236111,2009
FMS02402v3,29.58333333,67.7666667,2013
GF4S17685b,138.79948,35.94103,2014
S001736,23.551006,58.555214,2011
GF4S19309b,16.22,63.47296588,2016
GF4S13147b,4.4237,50.7508,2019
FMS19748v2,-65.4827,-24.0937,
GF4S17786b,-83.434013,35.049007,2013
S005816,5.263889,51.236111,2011
FMS16BI1755v2,147.42263,-42.61742,2014
GF3S00707a,-2.97962,37.08163,2014
S00D501,27.32152,58.28402,2011
S005241,13.90992535,52.91229384,2011
FMS04020v3,9.872983,46.303777,2014
GF3S05795a,14.70564365,48.66385984,2015
FMS17672v2,94.26666667,35.7,2011
FMS26688v2,22.83214,58.48656,2012
GF4T796otu,-71.46,-42.78,2012
GF4S02051b,18.849,68.328056,2008
GF4S11389b,-116.423,62.5568,2015
N2011,8.673783,35.167767,
N0476,117.909,29.123,2011
FMS00502v3,19.569722,42.91806,2014
S005196,9.334410162,48.47807317,2011
GF4S02485b,9.474351501,48.40023261,2011
FMS26211v2,22.2675,58.29693,2012
GF4S19553b,122.0544444,51.8413889,2021
S008811,17.743818,66.025354,2009
GF4T1287otu,-68.13,-54.69,2013
N1811,12.52658148,54.98604161,2014
FMS05395v3,115.62792,33.22595,2015
GF4S19586b,26.54443,57.54538,2013
FMS11029v2,27.0333,58.116,2012
GF3S02337a,122.4334,50.9897,2017
GF4S20567b,27.475022,57.760519,2015
GF4S21045b,26.19105564,57.75733861,2016
GF4T1676otu,177.85,64.75,2018
GF3S02136a,113.65,28.18333333,2014
GF4S16727b,21.31831,69.51875,2013
GF3S02411a,121.2931,51.1404,2017
GF4T261otu,-111.69,35.33,2015
FMS23041v2,-95.15,31.11,2012
GF4T1734otu,-66.42,-17.66,2018
GF4S02825b,101.574,21.612,2015
GF4S14588b,13.45455204,49.00492268,2016
S009259,16.61626134,49.29642094,2013
S005209,9.474351501,48.40023261,2011
FMS17292v2,-2.2306,39.048208,2010
S000689,-71.65906,-40.132,2011
GF4S20752b,24.903576,59.356634,2015
GF4S21413b,27.5044,59.0606,2013
GF4S01195b,115.60347,33.302332,2015
FMS16BI1204v2,149.01165,-35.8748166,2014
FMS10567v2,-65.782132,18.290552,
GF3S02064a,115.4333333,39.96666667,2014
GF4S21273b,26.7173,58.3891,2020
GF4T621otu,27.35,57.94,2013
GF4S21579b,26.7493,58.4461,2014
GF4S21110b,23.92720593,59.3310369,2016
GF3S01688a,27.33,64.27,2014
S008877,17.742322,66.150675,2009
GF3S01412a,27.68945,57.87791,2014
FMS05392v3,119.99864,36.62681,2015
FMS25063v2,14.21,60.95,2014
GF3S10290b,-1.16275,38.03344,2017
GF4S03028b,101.574,21.612,2015
GF4T1646otu,35.36,-3.08,2018
GF4T1105otu,25.36,66.66,2020
FMS16BI0349v2,137.9574,-32.30339,2013
GF4S02615b,13.97706873,53.08838274,2011
GF4T481otu,-16.71,28.13,2019
GF4S19661b,26.88742,58.34459,2017
N1750,10.24668713,55.12991274,2014
GF4T1535otu,7.55,60.61,2016
N3615,-123.2666667,54.3333333,2015
GF4S03376b,101.016,24.533,2015
GF4T405otu,-66.49,18.18,2018
S00D557,21.7,61.8,2011
S000839,145.15822,-5.8146,2011
FMS26661v2,22.83214,58.48656,2012
GF3S08462b,7.416666667,60.55,
S001647,17.54556,60.48444,2008
GF4S17798b,-83.433849,35.047616,2013
FMS16BI1522v2,117.687632,-34.403644,2016
GF4S21815b,24.8779,59.4698,2017
GF4T363otu,89.87,27.5,2018
FMS16BI0089v2,150.267825,-33.652974,2014
GF4T1731otu,-65.64,-17,2018
FMS24996v2,14.08,60.94,2014
FMS16BI0300v2,150.7379895,-35.14128158,2012
FMS23171v2,-120.42,50.85,2010
GF4S21663b,25.22249,58.80407,2015
FMS22834v2,-82.25,46.75,2011
FMS25293v2,22.41,66.58,2014
GF3S10215b,11.2,43.18,2017
N1481,8.929984696,57.05433542,2014
GF4S02121b,18.854472,68.326056,2008
FMS17276v2,-2.372904,34.159182,2010
S000513,53.07573,57.1041,2011
S00D565,21.7,61.8,2011
GF3S10263b,26.06,47.29,2017
GF4T741otu,132.95,43.38,2010
GF4T34otu,-72.4,-0.62,2019
GF4T441otu,-36.71,-10.62,2018
GF3S00695a,-2.96833,37.0373,2014
GF4S13174b,4.5299,50.8125,2019
S008717,17.742322,66.150675,2009
GF3S10254b,26.03,47.3,2017
GF4T279otu,-121.97,42.74,2016
GF4S19588b,27.0454,58.15225,2013
FMS17625v2,99.38333333,35.41666667,2011
GF3S01423a,25.28873571,58.41170591,2016
FMS06196v3,101.25878,21.95012,2013
S009298,16.68655805,49.30424835,2013
GF4S21333b,24.3542,56.8662,2020
GF4T717otu,45.37,-22.54,2010
GF4S09325b,-96.58333333,39.0833333,2018
FMS25286v2,22.45,66.55,2014
S000651,132.4616667,-13.0445,2011
GF4S21439b,26.495,57.6524,2013
FMS16BI0545v2,141.9765,-35.11641,2012
GF4S16117b,-99.15,39.0833333,2018
FMS08133v3a,138.8315,35.9194722,2017
S000217,5.372778,51.125833,2009
FMS24638v2,-74.009257,41.419898,2013
N1596,8.949862276,55.18478471,2014
GF4S17773b,-64.89566667,-32.0539722,2014
GF4S03571b,101.574,21.612,2015
GF4S19950b,27.31041,58.27645,2011
GF4S04111b,101.574,21.612,2015
N1601,10.53128681,56.19642823,2014
GF3S00686a,-2.97178,37.01947,2014
FMS05365v3,117.62931,37.00356,2015
GF4S13049b,9.521442437,48.38294187,2015
GF3S09300b,12.6793169,50.2420728,2010
GF4S12605b,126.7282834,33.4780278,2015
GF4S03876b,101.574,21.612,2015
GF3S06708a,128.463275,38.032124,2018
GF4S16468b,-89.35,43.1333333,2015
N1545,8.493946977,56.2452577,2014
FMS21702v2,10.311438,51.27173,2012
GF4T245otu,-73.02,42.87,2015
GF4S02519b,10.45617793,51.28066705,2011
GF4T1311otu,-3.77,8.77,2014
FMS00622v3,14.184167,46.44167,2014
FMSA8F1027v2,-65.8,18.3,2012
GF4S02832b,101.574,21.612,2015
FMS23323v2,-122.61,54.35,2008
GF4T1408otu,-65.91,-27.32,2013
GF3S05781a,14.70922455,48.66597527,2015
GF4S20487b,27.383594,58.28217,2015
GF4T1464otu,77.77,33.51,2015
FMS00238v3,6.020833,52.04222,2013
N1916,146.465998,-34.811983,
GF4S21240b,26.7073,58.4501,2020
FMS25156v2,15.29,62.23,2014
FMS22969v2,-95.15,31.11,2012
S001645,15.20308,59.62483,2008
GF4T372otu,91.1,26.48,2018
FMS16BI1422v2,138.665304,-34.6766793,2016
GF4S03346b,101.574,21.612,2015
GF3S01372a,26.71379789,58.52617706,2016
FMS00387v3,13.914167,46.48333,2014
GF4S03157b,101.016,24.533,2015
GF4S21385b,27.4805,59.0656,2013
GF3S05748a,14.70376313,48.66696548,2015
GF3S02333a,122.085,50.9444,2017
GF4S02549b,10.36691676,51.22102586,2011
FMS23497v2,-121.92,52.32,2009
FMS16BI1959v2,138.130077,-35.640126,2014
FMS26088v2,22.44765,58.35375,2012
FMS08057v3a,138.7976944,35.9149167,2016
FMS16BI0287v2,153.083025,-27.632688,2013
S000613,-65.73021,18.32482,2011
GF4S21197b,23.43938,58.63443,2017
FMS22818v2,-121.04,39.55,2011
GF4T968otu,73.8,71.02,2019
FMS16BI0302v2,140.728053,-33.971572,2013
GF4S10821b,5.89,45.1,2014
FMS08014v3a,138.8177222,35.9173889,2016
GF4S22056b,-70.07526667,-4.42648333,2015
FMS16BI0424v2,148.9085,-35.59065,2013
FMS00399v3,14.1025,45.82861,2014
FMS26388v2,22.19635,58.10709,2012
GF4S20930b,25.9027,59.4044,2016
GF4S02983b,101.574,21.612,2015
GF4S02940b,100.167,27.167,2015
FMS17287v2,-3.558751,33.932621,2010
FMS17295v2,-2.900725,40.068228,2006
GF4S21846b,23.82316,59.21919,2018
FMS22837v2,-82.25,46.75,2011
S00D606,26.4667,57.667,2013
GF4S21430b,26.4683,57.6652,2013
FMSA8F1092v2,-122.26,44.2,2012
GF4S20983b,25.45529,58.33807,2016
GF4S12288b,-0.685556176,39.6040437,2014
GF4S03537b,100.167,27.167,2015
FMS15689v2,-21.55,74.4666667,2011
FMS11927v2,-149.34,68.38,2012
S009045,17.764602,66.141219,2009
FMS16BI0631v2,131.0213,-25.3457,2012
GF4S20481b,25.546629,58.471585,2015
FMS25048v2,14.54,61.26,2014
S000590,146.90886,-6.63903,2011
GF4S14497b,16.65280849,49.25627461,2017
GF4T738otu,132.43,43.55,2010
GF4S03313b,101.574,21.612,2015
GF4S03056b,101.016,24.533,2015
FMS24934v2,14.05,60.94,2014
FMS16BI0273v2,148.7989,-35.43457,2013
GF4S19650b,26.38845,58.27492,2017
S000816,128.219,26.71994,2012
FMS24776v2,24.70361111,68.4877778,2011
GF4S21261b,25.5993,58.3572,2020
FMS16BI0516v2,116.8285667,-21.11651667,2011
GF3S05823a,14.70904809,48.6648688,2015
GF4S21279b,26.7742,58.3835,2020
GF4S20493b,26.007125,58.1045,2015
FMS16BI0347v2,137.9574,-32.30339,2013
GF4T442otu,-36.76,-10.63,2018
FMS9551v2,13.85524047,48.77660061,2011
FMS16BI0497v2,132.0354,-22.43503333,2011
GF4S21840b,23.80917,59.20612,2018
FMS16BI1873v2,146.8072247,-43.16770086,2015
GF4S20810b,26.086182,58.943558,2015
S000582,-69.8983,-4.0175,2011
GF4S02523b,10.48623231,51.06801303,2011
GF4S11382b,-116.4801,62.4914,2015
FMS12379v2,9.371377347,48.37273337,2011
GF4S17374b,11.06,47.44,2016
GF4S16169b,13.110873,56.700918,2014
GF4S17395b,11.06,47.44,2016
GF4S02035b,18.849,68.328056,2008
GF4S21918b,13.4430758,50.5109781,2018
GF4S21505b,17.4217669,49.2124286,2018
GF4S10728b,5.777071,52.014828,2016
FMS9557v2,13.85525343,48.77660457,2011
GF4S20622b,26.485078,57.524674,2015
GF4S19229b,20.53,66.39001683,2016
GF4T999otu,55.66,24.29,2019
GF4S20659b,27.153335,59.207453,2015
GF3S00782a,-3.33514,36.95111,2013
GF3S03544a,-83.5355,35.6944,2017
GF4S20110b,26.6385,58.52899,2014
FMS25019v2,14.07,60.94,2014
FMS08078v3a,138.7976944,35.9149167,2017
GF4S21690b,23.9912,58.548,2015
GF4T1146otu,18.21,69.09,2020
S000844,145.2558333,-6.3755,2011
GF4S03009b,101.016,24.533,2015
GF4S17441b,102.0757639,29.60778611,2014
GF4S20647b,26.380815,57.94794,2015
GF4S03663b,101.574,21.612,2015
FMS08201v3a,118.4866866,24.8788489,2015
N1616,10.52945138,56.10006712,2014
GF4S02505b,9.407903319,48.41670204,2011
FMS08147v3a,104.8983536,29.2286689,2015
FMS24709v2,-73.2508238,42.1290612,2013
GF4T1066otu,30.74,-29.76,2020
GF4S19298b,17.4,64.0731283,2016
GF4S02524b,10.45884334,51.03349512,2011
GF4S03270b,101.016,24.533,2015
FMS06202v3,101.25948,21.95409,2013
GF4S17505b,124.3333333,51.7,2018
FMS23573v2,-126.31,52.32,2008
FMS20317v2,24.17,61.51,2011
S000756,78.16841,30.46288,2012
S005210,9.371377347,48.37273337,2011
FMS23367v2,-120.35,50.88,2010
GF4T93otu,-70.98,-53.69,2016
GF4T1451otu,72.6,35.5,2015
N1539,8.162359036,56.31803005,2014
GF4S03481b,101.016,24.533,2015
GF4S21237b,26.5884,58.2113,2020
N3690,-123.2666667,54.3333333,2015
FMS16BI1501v2,120.314942,-30.788543,2016
GF3S02163a,108.8333333,18.71666667,2014
GF4T1364otu,166.51,-22.16,2014
GF4S03872b,100.167,27.167,2015
FMS16BI1376v2,138.678375,-34.688195,2016
GF4T1431otu,115.06,-30.19,2015
GF4S01594b,4.99042,50.88739,2018
FMS9542v2,13.85524,48.77658035,2011
S001668,23.31667,58.55,2011
FMS24966v2,14.14,60.69,2014
GF3S02837a,13.085274,56.662709,2014
GF4S03410b,101.574,21.612,2015
GF4S01211b,111.91027,32.54168,2015
GF4S03315b,101.016,24.533,2015
S009114,17.808482,65.996435,2009
FMS16BI0232v2,132.78996,-12.8649,2013
S000563,-72.2417,-0.3629,2011
GF4S12604b,126.7282834,33.4780278,2015
FMS25148v2,15.29,62.23,2014
GF4S15362b,-89.35,43.1333333,2015
FMS25079v2,14.56,61.42,2014
GF4S02534b,10.37172525,51.2815009,2011
FMS11783v2,-61.754952,47.435126,2010
GF4S19620b,26.63528,58.13583,2013
GF4S01968b,-72.1875,42.4836111,2016
FMS9563v2,13.85527265,48.77660015,2011
FMS16BI1047v2,143.89126,-39.8644,2013
FMS21718v2,10.311229,51.271436,2012
FMS16BI1711v2,147.20646,-42.55907,2014
GF4S10845b,5.85,45.11,2014
GF4S21990b,48.4638157,-18.975127,2016
FMS17640v2,98.9,36.93333333,2011
FMS16BI1492v2,146.8372982,-43.10942304,2015
FMS08138v3a,138.8315,35.9194722,2017
FMS22814v2,-121.04,39.55,2011
GF4S17797b,-83.433849,35.047616,2013
FMS23000v2,-95.15,31.11,2012
GF3S01373a,26.13706696,59.30540974,2016
FMS20281v2,24.17,61.51,2011
FMS16BI1801v2,146.7472972,-43.10285718,2015
GF4S21067b,26.24995971,59.28116609,2016
GF4S11326b,-114.2401,60.3917,2015
FMS10965v2,27.31,58.25,2012
FMS16BI1733v2,147.61381,-42.27943,2014
GF4S03304b,101.574,21.612,2015
FMS06310v3,-84,30.75,2014
S000629,80.4155,6.42457,2011
FMS23451v2,-121.92,52.32,2009
FMS23185v2,-120.42,50.85,2010
GF4S10941b,83.07,55.01,2017
FMS22708v2,-116.9472222,46.58805556,2012
GF4S20788b,25.851675,58.40486,2015
GF4S02678b,13.63538422,53.08860551,2011
GF4S17693b,138.8188,35.91955,2014
FMS08074v3a,138.7976944,35.9149167,2017
GF4S21719b,26.74493,59.04003,2015
GF4S21329b,24.88131,57.26109,2020
FMS17345v2,-115.811803,33.750666,2009
FMS11847v2,-65.8,18.3,2012
GF3S03434a,104.9,29.23,2015
GF4S21323b,27.2855,58.28454,2020
FMS02382v3,29.58333333,67.7666667,2013
GF4S13045b,9.448648359,48.48725232,2015
GF4S03440b,101.574,21.612,2015
GF3S09211b,11.87559444,51.3915694,2016
FMS02391v3,29.58333333,67.7666667,2013
GF4S16420b,-85.37,42.38,2015
FMS11807v2,-61.745577,47.457014,2010
FMS25233v2,15.37,63.16,2014
FMS16BI1804v2,150.72482,-33.61583,2015
GF4S21277b,26.7693,58.3972,2020
GF4S03353b,101.016,24.533,2015
GF4S19607b,27.04826,58.1523,2013
S009303,16.64667126,49.29226491,2013
GF4S03116b,101.016,24.533,2015
FMSA8F1020v2,-72.19,42.53,2012
FMS06171v3,101.2859,21.90952,2013
FMS16BI1814v2,150.73795,-33.61292,2015
FMS11841v2,-105.38,39.99,2012
GF4T1362otu,166.85,-22.24,2014
GF4T756otu,-65.82,18.32,2011
GF4S20552b,23.005877,58.795534,2015
GF4S16313b,8.716666667,47.05,2014
GF4T1441otu,26.54,57.56,2015
FMS16BI0433v2,148.2641,-42.1685,2013
GF4S21769b,24.34035,59.10435,2015
GF4S17491b,101.9679611,29.55504722,2014
FMS12370v2,9.382384493,48.38258955,2011
GF4S02444b,9.299243825,48.47816117,2011
GF3S04472a,30.10211017,62.62874716,2019
FMS00581v3,13.926389,45.66222,2014
GF4T1503otu,32.48,-28.26,2016
GF3S03498a,127.46,50.25,2015
FMS22891v2,-82.85,47.57,2011
FMS16BI1922v2,146.6542886,-43.09507123,2013
GF4S17502b,124.3333333,51.7,2018
GF3S10305b,-0.76553,37.82781,2017
GF3S04436a,24.662434,60.237751,2019
GF3S02130a,121.25,51.51666667,2014
GF4S21471b,27.3249,57.9557,2013
GF3S04448a,24.9500236,60.1724044,2019
GF4S20657b,27.340114,59.224816,2015
FMS24704v2,-73.2508238,42.1290612,2013
FMS11766v2,-61.748566,47.475494,2011
FMS9529v2,13.85520782,48.77658073,2011
FMS16BI0434v2,148.2641,-42.1685,2013
FMS17673v2,94.26666667,35.7,2011
FMS25141v2,15.7,63.31,2014
GF4S20692b,24.333098,58.475458,2015
FMS25023v2,14.19,60.73,2014
GF4S11403b,-112.6619,60.1371,2015
GF4S20389b,25.465613,59.474627,2015
GF4S01984b,18.848083,68.330444,2008
GF4S20518b,22.635109,59.077084,2015
GF4S03379b,101.016,24.533,2015
GF4S21909b,15.4386364,50.1538467,2018
GF4T486otu,-16.62,28.11,2019
GF3S05833a,14.70776268,48.66670197,2015
N1666,9.752402725,55.69123563,2014
FMS22844v2,-82.25,46.75,2011
N4131,119.0076361,29.65286944,2015
FMS11750v2,-61.743014,47.460226,2011
FMS16BI0048v2,149.0076,-35.881,2014
GF4S02936b,101.574,21.612,2015
GF4S20776b,27.068538,58.272468,2015
GF4T1569otu,38.41,-5.07,2016
S008812,17.750305,66.023694,2009
GF4S21608b,23.294,58.601,2015
GF4S17754b,138.81017,35.92261,2014
S000510,128.11673,42.42917,2011
GF4T387otu,-149.41,68.2,2018
FMS25275v2,22.54,66.58,2014
GF4S21783b,22.41582,58.31299,2016
GF3S01517a,8.37627003,46.56937801,2017
GF4T830otu,119.43,30.34,2012
FMS24707v2,-73.2508238,42.1290612,2013
GF4S14115b,-106.6960002,34.31593166,2013
FMS16BI0202v2,138.5673,-31.32774,2013
FMS17706v2,91.66666667,32.18333333,2011
GF4S19875b,26.319755,58.741588,2017
GF3S05274a,-61.762905,47.46424,2011
GF4T471otu,-48.87,-25.37,2018
S005916,5.263889,51.236111,2011
GF4T136otu,145.41,-6.02,2011
GF4T1103otu,25.16,65.96,2020
GF4S03203b,100.167,27.167,2015
GF4S03754b,101.574,21.612,2015
FMS08161v3a,103.2700171,36.1678224,2015
GF4S20035b,25.0398,58.1478,2013
FMS20279v2,24.17,61.51,2011
GF4S03152b,101.574,21.612,2015
FMS25211v2,15.26,63.18,2014
FMS24646v2,-73.9559721,41.3914827,2013
GF3S05723a,14.70740952,48.66364532,2015
GF4S16438b,-85.37,42.38,2015
GF4S21851b,23.77407,59.18513,2018
FMS9531v2,13.85519532,48.77659672,2011
FMS25118v2,14.75,63.51,2014
GF3S03174a,26.55598,58.36978,2015
GF4S20199b,26.736364,58.271481,2015
GF4S21207b,24.70673,59.35998,2017
GF4S20929b,25.042,59.215,2016
GF4S21377b,26.906131,58.500961,2017
S00D591,27.6579,59.0991,2013
GF4S19926b,27.3335,58.26945,2011
FMS16BI0392v2,148.80225,-35.431,2013
FMS16BI0533v2,116.4591,-32.58886667,2011
GF4S02847b,100.167,27.167,2015
GF4S03524b,100.167,27.167,2015
GF4S21813b,24.8779,59.4698,2017
GF3S05643a,16.75881,49.332565,2014
GF4T951otu,13.87,53.2,2019
N0565,117.907,29.122,2011
GF4T1631otu,14.42,38.01,2018
GF4S20172b,26.74305702,58.35702798,2014
GF3S00776a,-3.33889,36.96574,2013
N1575,8.935220188,55.17319834,2014
FMS11724v2,-61.721288,47.479738,2011
GF4S03672b,100.167,27.167,2015
GF4S20598b,23.62096,58.652031,2015
N0483,117.91,29.126,2011
GF4T642otu,17.45,67.73,2014
GF4S19961b,27.31827,58.27306,2011
GF4S19656b,27.294556,58.250667,2017
GF4T1120otu,24.08,54.89,2020
GF3S08517b,20.183917,47.913477,2017
GF4S03591b,100.167,27.167,2015
GF3S02143a,110.8833333,26.81666667,2014
N3633,-123.2666667,54.3333333,2015
GF4S21824b,23.61643,59.219,2018
FMS25121v2,14.75,63.51,2014
GF4S19597b,26.34942,59.07132,2013
GF4S21600b,26.588,58.4176,2014
FMS22788v2,-89.39,49.07,2011
GF4S17464b,102.0311833,29.58660556,2014
N0646,117.909,29.125,2011
GF3S02334a,122.0863,50.9448,2017
FMS16BI0170v2,149.112782,-21.15956,2012
FMS08155v3a,116.4870447,28.2232786,2015
N1551,8.182877548,55.77354752,2014
S001663,23.31667,58.55,2011
GF4S16299b,-93.21,45.43,2017
GF4T568otu,42.72,43.08,2015
GF4T68otu,-51.46,-1.74,2015
GF4S02905b,100.167,27.167,2015
GF4S11391b,-114.1654,60.3432,2015
FMS11725v2,-61.709441,47.487346,2011
GF4S21942b,26.643056,58.378889,2014
FMSA8F1023v2,-65.8,18.3,2012
GF4S20646b,26.34832,57.963737,2015
N3718,-123.2666667,54.3333333,2014
FMSA8F1016v2,-72.19,42.53,2012
FMS02380v3,29.58333333,67.7666667,2013
GF4T898otu,83.7,55.71,2019
GF3S10221b,11.22,43.07,2017
GF4S03739b,101.574,21.612,2015
FMS22845v2,-82.25,46.75,2011
FMS23068v2,-95.15,31.11,2012
S006136,29.58333,67.76667,2011
GF3S05740a,14.70354388,48.66689105,2015
GF3S05837a,14.70804675,48.66431415,2015
GF4S11520b,-116.5478,62.4897,2015
S00D527,27.33501,58.28426,2011
GF3S02342a,122.4327,50.9896,2017
GF4S21170b,26.17691252,58.11437969,2016
S000709,171.6870428,-42.7641762,2012
FMS25201v2,15.26,63.18,2014
GF4S14473b,16.66541,49.267661,2017
GF4T431otu,-38.93,-7.31,2018
FMS16BI0570v2,150.6594444,-35.16426399,2012
GF3S00713a,-2.98613,37.00639,2013
GF4T563otu,42.54,42.98,2015
GF4T1076otu,145.08,-5.22,2020
N1586,9.05938754,55.29300077,2014
GF4S03840b,100.167,27.167,2015
FMS16BI0332v2,130.92964,-25.28703,
FMS04021v3,9.872221,46.303221,2014
S006192,147.11343,-7.30575,2011
GF4T1208otu,147.65,-42.53,2011
FMS20374v2,24.17,61.51,2011
GF4S03459b,100.167,27.167,2015
GF4T327otu,29.35,-1.83,2018
S008788,17.715826,66.140629,2009
GF4T1614otu,37.58,-6.16,2018
GF4T1169otu,16.51,68.3,2020
GF4T1165otu,14.66,68.24,2020
GF3S03522a,117.3,34.28,2015
GF4S10825b,5.89,45.1,2014
S00D531,27.30141,58.26102,2011
FMS16BI1708v2,141.6841,-13.60315,2015
GF4S20266b,23.17602,58.593605,2015
FMS24772v2,24.70361111,68.4877778,2011
GF4T1625otu,14.51,37.11,2017
GF4T1601otu,55.79,37.53,2017
FMS24195v2,5.63,52.25,2012
FMS16BI1206v2,142.27515,-34.42796,2014
GF4S17561b,124.3333333,51.7,2018
FMS11969v2,129.23,35.812778,2011
FMS00258v3,15.095278,46.18556,2013
FMS24929v2,14.13,60.96,2014
GF4S01643b,4.98546,50.87591,2018
GF4S03247b,101.016,24.533,2015
GF4T952otu,19.77,64.25,2019
GF4T1036otu,29.7,-4.3,2020
GF4T635otu,27.35,57.94,2013
GF4S19618b,27.1859,57.92115,2013
S001000,18.816002,68.354395,
GF4T638otu,17.82,67.64,2014
GF4S03362b,101.574,21.612,2015
GF4S20676b,21.85424,58.292411,2015
GF4S20997b,27.05494,57.71752,2016
FMS24301v2,5.63,52.25,2016
GF3S03530a,116.14,24.22,2015
FMS17274v2,-2.422588,33.052487,2008
FMS06332v3,-84,30.75,2014
FMS16BI1777v2,147.46838,-42.27962,2014
GF4S21507b,17.7948333,49.0262703,2018
FMS22795v2,-122.61,54.35,2008
GF3S06767a,128.463275,38.032124,2018
GF4T960otu,11.36,46.37,2019
GF4S04011b,100.167,27.167,2015
GF4S21348b,25.347486,58.729681,2017
GF4S19940b,27.31156,58.26329,2011
GF4S03345b,101.016,24.533,2015
GF4T1089otu,7.24,61.93,2020
GF4S17524b,124.3333333,51.7,2018
GF3S02090a,111.9166667,33.5,2014
GF3S02123a,121.25,51.43333333,2014
FMS16BI0299v2,140.728053,-33.971572,2013
GF4S01180b,114.829,37.83463889,2015
GF4S20377b,24.900982,58.470287,2015
GF4S19857b,26.87087,58.5894,2017
GF4S17399b,11.06,47.44,2016
FMS23389v2,-120.35,50.88,2010
GF4T1315otu,98.48,18.57,2014
FMS08020v3a,138.8177222,35.9173889,2016
GF3S04520a,25.719109,62.229073,2019
GF4S21227b,26.52014,58.35743,2019
S005868,5.263889,51.236111,2011
GF4S02526b,10.42468558,51.28366356,2011
GF4S20998b,27.326,59.224,2016
GF4S16412b,-85.37,42.38,2015
GF4S03343b,101.016,24.533,2015
FMS11863v2,-72.19,42.53,2012
GF4S02799b,101.016,24.533,2015
GF4S21408b,27.5074,59.0553,2013
GF4S02040b,18.849,68.328056,2008
FMS22893v2,-83.37,46.42,2011
FMS23495v2,-121.92,52.32,2009
GF3S05762a,14.70367145,48.66762904,2015
FMS06323v3,-84,30.75,2014
FMS08249v3a,118.8999989,28.9499844,2015
GF4S19609b,27.33336,58.27056,2013
FMS17220v2,142.481679,-34.24777,2010
GF4S19935b,27.3179,58.26206,2011
FMS00572v3,14.438889,48.465,2014
N1590,8.984554332,55.01777035,2014
GF4S02706b,13.8449954,53.05126592,2011
FMS11731v2,-61.74457,47.456883,2011
GF3S02209a,117.87,25.3,2015
GF4S20817b,26.920812,57.731788,2015
N0553,117.91,29.127,2011
GF3S01708a,26.55,60.48,2014
GF3S01473a,8.372932021,46.56869799,2017
FMS15539v2,146.643614,-41.674283,2012
GF4S21594b,26.5561,58.3701,2014
FMS25119v2,14.75,63.51,2014
FMS00265v3,14.055556,45.86333,2013
GF4S21676b,26.26296,58.21269,2015
GF4S20611b,26.947152,58.289328,2015
GF3S00688a,-2.97177,37.01928,2014
GF4S20358b,27.201415,57.844441,2015
FMS08045v3a,138.8177222,35.9173889,2017
GF3S00706a,-2.97962,37.08163,2014
GF4S20161b,26.3519,57.6058,2014
GF4S21839b,23.81091,59.20771,2018
FMS24784v2,24.70361111,68.4877778,2011
FMS25437v2,22.57,66.54,2014
FMS20272v2,24.17,61.51,2011
GF3S02373a,121.4963,50.9425,2017
FMS16BI0403v2,115.0195167,-30.13483333,2013
GF4S19641b,27.05667,57.93822,2017
GF4S19598b,26.95203,58.65855,2013
FMS22857v2,-82.25,46.75,2011
GF4S17683b,138.804,35.93671,2014
FMS20296v2,24.17,61.51,2011
FMS16BI0107v2,135.81029,-12.50916,2013
GF3S03569a,-83.2365,35.0872,2017
S000561,-9.415508,38.794287,2012
GF4S20569b,27.476652,57.759652,2015
FMS11791v2,-61.75201,47.44963,2010
GF4S01632b,4.97775,50.85949,2018
GF4S14326b,16.61377858,49.31710896,2016
FMS16BI0262v2,148.8271,-35.3941,2013
GF3S05742a,14.70354388,48.66689105,2015
GF4S04126b,100.167,27.167,2015
GF4S21330b,24.397446,57.03912,2020
FMS15524v2,175.077225,-37.946883,2014
GF3S00772a,-3.32698,36.97176,2013
GF3S05216a,-61.709309,47.487322,2011
FMS17334v2,9.97436,33.52157,2010
GF4T283otu,-120.07,39.79,2016
GF4S11410b,-116.6497,62.4875,2015
GF4T321otu,30.71,-1.81,2018
GF4T253otu,-113.98,36.97,2015
GF3S03435a,103.11,25.36,2015
GF4S21236b,26.8364,58.2715,2020
S000793,131.41117,43.12807,2010
